smiles,label,source
Brc1ccc(N2CCN(Cc3ccccc3)CC2)c2cc[nH]c12,1,ChEMBL_pos
Brc1ccc(NCCN2CCN(CCc3c[nH]c4ccccc34)CC2)cc1,1,ChEMBL_pos
Brc1ccc2c(CCC3CCN(Cc4ccccc4)CC3)noc2c1,1,ChEMBL_pos
Brc1ccc2c(c1)C1OC(Cn3oc4ccc(-c5ccccc5)cc43)CC1c1ccccc1O2,1,ChEMBL_pos
Brc1ccc2c(c1)C1OC(Cn3oc4ccc(CN5CCOCC5)cc43)CC1c1ccccc1O2,1,ChEMBL_pos
Brc1ccc2c(c1)C1OC(Cn3oc4ccc(N5CCOCC5)cc43)CC1c1ccccc1O2,1,ChEMBL_pos
Brc1cccc(C=NNc2nc3ccccc3nc2Cc2ccccc2)c1,1,ChEMBL_pos
C#CC(C)NCCc1cccc(OC(=O)N(C)C)c1,1,ChEMBL_pos
C#CC1=CCC(N(CCC)CCC)CC1,1,ChEMBL_pos
C#CC1CCc2cccc(c2)CC(C)(N)COCc2cc(cc(N(CCC)S(C)(=O)=O)c2)C(=O)N1,1,ChEMBL_pos
C#CCN(C)C(C)Cc1ccccc1,1,ChEMBL_pos
C#CCN(C)CCCOc1ccc(Cl)cc1Cl,1,ChEMBL_pos
C#CCN(C)CCc1cccc(OC(=O)N(C)C)c1,1,ChEMBL_pos
C#CCN(C)Cc1ccnc2c(O)cccc12,1,ChEMBL_pos
C#CCN(CCCCN1CCN(c2cccc(Cl)c2Cl)CC1)C1CCc2ccc(O)cc2C1,1,ChEMBL_pos
C#CCN(CCCCN1CCN(c2ccccc2)CC1)C1CCc2ccc(O)cc2C1,1,ChEMBL_pos
C#CCN(CCN1CCN(c2ccccc2)CC1)C1CCc2ccc(O)cc2C1,1,ChEMBL_pos
C#CCN1C(=O)C(=NNC(=O)Nc2ccc(S(C)(=O)=O)cc2)c2cc(Cl)ccc21,1,ChEMBL_pos
C#CCNC(C)Cc1cccc(OC(=O)N(C)C)c1,1,ChEMBL_pos
C#CCNC1CCc2c(OC(=O)N(C)C)cccc21,1,ChEMBL_pos
C#CCNC1CCc2ccc(OC(=O)N(C)c3ccc(OC)cc3)cc21,1,ChEMBL_pos
C#CCNC1CCc2ccc(OC(=O)N(C)c3ccccc3)cc21,1,ChEMBL_pos
C#CCNC1CCc2ccccc21,1,ChEMBL_pos
C#CCNCCc1cccc(OC(=O)N(C)C)c1,1,ChEMBL_pos
C#CCn1c(C)c(C(C)(C)C)sc1=NS(=O)(=O)c1ccccc1,1,ChEMBL_pos
C#Cc1c(C(=O)NN2CC3CCCC3C2)nc(-c2ccc(Cl)cc2Cl)n1-c1ccc(Cl)cc1,1,ChEMBL_pos
C#Cc1c(N)ncnc1NC(C)c1nc2cccc(Cl)c2c(=O)n1-c1ccccc1,1,ChEMBL_pos
C#Cc1ccc(-n2ccc(C3CN(C(=O)OC(C(F)(F)F)C(F)(F)F)C3)n2)cc1,1,ChEMBL_pos
C#Cc1ccc(CN2CCN(C(=O)OC(C(F)(F)F)C(F)(F)F)CC2)c(N2CCCC2)c1,1,ChEMBL_pos
C#Cc1cccc2cc(C(C)NC(=O)c3c(N)nn4cccnc34)n(-c3ccccc3)c(=O)c12,1,ChEMBL_pos
C#Cc1cnc(N)nc1N1CCC1c1nn2ccc(Cl)c2c(=O)n1-c1ccccc1,1,ChEMBL_pos
C(#Cc1ccccc1)COCCC1CCN(CCc2ccccc2)CC1,1,ChEMBL_pos
C(=C1C=C(CCN2CCOCC2)c2ccccc21)c1cccc2ccccc12,1,ChEMBL_pos
C(=CC1CCN(Cc2ccccc2)CC1)c1noc2ccccc12,1,ChEMBL_pos
C(=Cc1cc(CCCCN2CCN(C(c3ccccc3)c3ccccc3)CC2)on1)c1ccccc1,1,ChEMBL_pos
C(=Cc1ccccc1)COCC1CCN(CCCc2ccccc2)CC1,1,ChEMBL_pos
C(=Cc1ccccc1)COCC1CCN(CCc2ccccc2)CC1,1,ChEMBL_pos
C(=NNc1nc2ccccc2nc1Cc1ccccc1)c1ccc2c(c1)OCO2,1,ChEMBL_pos
C(=NNc1nc2ccccc2nc1Cc1ccccc1)c1ccccc1,1,ChEMBL_pos
C(COCC1CCN(Cc2ccccc2)CC1)=C(c1ccccc1)c1ccccc1,1,ChEMBL_pos
C1=C(c2ccccc2)CCN(CC2CCC=C(c3ccccc3)C2)C1,1,ChEMBL_pos
C1=C(c2ccccc2)CCN(CCC2CCC(Nc3ncccn3)CC2)C1,1,ChEMBL_pos
C1=C(c2nc3ccccc3o2)CCN(Cc2ccccc2)C1,1,ChEMBL_pos
C1=C(c2nc3ccccc3s2)CCN(Cc2ccccc2)C1,1,ChEMBL_pos
C=C(Br)COc1ccc2c3c(c(=O)oc2c1C)CCC3,1,ChEMBL_pos
C=C(Br)COc1ccc2c3c(c(=O)oc2c1C)CCCC3,1,ChEMBL_pos
C=C(C)C(=O)NCc1ccc(C(=O)Nc2ccc(C)c(Nc3nccc(-c4cccnc4)n3)c2)cc1,1,ChEMBL_pos
C=C(C)C1CCC(C)=CC1c1c(O)cc(-c2ccc(C)cc2)cc1O,1,ChEMBL_pos
C=C(C)C1CCC(C)=CC1c1c(O)cc(-c2cccc3ccccc23)cc1O,1,ChEMBL_pos
C=C(C)C1CCC(C)=CC1c1c(O)cc(C2(C#N)CCCC2)cc1O,1,ChEMBL_pos
C=C(C)C1CCC(C)=CC1c1c(O)cc(C2(C#N)CCCCC2)cc1O,1,ChEMBL_pos
C=C(C)C1CCC(C)=CC1c1c(O)cc(C2(CCCCCC)CC2(Br)Br)cc1O,1,ChEMBL_pos
C=C(C)C1CCC(C)=CC1c1c(O)cc(C2(CCCCCC)CC2(Cl)Cl)cc1O,1,ChEMBL_pos
C=C(C)C1CCC(C)=CC1c1c(O)cc(C2(CCCCCC)CC2)cc1O,1,ChEMBL_pos
C=C(C)C1CCC(C)=CC1c1c(O)cc(C2(CCCCCC)SCCS2)cc1O,1,ChEMBL_pos
C=C(C)C1CCC(C)=CC1c1c(O)cc(CCCCC)cc1O,1,ChEMBL_pos
C=C(CCCCCC)c1cc(O)c2c(c1)OC(C)(C)C1CC=C(C)CC21,1,ChEMBL_pos
C=C(CNN)c1ccc(Cl)cc1,1,ChEMBL_pos
C=C(c1ccc(C(C)NS(C)(=O)=O)cc1)c1ccc(OC(F)(F)F)cc1S(=O)(=O)c1ccccc1F,1,ChEMBL_pos
C=C(c1ccccc1F)c1cc(Cl)ccc1S(=O)(=O)c1ccc(C(C)NS(C)(=O)=O)cc1,1,ChEMBL_pos
C=C1CCC2C(C1)c1c(O)cc(C(C)(C)CCCCCC)cc1OC2(C)C,1,ChEMBL_pos
C=C1CCC2C(C1)c1c(OC)cc(C(C)(C)CCCCCC)cc1OC2(C)C,1,ChEMBL_pos
C=CC(=O)N1CCN(c2ccc(C=C3C(=O)Nc4ccccc43)cc2)CC1,1,ChEMBL_pos
C=CC(=O)Nc1ccc(-n2c(=O)ccc3oc4ccc(-c5cccnc5)cc4c32)cc1,1,ChEMBL_pos
C=CC(=O)Nc1ccc(C(=O)Nc2ccc(C)c(Nc3nccc(-c4cccnc4)n3)c2)cc1C(F)(F)F,1,ChEMBL_pos
C=CCCC(=O)N1CC(C(C)OC(=O)CCCc2ccccc2)C1=O,1,ChEMBL_pos
C=CCCC(=O)N1CC(C(C)OC(=O)Cc2ccc(-c3ccccc3)cc2)C1=O,1,ChEMBL_pos
C=CCCC(=O)OC(C)C1C(=O)N(C(=O)CCC=C)C1OC(C)=O,1,ChEMBL_pos
C=CCCC(=O)OC(C)C1CN(C(=O)CCC=C)C1=O,1,ChEMBL_pos
C=CCCCC(=O)N1CC(C(C)OC(=O)CCCc2ccccc2)C1=O,1,ChEMBL_pos
C=CCCCC(=O)N1CC(C(C)OC(=O)Cc2ccc(-c3ccccc3)cc2)C1=O,1,ChEMBL_pos
C=CCCCC(=O)OC(C)C1CN(C(=O)CCC=C)C1=O,1,ChEMBL_pos
C=CCCCOC(=O)NC(C(=O)NC(CC(=O)NCC=C)C(=O)NC(CC(C)C)C(O)CC(C)C(=O)NC(C(=O)NCc1ccccc1)C(C)C)C(C)C,1,ChEMBL_pos
C=CCCOC(=O)NC(C(=O)NC(CC(=O)NCC=C)C(=O)NC(CC(C)C)C(O)CC(C)C(=O)NC(C(=O)NCc1ccccc1)C(C)C)C(C)C,1,ChEMBL_pos
C=CCN1C(=O)C(=NNC(=O)Nc2ccc(S(C)(=O)=O)cc2)c2cc(Cl)ccc21,1,ChEMBL_pos
C=CCN1C(=O)C(=NNC(=O)Nc2ccc(S(C)(=O)=O)cc2)c2ccccc21,1,ChEMBL_pos
C=CCN1C(=O)C(c2ccc(Br)cc2)(c2ccc(Br)cc2)NC1=S,1,ChEMBL_pos
C=CCN1C(=O)C(c2ccc(I)cc2)(c2ccc(I)cc2)NC1=S,1,ChEMBL_pos
C=CCN1CCC2(C)c3cc(OC(=O)NC)ccc3N(C)C12,1,ChEMBL_pos
C=CCN1CCC2c3c(O)cccc3CCC21,1,ChEMBL_pos
C=CCN1CCC2c3c(cccc3OC)CCC21,1,ChEMBL_pos
C=CCN1CCC2c3cccc(C#N)c3CCC21,1,ChEMBL_pos
C=CCN1CCC2c3cccc(O)c3CCC21,1,ChEMBL_pos
C=CCN1CCC2c3cccc(OC)c3CCC21,1,ChEMBL_pos
C=CCN1CCCC(c2cccc(C#N)c2)C1,1,ChEMBL_pos
C=CCN1CCc2c(cc(O)c(O)c2Br)C(c2ccccc2)C1,1,ChEMBL_pos
C=CCN1CCc2c(cc(O)c(O)c2Cl)C(c2ccccc2)C1,1,ChEMBL_pos
C=CCN1CCc2cc(Br)c(O)cc2C(c2ccccc2)C1,1,ChEMBL_pos
C=CCN1CCc2cc(Cl)c(O)cc2C(c2ccccc2)C1,1,ChEMBL_pos
C=CCN1CCc2cc(O)c(O)cc2C(c2ccccc2)C1,1,ChEMBL_pos
C=CCN1CCc2ccc(O)cc2C(c2ccccc2)C1,1,ChEMBL_pos
C=CCN1Cc2c(n(S(=O)(=O)CC)c3ccc(C(=O)N4CCC(C)CC4)cc23)C1,1,ChEMBL_pos
C=CCNC(=O)CC(NC(=O)C(NC(=O)OCC=C)C(C)C)C(=O)NC(CC(C)C)C(O)CC(C)C(=O)NC(C(=O)NCc1ccccc1)C(C)C,1,ChEMBL_pos
C=CCNCC(O)C(Cc1ccccc1)NC(=O)c1cc(C(=O)NC(C)c2ccccc2)cc(-c2ccccc2C(C)=O)c1,1,ChEMBL_pos
C=CCOc1ccc2c(c1)[nH]c1c(C)nccc12,1,ChEMBL_pos
C=CC[N+](C)(C)c1ccc(CCC(=O)CCc2ccc([N+](C)(C)CC=C)cc2)cc1,1,ChEMBL_pos
C=CC[N+](C)(C)c1cccc(OC(C)=O)c1,1,ChEMBL_pos
C=CC[N+](C)(C)c1ccccc1OC,1,ChEMBL_pos
C=CC[n+]1ccc(CCC(=O)C2Cc3cc(OC)c(OC)cc3S2)cc1,1,ChEMBL_pos
C=CC[n+]1ccc(CCC(=O)c2cc3cc(OC)c(OC)cc3s2)cc1,1,ChEMBL_pos
C=CCc1cccc(C=NNC(=O)Nc2ccc(Oc3ccnc4cc(OCCCN5CCCCC5)c(OC)cc34)c(F)c2)c1O,1,ChEMBL_pos
C=CCn1c(C)c(C(C)(C)C)sc1=NS(=O)(=O)c1ccccc1,1,ChEMBL_pos
C=CCn1c2c(c3cc(C(=O)N4CCC(C)CC4)ccc31)CN(C1CCCC1)C2,1,ChEMBL_pos
C=Cc1cc2c(c(C(F)(F)F)c1)C(=O)N1CCNCC21,1,ChEMBL_pos
C=Cc1ccc(-c2c(C)c3c(n2-c2ccc(Cl)cc2Cl)CCN(C2CCCCC2)C3=O)cc1,1,ChEMBL_pos
C=Cc1ccc(N2CCN(Cc3c[nH]c4ncccc34)CC2)cc1,1,ChEMBL_pos
C=NNc1nc2ccccc2nc1Cc1ccccc1,1,ChEMBL_pos
C=[N+]1N=C(CCC2CCN(Cc3ccccc3)CC2)c2ccccc21,1,ChEMBL_pos
CC#Cc1cccc2cc(C(C)Nc3ncnc(N)c3-c3nc(C)no3)n(-c3ccccc3)c(=O)c12,1,ChEMBL_pos
CC#Cc1cccc2nc(C(C)Nc3ncnc(N)c3-c3nc(C)no3)n(-c3ccccc3)c(=O)c12,1,ChEMBL_pos
CC#Cc1cccc2nc(C(C)Nc3ncnc(N)c3-c3nnc(C)o3)n(-c3ccccc3)c(=O)c12,1,ChEMBL_pos
CC#Cc1cccc2nc(C(CC)Nc3ncnc(N)c3-c3nc(C)no3)n(-c3ccccc3)c(=O)c12,1,ChEMBL_pos
CC#Cc1cccc2nc(C(CC)Nc3ncnc(N)c3-c3nnc(C)o3)n(-c3ccccc3)c(=O)c12,1,ChEMBL_pos
CC(=CC(N)C(=O)O)CP(=O)(O)O,1,ChEMBL_pos
CC(=NNC(=O)Nc1ccc(S(C)(=O)=O)cc1)c1ccc(O)cc1,1,ChEMBL_pos
CC(=NNC(=O)Nc1ccc(S(C)(=O)=O)cc1)c1ccccc1,1,ChEMBL_pos
CC(=NNc1nc2ccccc2nc1Cc1ccccc1)c1ccc(C)cc1,1,ChEMBL_pos
CC(=NNc1nc2ccccc2nc1Cc1ccccc1)c1ccc(N)cc1,1,ChEMBL_pos
CC(=NNc1nc2ccccc2nc1Cc1ccccc1)c1ccc(O)cc1,1,ChEMBL_pos
CC(=NNc1nc2ccccc2nc1Cc1ccccc1)c1ccc([N+](=O)[O-])cc1,1,ChEMBL_pos
CC(=NNc1nc2ccccc2nc1Cc1ccccc1)c1ccccc1,1,ChEMBL_pos
CC(=NNc1nc2ccccc2nc1Cc1ccccc1)c1ccccn1,1,ChEMBL_pos
CC(=NNc1nc2ccccc2nc1Cc1ccccc1)c1cccs1,1,ChEMBL_pos
CC(=O)C1CCC(c2cc(C(F)(F)F)ccc2CN2CCC3(CCN(C(=O)OC(C(F)(F)F)C(F)(F)F)CC3)C2)CC1,1,ChEMBL_pos
CC(=O)COc1ccc2c3c(c(=O)oc2c1C)CCC3,1,ChEMBL_pos
CC(=O)COc1ccc2c3c(c(=O)oc2c1C)CCCC3,1,ChEMBL_pos
CC(=O)N(C)C(c1cccc2nc(O)c(O)nc12)P(=O)(O)O,1,ChEMBL_pos
CC(=O)N(Cc1ccc(C2CN(C)CCc3cc(Cl)c(O)cc32)cc1)C1CCC1,1,ChEMBL_pos
CC(=O)N1CCC(C)(N2CCc3c(-c4cnc(N)nc4)nc(N4CCOCC4)nc32)C1,1,ChEMBL_pos
CC(=O)N1CCC(C)c2c(C)ccc(CCN3CCN(c4noc5ccccc45)CC3)c21,1,ChEMBL_pos
CC(=O)N1CCC(C)c2c(C)ccc(CCN3CCN(c4nsc5ccccc45)CC3)c21,1,ChEMBL_pos
CC(=O)N1CCC(C)c2cc(Cl)cc(CCN3CCN(c4nsc5ccccc45)CC3)c21,1,ChEMBL_pos
CC(=O)N1CCC(C)c2cc(F)cc(CCN3CCN(c4noc5ccccc45)CC3)c21,1,ChEMBL_pos
CC(=O)N1CCC(C)c2cc(F)cc(CCN3CCN(c4nsc5ccccc45)CC3)c21,1,ChEMBL_pos
CC(=O)N1CCC(C)c2cccc(CCN3CCN(c4nsc5ccccc45)CC3)c21,1,ChEMBL_pos
CC(=O)N1CCC(N2CCc3c(-c4cnc(N)nc4)nc(N4CCOCC4)nc32)C1,1,ChEMBL_pos
CC(=O)N1CCC(c2ccccc2)c2cccc(CCN3CCN(c4nsc5ccccc45)CC3)c21,1,ChEMBL_pos
CC(=O)N1CCC(c2nn(C)cc2CN2CCN(C(=O)OC(C(F)(F)F)C(F)(F)F)CC2)CC1,1,ChEMBL_pos
CC(=O)N1CCN(C(C)(C)c2ccc(NC(=O)c3nc(C#N)c[nH]3)c(C3=CCC(C)(C)CC3)c2)CC1,1,ChEMBL_pos
CC(=O)N1CCN(C2CCc3cc(C(=O)Nc4ccc(C)c(Nc5nccc(-c6cccnc6)n5)c4)ccc32)CC1,1,ChEMBL_pos
CC(=O)N1CCN(Cc2cc3nc(-c4cn(C)c(=O)c5[nH]ccc45)nc(N4CCOCC4)c3s2)CC1,1,ChEMBL_pos
CC(=O)N1CCN(c2nc(N3CCOCC3)nc(-n3c(C(F)F)nc4ccccc43)n2)CC1,1,ChEMBL_pos
CC(=O)N1N=C(c2ccc(O)cc2)CC1c1ccc(C)cc1,1,ChEMBL_pos
CC(=O)N1N=C(c2ccc(O)cc2)CC1c1ccc(Cl)cc1,1,ChEMBL_pos
CC(=O)N1N=C(c2ccc(O)cc2)CC1c1cccc(C)c1,1,ChEMBL_pos
CC(=O)N1N=C(c2ccc(O)cc2)CC1c1cccc(Cl)c1,1,ChEMBL_pos
CC(=O)N1N=C(c2ccc(O)cc2)CC1c1ccccc1Cl,1,ChEMBL_pos
CC(=O)N1N=C(c2ccc(O)cc2O)CC1c1ccc(C)cc1,1,ChEMBL_pos
CC(=O)N1N=C(c2ccc(O)cc2O)CC1c1ccc(Cl)cc1,1,ChEMBL_pos
CC(=O)NC(C(=O)NC(CC(N)=O)C(=O)NC(CC(C)C)C(O)CC(=O)NC(C(=O)NC(C)C(=O)NC(CCC(=O)O)C(=O)NC(Cc1ccccc1)C(=O)O)C(C)C)C(C)C,1,ChEMBL_pos
CC(=O)NC(C)c1ccc(S(=O)(=O)c2ccc(Cl)cc2S(=O)(=O)c2ccccc2F)cc1,1,ChEMBL_pos
CC(=O)NC(CC(C)C)C(=O)NC(C)C(=O)NC(CC(C)C)C(O)CC(=O)NC(C(=O)NCc1cccc(C(=O)O)c1)C(C)C,1,ChEMBL_pos
CC(=O)NC(CC(C)C)C(=O)NC(Cc1ccccc1)C(O)CC(=O)NC(CC1CCCCC1)C(O)CC(=O)NC(C(=O)NCc1ccc(C(=O)O)cc1)C(C)C,1,ChEMBL_pos
CC(=O)NC1CCC(CCN2CCN(c3ccccc3)CC2)CC1,1,ChEMBL_pos
CC(=O)NC1CCc2cc(CCN3CCN(c4nsc5ccccc45)CC3)ccc21,1,ChEMBL_pos
CC(=O)NC1CCc2ccc(CCN3CCN(c4nsc5ccccc45)CC3)cc21,1,ChEMBL_pos
CC(=O)NCC1CN(c2ccc(-c3cc(C)no3)c(F)c2)C(=O)O1,1,ChEMBL_pos
CC(=O)NCC1CN(c2ccc(N3CCOCC3)c(F)c2)C(=O)O1,1,ChEMBL_pos
CC(=O)NN1c2ccc(Cl)cc2N=C(N2CCN(C)CC2)c2ccccc21,1,ChEMBL_pos
CC(=O)Nc1c(C#N)c(=O)n(C)c2nc(-c3ccc(Cl)cc3Cl)c(-c3ccc(Cl)cc3)cc12,1,ChEMBL_pos
CC(=O)Nc1c(C(C)=O)c(=O)n(C)c2nc(-c3ccc(Cl)cc3Cl)c(-c3ccc(Cl)cc3)cc12,1,ChEMBL_pos
CC(=O)Nc1c(C(C)=O)c(=O)n(CC(C)C)c2nc(-c3ccc(Cl)cc3Cl)c(-c3ccc(Cl)cc3)cc12,1,ChEMBL_pos
CC(=O)Nc1c(C(C)=O)c(=O)n(CC2CCCO2)c2nc(-c3ccc(Cl)cc3Cl)c(-c3ccc(Cl)cc3)cc12,1,ChEMBL_pos
CC(=O)Nc1c(C(C)=O)c(=O)n(CCO)c2nc(-c3ccc(Cl)cc3Cl)c(-c3ccc(Cl)cc3)cc12,1,ChEMBL_pos
CC(=O)Nc1c(C(C)=O)c(=O)n(Cc2ccccc2)c2nc(-c3ccc(Cl)cc3Cl)c(-c3ccc(Cl)cc3)cc12,1,ChEMBL_pos
CC(=O)Nc1c(C(C)=O)c(O)nc2nc(-c3ccc(Cl)cc3Cl)c(-c3ccc(Cl)cc3)cc12,1,ChEMBL_pos
CC(=O)Nc1c(C(C)C)c(=O)n(C)c2nc(-c3ccc(Cl)cc3Cl)c(-c3ccc(Cl)cc3)cc12,1,ChEMBL_pos
CC(=O)Nc1c(C)c(=O)n(C)c2nc(-c3ccc(Cl)cc3Cl)c(-c3ccc(Cl)cc3)cc12,1,ChEMBL_pos
CC(=O)Nc1c(N(C)C)c(=O)n(C)c2nc(-c3ccc(Cl)cc3Cl)c(-c3ccc(Cl)cc3)cc12,1,ChEMBL_pos
CC(=O)Nc1cc(=O)n(C)c2nc(-c3ccc(Cl)cc3Cl)c(-c3ccc(Cl)cc3)cc12,1,ChEMBL_pos
CC(=O)Nc1cc(CNc2ccccc2C(=O)Nc2ccc3c(c2)OC(F)(F)O3)ccn1,1,ChEMBL_pos
CC(=O)Nc1cc(F)ccc1C(=O)CCCN1CCC2C(C1)c1cccc3c1N2CCCS3,1,ChEMBL_pos
CC(=O)Nc1cc(Oc2ccc3c(c2)nc(Nc2cccc(C(C)(C)C)c2)n3C)ccn1,1,ChEMBL_pos
CC(=O)Nc1ccc(NC(=O)c2c(Cl)ccc3c(Nc4cccc(C(F)(F)F)c4)noc23)cn1,1,ChEMBL_pos
CC(=O)Nc1ccc(NC(=O)c2cc(C(=O)Nc3cccc(C(F)(F)F)c3)ccc2C)cn1,1,ChEMBL_pos
CC(=O)Nc1ccc(Nc2nc(N)n(-c3ccccn3)n2)cc1,1,ChEMBL_pos
CC(=O)Nc1ccc2c(CCC3CCN(Cc4ccccc4)CC3)noc2c1,1,ChEMBL_pos
CC(=O)Nc1ccc2c(c1)Cc1ccccc1-2,1,ChEMBL_pos
CC(=O)Nc1cccc(-c2ccc(C(N)=O)c3[nH]c4cc(C(=O)N5CCN(C)CC5)ccc4c23)c1C,1,ChEMBL_pos
CC(=O)Nc1cccc(Nc2nc(N)n(-c3ccccn3)n2)c1,1,ChEMBL_pos
CC(=O)Nc1ccnc(N2CCc3ccccc3C2)c1,1,ChEMBL_pos
CC(=O)Nc1ncc(NC(=O)c2c(Cl)ccc3c(Nc4cccc(C(F)(F)F)c4)noc23)cn1,1,ChEMBL_pos
CC(=O)Nc1ncc(NC(=O)c2cc(C(=O)Nc3cccc(C(F)(F)F)c3)ccc2C)cn1,1,ChEMBL_pos
CC(=O)OC(CCNC(=O)c1ccc(-c2ccccn2)cc1)CN1CCN(c2cccc(Cl)c2Cl)CC1,1,ChEMBL_pos
CC(=O)OC(c1cc([N+](=O)[O-])cc2nc(O)c(O)nc12)P(=O)(O)O,1,ChEMBL_pos
CC(=O)OC12C=C(C)C(C(C)C1)C1C(=O)N(CCCCN3CCN(c4ccc(F)cc4)CC3)C(=O)C12,1,ChEMBL_pos
CC(=O)OC12C=C(C)C(C(C)C1)C1C(=O)N(CCCCN3CCN(c4ccccc4)CC3)C(=O)C12,1,ChEMBL_pos
CC(=O)OC12C=C(C)C(C(C)C1)C1C(=O)N(CCCCN3CCN(c4ccccn4)CC3)C(=O)C12,1,ChEMBL_pos
CC(=O)OC12C=C(C)C(C(C)C1)C1C(=O)N(CCCN3CCN(c4ccccc4)CC3)C(=O)C12,1,ChEMBL_pos
CC(=O)OC12C=C(C)C(C(C)C1)C1C(=O)N(OCCCN3CCN(c4cccc(Cl)c4)CC3)C(=O)C12,1,ChEMBL_pos
CC(=O)OC12C=C(C)C(C(C)C1)C1C(=O)N(OCCCN3CCN(c4ccccc4)CC3)C(=O)C12,1,ChEMBL_pos
CC(=O)SC(CCc1ccccc1)C1C(=O)N(c2ccc(F)cc2)C1c1ccc(O)cc1,1,ChEMBL_pos
CC(=O)c1c(C)c2cc(-c3ccc(Cl)cc3)c(-c3ccc(Cl)cc3Cl)nc2n(C)c1=O,1,ChEMBL_pos
CC(=O)c1c(N(C)C)c2cc(-c3ccc(Cl)cc3)c(-c3ccc(Cl)cc3Cl)nc2n(C)c1=O,1,ChEMBL_pos
CC(=O)c1c(N)c2cc(-c3ccc(Cl)cc3)c(-c3ccc(Cl)cc3Cl)nc2n(C)c1=O,1,ChEMBL_pos
CC(=O)c1c(NC(=O)CO)c2cc(-c3ccc(Cl)cc3)c(-c3ccc(Cl)cc3Cl)nc2n(C)c1=O,1,ChEMBL_pos
CC(=O)c1c[nH]c2ncnc(N3CC(F)CC3c3nn4ccc(Cl)c4c(=O)n3-c3ccccc3)c12,1,ChEMBL_pos
CC(=O)c1c[nH]c2ncnc(N3CCC3c3nn4ccc(Cl)c4c(=O)n3-c3ccccc3)c12,1,ChEMBL_pos
CC(=O)c1c[nH]c2ncnc(N3CCCC3c3nn4ccc(Cl)c4c(=O)n3-c3cccc(F)c3)c12,1,ChEMBL_pos
CC(=O)c1c[nH]c2ncnc(N3CCCC3c3nn4ccc(Cl)c4c(=O)n3-c3ccccc3)c12,1,ChEMBL_pos
CC(=O)c1c[nH]c2ncnc(N3CCCC3c3nn4ccc(F)c4c(=O)n3-c3ccccc3)c12,1,ChEMBL_pos
CC(=O)c1cc(C)n(-c2ccc(-c3nnn(C(=O)N(C)C)n3)cc2)c1C,1,ChEMBL_pos
CC(=O)c1ccc(-c2ccc(N3CC(Cn4ccnn4)OC3=O)cc2F)cn1,1,ChEMBL_pos
CC(=O)c1ccc(-n2ccc(C)c(-c3ccc4nc(N)ncc4c3)c2=O)cc1,1,ChEMBL_pos
CC(=O)c1ccc(CSc2nc3ccccc3n2Cc2ccc(Cl)cc2)cc1,1,ChEMBL_pos
CC(=O)c1ccc(Oc2ccc(-c3ccc(-c4ccc(C(F)(F)F)cc4)n3CC(=O)NC(=N)N)cc2)cc1,1,ChEMBL_pos
CC(=O)c1ccc(Oc2ccc(-c3ccc(-c4cccc(C#N)c4)n3CC(=O)NC(=N)N)cc2)cc1,1,ChEMBL_pos
CC(=O)c1ccc(Oc2ccc(-c3ccc(-c4ccccc4)n3CC(=O)NC(=N)N)cc2)cc1,1,ChEMBL_pos
CC(=O)c1ccc(Oc2ccc(-c3ccc(-c4ccccc4Cl)n3CC(=O)NC(=N)N)cc2)cc1,1,ChEMBL_pos
CC(=O)c1ccc(Oc2ccc(-c3scc(-c4ccccc4Cl)c3CC(=O)N=C(N)N)cc2)cc1,1,ChEMBL_pos
CC(=O)c1cccc(-c2ccc(Cc3nnn(C(=O)N(C)C)n3)cc2)c1,1,ChEMBL_pos
CC(=O)c1cccc(NC(=O)NC2CCCCC2CN2CCCC(Cc3ccc(F)cc3)C2)c1,1,ChEMBL_pos
CC(=O)c1cccc(NC(=O)NCCCN2CCC(Cc3ccc(F)cc3)CC2)c1,1,ChEMBL_pos
CC(=O)c1ccccc1-c1cc(C(=O)NC(C)c2ccccc2)cc(C(=O)NC(Cc2ccccc2)C(O)CNC(C)C)c1,1,ChEMBL_pos
CC(=O)c1ccccc1-c1cc(C(=O)NC(C)c2ccccc2)cc(C(=O)NC(Cc2ccccc2)C(O)CNC(C)c2ccccc2)c1,1,ChEMBL_pos
CC(=O)c1ccccc1-c1cc(C(=O)NC(C)c2ccccc2)cc(C(=O)NC(Cc2ccccc2)C(O)CNC2CC2)c1,1,ChEMBL_pos
CC(=O)c1ccccc1-c1cc(C(=O)NC(C)c2ccccc2)cc(C(=O)NC(Cc2ccccc2)C(O)CNCC2CC2)c1,1,ChEMBL_pos
CC(=O)c1ccccc1-c1cc(C(=O)NC(C)c2ccccc2)cc(C(=O)NC(Cc2ccccc2)C(O)CNCc2ccccc2)c1,1,ChEMBL_pos
CC(=O)c1ccccc1-c1cc(C(=O)NC(C)c2ccccc2)cc(C(=O)NC(Cc2ccccc2)C(O)CNc2ccccc2)c1,1,ChEMBL_pos
CC(=O)c1cnc(N)nc1N1CCC1c1nn2ccc(Cl)c2c(=O)n1-c1ccccc1,1,ChEMBL_pos
CC(=O)n1c2c(c3cc(C(=O)N4CCC(C)CC4)ccc31)CN(C1CCCC1)C2,1,ChEMBL_pos
CC(C(O)c1ccc(O)cc1)N1CCC(Cc2ccccc2)CC1,1,ChEMBL_pos
CC(C(O)c1ccc(O)cc1)N1CCC(O)(c2ccccc2)CC1,1,ChEMBL_pos
CC(C)(C)C#Cc1nc(-c2ccccc2Cl)c(-c2ccc(Cl)cc2)cc1C#N,1,ChEMBL_pos
CC(C)(C)C(=O)N1CCN(c2nc(-c3ccccc3Cl)c(-c3ccc(Cl)cc3)cc2C#N)CC1,1,ChEMBL_pos
CC(C)(C)C(=O)Nc1nc(-c2ccc(Cl)cc2Cl)c(-c2ccc(Cl)cc2)cc1C#N,1,ChEMBL_pos
CC(C)(C)C1(O)CCN2CC3c4ccccc4CCc4cccc(c43)C2C1,1,ChEMBL_pos
CC(C)(C)CCCCCc1ccc2c(c1)OC(C)(C)C1CC=C(CO)CC21,1,ChEMBL_pos
CC(C)(C)CN1CCN(C2=Nc3cc(Cl)ccc3N(NC(=O)c3ccccc3Cl)c3ccccc32)CC1,1,ChEMBL_pos
CC(C)(C)CNC(=O)c1ccc(Br)c(S(=O)(=O)N2CCCC2)c1,1,ChEMBL_pos
CC(C)(C)CNC(=O)c1ccc(Br)c(S(=O)(=O)N2CCCCC2)c1,1,ChEMBL_pos
CC(C)(C)CNC(=O)c1ccc(Br)c(S(=O)(=O)N2CCOCC2)c1,1,ChEMBL_pos
CC(C)(C)Cc1ccc(C2CN(C(=O)N3CCC4OCC(=O)NC4C3)C2)cc1,1,ChEMBL_pos
CC(C)(C)N1CCN(c2nc(-c3ccccc3Cl)c(-c3ccc(Cl)cc3)cc2C#N)CC1,1,ChEMBL_pos
CC(C)(C)NC1=NCCNC(c2ccc(F)cc2)=C1,1,ChEMBL_pos
CC(C)(C)NC1=NCCNC(c2ccc(F)cc2F)=C1,1,ChEMBL_pos
CC(C)(C)NC1=NCCNC(c2cccc(C(F)(F)F)c2)=C1,1,ChEMBL_pos
CC(C)(C)NC1=NCCNC(c2ccccc2)=C1,1,ChEMBL_pos
CC(C)(C)NC1=NCCNC(c2ccccc2Cl)=C1,1,ChEMBL_pos
CC(C)(C)NC1=NCCNC(c2ccccc2F)=C1,1,ChEMBL_pos
CC(C)(C)OC(=O)N1CCC(C)(N2CCc3c(-c4cnc(N)nc4)nc(N4CCOCC4)nc32)C1,1,ChEMBL_pos
CC(C)(C)OC(=O)N1CCC(CO)(Nc2cc(-c3cnc(N)nc3)nc(N3CCOCC3)n2)C1,1,ChEMBL_pos
CC(C)(C)OC(=O)N1CCN(c2ccc(Br)cc2NC(=O)c2cc3ccccc3oc2=O)CC1,1,ChEMBL_pos
CC(C)(C)c1cc(=NC(=O)c2cccc(C(F)(F)F)c2)n(CC2CC2)o1,1,ChEMBL_pos
CC(C)(C)c1cc(=NC(=O)c2cccc(C(F)(F)F)c2)n(CC2CC2)s1,1,ChEMBL_pos
CC(C)(C)c1cc(NC(=O)Nc2ccc(Nc3ncnc4ccc(N)cc34)cc2)n(-c2cccc(N)c2)n1,1,ChEMBL_pos
CC(C)(C)c1cc(NC(=O)Nc2ccc(Nc3ncnc4ccc(N)cc34)cc2)n(-c2cccc(NC(=O)OCC3c4ccccc4-c4ccccc43)c2)n1,1,ChEMBL_pos
CC(C)(C)c1cc(NC(=O)Nc2ccc(Nc3ncnc4ccc(NC(=O)CCN5CCOCC5)cc34)cc2)n(-c2cccc(N)c2)n1,1,ChEMBL_pos
CC(C)(C)c1cc(NC(=O)Nc2ccc(Nc3ncnc4ccc([N+](=O)[O-])cc34)cc2)n(-c2cccc([N+](=O)[O-])c2)n1,1,ChEMBL_pos
CC(C)(C)c1cc(NC(=O)Nc2ccc(Nc3ncnc4ccccc34)cc2)n(-c2cccc(N)c2)n1,1,ChEMBL_pos
CC(C)(C)c1cc(NC(=O)Nc2ccc(Nc3ncnc4ccccc34)cc2)n(-c2cccc([N+](=O)[O-])c2)n1,1,ChEMBL_pos
CC(C)(C)c1cc(NC(=O)Nc2cccc(Nc3ncnc4ccccc34)c2)n(-c2cccc(N)c2)n1,1,ChEMBL_pos
CC(C)(C)c1cc(NC(=O)Nc2cccc(Nc3ncnc4ccccc34)c2)n(-c2cccc([N+](=O)[O-])c2)n1,1,ChEMBL_pos
CC(C)(C)c1cc(NC(=O)c2cccc(Oc3cccc4[nH]c(=O)[nH]c34)c2)n(-c2ccccc2)n1,1,ChEMBL_pos
CC(C)(C)c1ccc(C(=O)CCCN2CCC(OC(c3ccccc3)c3ccccc3)CC2)cc1,1,ChEMBL_pos
CC(C)(C)c1ccc(C(=O)Nc2cc(-c3ccncc3)c[nH]c2=O)cc1,1,ChEMBL_pos
CC(C)(C)c1ccc(C23CC2CN(C(=O)C2CC4(COC(=O)N4)C2)C3)cc1,1,ChEMBL_pos
CC(C)(C)c1ccc(C23CCN(C(=O)C4CC5(COC(=O)N5)C4)CC2C3)cc1,1,ChEMBL_pos
CC(C)(C)c1ccc(C2C3CN(C(=O)C4CC5(COC(=O)N5)C4)CC32)cc1,1,ChEMBL_pos
CC(C)(C)c1ccc(CN2CCN(C(=S)Sc3ccc([N+](=O)[O-])cc3[N+](=O)[O-])CC2)cc1,1,ChEMBL_pos
CC(C)(C)c1ccc(Nc2nnc(Cc3ccncc3)c3ccccc23)cc1,1,ChEMBL_pos
CC(C)(C)c1ccc(Nc2noc3c(C(=O)Nc4cncnc4)c(Cl)ccc23)cc1,1,ChEMBL_pos
CC(C)(C)c1cccc(C23CC2CN(C(=O)C2CC4(COC(=O)N4)C2)C3)c1,1,ChEMBL_pos
CC(C)(C)c1cccc(C23CCN(C(=O)C4CC5(COC(=O)N5)C4)CC2C3)c1,1,ChEMBL_pos
CC(C)(C)c1cccc(Nc2noc3c(C(=O)Nc4cncnc4)c(Cl)ccc23)c1,1,ChEMBL_pos
CC(C)(C)c1nc2c(c(-c3ccc(F)cc3)n1)CNCC2,1,ChEMBL_pos
CC(C)(C)c1nn(CC2CC2)c(=NC(=O)c2cccc(C(F)(F)F)c2)s1,1,ChEMBL_pos
CC(C)(Cc1ccccc1)NC1=NCCNC(c2ccccc2F)=C1,1,ChEMBL_pos
CC(C)(N)C(=O)N1CCC(C)(N2CCc3c(-c4cnc(N)nc4)nc(N4CCOCC4)nc32)C1,1,ChEMBL_pos
CC(C)(NC1=NCCNC(c2ccc(F)cc2F)=C1)C1CCC1,1,ChEMBL_pos
CC(C)(O)C#Cc1ccc2c(c1)-c1nc(C(N)=O)cn1CCO2,1,ChEMBL_pos
CC(C)(O)C#Cc1ccc2c(c1)-c1nc(C(N)=O)sc1CCO2,1,ChEMBL_pos
CC(C)(O)C#Cc1nc(-c2ccccc2Cl)c(-c2ccc(Cl)cc2)cc1C#N,1,ChEMBL_pos
CC(C)(O)C(=O)N1CCC(C)(N2CCc3c(-c4cnc(N)nc4)nc(N4CCOCC4)nc32)C1,1,ChEMBL_pos
CC(C)(O)COc1cccc2onc(OCC3CCN(CC4(O)CCOCC4)CC3)c12,1,ChEMBL_pos
CC(C)(O)c1ccc(CSc2nc3ccccc3n2Cc2ccc(Cl)cc2)cc1,1,ChEMBL_pos
CC(C)=CCn1c(C)c(C(C)(C)C)sc1=NS(=O)(=O)c1ccccc1,1,ChEMBL_pos
CC(C)=NNc1cc(NCCSCc2ccc(CN(C)C)o2)c([N+](=O)[O-])cc1[N+](=O)[O-],1,ChEMBL_pos
CC(C)C(=O)NC1CCc2cc(CCN3CCN(c4nsc5ccccc45)CC3)ccc21,1,ChEMBL_pos
CC(C)C(=O)NC1CCc2ccc(CCN3CCN(c4nsc5ccccc45)CC3)cc21,1,ChEMBL_pos
CC(C)C(=O)c1cc(C(=O)NC(Cc2ccccc2)C(O)CNC2CC2)cc(N(C)S(C)(=O)=O)c1,1,ChEMBL_pos
CC(C)C(NC(=O)C(N)CNC(=O)c1[nH]c(=O)[nH]c(=O)c1F)C(=O)NC(CC1CCCCC1)C(=O)NC(Cc1ccccc1)C(O)C(=O)Nc1cccc(-c2nn[nH]n2)c1,1,ChEMBL_pos
CC(C)C(NC(=O)C(N)CNC(=O)c1nn[nH]n1)C(=O)NC(CC1CCCCC1)C(=O)NC(Cc1ccccc1)C(O)C(=O)Nc1cccc(-c2nn[nH]n2)c1,1,ChEMBL_pos
CC(C)C(NC(=O)CC(O)C(Cc1cc(F)cc(F)c1)NC(=O)C(O)c1ccccc1-c1ccccc1)C(=O)Nc1cc(C(=O)O)cc(C(=O)O)c1,1,ChEMBL_pos
CC(C)C(Nc1ncnc2nc[nH]c12)c1nc2cccc(Cl)c2c(=O)n1-c1ccccc1,1,ChEMBL_pos
CC(C)C(Nc1ncnc2nc[nH]c12)c1nc2cccc(F)c2c(=O)n1-c1ccccc1,1,ChEMBL_pos
CC(C)C1(NC(=O)C2CC3c4cccc5[nH]cc(c45)CC3N(C)C2)OC2(O)C3CCCN3C(=O)C(Cc3ccccc3)N2C1=O,1,ChEMBL_pos
CC(C)C1C(=O)N2CCCC2C2(O)OC(NC(=O)C3C=C4c5cccc6[nH]cc(c56)CC4N(C)C3)(C(C)C)C(=O)N12,1,ChEMBL_pos
CC(C)C1CNCC2c3cccc(C(F)(F)F)c3C(=O)N21,1,ChEMBL_pos
CC(C)CC(CO)NC(=O)c1cnc(-c2ccc(Cl)cc2)c(-c2ccc(Cl)cc2)n1,1,ChEMBL_pos
CC(C)CC(NC(=O)C(C)NC(=O)C(NC(=O)C(N)CCC(=O)O)C(C)C)C(O)CC(=O)NC(C(=O)NC(C)C(=O)NC(CCC(=O)O)C(=O)NC(Cc1ccccc1)C(=O)O)C(C)C,1,ChEMBL_pos
CC(C)CC(NC(=O)C(CC(N)=O)NC(=O)C(N)C(C)C)C(O)CC(C)C(=O)NC(C)C(=O)NC(CCC(=O)O)C(=O)NC(Cc1ccccc1)C(=O)O,1,ChEMBL_pos
CC(C)CC(NC(=O)C(CC(N)=O)NC(=O)C(NC(=O)C(N)CC(=O)O)C(C)C)C(O)CC(C)C(=O)NC(C)C(=O)NC(CCC(=O)O)C(=O)NC(Cc1ccccc1)C(=O)O,1,ChEMBL_pos
CC(C)CC(NC(=O)C(CC(N)=O)NC(=O)C(NC(=O)C(N)CCC(=O)O)C(C)C)C(=O)C(O)CNC(C)C(=O)NC(C)C(=O)NC(CCC(=O)O)C(=O)NC(Cc1ccccc1)C(=O)O,1,ChEMBL_pos
CC(C)CC(NC(=O)C(CC(N)=O)NC(=O)C(NC(=O)C(N)CCC(=O)O)C(C)C)C(=O)NC(C)C(=O)NC(C)C(=O)NC(CCC(=O)O)C(=O)NC(Cc1ccccc1)C(=O)O,1,ChEMBL_pos
CC(C)CC(NC(=O)C(CC(N)=O)NC(=O)C(NC(=O)C(N)CCC(=O)O)C(C)C)C(O)C1CCCC1C(=O)NC(C)C(=O)NC(CCC(=O)O)C(=O)NC(Cc1ccccc1)C(=O)O,1,ChEMBL_pos
CC(C)CC(NC(=O)C(CC(N)=O)NC(=O)C(NC(=O)C(N)CCC(=O)O)C(C)C)C(O)C1CCCC1C(=O)NC(C)C(=O)NC(CCC(=O)O)C(=O)O,1,ChEMBL_pos
CC(C)CC(NC(=O)C(CC(N)=O)NC(=O)C(NC(=O)C(N)CCC(=O)O)C(C)C)C(O)C1CCCC1C(=O)NC(C)C(=O)O,1,ChEMBL_pos
CC(C)CC(NC(=O)C(CC(N)=O)NC(=O)C(NC(=O)C(N)CCC(=O)O)C(C)C)C(O)CC(=O)NC(C(=O)NC(C)C(=O)NC(CCC(=O)O)C(=O)NC(Cc1ccccc1)C(=O)O)C(C)C,1,ChEMBL_pos
CC(C)CC(NC(=O)C(CC(N)=O)NC(=O)C(NC(=O)C(N)CCC(=O)O)C(C)C)C(O)CC(=O)NC(C(=O)NC(C)C(=O)NC(CCC(=O)O)C(N)=O)C(C)C,1,ChEMBL_pos
CC(C)CC(NC(=O)C(CC(N)=O)NC(=O)C(NC(=O)C(N)CCC(=O)O)C(C)C)C(O)CC(=O)NC(C(=O)NC(C)C(N)=O)C(C)C,1,ChEMBL_pos
CC(C)CC(NC(=O)C(CC(N)=O)NC(=O)C(NC(=O)C(N)CCC(=O)O)C(C)C)C(O)CC(C)C(=O)NC(C)C(=O)NC(CCC(=O)O)C(=O)NC(Cc1ccccc1)C(=O)O,1,ChEMBL_pos
CC(C)CC(NC(=O)C(CC(N)=O)NC(=O)C(NC(=O)C(N)CCC(=O)O)C(C)C)C(O)CC(C)C(=O)NC(C)C(=O)O,1,ChEMBL_pos
CC(C)CC(NC(=O)C(CC(N)=O)NC(=O)C(NC(=O)OC(C)(C)C)C(C)C)C(O)CC(C)C(=O)NC(C(=O)NCc1ccccc1)C(C)C,1,ChEMBL_pos
CC(C)CC(NC(=O)C(CC(N)=O)NC(=O)C(NC(=O)OC(C)(C)C)C(C)C)C(O)CC(C)C(=O)NC(C)C(=O)NCc1ccccc1,1,ChEMBL_pos
CC(C)CC(NC(=O)C(CCC(=O)O)NC(=O)C(CCC(=O)O)NC(=O)C(CCC(=O)O)NC(=O)CN)C(=O)NC(CCC(N)=O)C(=O)NC(CCC(=O)O)C(=O)NC(CC(N)=O)C(N)=O,1,ChEMBL_pos
CC(C)CC(NC(=O)C(CCS(C)(=O)=O)NC(=O)C(NC(=O)OC(C)(C)C)C(C)C)C(O)CC(C)C(=O)NC(C(=O)NCc1ccccc1)C(C)C,1,ChEMBL_pos
CC(C)CC(NC(=O)C(CS(C)(=O)=O)NC(=O)C(NC(=O)OC(C)(C)C)C(C)C)C(O)CC(C)C(=O)NC(C(=O)NCc1ccccc1)C(C)C,1,ChEMBL_pos
CC(C)CC(NC(=O)C(N)CCC(=O)O)C(=O)NC(CC(=O)O)C(=O)NC(CC(C)C)C(=O)C(O)CNC(C)C(=O)NC(C(=O)NC(CCC(=O)O)C(=O)NC(Cc1ccccc1)C(=O)O)C(C)C,1,ChEMBL_pos
CC(C)CC(NC(=O)C(N)CCC(=O)O)C(=O)NC(CC(=O)O)C(=O)NC(CC(C)C)C(=O)NC(C)C(=O)NC(C(=O)NC(CCC(=O)O)C(=O)NC(Cc1ccccc1)C(=O)O)C(C)C,1,ChEMBL_pos
CC(C)CC(NC(=O)C(N)CCC(=O)O)C(=O)NC(CC(=O)O)C(=O)NC(CC(C)C)C(O)CC(C)C(=O)NC(C(=O)NC(CCC(=O)O)C(=O)CC(Cc1ccccc1)C(=O)O)C(C)C,1,ChEMBL_pos
CC(C)CC(NC(=O)C(N)CCC(=O)O)C(=O)NC(CC(=O)O)C(=O)NC(CC(C)C)C(O)CC(C)C(=O)NC(C(=O)NC(CCC(=O)O)C(=O)NC(Cc1ccccc1)C(=O)O)C(C)C,1,ChEMBL_pos
CC(C)CC(NC(=O)C(N)CCC(=O)O)C(=O)NC(CC(=O)O)C(=O)NC(CC(C)C)P(=O)(O)CC(C)C(=O)NC(C(=O)NC(CCC(=O)O)C(=O)NC(Cc1ccccc1)C(=O)O)C(C)C,1,ChEMBL_pos
CC(C)CC(NC(=O)C(NC(=O)C(N)CCC(=O)O)C(C)C)C(=O)NC(Cc1ccccc1)C(O)C(=O)NC(CC(=O)O)C(=O)NC(C)C(=O)NC(CCC(=O)O)C(=O)NC(Cc1ccccc1)C(=O)O,1,ChEMBL_pos
CC(C)CC(NC(=O)C(NC(=O)C(N)CCC(=O)O)C(C)C)C(=O)NC(Cc1ccccc1)C(O)C(=O)Nc1cc(-c2nn[nH]n2)cc(-c2nn[nH]n2)c1,1,ChEMBL_pos
CC(C)CC(NC(=O)C(NC(=O)C(N)CCC(=O)O)C(C)C)C(=O)NC(Cc1ccccc1)C(O)C(=O)Nc1cc(C(=O)O)cc(C(=O)O)c1,1,ChEMBL_pos
CC(C)CC(NC(=O)C(NC(=O)C(N)CNC(=O)C(=O)O)C(C)C)C(=O)NC(Cc1ccccc1)C(O)C(=O)NC(CC(=O)O)C(=O)NC(C)C(=O)NC(CCC(=O)O)C(=O)O,1,ChEMBL_pos
CC(C)CC(NC(=O)C(NC(=O)C(N)CNC(=O)C(=O)O)C(C)C)C(=O)NC(Cc1ccccc1)C(O)C(=O)Nc1cc(C(=O)O)cc(C(=O)O)c1,1,ChEMBL_pos
CC(C)CC(NC(=O)C(NC(=O)C(N)CNC(=O)C(=O)O)C(C)C)C(=O)NC(Cc1ccccc1)C(O)C(=O)Nc1cccc(C(=O)O)c1,1,ChEMBL_pos
CC(C)CC(NC(=O)C(NC(=O)C(N)CNC(=O)O)C(C)C)C(=O)NC(Cc1ccccc1)C(O)C(=O)NC(CC(=O)O)C(=O)NC(C)C(=O)NC(CCC(=O)O)C(=O)O,1,ChEMBL_pos
CC(C)CC(NC(=O)C(NC(=O)C(N)CNC(=O)O)C(C)C)C(=O)NC(Cc1ccccc1)C(O)C(=O)Nc1cc(C(=O)O)cc(C(=O)O)c1,1,ChEMBL_pos
CC(C)CC(NC(=O)C(NC(=O)C(N)CNC(=O)O)C(C)C)C(=O)NC(Cc1ccccc1)C(O)C(=O)Nc1cccc(C(=O)O)c1,1,ChEMBL_pos
CC(C)CC(NC(=O)C(NC(=O)C(N)CNC(=O)c1[nH]c(=O)[nH]c(=O)c1F)C(C)C)C(=O)NC(Cc1ccccc1)C(O)C(=O)Nc1cccc(-c2nn[nH]n2)c1,1,ChEMBL_pos
CC(C)CC(NC(=O)C(NC(=O)C(N)CNC(=O)c1nn[nH]n1)C(C)C)C(=O)NC(Cc1ccccc1)C(O)C(=O)NS(=O)(=O)C(F)(F)F,1,ChEMBL_pos
CC(C)CC(NC(=O)C(NC(=O)C(N)CNC(=O)c1nn[nH]n1)C(C)C)C(=O)NC(Cc1ccccc1)C(O)C(=O)Nc1cc(-c2nn[nH]n2)cc(-c2nn[nH]n2)c1,1,ChEMBL_pos
CC(C)CC(NC(=O)C(NC(=O)C(N)CNC(=O)c1nn[nH]n1)C(C)C)C(=O)NC(Cc1ccccc1)C(O)C(=O)Nc1cc(C(=O)O)cc(C(=O)O)c1,1,ChEMBL_pos
CC(C)CC(NC(=O)C(NC(=O)C(N)CNC(=O)c1nn[nH]n1)C(C)C)C(=O)NC(Cc1ccccc1)C(O)C(=O)Nc1cc(Cl)cc(Cl)c1,1,ChEMBL_pos
CC(C)CC(NC(=O)C(NC(=O)C(N)CNC(=O)c1nn[nH]n1)C(C)C)C(=O)NC(Cc1ccccc1)C(O)C(=O)Nc1cccc(-c2nn[nH]n2)c1,1,ChEMBL_pos
CC(C)CC(NC(=O)C(NC(=O)C(N)CNC(=O)c1nn[nH]n1)C(C)C)C(=O)NC(Cc1ccccc1)C(O)C(=O)Nc1cccc(-c2noc(O)n2)c1,1,ChEMBL_pos
CC(C)CC(NC(=O)C(NC(=O)C(N)CNC(=O)c1nn[nH]n1)C(C)C)C(=O)NC(Cc1ccccc1)C(O)C(=O)Nc1cccc(-c2noc(S)n2)c1,1,ChEMBL_pos
CC(C)CC(NC(=O)C(NC(=O)C(N)CNC(=O)c1nn[nH]n1)C(C)C)C(=O)NC(Cc1ccccc1)C(O)C(=O)Nc1cccc(C(=O)O)c1,1,ChEMBL_pos
CC(C)CC(NC(=O)C(NC(=O)C(NC(=O)OC(C)(C)C)C(C)C)C(N)=O)C(O)CC(C)C(=O)NC(C(=O)NCc1ccccc1)C(C)C,1,ChEMBL_pos
CC(C)CC(NC(=O)C(NC(=O)C(NC(=O)OC(C)(C)C)C(C)C)C(N)=O)C(O)CC(C)C(=O)NC(C)C(=O)NCc1ccccc1,1,ChEMBL_pos
CC(C)CC(NC(=O)C1CC(=O)NCC=CCCCOC(=O)NC(C(C)C)C(=O)N1)C(O)CC(C)C(=O)NC(C(=O)NCc1ccccc1)C(C)C,1,ChEMBL_pos
CC(C)CC(NC(=O)C1CC(=O)NCC=CCCOC(=O)NC(C(C)C)C(=O)N1)C(O)CC(C)C(=O)NC(C(=O)NCc1ccccc1)C(C)C,1,ChEMBL_pos
CC(C)CC(NC(=O)C1CC(=O)NCC=CCOC(=O)NC(C(C)C)C(=O)N1)C(O)CC(C)C(=O)NC(C(=O)NCc1ccccc1)C(C)C,1,ChEMBL_pos
CC(C)CC(NC(=O)C1CC(=O)NCCCCCCOC(=O)NC(C(C)C)C(=O)N1)C(O)CC(C)C(=O)NC(C(=O)NCc1ccccc1)C(C)C,1,ChEMBL_pos
CC(C)CC(NC(=O)C1CC(=O)NCCCCCOC(=O)NC(C(C)C)C(=O)N1)C(O)CC(C)C(=O)NC(C(=O)NCc1ccccc1)C(C)C,1,ChEMBL_pos
CC(C)CC(NC(=O)C1CC(=O)NCCCCOC(=O)NC(C(C)C)C(=O)N1)C(O)CC(C)C(=O)NC(C(=O)NCc1ccccc1)C(C)C,1,ChEMBL_pos
CC(C)CC(NC(=O)C1CCCN1)C(=O)NCC(N)=O,1,ChEMBL_pos
CC(C)CC(NC(=O)OC(C)(C)C)C(=O)NC(C)C(=O)NC(Cc1ccccc1)C(O)CC(C)C(=O)NC(C(=O)NCc1ccncc1)C(C)C,1,ChEMBL_pos
CC(C)CC(NC(=O)c1cc(C(=O)NC(C)c2ccccc2)cc(N(C)S(C)(=O)=O)c1)C(O)CC(C)C(=O)NC(C(=O)NC(C)C)C(C)C,1,ChEMBL_pos
CC(C)CC(NC(=O)c1cc(C(=O)NC(CO)c2ccccc2)cc(N(C)S(C)(=O)=O)c1)C(O)CC(C)C(=O)NC(C(=O)NC(C)C)C(C)C,1,ChEMBL_pos
CC(C)CC(NC(=O)c1cc(C(=O)NCc2ccccc2)cc(N(C)S(C)(=O)=O)c1)C(O)CC(C)C(=O)NC(C(=O)NC(C)C)C(C)C,1,ChEMBL_pos
CC(C)CC(O)C(=O)NC(C)C(=O)NC(Cc1ccccc1)C(O)CC(C)C(=O)NC(C(=O)NCc1ccncc1)C(C)C,1,ChEMBL_pos
CC(C)CC1C(=O)N2CCCC2C2(O)OC(NC(=O)C3C=C4c5cccc6[nH]c(Br)c(c56)CC4N(C)C3)(C(C)C)C(=O)N12,1,ChEMBL_pos
CC(C)CC1C(=O)N2CCCC2C2(O)OC(NC(=O)C3C=C4c5cccc6[nH]cc(c56)CC4N(C)C3)(C(C)C)C(=O)N12,1,ChEMBL_pos
CC(C)CCSC(=O)OCC[N+](C)(C)C,1,ChEMBL_pos
CC(C)CN1CCN(C2=Nc3cc(Cl)ccc3N(NC(=O)c3ccccc3Cl)c3ccccc32)CC1,1,ChEMBL_pos
CC(C)CNC(=O)C(C)NCC(Cc1ccccc1)NC(=O)c1cc(C(=O)NC(C)c2ccc(F)cc2)cc(N(C)S(C)(=O)=O)c1,1,ChEMBL_pos
CC(C)CNC(=O)C(C)NCC(Cc1ccccc1)NC(=O)c1cc(CCC2CC2C)cc(N(C)S(C)(=O)=O)c1,1,ChEMBL_pos
CC(C)CNC(=O)C(CCO)NCC(Cc1ccccc1)NC(=O)c1cc(C(=O)NC(C)c2ccc(F)cc2)cc(N(C)S(C)(=O)=O)c1,1,ChEMBL_pos
CC(C)CNC(=O)C(CCS(C)(=O)=O)NCC(Cc1ccccc1)NC(=O)c1cc(C(=O)NC(C)c2ccc(F)cc2)cc(N(C)S(C)(=O)=O)c1,1,ChEMBL_pos
CC(C)CNC(=O)CNCC(Cc1ccccc1)NC(=O)c1cc(C(=O)NC(C)c2ccc(F)cc2)cc(N(C)S(C)(=O)=O)c1,1,ChEMBL_pos
CC(C)CNC(=O)c1ccc(Br)c(S(=O)(=O)N(C)Cc2ccccc2)c1,1,ChEMBL_pos
CC(C)CNC(=O)c1ccc(Br)c(S(=O)(=O)N2CCCCC2)c1,1,ChEMBL_pos
CC(C)CNc1cc(C(=O)NC(Cc2ccccc2)C(O)CNC(C)C(=O)NC2CCCCC2)cc(N2CCCC2=O)c1,1,ChEMBL_pos
CC(C)CNc1nc(-c2ccc(Cl)cc2Cl)c(-c2ccc(Cl)cc2)cc1C#N,1,ChEMBL_pos
CC(C)COC(=O)Nc1ccc(-c2cnc3c(-c4ccc(N5CCN(C)CC5)cc4)cnn3c2N)cc1,1,ChEMBL_pos
CC(C)COc1cccc2onc(OCC3CCN(CC4(O)CCOCC4)CC3)c12,1,ChEMBL_pos
CC(C)Cc1nc2c(c(-c3ccc(F)cc3)n1)CNCC2,1,ChEMBL_pos
CC(C)N1C(=O)COc2ccc(-c3cnc(Cl)c(NS(=O)(=O)c4ccc(F)cc4)c3)cc21,1,ChEMBL_pos
CC(C)N1CCCC(c2cccc(C#N)c2)C1,1,ChEMBL_pos
CC(C)N1CCN(C(=O)Oc2cccc(C#N)c2)CC1,1,ChEMBL_pos
CC(C)N1CCN(C2=Nc3cc(Cl)ccc3N(NC(=O)c3ccccc3Cl)c3ccccc32)CC1,1,ChEMBL_pos
CC(C)N1CCN(c2nc(-c3ccccc3Cl)c(-c3ccc(Cl)cc3)cc2C#N)C(=O)C1=O,1,ChEMBL_pos
CC(C)NC(=O)C(NCC(O)C(Cc1ccccc1)NC(=O)c1cc(C(=O)NC(C)c2ccccc2)cc(N(C)S(C)(=O)=O)c1)C(C)C,1,ChEMBL_pos
CC(C)NC(=O)Oc1ccc2c(c1)C1(C)CCN(C)C1N2C,1,ChEMBL_pos
CC(C)NC(=O)c1cc(-c2ccc(Cl)cc2)c(-c2ccc(Cl)cc2Cl)nc1OCc1ccc(F)c(F)c1,1,ChEMBL_pos
CC(C)NC(=O)c1cc(-c2ccc(Cl)cc2)c(-c2ccc(Cl)cc2Cl)nc1Oc1ccc(F)c(F)c1,1,ChEMBL_pos
CC(C)NC(=O)c1cc(N2CCN(C(=O)n3nnc4ccccc43)CC2)ccc1[N+](=O)[O-],1,ChEMBL_pos
CC(C)NC(=O)c1ccc(N2CCN(C(=O)n3nnc4ccccc43)CC2)c([N+](=O)[O-])c1,1,ChEMBL_pos
CC(C)NCC(O)C(Cc1ccccc1)NC(=O)c1cc(C(=O)NC(C)c2ccccc2)cc(N(C)S(C)(=O)=O)c1,1,ChEMBL_pos
CC(C)Nc1cc(C(=O)NC(Cc2ccccc2)C(O)CNC(C)C(=O)NC2CCCCC2)cc(N2CCCC2=O)c1,1,ChEMBL_pos
CC(C)Nc1cc(C(=O)NC(Cc2ccccc2)C(O)CNCc2cccc(C(F)(F)F)c2)cc(N2CCCCS2(=O)=O)c1,1,ChEMBL_pos
CC(C)OCCn1c(=NC(=O)c2cccc(C(F)(F)F)c2F)cc(C(C)(C)C)n1C,1,ChEMBL_pos
CC(C)OCc1ccc2c(c1)c1c3c(c4c(c1n2CCCO)Cc1ccccc1-4)C(=O)NC3,1,ChEMBL_pos
CC(C)Oc1cc(C(=O)NC(Cc2ccccc2)C(O)CNC(C)C(=O)NC2CCCCC2)cc(N2CCCC2=O)c1,1,ChEMBL_pos
CC(C)Oc1ccc2c(c1)C13CCCCC1C(C2)N(C)CC3,1,ChEMBL_pos
CC(C)Oc1cccc2c1C(=O)N1CCNCC21,1,ChEMBL_pos
CC(C)Oc1ccccc1Cc1c(N)nc(SCCN2CCN(Cc3cccc(C(F)(F)F)c3)CC2)nc1N,1,ChEMBL_pos
CC(C)Oc1cccnc1N(C)C1CCN(Cc2ccccc2)CC1,1,ChEMBL_pos
CC(C)Oc1nc(-c2ccc(Cl)cc2Cl)c(-c2ccc(Cl)cc2)cc1C#N,1,ChEMBL_pos
CC(C)S(=O)(=O)N(C)c1cc2cc(c1)C(=O)NC(c1ccccc1)CCc1cccc(c1)CC(C)(N)COC2,1,ChEMBL_pos
CC(C)SC(=S)N1CC(C)(C)CSC1=Nc1ccccc1C(C)C,1,ChEMBL_pos
CC(C)c1c(C(=O)NC2CCCCC2O)nc(-c2ccccc2Cl)n1-c1ccc(Cl)cc1,1,ChEMBL_pos
CC(C)c1ccc(C(=O)C2CCN(C(=O)c3cc(O)c(F)cc3F)CC2)cc1,1,ChEMBL_pos
CC(C)c1ccc(C(=O)C2CCN(C(=O)c3cc(O)ccc3F)CC2)cc1,1,ChEMBL_pos
CC(C)c1ccc(C(=O)C2CCN(C(=O)c3ccc(F)c(O)c3)CC2)cc1,1,ChEMBL_pos
CC(C)c1ccc(C(=O)C2CCN(C(=O)c3cccc(O)c3)CC2)cc1,1,ChEMBL_pos
CC(C)c1ccc(C23CCN(C(=O)C4CC5(COC(=O)N5)C4)CC2C3)cc1,1,ChEMBL_pos
CC(C)c1ccc(C2CC(N(C)C(=O)C3CC4(COC(=O)N4)C3)C2)cc1,1,ChEMBL_pos
CC(C)c1ccc(NC(=O)Oc2ccc3c(c2)C2(C)CCN(C)C2N3C)cc1,1,ChEMBL_pos
CC(C)c1ccc(NC(=O)Oc2ccc3c(c2)C2(C)CCNC2N3)cc1,1,ChEMBL_pos
CC(C)c1ccc(NC(=O)Oc2ccc3c(c2)C2(C)CCNC2N3C)cc1,1,ChEMBL_pos
CC(C)c1cccc(NC(=N)Nc2cccc(C(C)C)c2)c1,1,ChEMBL_pos
CC(C)c1ccccc1NC(=N)Nc1ccccc1C(C)C,1,ChEMBL_pos
CC(C)c1ccccc1NC(=O)Oc1ccc2c(c1)C1(C)CCN(C)C1N2C,1,ChEMBL_pos
CC(C)c1nc2c(-c3ccc(Cl)cc3)n(-c3ccccc3Cl)nc2c(=O)n1CC(F)(F)F,1,ChEMBL_pos
CC(C)c1nc2c(c(-c3ccc(F)cc3)n1)CCNCC2,1,ChEMBL_pos
CC(C)n1c(=O)c(C(=O)NCCCN2CCCCC2)c([O-])c2ccsc21,1,ChEMBL_pos
CC(C)n1c(=O)n(C(=O)NCC2CCN(CC3(O)CCOCC3)CC2)c2cc(F)ccc21,1,ChEMBL_pos
CC(C)n1cnc2c(-c3ccc(Cl)cc3)n(-c3ccccc3Cl)nc2c1=O,1,ChEMBL_pos
CC(C1=Nc2cccc(F)c2S(=O)(=O)N1c1ccccc1)n1cnc2c(N)ncnc21,1,ChEMBL_pos
CC(C1=Nc2ccccc2S(=O)(=O)N1c1ccc(F)cc1)n1cnc2c(N)ncnc21,1,ChEMBL_pos
CC(C1=Nc2ccccc2S(=O)(=O)N1c1ccccc1)n1cnc2c(N)ncnc21,1,ChEMBL_pos
CC(C1=Nc2ccccc2S(=O)(=O)N1c1cccnc1)n1cnc2c(N)ncnc21,1,ChEMBL_pos
CC(CC(O)C(Cc1ccccc1)NC(=O)C(C)NC(=O)C(CC(F)(F)C(F)F)NC(=O)OC(C)(C)C)C(=O)NC(C(=O)NCc1ccncc1)C(C)C,1,ChEMBL_pos
CC(CC(O)C(Cc1ccccc1)NC(=O)C(C)NC(=O)C(CC(F)F)NC(=O)OC(C)(C)C)C(=O)NC(C(=O)NCc1ccncc1)C(C)C,1,ChEMBL_pos
CC(CC(O)C(Cc1ccccc1)NC(=O)C(C)NC(=O)C(CCCC(F)(F)F)NC(=O)OC(C)(C)C)C(=O)NC(C(=O)NCc1ccncc1)C(C)C,1,ChEMBL_pos
CC(CC(O)C(Cc1ccccc1)NC(=O)C(C)NC(=O)C(N)C(C)C)C(=O)NC(C(=O)NCc1ccncc1)C(C)C,1,ChEMBL_pos
CC(CC(O)C(Cc1ccccc1)NC(=O)C(C)NC(=O)C(NC(=O)OC(C)(C)C)C(C)C)C(=O)NC(C(=O)NCc1ccncc1)C(C)C,1,ChEMBL_pos
CC(CC(O)C(Cc1ccccc1)NC(=O)C(C)NC(=O)C(O)C(C)C)C(=O)NC(C(=O)NCc1ccccc1)C(C)C,1,ChEMBL_pos
CC(CC(O)C(Cc1ccccc1)NC(=O)C(C)NC(=O)C(O)C(C)C)C(=O)NC(C(=O)NCc1ccncc1)C(C)C,1,ChEMBL_pos
CC(CC(O)C(Cc1ccccc1)NC(=O)C(C)NC(=O)C(O)CC(F)(F)F)C(=O)NC(C(=O)NCc1ccncc1)C(C)C,1,ChEMBL_pos
CC(CC(O)C(Cc1ccccc1)NC(=O)C(CO)NC(=O)C(O)C(C)C)C(=O)NC(C(=O)NCc1ccncc1)C(C)C,1,ChEMBL_pos
CC(CC(O)C1CCCCCCC(NC(=O)OC(C)(C)C)C(=O)NC(C)C(=O)N1)C(=O)NC(C(=O)NCc1ccccc1)C(C)C,1,ChEMBL_pos
CC(CC(O)C1CCCCCN(C(=O)C(NC(=O)OC(C)(C)C)C(C)C)C(C)C(=O)N1)C(=O)NC(C(=O)NCc1ccncc1)C(C)C,1,ChEMBL_pos
CC(CN)c1c[nH]c2ccccc12,1,ChEMBL_pos
CC(CN1CCC(Cc2ccccc2)CC1)C(O)c1ccc(O)cc1,1,ChEMBL_pos
CC(CO)NC(=O)CCCC=CCC=CCC=CCC=CCCOC(=O)c1cc(I)ccc1N=[N+]=[N-],1,ChEMBL_pos
CC(CO)NC(=O)CCCC=CCC=CCCOc1cccc(C(C)(C)CCCC#N)c1,1,ChEMBL_pos
CC(CO)NC(=O)CCCC=CCC=CCCOc1cccc(C(C)(C)CCCCBr)c1,1,ChEMBL_pos
CC(CO)NC(=O)CCCC=CCC=CCCOc1cccc(C(C)(C)CCCCN=[N+]=[N-])c1,1,ChEMBL_pos
CC(CO)NC(=O)CCCC=CCC=CCCOc1cccc(C(C)(C)CCCCO)c1,1,ChEMBL_pos
CC(Cc1c[nH]c2cccc(O)c12)N(C)C,1,ChEMBL_pos
CC(Cc1ccc(O)cc1)CN1CCC(Cc2ccccc2)CC1,1,ChEMBL_pos
CC(Cn1ccc2ccc3ncccc3c21)NCC1CCCCC1,1,ChEMBL_pos
CC(Cn1ccc2ccc3ncccc3c21)NCc1ccc2c(c1)OCO2,1,ChEMBL_pos
CC(Cn1ccc2ccc3ncccc3c21)NCc1ccc2ccccc2c1,1,ChEMBL_pos
CC(Cn1ccc2ccc3ncccc3c21)NCc1ccccc1,1,ChEMBL_pos
CC(Cn1ccc2ccc3ncccc3c21)NCc1ccccc1Cl,1,ChEMBL_pos
CC(F)(F)Cn1cnc2c(-c3ccc(Cl)cc3)n(-c3ccccc3Cl)nc2c1=O,1,ChEMBL_pos
CC(N)C(Cc1ccsc1)NC(=O)c1cc(NCC2CC2C)nc(N(C)S(C)(=O)=O)c1,1,ChEMBL_pos
CC(N)C1c2ccccc2Cc2ccccc21,1,ChEMBL_pos
CC(N)CN1CCc2cc(F)c(C(F)(F)F)cc21,1,ChEMBL_pos
CC(N)CN1CCc2cc(F)c(Cl)cc21,1,ChEMBL_pos
CC(N)CN1CCc2cc(F)c(I)cc21,1,ChEMBL_pos
CC(N)CN1CCc2ccc(Br)cc21,1,ChEMBL_pos
CC(N)CN1CCc2ccc(Cl)cc21,1,ChEMBL_pos
CC(N)CN1CCc2ccc3c(c21)CCCO3,1,ChEMBL_pos
CC(N)CN1CCc2ccc3c(c21)CCO3,1,ChEMBL_pos
CC(N)Cc1c2c(c(Br)c3c1OCC3)OCC2,1,ChEMBL_pos
CC(N)Cc1c2ccoc2c(Br)c2ccoc12,1,ChEMBL_pos
CC(N)Cc1c[nH]c2ccc(O)cc12,1,ChEMBL_pos
CC(N)Cc1c[nH]c2ccc3c(c12)CCCO3,1,ChEMBL_pos
CC(N)Cc1c[nH]c2ccc3ccccc3c12,1,ChEMBL_pos
CC(N)Cn1ccc2cc(Cl)c3ncccc3c21,1,ChEMBL_pos
CC(N)Cn1ccc2cc(F)c(Cl)cc21,1,ChEMBL_pos
CC(N)Cn1ccc2cc(F)c(F)cc21,1,ChEMBL_pos
CC(N)Cn1ccc2ccc3ccccc3c21,1,ChEMBL_pos
CC(N)Cn1ccc2ccc3cccnc3c21,1,ChEMBL_pos
CC(N)Cn1ccc2ccc3ccncc3c21,1,ChEMBL_pos
CC(N)Cn1ccc2ccc3ncccc3c21,1,ChEMBL_pos
CC(N)Cn1ncc2cc(Cl)c(Cl)cc21,1,ChEMBL_pos
CC(N)Cn1ncc2cc(F)ccc21,1,ChEMBL_pos
CC(N)Cn1ncc2ccc(Cl)c(Cl)c21,1,ChEMBL_pos
CC(N)Cn1ncc2ccc(F)cc21,1,ChEMBL_pos
CC(N)Cn1ncc2ccc(O)c(Cl)c21,1,ChEMBL_pos
CC(N)Cn1ncc2ccc(O)c(F)c21,1,ChEMBL_pos
CC(N)Cn1ncc2ccc(O)c(I)c21,1,ChEMBL_pos
CC(N)Cn1ncc2ccc(O)cc21,1,ChEMBL_pos
CC(N)Cn1ncc2ccc3oc(C(C)C)cc3c21,1,ChEMBL_pos
CC(N)Cn1ncc2ccc3occc3c21,1,ChEMBL_pos
CC(N)Cn1ncc2ccc3ocnc3c21,1,ChEMBL_pos
CC(N)Cn1ncc2ccc3sccc3c21,1,ChEMBL_pos
CC(NC(=O)C(C)(C)Oc1cc(C(F)(F)F)ccn1)C(Cc1ccc(OCCF)cc1)c1cccc(C#N)c1,1,ChEMBL_pos
CC(NC(=O)C(C)(C)Oc1cc(C(F)(F)F)ncn1)C(Cc1ccc(OCCF)cc1)c1cccc(C#N)c1,1,ChEMBL_pos
CC(NC(=O)C(C)(C)Oc1cc(F)cc(F)c1)C(Cc1ccc(Cl)cc1)c1ccccc1,1,ChEMBL_pos
CC(NC(=O)C(C)(C)Oc1ccc(C#N)cn1)C(Cc1ccc(OCCF)cc1)c1cccc(C#N)c1,1,ChEMBL_pos
CC(NC(=O)C(C)(C)Oc1ccc(C(F)(F)F)cn1)C(Cc1ccc(Cl)cc1)c1cccc(C#N)c1,1,ChEMBL_pos
CC(NC(=O)C(C)(C)Oc1ccc(C(F)(F)F)cn1)C(Cc1ccc(Cl)cc1)c1ccccc1,1,ChEMBL_pos
CC(NC(=O)C(C)(C)Oc1ccc(C(F)(F)F)cn1)C(Cc1ccc(OCCF)cc1)c1cc(F)cc(C#N)c1,1,ChEMBL_pos
CC(NC(=O)C(C)(C)Oc1ccc(C(F)(F)F)cn1)C(Cc1ccc(OCCF)cc1)c1cccc(C#N)c1,1,ChEMBL_pos
CC(NC(=O)C(C)(C)Oc1ccc(C(F)(F)F)cn1)C(Cc1ccc(OCF)cc1)c1cc(F)cc(C#N)c1,1,ChEMBL_pos
CC(NC(=O)C(C)(C)Oc1ccc(Cl)cc1)C(Cc1ccc(C(F)(F)F)cc1)c1ccccc1,1,ChEMBL_pos
CC(NC(=O)C(C)(C)Oc1ccc(Cl)cc1)C(Cc1ccc(Cl)cc1)c1ccc(Cl)cc1,1,ChEMBL_pos
CC(NC(=O)C(C)(C)Oc1ccc(Cl)cc1)C(Cc1ccc(Cl)cc1)c1ccc(F)cc1,1,ChEMBL_pos
CC(NC(=O)C(C)(C)Oc1ccc(Cl)cc1)C(Cc1ccc(Cl)cc1)c1cccc(F)c1,1,ChEMBL_pos
CC(NC(=O)C(C)(C)Oc1ccc(Cl)cc1)C(Cc1ccc(Cl)cc1)c1ccccc1,1,ChEMBL_pos
CC(NC(=O)C(C)(C)Oc1ccc(Cl)cc1)C(Cc1ccc(Cl)cc1)c1ccccc1F,1,ChEMBL_pos
CC(NC(=O)C(C)(C)Oc1ccc(Cl)cc1)C(Cc1ccc(F)cc1)c1ccccc1,1,ChEMBL_pos
CC(NC(=O)C(C)(C)Oc1ccc(Cl)cc1)C(Cc1ccccc1)c1ccccc1,1,ChEMBL_pos
CC(NC(=O)C(C)(C)Oc1ccc(Cl)cc1)C(Cc1ccccc1Cl)c1ccccc1,1,ChEMBL_pos
CC(NC(=O)C(C)(C)Oc1ccc(Cl)cn1)C(Cc1ccc(Cl)cc1)c1ccccc1,1,ChEMBL_pos
CC(NC(=O)C(C)(C)Oc1ccc(Cl)cn1)C(Cc1ccc(OCCF)cc1)c1cccc(C#N)c1,1,ChEMBL_pos
CC(NC(=O)C(C)(C)Oc1cccc(Cl)c1)C(Cc1ccc(Cl)cc1)c1ccccc1,1,ChEMBL_pos
CC(NC(=O)C(C)(C)Oc1cccc(F)c1)C(Cc1ccc(Cl)cc1)c1ccccc1,1,ChEMBL_pos
CC(NC(=O)C(C)(C)Oc1ccccc1)C(Cc1ccc(Cl)cc1)c1ccccc1,1,ChEMBL_pos
CC(NC(=O)C(C)(C)Oc1ccccc1Cl)C(Cc1ccc(Cl)cc1)c1ccccc1,1,ChEMBL_pos
CC(NC(=O)C(C)(C)Oc1ccccn1)C(Cc1ccc(Cl)cc1)c1ccccc1,1,ChEMBL_pos
CC(NC(=O)C(C)(C)Oc1ccccn1)C(Cc1ccc(OCCF)cc1)c1cccc(C#N)c1,1,ChEMBL_pos
CC(NC(=O)C(C)(C)Oc1cccnc1)C(Cc1ccc(Cl)cc1)c1ccccc1,1,ChEMBL_pos
CC(NC(=O)C(C)(C)Oc1ccncc1)C(Cc1ccc(Cl)cc1)c1ccccc1,1,ChEMBL_pos
CC(NC(=O)C(C)(C)Oc1cncc(C(F)(F)F)c1)C(Cc1ccc(Cl)cc1)c1cccc(C#N)c1,1,ChEMBL_pos
CC(NC(=O)C(CC(O)C(CC1CCCCC1)NC(=O)C(CC(N)=O)NC(=O)C(NC(=O)C(N)CCC(=O)O)C(C)C)C(C)(C)O)C(=O)NC(CCC(=O)O)C(=O)NC(Cc1ccccc1)C(=O)O,1,ChEMBL_pos
CC(NC(=O)C(F)(F)F)c1ccc(S(=O)(=O)c2ccc(Cl)cc2S(=O)(=O)c2ccccc2F)cc1,1,ChEMBL_pos
CC(NC(=O)CCc1ccccc1)C(Cc1ccc(Cl)cc1)c1cccc(C#N)c1,1,ChEMBL_pos
CC(NC(=O)Cc1ccccc1)C(Cc1ccc(Cl)cc1)c1cccc(C#N)c1,1,ChEMBL_pos
CC(NC(=O)c1c(Cl)cccc1Cl)C(Cc1ccc(Cl)cc1)c1cccc(C#N)c1,1,ChEMBL_pos
CC(NC(=O)c1c(N)ncc2cccnc12)c1cc2cccc(Cl)c2c(=O)n1-c1ccccc1,1,ChEMBL_pos
CC(NC(=O)c1c(N)nn2cccnc12)c1cc2cccc(C#Cc3ccccc3)c2c(=O)n1-c1ccccc1,1,ChEMBL_pos
CC(NC(=O)c1c(N)nn2cccnc12)c1cc2cccc(Cl)c2c(=O)n1-c1ccccc1,1,ChEMBL_pos
CC(NC(=O)c1c(N)nn2cccnc12)c1cc2cccc(F)c2c(=O)n1-c1ccccc1,1,ChEMBL_pos
CC(NC(=O)c1cc(-c2nnc(C(C)(N)Cc3ccccc3)o2)cc(N(C)S(C)(=O)=O)c1)c1ccc(F)cc1,1,ChEMBL_pos
CC(NC(=O)c1cc(C(=O)NC(CO)Cc2ccccc2)cc(N(C)S(C)(=O)=O)c1)c1ccc(F)cc1,1,ChEMBL_pos
CC(NC(=O)c1cc(C(=O)NC(Cc2ccccc2)C(O)CN)cc(N(C)S(C)(=O)=O)c1)c1ccc(F)cc1,1,ChEMBL_pos
CC(NC(=O)c1cc(C(=O)NC(Cc2ccccc2)C(O)CNC(C)(C)C)cc(N(C)S(C)(=O)=O)c1)c1ccc(F)cc1,1,ChEMBL_pos
CC(NC(=O)c1cc(C(=O)NC(Cc2ccccc2)C(O)CNC2CC2)cc(N(C)S(=O)(=O)C(C)C)c1)c1ccccc1,1,ChEMBL_pos
CC(NC(=O)c1cc(C(=O)NC(Cc2ccccc2)C(O)CNC2CC2)cc(N(C)S(=O)(=O)N(C)C)c1)c1ccccc1,1,ChEMBL_pos
CC(NC(=O)c1cc(C(=O)NC(Cc2ccccc2)C(O)CNC2CC2)cc(N(C)S(C)(=O)=O)c1)c1ccc(F)cc1,1,ChEMBL_pos
CC(NC(=O)c1cc(C(=O)NC(Cc2ccccc2)C(O)CNC2CC2)cc(N(C)S(C)(=O)=O)c1)c1ccccc1,1,ChEMBL_pos
CC(NC(=O)c1cc(C(=O)NC(Cc2ccccc2)C(O)CNCc2ccc3cc[nH]c3c2)cc(N(C)S(C)(=O)=O)c1)c1ccccc1,1,ChEMBL_pos
CC(NC(=O)c1cc(C(=O)NC(Cc2ccccc2)C(O)CNCc2ccc3ccn(S(C)(=O)=O)c3c2)cc(N(C)S(C)(=O)=O)c1)c1ccccc1,1,ChEMBL_pos
CC(NC(=O)c1cc(C(=O)OCC(N)(CO)Cc2ccccc2)cc(N(C)S(C)(=O)=O)c1)c1ccc(F)cc1,1,ChEMBL_pos
CC(NC(=O)c1cc(COC(=O)C(C)(N)Cc2ccccc2)cc(N(C)S(C)(=O)=O)c1)c1ccc(F)cc1,1,ChEMBL_pos
CC(NC(=O)c1cc(COCC(C)(N)Cc2ccccc2)cc(N(C)S(C)(=O)=O)c1)c1ccc(F)cc1,1,ChEMBL_pos
CC(NC(=O)c1cc(Cl)cc(Cl)c1)C(Cc1ccc(Cl)cc1)c1cccc(C#N)c1,1,ChEMBL_pos
CC(NC(=O)c1cc(NS(C)(=O)=O)cc(C(=O)NC(Cc2ccccc2)C(O)CNC2CC2)c1)c1ccc(F)cc1,1,ChEMBL_pos
CC(NC(=O)c1ccccc1)C(Cc1ccc(Cl)cc1)c1cccc(C#N)c1,1,ChEMBL_pos
CC(NC(=O)c1cncc2cccnc12)c1cc2cccc(Cl)c2c(=O)n1-c1ccccc1,1,ChEMBL_pos
CC(NC(=O)c1cnn2cccnc12)c1cc2cccc(Cl)c2c(=O)n1-c1ccccc1,1,ChEMBL_pos
CC(NC(=O)c1nc(-c2ccc(Cl)cc2Cl)n(-c2ccc(Cl)cc2)n1)c1ccc(Cl)cc1,1,ChEMBL_pos
CC(NC(c1cccc2nc(O)c(O)nc12)P(=O)(O)O)c1ccc(Br)cc1,1,ChEMBL_pos
CC(NC(c1cccc2nc(O)c(O)nc12)P(=O)(O)O)c1cccc2ccccc12,1,ChEMBL_pos
CC(NC(c1cccc2nc(O)c(O)nc12)P(=O)(O)O)c1ccccc1,1,ChEMBL_pos
CC(NCC(Cc1ccccc1)NC(=O)c1cc(C(=O)NC(C)c2ccc(F)cc2)cc(N(C)S(C)(=O)=O)c1)C(=O)NC1CC1,1,ChEMBL_pos
CC(NCC(Cc1ccccc1)NC(=O)c1cc(C(=O)NC(C)c2ccc(F)cc2)cc(N(C)S(C)(=O)=O)c1)C(=O)NCc1ccccc1,1,ChEMBL_pos
CC(NCC(F)(F)F)c1ccc(S(=O)(=O)c2ccc(Cl)cc2S(=O)(=O)c2ccccc2F)cc1,1,ChEMBL_pos
CC(NCC(O)C(Cc1ccccc1)NC(=O)c1cc(N2CCCC2)cc(N2CCCC2=O)c1)C(=O)NC1CCCCC1,1,ChEMBL_pos
CC(NCCC(F)(F)F)c1ccc(S(=O)(=O)c2ccc(Cl)cc2S(=O)(=O)c2ccccc2F)cc1,1,ChEMBL_pos
CC(NS(=O)(=O)C(F)(F)F)c1ccc(S(=O)(=O)c2ccc(C(F)(F)F)cc2S(=O)(=O)c2ccccc2F)cc1,1,ChEMBL_pos
CC(NS(=O)(=O)C(F)(F)F)c1ccc(S(=O)(=O)c2ccc(C3CC3)cc2S(=O)(=O)c2ccccc2F)cc1,1,ChEMBL_pos
CC(NS(=O)(=O)C(F)(F)F)c1ccc(S(=O)(=O)c2ccc(Cl)cc2S(=O)(=O)N2CCCCC2)cc1,1,ChEMBL_pos
CC(NS(=O)(=O)C(F)(F)F)c1ccc(S(=O)(=O)c2ccc(Cl)cc2S(=O)(=O)N2CCOCC2)cc1,1,ChEMBL_pos
CC(NS(=O)(=O)C(F)(F)F)c1ccc(S(=O)(=O)c2ccc(Cl)cc2S(=O)(=O)NC(C)(C)C)cc1,1,ChEMBL_pos
CC(NS(=O)(=O)C(F)(F)F)c1ccc(S(=O)(=O)c2ccc(Cl)cc2S(=O)(=O)c2c(F)cccc2F)cc1,1,ChEMBL_pos
CC(NS(=O)(=O)C(F)(F)F)c1ccc(S(=O)(=O)c2ccc(Cl)cc2S(=O)(=O)c2c(F)cccc2N(C)C)cc1,1,ChEMBL_pos
CC(NS(=O)(=O)C(F)(F)F)c1ccc(S(=O)(=O)c2ccc(Cl)cc2S(=O)(=O)c2c(F)cccc2N2CCOCC2)cc1,1,ChEMBL_pos
CC(NS(=O)(=O)C(F)(F)F)c1ccc(S(=O)(=O)c2ccc(Cl)cc2S(=O)(=O)c2c(F)cccc2NC2CC2)cc1,1,ChEMBL_pos
CC(NS(=O)(=O)C(F)(F)F)c1ccc(S(=O)(=O)c2ccc(Cl)cc2S(=O)(=O)c2c(N)cccc2F)cc1,1,ChEMBL_pos
CC(NS(=O)(=O)C(F)(F)F)c1ccc(S(=O)(=O)c2ccc(Cl)cc2S(=O)(=O)c2ccccc2F)cc1,1,ChEMBL_pos
CC(NS(=O)(=O)C(F)(F)F)c1ccc(S(=O)(=O)c2ccc(Cl)cc2S(=O)(=O)c2ccccn2)cc1,1,ChEMBL_pos
CC(NS(=O)(=O)C(F)(F)F)c1ccc(S(=O)(=O)c2ccc(Cl)cc2S(=O)(=O)c2ncccn2)cc1,1,ChEMBL_pos
CC(NS(=O)(=O)C(F)(F)F)c1ccc(S(=O)(=O)c2ccc(N)cc2S(=O)(=O)c2ccccc2F)cc1,1,ChEMBL_pos
CC(NS(=O)(=O)C(F)(F)F)c1ccc(S(=O)(=O)c2ccc(NC3CC3)cc2S(=O)(=O)c2ccccc2F)cc1,1,ChEMBL_pos
CC(NS(=O)(=O)C(F)(F)F)c1ccc(S(=O)(=O)c2ccc(O)cc2S(=O)(=O)c2ccccc2F)cc1,1,ChEMBL_pos
CC(NS(=O)(=O)C(F)(F)F)c1ccc(S(=O)(=O)c2ccc(OC(F)(F)F)cc2S(=O)(=O)c2ccccc2F)cc1,1,ChEMBL_pos
CC(NS(=O)(=O)C(F)(F)F)c1ccc(S(=O)(=O)c2ccccc2S(=O)(=O)c2ccccc2F)cc1,1,ChEMBL_pos
CC(NS(=O)(=O)C=Cc1ccccc1)C(Cc1ccc(Cl)cc1)c1cccc(C#N)c1,1,ChEMBL_pos
CC(NS(=O)(=O)CCc1ccccc1)C(Cc1ccc(Cl)cc1)c1cccc(C#N)c1,1,ChEMBL_pos
CC(NS(=O)(=O)Cc1ccc(Cl)cc1)C(Cc1ccc(Cl)cc1)c1cccc(C#N)c1,1,ChEMBL_pos
CC(NS(=O)(=O)Cc1cccc(Cl)c1)C(Cc1ccc(Cl)cc1)c1cccc(C#N)c1,1,ChEMBL_pos
CC(NS(=O)(=O)Cc1ccccc1)C(Cc1ccc(Cl)cc1)c1cccc(C#N)c1,1,ChEMBL_pos
CC(NS(=O)(=O)Cc1ccccc1Cl)C(Cc1ccc(Cl)cc1)c1cccc(C#N)c1,1,ChEMBL_pos
CC(NS(=O)(=O)c1c(Cl)cccc1Cl)C(Cc1ccc(Cl)cc1)c1cccc(C#N)c1,1,ChEMBL_pos
CC(NS(=O)(=O)c1cc(C(F)(F)F)cc(C(F)(F)F)c1)C(Cc1ccc(Cl)cc1)c1cccc(C#N)c1,1,ChEMBL_pos
CC(NS(=O)(=O)c1cc(Cl)c(Cl)cc1Cl)C(Cc1ccc(Cl)cc1)c1cccc(C#N)c1,1,ChEMBL_pos
CC(NS(=O)(=O)c1cc(Cl)cc(Cl)c1)C(Cc1ccc(Cl)cc1)c1cccc(C#N)c1,1,ChEMBL_pos
CC(NS(=O)(=O)c1cc(Cl)ccc1Cl)C(Cc1ccc(Cl)cc1)c1cccc(C#N)c1,1,ChEMBL_pos
CC(NS(=O)(=O)c1cc(F)cc(F)c1)C(Cc1ccc(Cl)cc1)c1cccc(C#N)c1,1,ChEMBL_pos
CC(NS(=O)(=O)c1ccc(-c2ccccc2)cc1)C(Cc1ccc(Cl)cc1)c1cccc(C#N)c1,1,ChEMBL_pos
CC(NS(=O)(=O)c1ccc(Cl)cc1)C(Cc1ccc(Cl)cc1)c1cccc(C#N)c1,1,ChEMBL_pos
CC(NS(=O)(=O)c1ccc(Cl)cc1Cl)C(Cc1ccc(Cl)cc1)c1cccc(C#N)c1,1,ChEMBL_pos
CC(NS(=O)(=O)c1ccc2ccccc2c1)C(Cc1ccc(Cl)cc1)c1cccc(C#N)c1,1,ChEMBL_pos
CC(NS(=O)(=O)c1cccc(-c2ccccc2)c1)C(Cc1ccc(Cl)cc1)c1cccc(C#N)c1,1,ChEMBL_pos
CC(NS(=O)(=O)c1cccc(Cl)c1)C(Cc1ccc(Cl)cc1)c1cccc(C#N)c1,1,ChEMBL_pos
CC(NS(=O)(=O)c1cccc(Cl)c1Cl)C(Cc1ccc(Cl)cc1)c1cccc(C#N)c1,1,ChEMBL_pos
CC(NS(=O)(=O)c1cccc2ccccc12)C(Cc1ccc(Cl)cc1)c1cccc(C#N)c1,1,ChEMBL_pos
CC(NS(=O)(=O)c1ccccc1)C(Cc1ccc(Cl)cc1)c1cccc(C#N)c1,1,ChEMBL_pos
CC(NS(=O)(=O)c1ccccc1Cl)C(Cc1ccc(Cl)cc1)c1cccc(C#N)c1,1,ChEMBL_pos
CC(NS(C)(=O)=O)c1ccc(C(=O)c2ccc(Cl)cc2S(=O)(=O)c2ccc(Cl)cc2)cc1,1,ChEMBL_pos
CC(NS(C)(=O)=O)c1ccc(C(=O)c2ccc(OC(F)(F)F)cc2S(=O)(=O)c2ccccc2F)cc1,1,ChEMBL_pos
CC(NS(C)(=O)=O)c1ccc(Cc2ccc(C(F)(F)F)cc2S(=O)(=O)c2c(F)cccc2F)cc1,1,ChEMBL_pos
CC(NS(C)(=O)=O)c1ccc(Cc2ccc(C(F)(F)F)cc2S(=O)(=O)c2cccc(F)c2)cc1,1,ChEMBL_pos
CC(NS(C)(=O)=O)c1ccc(Cc2ccc(C(F)(F)F)cc2S(=O)(=O)c2ccccc2F)cc1,1,ChEMBL_pos
CC(NS(C)(=O)=O)c1ccc(Cc2ccc(Cl)cc2S(=O)(=O)c2ccc(Cl)cc2)cc1,1,ChEMBL_pos
CC(NS(C)(=O)=O)c1ccc(Cc2ccc(OC(F)(F)F)cc2S(=O)(=O)c2cccc(C(F)(F)F)c2)cc1,1,ChEMBL_pos
CC(NS(C)(=O)=O)c1ccc(Cc2ccc(OC(F)(F)F)cc2S(=O)(=O)c2ccccc2F)cc1,1,ChEMBL_pos
CC(NS(C)(=O)=O)c1ccc(Cc2ccc(OC(F)(F)F)cc2S(=O)(=O)c2ccccc2OC(F)(F)F)cc1,1,ChEMBL_pos
CC(NS(C)(=O)=O)c1ccc(S(=O)(=O)c2ccc(C(F)(F)F)cc2S(=O)(=O)c2ccc(Cl)cc2)cc1,1,ChEMBL_pos
CC(NS(C)(=O)=O)c1ccc(S(=O)(=O)c2ccc(C(F)(F)F)cc2S(=O)(=O)c2ccccc2F)cc1,1,ChEMBL_pos
CC(NS(C)(=O)=O)c1ccc(S(=O)(=O)c2ccc(Cl)cc2C(=O)c2ccc(Cl)cc2)cc1,1,ChEMBL_pos
CC(NS(C)(=O)=O)c1ccc(S(=O)(=O)c2ccc(Cl)cc2C(C)(O)c2ccc(Cl)cc2)cc1,1,ChEMBL_pos
CC(NS(C)(=O)=O)c1ccc(S(=O)(=O)c2ccc(Cl)cc2C(C)(O)c2ccccc2F)cc1,1,ChEMBL_pos
CC(NS(C)(=O)=O)c1ccc(S(=O)(=O)c2ccc(Cl)cc2Cc2ccc(Cl)cc2)cc1,1,ChEMBL_pos
CC(NS(C)(=O)=O)c1ccc(S(=O)(=O)c2ccc(Cl)cc2Nc2ccc(Cl)cc2)cc1,1,ChEMBL_pos
CC(NS(C)(=O)=O)c1ccc(S(=O)(=O)c2ccc(Cl)cc2Oc2ccc(Cl)cc2)cc1,1,ChEMBL_pos
CC(NS(C)(=O)=O)c1ccc(S(=O)(=O)c2ccc(Cl)cc2S(=O)(=O)C2CCCCC2)cc1,1,ChEMBL_pos
CC(NS(C)(=O)=O)c1ccc(S(=O)(=O)c2ccc(Cl)cc2S(=O)(=O)c2ccc(Cl)cc2)cc1,1,ChEMBL_pos
CC(NS(C)(=O)=O)c1ccc(S(=O)(=O)c2ccc(Cl)cc2S(=O)(=O)c2cccc(Cl)c2)cc1,1,ChEMBL_pos
CC(NS(C)(=O)=O)c1ccc(S(=O)(=O)c2ccc(Cl)cc2S(=O)(=O)c2cccc3cccnc23)cc1,1,ChEMBL_pos
CC(NS(C)(=O)=O)c1ccc(S(=O)(=O)c2ccc(Cl)cc2S(=O)(=O)c2cccc[n+]2[O-])cc1,1,ChEMBL_pos
CC(NS(C)(=O)=O)c1ccc(S(=O)(=O)c2ccc(Cl)cc2S(=O)(=O)c2ccccc2)cc1,1,ChEMBL_pos
CC(NS(C)(=O)=O)c1ccc(S(=O)(=O)c2ccc(Cl)cc2S(=O)(=O)c2ccccc2Cl)cc1,1,ChEMBL_pos
CC(NS(C)(=O)=O)c1ccc(S(=O)(=O)c2ccc(Cl)cc2S(=O)(=O)c2ccccc2F)cc1,1,ChEMBL_pos
CC(NS(C)(=O)=O)c1ccc(S(=O)(=O)c2ccc(Cl)cc2S(=O)(=O)c2ccccc2OC(F)(F)F)cc1,1,ChEMBL_pos
CC(NS(C)(=O)=O)c1ccc(S(=O)(=O)c2ccc(Cl)cc2S(=O)(=O)c2ccccn2)cc1,1,ChEMBL_pos
CC(NS(C)(=O)=O)c1ccc(S(=O)(=O)c2ccc(O)cc2S(=O)(=O)c2ccc(Cl)cc2)cc1,1,ChEMBL_pos
CC(NS(C)(=O)=O)c1ccc(S(=O)(=O)c2ccc(OC3CCCC3)cc2S(=O)(=O)c2ccc(Cl)cc2)cc1,1,ChEMBL_pos
CC(NS(C)(=O)=O)c1ccc(S(=O)(=O)c2ccccc2S(=O)(=O)c2ccc(Cl)cc2)cc1,1,ChEMBL_pos
CC(NS(C)(=O)=O)c1ccc(S(=O)(=O)c2ccccc2S(=O)(=O)c2ccccc2F)cc1,1,ChEMBL_pos
CC(Nc1cc(F)cc(F)c1)c1cc(C(=O)N(C)C)cc2c(=O)cc(N3CCOCC3)oc12,1,ChEMBL_pos
CC(Nc1cc(N)nc(N)n1)c1nc2cccc(Cl)c2c(=O)n1-c1cc[nH]n1,1,ChEMBL_pos
CC(Nc1cc(N)ncn1)c1nc2cccc(Cl)c2c(=O)n1-c1ccccc1,1,ChEMBL_pos
CC(Nc1ccnc(N)c1C#N)c1nc2cccc(Cl)c2c(=O)n1-c1ccccc1,1,ChEMBL_pos
CC(Nc1ccnc2ccnn12)c1nn2cccc2c(=O)n1-c1ccccc1,1,ChEMBL_pos
CC(Nc1nc(Cl)nc(N)c1C#N)c1nc2cccc(Cl)c2c(=O)n1-c1ccccc1,1,ChEMBL_pos
CC(Nc1nc(F)nc2[nH]cnc12)C1=Nc2ccccc2S(=O)(=O)N1c1ccccc1,1,ChEMBL_pos
CC(Nc1nc(N)nc(C(F)(F)F)c1C#N)c1nc2cccc(Cl)c2c(=O)n1-c1cc[nH]n1,1,ChEMBL_pos
CC(Nc1nc(N)nc(C(F)F)c1C#N)c1nc2c(Cl)cc(F)cc2c(=O)n1-c1cc[nH]n1,1,ChEMBL_pos
CC(Nc1nc(N)nc(C(F)F)c1C#N)c1nc2c(F)cc(F)cc2c(=O)n1-c1cc[nH]n1,1,ChEMBL_pos
CC(Nc1nc(N)nc(C(F)F)c1C#N)c1nc2c(F)cccc2c(=O)n1-c1cc[nH]n1,1,ChEMBL_pos
CC(Nc1nc(N)nc(C(F)F)c1C#N)c1nc2ccc(F)cc2c(=O)n1-c1cc[nH]n1,1,ChEMBL_pos
CC(Nc1nc(N)nc(C(F)F)c1C#N)c1nc2cccc(F)c2c(=O)n1-c1cc[nH]n1,1,ChEMBL_pos
CC(Nc1nc(N)nc(Cl)c1C#N)c1nc2cccc(Cl)c2c(=O)n1-c1ccccc1,1,ChEMBL_pos
CC(Nc1nc(N)nc(N)c1C#N)c1nc2c(C#N)cccc2c(=O)n1-c1cc(F)cc(F)c1,1,ChEMBL_pos
CC(Nc1nc(N)nc(N)c1C#N)c1nc2c(Cl)ccc(Cl)c2c(=O)n1-c1cccnc1,1,ChEMBL_pos
CC(Nc1nc(N)nc(N)c1C#N)c1nc2c(Cl)cccc2c(=O)n1-c1cccnc1,1,ChEMBL_pos
CC(Nc1nc(N)nc(N)c1C#N)c1nc2c(F)ccc(Cl)c2c(=O)n1-c1cccnc1,1,ChEMBL_pos
CC(Nc1nc(N)nc(N)c1C#N)c1nc2c(F)ccc(Cl)c2c(=O)n1-c1cncc(F)c1,1,ChEMBL_pos
CC(Nc1nc(N)nc(N)c1C#N)c1nc2c(F)ccc(F)c2c(=O)n1-c1cccnc1,1,ChEMBL_pos
CC(Nc1nc(N)nc(N)c1C#N)c1nc2c(F)cccc2c(=O)n1-c1cc(F)cc(F)c1,1,ChEMBL_pos
CC(Nc1nc(N)nc(N)c1C#N)c1nc2ccc(F)c(Cl)c2c(=O)n1-c1cc(F)cc(F)c1,1,ChEMBL_pos
CC(Nc1nc(N)nc(N)c1C#N)c1nc2ccc(F)cc2c(=O)n1-c1cc(F)cc(F)c1,1,ChEMBL_pos
CC(Nc1nc(N)nc(N)c1C#N)c1nc2cccc(Cl)c2c(=O)n1-c1cc(C#N)cc(C#N)c1,1,ChEMBL_pos
CC(Nc1nc(N)nc(N)c1C#N)c1nc2cccc(Cl)c2c(=O)n1-c1cc(Cl)cc(C(F)F)c1,1,ChEMBL_pos
CC(Nc1nc(N)nc(N)c1C#N)c1nc2cccc(Cl)c2c(=O)n1-c1cc(F)cc(F)c1,1,ChEMBL_pos
CC(Nc1nc(N)nc(N)c1C#N)c1nc2cccc(Cl)c2c(=O)n1-c1cc[nH]n1,1,ChEMBL_pos
CC(Nc1nc(N)nc(N)c1C#N)c1nc2cccc(Cl)c2c(=O)n1-c1ccc(F)cc1,1,ChEMBL_pos
CC(Nc1nc(N)nc(N)c1C#N)c1nc2cccc(Cl)c2c(=O)n1-c1cccc(C#N)c1,1,ChEMBL_pos
CC(Nc1nc(N)nc(N)c1C#N)c1nc2cccc(Cl)c2c(=O)n1-c1cccc(C(F)(F)F)c1,1,ChEMBL_pos
CC(Nc1nc(N)nc(N)c1C#N)c1nc2cccc(Cl)c2c(=O)n1-c1cccc(C(F)F)c1,1,ChEMBL_pos
CC(Nc1nc(N)nc(N)c1C#N)c1nc2cccc(Cl)c2c(=O)n1-c1cccc(CC(F)F)c1,1,ChEMBL_pos
CC(Nc1nc(N)nc(N)c1C#N)c1nc2cccc(Cl)c2c(=O)n1-c1cccc(Cl)c1,1,ChEMBL_pos
CC(Nc1nc(N)nc(N)c1C#N)c1nc2cccc(Cl)c2c(=O)n1-c1cccc(F)c1,1,ChEMBL_pos
CC(Nc1nc(N)nc(N)c1C#N)c1nc2cccc(Cl)c2c(=O)n1-c1ccccc1,1,ChEMBL_pos
CC(Nc1nc(N)nc(N)c1C#N)c1nc2cccc(Cl)c2c(=O)n1-c1cccnc1,1,ChEMBL_pos
CC(Nc1nc(N)nc(N)c1C#N)c1nc2cccc(Cl)c2c(=O)n1-c1cncc(C#N)c1,1,ChEMBL_pos
CC(Nc1nc(N)nc(N)c1C#N)c1nc2cccc(Cl)c2c(=O)n1-c1cncc(C(F)(F)F)c1,1,ChEMBL_pos
CC(Nc1nc(N)nc(N)c1C#N)c1nc2cccc(Cl)c2c(=O)n1-c1cncc(C2CC2)c1,1,ChEMBL_pos
CC(Nc1nc(N)nc(N)c1C#N)c1nc2cccc(Cl)c2c(=O)n1-c1cncc(Cl)c1,1,ChEMBL_pos
CC(Nc1nc(N)nc(N)c1C#N)c1nc2cccc(Cl)c2c(=O)n1-c1cncc(F)c1,1,ChEMBL_pos
CC(Nc1nc(N)nc(N)c1C#N)c1nc2cccc(F)c2c(=O)n1-c1cc(F)cc(F)c1,1,ChEMBL_pos
CC(Nc1nc(N)nc(N)c1C#N)c1nc2ccccc2c(=O)n1-c1cc(F)cc(F)c1,1,ChEMBL_pos
CC(Nc1nc(N)nc(N)c1Cl)c1nc2c(Cl)cc(F)cc2c(=O)n1-c1cc[nH]n1,1,ChEMBL_pos
CC(Nc1nc(N)nc(N)c1Cl)c1nc2c(F)cc(F)cc2c(=O)n1-c1cc[nH]n1,1,ChEMBL_pos
CC(Nc1nc(N)nc(N)c1Cl)c1nc2c(F)cccc2c(=O)n1-c1cc[nH]n1,1,ChEMBL_pos
CC(Nc1nc(N)nc(N)c1Cl)c1nc2ccc(F)cc2c(=O)n1-c1cc[nH]n1,1,ChEMBL_pos
CC(Nc1nc(N)nc(N)c1Cl)c1nc2cccc(Cl)c2c(=O)n1-c1cc[nH]n1,1,ChEMBL_pos
CC(Nc1nc(N)nc(N)c1Cl)c1nc2cccc(Cl)c2c(=O)n1-c1ccccc1,1,ChEMBL_pos
CC(Nc1nc(N)nc(N)c1Cl)c1nc2cccc(Cl)c2c(=O)n1-c1ccon1,1,ChEMBL_pos
CC(Nc1nc(N)nc(N)c1Cl)c1nc2cccc(F)c2c(=O)n1-c1cc[nH]n1,1,ChEMBL_pos
CC(Nc1nc(N)nc(N)n1)c1nn2cccc2c(=O)n1-c1ccccc1,1,ChEMBL_pos
CC(Nc1nc(N)nc2[nH]cnc12)c1nn2cccc2c(=O)n1-c1ccccc1,1,ChEMBL_pos
CC(Nc1nc(N)ncc1C#N)c1nc2cccc(Cl)c2c(=O)n1-c1ccccc1,1,ChEMBL_pos
CC(Nc1ncnc(N)c1C#Cc1ccc(F)cn1)c1nc2cccc(Cl)c2c(=O)n1-c1ccccc1,1,ChEMBL_pos
CC(Nc1ncnc(N)c1C#Cc1ccccc1)c1nc2cccc(Cl)c2c(=O)n1-c1ccccc1,1,ChEMBL_pos
CC(Nc1ncnc(N)c1C#Cc1cccnc1)c1nc2cccc(Cl)c2c(=O)n1-c1ccccc1,1,ChEMBL_pos
CC(Nc1ncnc(N)c1C#Cc1cccnn1)c1nc2cccc(Cl)c2c(=O)n1-c1ccccc1,1,ChEMBL_pos
CC(Nc1ncnc(N)c1C#Cc1cn[nH]c1)c1nc2cccc(Cl)c2c(=O)n1-c1ccccc1,1,ChEMBL_pos
CC(Nc1ncnc(N)c1C#Cc1cnccn1)c1nc2cccc(Cl)c2c(=O)n1-c1ccccc1,1,ChEMBL_pos
CC(Nc1ncnc(N)c1C#N)C1=Nc2cccc(Cl)c2S(=O)(=O)N1c1ccccc1,1,ChEMBL_pos
CC(Nc1ncnc(N)c1C#N)C1=Nc2cccc(F)c2S(=O)(=O)N1c1ccccc1,1,ChEMBL_pos
CC(Nc1ncnc(N)c1C#N)C1=Nc2ccccc2S(=O)(=O)N1c1ccccc1,1,ChEMBL_pos
CC(Nc1ncnc(N)c1C#N)c1cc2ncc(Cl)n2nc1-c1ccccc1,1,ChEMBL_pos
CC(Nc1ncnc(N)c1C#N)c1nc2cc(F)ccc2n1-c1cccc(S(C)(=O)=O)c1,1,ChEMBL_pos
CC(Nc1ncnc(N)c1C#N)c1nc2ccc(F)cc2n1-c1cc(F)cc(F)c1,1,ChEMBL_pos
CC(Nc1ncnc(N)c1C#N)c1nc2ccc(F)cc2n1-c1ccc(F)cc1,1,ChEMBL_pos
CC(Nc1ncnc(N)c1C#N)c1nc2ccc(F)cc2n1-c1cccc(F)c1,1,ChEMBL_pos
CC(Nc1ncnc(N)c1C#N)c1nc2ccc(F)cc2n1-c1cccc(S(C)(=O)=O)c1,1,ChEMBL_pos
CC(Nc1ncnc(N)c1C#N)c1nc2ccc(F)cc2n1-c1ccccc1,1,ChEMBL_pos
CC(Nc1ncnc(N)c1C#N)c1nc2ccc(F)cc2n1-c1ccccc1S(C)(=O)=O,1,ChEMBL_pos
CC(Nc1ncnc(N)c1C#N)c1nc2ccc(F)cc2n1-c1ccccn1,1,ChEMBL_pos
CC(Nc1ncnc(N)c1C#N)c1nc2ccc(F)cc2n1-c1cccnc1,1,ChEMBL_pos
CC(Nc1ncnc(N)c1C#N)c1nc2ccc(F)cc2n1-c1cncc(F)c1,1,ChEMBL_pos
CC(Nc1ncnc(N)c1C#N)c1nc2ccc(F)cc2n1C1CC1,1,ChEMBL_pos
CC(Nc1ncnc(N)c1C#N)c1nc2ccc(F)cn2c1-c1cc(F)cc(F)c1,1,ChEMBL_pos
CC(Nc1ncnc(N)c1C#N)c1nc2ccc(F)cn2c1-c1ccc(F)cc1,1,ChEMBL_pos
CC(Nc1ncnc(N)c1C#N)c1nc2ccc(F)cn2c1-c1cccc(S(C)(=O)=O)c1,1,ChEMBL_pos
CC(Nc1ncnc(N)c1C#N)c1nc2ccc(F)cn2c1-c1ccccc1,1,ChEMBL_pos
CC(Nc1ncnc(N)c1C#N)c1nc2ccc(F)cn2c1-c1ccccc1S(C)(=O)=O,1,ChEMBL_pos
CC(Nc1ncnc(N)c1C#N)c1nc2ccc(F)cn2c1-c1ccccn1,1,ChEMBL_pos
CC(Nc1ncnc(N)c1C#N)c1nc2ccc(F)cn2c1-c1cccnc1,1,ChEMBL_pos
CC(Nc1ncnc(N)c1C#N)c1nc2ccc(F)cn2c1-c1cncc(F)c1,1,ChEMBL_pos
CC(Nc1ncnc(N)c1C#N)c1nc2cccc(Cl)c2c(=O)n1-c1cc[nH]n1,1,ChEMBL_pos
CC(Nc1ncnc(N)c1C#N)c1nc2cccc(Cl)c2c(=O)n1-c1ccc(O)cc1,1,ChEMBL_pos
CC(Nc1ncnc(N)c1C#N)c1nc2cccc(Cl)c2c(=O)n1-c1ccccc1,1,ChEMBL_pos
CC(Nc1ncnc(N)c1C#N)c1nc2cccc(Cl)c2c(=O)n1-c1cn[nH]c1,1,ChEMBL_pos
CC(Nc1ncnc(N)c1C#N)c1nn2c(C#N)ccc2c(=O)n1-c1ccccc1,1,ChEMBL_pos
CC(Nc1ncnc(N)c1C#N)c1nn2c(C(F)(F)F)ccc2c(=O)n1-c1ccccc1,1,ChEMBL_pos
CC(Nc1ncnc(N)c1C#N)c1nn2cc(F)cc2c(=O)n1-c1ccccc1,1,ChEMBL_pos
CC(Nc1ncnc(N)c1C#N)c1nn2ccc(C#N)c2c(=O)n1-c1ccccc1,1,ChEMBL_pos
CC(Nc1ncnc(N)c1C#N)c1nn2ccc(C(F)(F)F)c2c(=O)n1-c1ccccc1,1,ChEMBL_pos
CC(Nc1ncnc(N)c1C#N)c1nn2ccc(CO)c2c(=O)n1-c1ccccc1,1,ChEMBL_pos
CC(Nc1ncnc(N)c1C#N)c1nn2ccc(F)c2c(=O)n1-c1ccccc1,1,ChEMBL_pos
CC(Nc1ncnc(N)c1C#N)c1nn2cccc2c(=O)n1-c1ccccc1,1,ChEMBL_pos
CC(Nc1ncnc(N)c1C#N)c1nn2ccnc2c(=O)n1-c1ccccc1,1,ChEMBL_pos
CC(Nc1ncnc(N)c1C(F)(F)F)c1nc2cccc(Cl)c2c(=O)n1-c1ccccc1,1,ChEMBL_pos
CC(Nc1ncnc(N)c1C(F)(F)F)c1nn2cccc2c(=O)n1-c1ccccc1,1,ChEMBL_pos
CC(Nc1ncnc(N)c1C(N)=O)c1nc2cccc(Cl)c2c(=O)n1-c1ccccc1,1,ChEMBL_pos
CC(Nc1ncnc(N)c1F)c1nn2cccc2c(=O)n1-c1ccccc1,1,ChEMBL_pos
CC(Nc1ncnc2[nH]cc(F)c12)c1nn2cccc2c(=O)n1-c1ccccc1,1,ChEMBL_pos
CC(Nc1ncnc2[nH]ccc12)c1nn2cccc2c(=O)n1-c1ccccc1,1,ChEMBL_pos
CC(Nc1ncnc2[nH]cnc12)C1=Nc2cccc(Cl)c2S(=O)(=O)N1c1ccccc1,1,ChEMBL_pos
CC(Nc1ncnc2[nH]cnc12)C1=Nc2ccccc2S(=O)(=O)N1c1ccccc1,1,ChEMBL_pos
CC(Nc1ncnc2[nH]cnc12)C1=Nc2ccccc2S(=O)(=O)N1c1cccnc1,1,ChEMBL_pos
CC(Nc1ncnc2[nH]cnc12)c1nc2cccc(Cl)c2c(=O)n1-c1ccccc1,1,ChEMBL_pos
CC(Nc1ncnc2[nH]cnc12)c1nn2cccc2c(=O)n1-c1ccccc1,1,ChEMBL_pos
CC(Nc1ncnc2nc[nH]c12)c1cc2cccc(Cl)c2c(=O)n1-c1ccccc1,1,ChEMBL_pos
CC(Nc1ncnc2nc[nH]c12)c1nc2cccc(F)c2c(=O)n1-c1ccccc1,1,ChEMBL_pos
CC(Nc1ncnc2nc[nH]c12)c1nc2cccc(N)c2c(=O)n1-c1ccccc1,1,ChEMBL_pos
CC(Nc1ncncc1C#N)c1nc2cccc(Cl)c2c(=O)n1-c1ccccc1,1,ChEMBL_pos
CC(O)C(=O)N1CCN(Cc2cc3nc(-c4cn(C)c(=O)c5[nH]ccc45)nc(N4CCOCC4)c3s2)CC1,1,ChEMBL_pos
CC(O)CNC(N)=NC(=O)Cn1c(-c2ccccc2)ccc1C12CC3CC(CC(C3)C1)C2,1,ChEMBL_pos
CC(O)COCC1OC2OC3C(COCC(C)O)OC(OC4C(COCC(C)O)OC(OC5C(COCC(C)O)OC(OC6C(COCC(C)O)OC(OC7C(COCC(C)O)OC(OC8C(COCC(C)O)OC(OC1C(O)C2O)C(O)C8O)C(O)C7O)C(O)C6O)C(O)C5O)C(O)C4O)C(O)C3O,1,ChEMBL_pos
CC(O)c1ccc(CSc2nc3ccccc3n2Cc2ccc(Cl)cc2)cc1,1,ChEMBL_pos
CC(O)c1ccc2c(n1)N1C(C)CNCC1C2,1,ChEMBL_pos
CC(OC(=O)N1CC2C(C1)C2c1ccn(-c2ccc(F)cc2)n1)C(F)(F)F,1,ChEMBL_pos
CC(Oc1ccc(F)cc1Cl)C1CCN(C(=O)C2CC3(COC(=O)N3)C2)CC1,1,ChEMBL_pos
CC(c1cccc(OC(=O)N(C)C)c1)N(C)C,1,ChEMBL_pos
CC(c1ccncc1)n1[nH]c(=O)c2[nH]c3cc(Cl)ccc3c(=O)c2c1=O,1,ChEMBL_pos
CC1(C(=O)O)CN(c2cc(CN3CCC4(CCN(C(=O)OC(C(F)(F)F)C(F)(F)F)CC4)C3)ccc2C(F)(F)F)CCO1,1,ChEMBL_pos
CC1(C)C(=O)N(C(=O)NCC2CCN(CC3(O)CCOCC3)CC2)c2cc(F)ccc21,1,ChEMBL_pos
CC1(C)C(=O)N(C2CCc3c(O)cccc32)c2nc(Nc3ccccc3)ncc21,1,ChEMBL_pos
CC1(C)C(C(=O)c2cn(CC3CCOCC3)c3c(F)c(F)c(F)c(F)c23)C1(C)C,1,ChEMBL_pos
CC1(C)C(C(=O)c2cn(CC3CCOCC3)c3c(O)cccc23)C1(C)C,1,ChEMBL_pos
CC1(C)C(C(=O)c2cn(CC3CCOCC3)c3c(OCc4ccccc4)cccc23)C1(C)C,1,ChEMBL_pos
CC1(C)C(C(=O)c2cn(CC3CCOCC3)c3cc(-c4ccccc4)ccc23)C1(C)C,1,ChEMBL_pos
CC1(C)C(C(=O)c2cn(CC3CCOCC3)c3cc(Br)ccc23)C1(C)C,1,ChEMBL_pos
CC1(C)C(C(=O)c2cn(CC3CCOCC3)c3cc(C#N)ccc23)C1(C)C,1,ChEMBL_pos
CC1(C)C(C(=O)c2cn(CC3CCOCC3)c3cc(C(F)(F)F)ccc23)C1(C)C,1,ChEMBL_pos
CC1(C)C(C(=O)c2cn(CC3CCOCC3)c3cc(CN)ccc23)C1(C)C,1,ChEMBL_pos
CC1(C)C(C(=O)c2cn(CC3CCOCC3)c3cc(Cl)ccc23)C1(C)C,1,ChEMBL_pos
CC1(C)C(C(=O)c2cn(CC3CCOCC3)c3cc(O)c(O)cc23)C1(C)C,1,ChEMBL_pos
CC1(C)C(C(=O)c2cn(CC3CCOCC3)c3cc(O)ccc23)C1(C)C,1,ChEMBL_pos
CC1(C)C(C(=O)c2cn(CC3CCOCC3)c3cc(OCc4ccccc4)ccc23)C1(C)C,1,ChEMBL_pos
CC1(C)C(C(=O)c2cn(CC3CCOCC3)c3cc(S(C)(=O)=O)ccc23)C1(C)C,1,ChEMBL_pos
CC1(C)C(C(=O)c2cn(CC3CCOCC3)c3cc4c(cc23)OCO4)C1(C)C,1,ChEMBL_pos
CC1(C)C(C(=O)c2cn(CC3CCOCC3)c3ccc(-c4ccccc4)cc23)C1(C)C,1,ChEMBL_pos
CC1(C)C(C(=O)c2cn(CC3CCOCC3)c3ccc(Br)cc23)C1(C)C,1,ChEMBL_pos
CC1(C)C(C(=O)c2cn(CC3CCOCC3)c3ccc(C#N)cc23)C1(C)C,1,ChEMBL_pos
CC1(C)C(C(=O)c2cn(CC3CCOCC3)c3ccc(CO)cc23)C1(C)C,1,ChEMBL_pos
CC1(C)C(C(=O)c2cn(CC3CCOCC3)c3ccc(Cl)cc23)C1(C)C,1,ChEMBL_pos
CC1(C)C(C(=O)c2cn(CC3CCOCC3)c3ccc(F)cc23)C1(C)C,1,ChEMBL_pos
CC1(C)C(C(=O)c2cn(CC3CCOCC3)c3ccc(N)cc23)C1(C)C,1,ChEMBL_pos
CC1(C)C(C(=O)c2cn(CC3CCOCC3)c3ccc(O)cc23)C1(C)C,1,ChEMBL_pos
CC1(C)C(C(=O)c2cn(CC3CCOCC3)c3ccc(OCCCCBr)cc23)C1(C)C,1,ChEMBL_pos
CC1(C)C(C(=O)c2cn(CC3CCOCC3)c3ccc(OCCCCO)cc23)C1(C)C,1,ChEMBL_pos
CC1(C)C(C(=O)c2cn(CC3CCOCC3)c3ccc(OCc4ccccc4)cc23)C1(C)C,1,ChEMBL_pos
CC1(C)C(C(=O)c2cn(CC3CCOCC3)c3cccc(O)c23)C1(C)C,1,ChEMBL_pos
CC1(C)C(C(=O)c2cn(CC3CCOCC3)c3cccc(OCc4ccccc4)c23)C1(C)C,1,ChEMBL_pos
CC1(C)C(C(=O)c2cn(CC3CCOCC3)c3ccccc23)C1(C)C,1,ChEMBL_pos
CC1(C)C(C(=O)c2cn(CCN3CCOCC3)c3cc(O)ccc23)C1(C)C,1,ChEMBL_pos
CC1(C)C(C(=O)c2cn(CCN3CCOCC3)c3cc(OCc4ccccc4)ccc23)C1(C)C,1,ChEMBL_pos
CC1(C)C(C(=O)c2cn(CCN3CCOCC3)c3ccc(O)cc23)C1(C)C,1,ChEMBL_pos
CC1(C)C(C(=O)c2cn(CCN3CCOCC3)c3cccc(N)c23)C1(C)C,1,ChEMBL_pos
CC1(C)C(C(=O)c2cn(CCN3CCOCC3)c3cccc([N+](=O)[O-])c23)C1(C)C,1,ChEMBL_pos
CC1(C)C(C(=O)c2cn(CCN3CCOCC3)c3ccccc23)C1(C)C,1,ChEMBL_pos
CC1(C)CC=C(c2cc(C(C)(C)CN3CCN(CCO)CC3)ccc2NC(=O)c2ncc(C#N)[nH]2)CC1,1,ChEMBL_pos
CC1(C)CC=C(c2cc(C(C)(C)CN3CCS(=O)(=O)CC3)ccc2NC(=O)c2nc(C#N)c[nH]2)CC1,1,ChEMBL_pos
CC1(C)CC=C(c2cc(C(C)(C)CNCCS(C)(=O)=O)ccc2NC(=O)c2ncc(C#N)[nH]2)CC1,1,ChEMBL_pos
CC1(C)CC=C(c2cc(C(C)(C)N3CCN(CCO)CC3)ccc2NC(=O)c2ncc(C#N)[nH]2)CC1,1,ChEMBL_pos
CC1(C)CC=C(c2cc(C(C)(C)N3CCS(=O)(=O)CC3)ccc2NC(=O)c2nc(C#N)c[nH]2)CC1,1,ChEMBL_pos
CC1(C)CC=C(c2cc(C(C)(C)NCCN3CCOCC3)ccc2NC(=O)c2nc(C#N)c[nH]2)CC1,1,ChEMBL_pos
CC1(C)CC=C(c2cc(C(C)(C)NCCO)ccc2NC(=O)c2nc(C#N)c[nH]2)CC1,1,ChEMBL_pos
CC1(C)CC=C(c2cc(C(C)(C)OCCN3CCCC3)ccc2NC(=O)c2nc(C#N)c[nH]2)CC1,1,ChEMBL_pos
CC1(C)CC=C(c2cc(C(C)(C)OCCN3CCOCC3)ccc2NC(=O)c2ncc(C#N)[nH]2)CC1,1,ChEMBL_pos
CC1(C)CC=C(c2cc(CCN3CCOCC3)ccc2NC(=O)c2ncc(C#N)[nH]2)CC1,1,ChEMBL_pos
CC1(C)CC=C(c2cc(CN3CCN(CCO)CC3)ccc2NC(=O)c2nc(C#N)c[nH]2)CC1,1,ChEMBL_pos
CC1(C)CCNc2c(CCN3CCN(c4nsc5ccccc45)CC3)cc(F)cc21,1,ChEMBL_pos
CC1(C)CCNc2c(CCN3CCN(c4nsc5ccccc45)CC3)cccc21,1,ChEMBL_pos
CC1(C)Cc2c(c3cccc4c3n2CCNC4)C(C)(C)C1,1,ChEMBL_pos
CC1(C)Cc2cccc3c2N1C(=O)C(N1CCN(Cc2ccc(Cl)cc2)CC1)CC3,1,ChEMBL_pos
CC1(C)c2cc(N3CCN(C4COC4)CC3)ccc2C(=O)c2c1[nH]c1cc(C#N)ccc21,1,ChEMBL_pos
CC1(C)c2ccccc2C(CN)c2ccccc21,1,ChEMBL_pos
CC1(CN)c2ccccc2Cc2ccccc21,1,ChEMBL_pos
CC1(COc2ccc(F)cc2Cl)CCN(C(=O)C2CC3(COC(=O)N3)C2)CC1,1,ChEMBL_pos
CC1(N)COCc2cc(cc(N(c3ccccc3)S(C)(=O)=O)c2)C(=O)NC(c2ccccc2)CCc2cccc(c2)C1,1,ChEMBL_pos
CC1(N)Cc2cc(F)cc(c2)CCC(c2ccc(F)cc2)NC(=O)c2cc(cc(-c3ccccc3C#N)c2)COC1=O,1,ChEMBL_pos
CC1(N)Cc2ccc(F)c(c2)CCC(c2ccc(F)cc2)NC(=O)c2cc(cc(-c3cccc(F)c3C#N)c2)COC1=O,1,ChEMBL_pos
CC1(N)Cc2ccc(F)c(c2)CCC(c2ccc(F)cc2)NC(=O)c2cc(cc(-c3ccccc3C#N)c2)COC1=O,1,ChEMBL_pos
CC1(N)Cc2cccc(c2)CCC(c2ccc(F)cc2)NC(=O)c2cc(cc(-c3cccc(F)c3C#N)c2)COC1=O,1,ChEMBL_pos
CC1(N)Cc2cccc(c2)CCC(c2ccccc2)NC(=O)c2cc(Br)cc(c2)COC1=O,1,ChEMBL_pos
CC1(N)Cc2cccc(c2)CCC(c2ccccc2)NC(=O)c2cc(cc(-c3ccccc3C#N)c2)COC1=O,1,ChEMBL_pos
CC1(N)Cc2cccc(c2)CCC(c2ccccc2)NC(=O)c2cc(cc(-c3ncco3)c2)COC1=O,1,ChEMBL_pos
CC1(N)Cc2cccc(c2)CCC(c2ccccc2)NC(=O)c2cc(cc(N(c3ccccc3)S(C)(=O)=O)c2)COC1=O,1,ChEMBL_pos
CC1(N)Cc2cccc(c2F)CCC(c2ccc(F)cc2)NC(=O)c2cc(cc(-c3ccccc3C#N)c2)COC1=O,1,ChEMBL_pos
CC1(N2CCc3c(-c4cnc(N)nc4)nc(N4CCOCC4)nc32)CCN(S(C)(=O)=O)C1,1,ChEMBL_pos
CC1(NC2=NCCNC(c3ccc(F)cc3)=C2)CCCCC1,1,ChEMBL_pos
CC1(Nc2cc(-c3cnc(N)nc3)nc(N3CCOCC3)n2)CCN(C(=O)OC(C)(C)C)C1,1,ChEMBL_pos
CC1(c2ccc(C34CCN(C(=O)C5CC6(COC(=O)N6)C5)CC3C4)cc2)CC1,1,ChEMBL_pos
CC1(c2cccc(C34CCN(C(=O)C5CC6(COC(=O)N6)C5)CC3C4)c2)CC1,1,ChEMBL_pos
CC1(c2cccc(OCc3ccccc3)c2)C(=O)Nc2cc(Cl)cc(Cl)c2C1=O,1,ChEMBL_pos
CC12CC3CC(C)(C1)CC(CCN)(C3)C2,1,ChEMBL_pos
CC12CC3CC(C)(C1)CC(N)(C3)C2,1,ChEMBL_pos
CC12CC3CC(C)(C1)CC(NC(=O)C=Cc1ccc(C(=O)NO)cc1)(C3)C2,1,ChEMBL_pos
CC12CC3CC(C)(C1)CC(NC(=O)c1cn(CCCc4ccccc4)c4ccccc4c1=O)(C3)C2,1,ChEMBL_pos
CC12CC3CC(C)(C1)CC(NC(=O)c1cn(CCN4CCOCC4)c4ccccc4c1=O)(C3)C2,1,ChEMBL_pos
CC12CC3CC(C)(C1)CC(NC(=O)c1cn(CCc4ccccc4)c4ccccc4c1=O)(C3)C2,1,ChEMBL_pos
CC12CC3CC(C)(C1)CC(NC(=O)c1cn(Cc4ccc(F)cc4)c4ccccc4c1=O)(C3)C2,1,ChEMBL_pos
CC12CC3CC(C)(C1)CC(NC(=O)c1cn(Cc4ccccc4)c4ccccc4c1=O)(C3)C2,1,ChEMBL_pos
CC12CCC(C1)C(C)(C)C2NC(=O)c1ccc(Br)c(S(=O)(=O)N2CCCC2)c1,1,ChEMBL_pos
CC12CCC(C1)C(C)(C)C2NC(=O)c1ccc(Br)c(S(=O)(=O)N2CCCCC2)c1,1,ChEMBL_pos
CC12CCC(C1)C(C)(C)C2NC(=O)c1ccc(Br)c(S(=O)(=O)N2CCOCC2)c1,1,ChEMBL_pos
CC12CCNC1Nc1ccc(OC(=O)Nc3ccccc3)cc12,1,ChEMBL_pos
CC12NC(Cc3ccccc31)c1ccccc12,1,ChEMBL_pos
CC1=C(CCN2CCOCC2)c2ccccc2C1=Cc1cccc2ccccc12,1,ChEMBL_pos
CC1=CC2CC(C1)Cc1nc3ccccc3c(N)c12,1,ChEMBL_pos
CC1=CC2Cc3[nH]c(=O)ccc3C3(C1)NCCCC23,1,ChEMBL_pos
CC1=CC2Cc3nc4cc(Cl)ccc4c(N)c3C(C1)C2,1,ChEMBL_pos
CC1=CC2Cc3nc4cc(Cl)ccc4c(NCCCCCCCCNc4c5c(nc6cc(Cl)ccc46)CCCC5)c3C(C1)C2,1,ChEMBL_pos
CC1=CC2Cc3nc4cc(Cl)ccc4c(NCCCCCCCCNc4c5c(nc6ccccc46)CCCC5)c3C(C1)C2,1,ChEMBL_pos
CC1=CC2Cc3nc4cc(Cl)ccc4c(NCCCCCCCNc4c5c(nc6cc(Cl)ccc46)CCCC5)c3C(C1)C2,1,ChEMBL_pos
CC1=CC2Cc3nc4cc(Cl)ccc4c(NCCCCCCCNc4c5c(nc6ccccc46)CCCC5)c3C(C1)C2,1,ChEMBL_pos
CC1=CC2Cc3nc4cc(Cl)ccc4c(NCCCCCCNc4c5c(nc6cc(Cl)ccc46)CCCC5)c3C(C1)C2,1,ChEMBL_pos
CC1=CC2Cc3nc4cc(Cl)ccc4c(NCCCCCCNc4c5c(nc6ccccc46)CCCC5)c3C(C1)C2,1,ChEMBL_pos
CC1=CC2Cc3nc4cc(Cl)ccc4c(NCCCN(C)CCCCNc4c5c(nc6cc(Cl)ccc46)CCCC5)c3C(C1)C2,1,ChEMBL_pos
CC1=CC2Cc3nc4cc(Cl)ccc4c(NCCCN(C)CCCCNc4c5c(nc6ccccc46)CCCC5)c3C(C1)C2,1,ChEMBL_pos
CC1=CC2Cc3nc4cc(F)cc(F)c4c(N)c3C(C1)C2,1,ChEMBL_pos
CC1=CC2Cc3nc4cc(F)ccc4c(N)c3C(C1)C2,1,ChEMBL_pos
CC1=CC2Cc3nc4cccc(F)c4c(N)c3C(C1)C2,1,ChEMBL_pos
CC1=CC2Cc3nc4ccccc4c(N)c3C(C1)C2,1,ChEMBL_pos
CC1=CCC2C(C1)c1c(O)cc(-c3ccc(C)cc3)cc1OC2(C)C,1,ChEMBL_pos
CC1=CCC2C(C1)c1c(O)cc(-c3cccc4ccccc34)cc1OC2(C)C,1,ChEMBL_pos
CC1=CCC2C(C1)c1c(O)cc(C(=O)c3ccccc3)cc1OC2(C)C,1,ChEMBL_pos
CC1=CCC2C(C1)c1c(O)cc(C(C)(C)C)cc1OC2(C)C,1,ChEMBL_pos
CC1=CCC2C(C1)c1c(O)cc(C(C)(C)C3CCCC3)cc1OC2(C)C,1,ChEMBL_pos
CC1=CCC2C(C1)c1c(O)cc(C(C)(C)C3CCCCC3)cc1OC2(C)C,1,ChEMBL_pos
CC1=CCC2C(C1)c1c(O)cc(C(C)(C)C3CCCCCC3)cc1OC2(C)C,1,ChEMBL_pos
CC1=CCC2C(C1)c1c(O)cc(C(C)(C)CCCC(O)C#N)cc1OC2(C)C,1,ChEMBL_pos
CC1=CCC2C(C1)c1c(O)cc(C(C)(C)CCCCBr)cc1OC2(C)C,1,ChEMBL_pos
CC1=CCC2C(C1)c1c(O)cc(C(C)(C)CCCCC#N)cc1OC2(C)C,1,ChEMBL_pos
CC1=CCC2C(C1)c1c(O)cc(C(C)(C)CCCCC(=O)N(C)C)cc1OC2(C)C,1,ChEMBL_pos
CC1=CCC2C(C1)c1c(O)cc(C(C)(C)CCCCC(=O)NCCc3ccc(S(N)(=O)=O)cc3)cc1OC2(C)C,1,ChEMBL_pos
CC1=CCC2C(C1)c1c(O)cc(C(C)(C)CCCCC(=O)NCc3ccc(S(N)(=O)=O)cc3)cc1OC2(C)C,1,ChEMBL_pos
CC1=CCC2C(C1)c1c(O)cc(C(C)(C)CCCCC(=O)NN3CCCCC3)cc1OC2(C)C,1,ChEMBL_pos
CC1=CCC2C(C1)c1c(O)cc(C(C)(C)CCCCC(=O)Nc3ccc(Cl)cc3)cc1OC2(C)C,1,ChEMBL_pos
CC1=CCC2C(C1)c1c(O)cc(C(C)(C)CCCCC(=O)Nc3ccc(Cl)cc3Cl)cc1OC2(C)C,1,ChEMBL_pos
CC1=CCC2C(C1)c1c(O)cc(C(C)(C)CCCCC(=O)Nc3ccc(S(N)(=O)=O)cc3)cc1OC2(C)C,1,ChEMBL_pos
CC1=CCC2C(C1)c1c(O)cc(C(C)(C)CCCCC(C#N)c3ccccc3)cc1OC2(C)C,1,ChEMBL_pos
CC1=CCC2C(C1)c1c(O)cc(C(C)(C)CCCCCC#N)cc1OC2(C)C,1,ChEMBL_pos
CC1=CCC2C(C1)c1c(O)cc(C(C)(C)CCCCOc3ccc(C#N)cc3)cc1OC2(C)C,1,ChEMBL_pos
CC1=CCC2C(C1)c1c(O)cc(C(C)(C)c3ccccc3)cc1OC2(C)C,1,ChEMBL_pos
CC1=CCC2C(C1)c1c(O)cc(C3(C#N)CCCC3)cc1OC2(C)C,1,ChEMBL_pos
CC1=CCC2C(C1)c1c(O)cc(C3(C#N)CCCCC3)cc1OC2(C)C,1,ChEMBL_pos
CC1=CCC2C(C1)c1c(O)cc(C3(C4CCCCC4)SCCS3)cc1OC2(C)C,1,ChEMBL_pos
CC1=CCC2C(C1)c1c(O)cc(C3(c4ccccc4)SCCS3)cc1OC2(C)C,1,ChEMBL_pos
CC1=CCC2C(C1)c1c(O)cc(C34CC5CC(CC(C5)C3)C4)cc1OC2(C)C,1,ChEMBL_pos
CC1=CCC2C(C1)c1c(O)cc(C3SCCS3)cc1OC2(C)C,1,ChEMBL_pos
CC1=CCC2C(C1)c1c(O)cc(CCCC(C)C)cc1OC2(C)C,1,ChEMBL_pos
CC1=CCC2C(C1)c1c(O)cc(CCCCCN=[N+]=[N-])cc1OC2(C)C,1,ChEMBL_pos
CC1=CCC2C(C1)c1c(O)cc(Cc3ccccc3)cc1OC2(C)C,1,ChEMBL_pos
CC1=CCC2C(C1)c1c(O)cc(Oc3ccccc3)cc1OC2(C)C,1,ChEMBL_pos
CC1=CCC2C(C1)c1ccc(CCCCCC(C)(C)C)cc1OC2(C)C,1,ChEMBL_pos
CC1CC(=O)N(C)c2c(CCN3CCN(c4nsc5ccccc45)CC3)cccc21,1,ChEMBL_pos
CC1CC(=O)Nc2c(CCN3CCN(c4n[s+]([O-])c5ccccc45)CC3)cc(F)cc21,1,ChEMBL_pos
CC1CC(=O)Nc2c(CCN3CCN(c4noc5ccccc45)CC3)cc(F)cc21,1,ChEMBL_pos
CC1CC(=O)Nc2c(CCN3CCN(c4noc5ccccc45)CC3)cccc21,1,ChEMBL_pos
CC1CC(=O)Nc2c(CCN3CCN(c4nsc5ccccc45)CC3)cc(Cl)cc21,1,ChEMBL_pos
CC1CC(=O)Nc2c(CCN3CCN(c4nsc5ccccc45)CC3)cc(F)cc21,1,ChEMBL_pos
CC1CC(=O)Nc2c(CCN3CCN(c4nsc5ccccc45)CC3)cccc21,1,ChEMBL_pos
CC1CC1C(=O)N1CCN(c2cnc(C#N)c(-c3cnn(C)c3)n2)CC1C,1,ChEMBL_pos
CC1CC1C(=O)N1CCN(c2nc(-c3cnn(C)c3)ncc2C#N)CC1C,1,ChEMBL_pos
CC1CC1CN(C)c1cc(C(=O)NC(Cc2cc(F)cc(F)c2)C(N)CF)cc(N(C)S(=O)(=O)C(C)C)n1,1,ChEMBL_pos
CC1CC1CNc1cc(C(=O)NC(CN)Cc2cc(F)cc(F)c2)cc(N(C)S(C)(=O)=O)n1,1,ChEMBL_pos
CC1CC1CNc1cc(C(=O)NC(CN)Cc2ccccc2)cc(N(C)S(C)(=O)=O)n1,1,ChEMBL_pos
CC1CC1CNc1cc(C(=O)NC(CO)Cc2cc(F)cc(F)c2)cc(N(C)S(=O)(=O)C(C)C)n1,1,ChEMBL_pos
CC1CC1CNc1cc(C(=O)NC(CO)Cc2cc(F)cc(F)c2)cc(N(C)S(C)(=O)=O)n1,1,ChEMBL_pos
CC1CC1CNc1cc(C(=O)NC(Cc2ccccc2)C(N)CCC(F)(F)F)cc(N(C)S(C)(=O)=O)n1,1,ChEMBL_pos
CC1CC1CNc1cc(C(=O)NC(Cc2ccccc2)C(N)CF)cc(N(C)S(=O)(=O)C(C)C)n1,1,ChEMBL_pos
CC1CC2(C)CC(=O)C1C1C(=O)N(CCCCN3CCN(c4ccc(F)cc4)CC3)C(=O)C12,1,ChEMBL_pos
CC1CC2(C)CC(=O)C1C1C(=O)N(CCCCN3CCN(c4ccccc4)CC3)C(=O)C12,1,ChEMBL_pos
CC1CC2(C)CC(=O)C1C1C(=O)N(CCCCN3CCN(c4ccccn4)CC3)C(=O)C12,1,ChEMBL_pos
CC1CC2(C)CC(=O)C1C1C(=O)N(CCCN3CCN(c4ccccc4)CC3)C(=O)C12,1,ChEMBL_pos
CC1CC2(C)CC(=O)C1C1C(=O)N(OCCCN3CCN(c4cccc(Cl)c4)CC3)C(=O)C12,1,ChEMBL_pos
CC1CC2(C)CC(=O)C1C1C(=O)N(OCCCN3CCN(c4ccccc4)CC3)C(=O)C12,1,ChEMBL_pos
CC1CC2(C)CC(=O)C1C1C(=O)N(OCCCN3CCN(c4ccccc4F)CC3)C(=O)C12,1,ChEMBL_pos
CC1CCC(NC(=O)c2nc(-c3ccc(Cl)cc3Cl)n(-c3ccc(Cl)cc3)n2)CC1,1,ChEMBL_pos
CC1CCC(n2cc(C(=O)NC3CCCCC3)nc2-c2ccccc2Cl)CC1,1,ChEMBL_pos
CC1CCCCN1CCc1c(-c2ccccc2)[nH]c2ccccc12,1,ChEMBL_pos
CC1CCCCN1Cc1ccc(CNCCN2CCNC2=C(C#N)C#N)o1,1,ChEMBL_pos
CC1CCCN(Cc2ccc(CNCCN3CCNC3=C(C#N)C#N)o2)C1,1,ChEMBL_pos
CC1CCN(C(=O)C2CCCCC2)c2c(CCN3CCN(c4nsc5ccccc45)CC3)cccc21,1,ChEMBL_pos
CC1CCN(C(=O)c2ccc3c(c2)c2c(n3C)CN(C3CCCC3)C2)CC1,1,ChEMBL_pos
CC1CCN(C(=O)c2ccc3c(c2)c2c(n3Cc3ccccc3)CN(C3CCCC3)C2)CC1,1,ChEMBL_pos
CC1CCN(C(=O)c2ccc3c(c2)c2c(n3S(=O)(=O)C(C)C)CN(C3CCCC3)C2)CC1,1,ChEMBL_pos
CC1CCN(C(=O)c2ccc3c(c2)c2c(n3S(=O)(=O)C3CC3)CN(C3CCCC3)C2)CC1,1,ChEMBL_pos
CC1CCN(C(=O)c2ccc3c(c2)c2c(n3S(=O)(=O)c3ccccc3)CN(C3CCCC3)C2)CC1,1,ChEMBL_pos
CC1CCN(C(=O)c2ccc3c(c2)c2c(n3S(C)(=O)=O)CN(C3CCCC3)C2)CC1,1,ChEMBL_pos
CC1CCN(C(=O)c2ccccc2)c2c(CCN3CCN(c4nsc5ccccc45)CC3)cccc21,1,ChEMBL_pos
CC1CCN(CC2CCCCC2)CC1,1,ChEMBL_pos
CC1CCN(CC2Cc3ccccc3C2=O)CC1,1,ChEMBL_pos
CC1CCN(CCc2ccccc2)CC1,1,ChEMBL_pos
CC1CCN(Cc2ccc(CNCCN3CCNC3=C(C#N)C#N)o2)CC1,1,ChEMBL_pos
CC1CCN(Cc2cccc3ccccc23)CC1,1,ChEMBL_pos
CC1CCN(Cc2ccccc2)CC1,1,ChEMBL_pos
CC1CCN(Cc2ccccc2[N+](=O)[O-])CC1,1,ChEMBL_pos
CC1CCN(c2cc(N3CCN(C)CC3)ccc2NC(=O)c2cc(C#N)c[nH]2)CC1,1,ChEMBL_pos
CC1CN(c2cnc(C#N)c(-c3cnn(C)c3)n2)CCN1C(=O)C1CC1,1,ChEMBL_pos
CC1CN(c2nc(-c3cnn(C)c3)cnc2C#N)CCN1C(=O)C1CC1,1,ChEMBL_pos
CC1CN(c2nc(-c3cnn(C)c3)ncc2C#N)CCN1C(=O)C1CC1,1,ChEMBL_pos
CC1CN(c2nc(-c3cnn(C)c3)ncc2C#N)CCN1C(=O)C1CCC1,1,ChEMBL_pos
CC1CN(c2nc(-c3cnn(C)c3)ncc2C#N)CCN1c1cccc(F)c1,1,ChEMBL_pos
CC1CN(c2nc(N)nc3c2S(=O)(=O)CC3)C1c1nn2ccc(Cl)c2c(=O)n1-c1ccccc1,1,ChEMBL_pos
CC1CN(c2nc(N3CCOCC3)c3sc(-c4ccn[nH]4)cc3n2)CC(C)O1,1,ChEMBL_pos
CC1CN(c2nc(N3CCOCC3)c3sc(-c4cnc(N)nc4)cc3n2)CC(C)O1,1,ChEMBL_pos
CC1CN(c2ncc(C#N)c(-c3cnn(C)c3)n2)CCN1C(=O)C1CC1,1,ChEMBL_pos
CC1CNCC2Cc3ccc(Br)nc3N12,1,ChEMBL_pos
CC1CNCC2Cc3ccc(C#N)cc3N12,1,ChEMBL_pos
CC1CNCC2Cc3ccc(C(F)(F)F)cc3N12,1,ChEMBL_pos
CC1CNCC2Cc3ccc(C(F)(F)F)nc3N12,1,ChEMBL_pos
CC1CNCC2Cc3ccc(CO)cc3N12,1,ChEMBL_pos
CC1CNCC2Cc3ccc(CO)nc3N12,1,ChEMBL_pos
CC1CNCC2Cc3ccc(COCC4CC4)nc3N12,1,ChEMBL_pos
CC1CNCC2Cc3ccc(Cl)nc3N12,1,ChEMBL_pos
CC1CNCC2Cc3ccccc3N12,1,ChEMBL_pos
CC1CNCC2c3cccc(C(F)(F)F)c3C(=O)N12,1,ChEMBL_pos
CC1COCCN1c1nc(-c2cnc(N)cc2C(F)(F)F)cc(C2(S(C)(=O)=O)CC2)n1,1,ChEMBL_pos
CC1COCCN1c1nc(-c2cnc(N)cc2F)cc(C2(S(C)(=O)=O)CC2)n1,1,ChEMBL_pos
CC1Cc2c([nH]c3ccccc23)Cc2ccccc2CCN1C,1,ChEMBL_pos
CC1Cc2c(ncnc2Oc2ccc3c(ccn3C(=O)Nc3cc(C4(C)CC4)[nH]n3)c2)CN1,1,ChEMBL_pos
CC1Cc2cc(Br)cc3[nH]c(=O)c(=O)n(c23)C1CC(=O)Nc1ccccc1,1,ChEMBL_pos
CC1Cc2cc(Br)cc3[nH]c(=O)c(=O)n(c23)C1CC(=O)O,1,ChEMBL_pos
CC1Cc2cc(Cl)cc3[nH]c(=O)c(=O)n(c23)C1CC(=O)Nc1ccccc1,1,ChEMBL_pos
CC1Cc2cc(Cl)cc3[nH]c(=O)c(=O)n(c23)C1CC(=O)O,1,ChEMBL_pos
CC1Cc2cc3c(cc2C1=O)OCO3,1,ChEMBL_pos
CC1Cc2ccc(F)cc2C1=O,1,ChEMBL_pos
CC1Cc2cccc(CCN3CCN(c4nsc5ccccc45)CC3)c2NC1=O,1,ChEMBL_pos
CC1Cc2cccc3c2N1C(=O)C(N1CCN(Cc2ccc(Cl)cc2)CC1)CC3,1,ChEMBL_pos
CC1Cc2ccccc2C1=O,1,ChEMBL_pos
CC1NC(N)=Nc2cccc(Cl)c21,1,ChEMBL_pos
CC1NC(NCC(F)F)=Nc2cccc(Cl)c21,1,ChEMBL_pos
CC1NCCN2C(=O)c3c(cccc3C(F)(F)F)C12,1,ChEMBL_pos
CC1OC(=O)C2CC3CCCCC3C(C=Cc3ccc(N4CCCC4)cn3)C12,1,ChEMBL_pos
CC1SC(C)(C)C(=O)N1CCCCN1CCN(c2csc3cc(F)ccc23)CC1,1,ChEMBL_pos
CC1SC2(CCCC2)C(=O)N1CCCCN1CCN(c2csc3cc(F)ccc23)CC1,1,ChEMBL_pos
CC1c2cccc3c2-c2c1ccc1c2C(C3)N(C)CC1,1,ChEMBL_pos
CC1c2nn(C)c(-c3cc(F)cc(F)c3)c2CCN1C(=O)c1cc(F)cc(-c2cc[nH]c(=O)c2)c1Cl,1,ChEMBL_pos
CC1c2nn(C)c(-c3cc(F)cc(F)c3)c2CCN1C(=O)c1cc(F)cc(-c2ccc(=O)[nH]c2)c1Cl,1,ChEMBL_pos
CC1c2nn(C)c(-c3cc(F)cc(F)c3)c2CCN1C(=O)c1cc(F)cc(N2CS(=O)(=O)C2)c1Cl,1,ChEMBL_pos
CC1c2nn(C)c(-c3cc(F)cc(F)c3)c2CCN1C(=O)c1cc(F)cc(OCC2CNC(=O)C2)c1Cl,1,ChEMBL_pos
CC1c2nn(C)c(-c3cc(F)cc(F)c3)c2CCN1C(=O)c1cc(F)cc(OCC2CNC(=O)O2)c1Cl,1,ChEMBL_pos
CC1c2nn(C)c(-c3cncc(C(F)(F)F)n3)c2CCN1C(=O)c1cc(F)cc(-c2c[nH]c(C#N)c2)c1Cl,1,ChEMBL_pos
CC=C1C2C=C(C(F)(F)F)CC1(N)c1ccc(O)nc1C2,1,ChEMBL_pos
CC=C1C2C=C(C)CC1(N)c1ccc(=O)[nH]c1C2,1,ChEMBL_pos
CC=CC(=O)NCc1ccc(C(=O)Nc2ccc(C)c(Nc3nccc(-c4cccnc4)n3)c2)cc1,1,ChEMBL_pos
CCC(=O)C(Cc1ccccc1)NC(=O)c1c(C)n(CCN2CCOCC2)c2c(OC)cccc12,1,ChEMBL_pos
CCC(=O)N(C1CCCCCCC1)C1CCN(CCCOc2ccc(F)cc2)CC1,1,ChEMBL_pos
CCC(=O)N1CC(Nc2ncnc3c2nc(-c2cnn(CC)c2C)n3C)C1,1,ChEMBL_pos
CCC(=O)N1CCC(CCN2CCC(NC(=O)c3cc(Cl)c(N)cc3OC)C(OC)C2)CC1,1,ChEMBL_pos
CCC(=O)N1CCC(CN2CCC(NC(=O)c3cc(Cl)c(N)cc3OC)C(OC)C2)CC1,1,ChEMBL_pos
CCC(=O)N1CCC(Nc2ncnc3[nH]c(-c4cnn(CC)c4C)nc23)C1,1,ChEMBL_pos
CCC(=O)N1CCC(Nc2ncnc3c2nc(-c2ccc(C(F)(F)F)nc2)n3C)C1,1,ChEMBL_pos
CCC(=O)N1CCC(Nc2ncnc3c2nc(-c2ccc(C)nc2)n3C)C1,1,ChEMBL_pos
CCC(=O)N1CCC(Nc2ncnc3c2nc(-c2ccc(OC)nc2)n3C)C1,1,ChEMBL_pos
CCC(=O)N1CCC(Nc2ncnc3c2nc(-c2ccn(CC)c2C)n3C)C1,1,ChEMBL_pos
CCC(=O)N1CCC(Nc2ncnc3c2nc(-c2cnc(C(C)(C)C)s2)n3C)C1,1,ChEMBL_pos
CCC(=O)N1CCC(Nc2ncnc3c2nc(-c2cnc(C)nc2)n3C)C1,1,ChEMBL_pos
CCC(=O)N1CCC(Nc2ncnc3c2nc(-c2cnc(C)nc2)n3CC)C1,1,ChEMBL_pos
CCC(=O)N1CCC(Nc2ncnc3c2nc(-c2cnc(OC)c(C)c2)n3C)C1,1,ChEMBL_pos
CCC(=O)N1CCC(Nc2ncnc3c2nc(-c2cnc(OC)c(F)c2)n3C)C1,1,ChEMBL_pos
CCC(=O)N1CCC(Nc2ncnc3c2nc(-c2cnn(CC)c2C)n3C)C1,1,ChEMBL_pos
CCC(=O)N1CCC(Nc2ncnc3c2nc(-c2cnn(CC)c2C)n3C)CC1,1,ChEMBL_pos
CCC(=O)N1CCC(Nc2ncnc3c2nc(-c2cnn(CC)c2C)n3C2CC2)C1,1,ChEMBL_pos
CCC(=O)N1CCC(Nc2ncnc3c2nc(-c2cnn(CC)c2C)n3CC(F)(F)F)C1,1,ChEMBL_pos
CCC(=O)N1CCC(Nc2ncnc3c2nc(-c2cnn(CC)c2C)n3CC(F)F)C1,1,ChEMBL_pos
CCC(=O)N1CCC(Nc2ncnc3c2nc(-c2cnn(CC)c2C)n3CC)C1,1,ChEMBL_pos
CCC(=O)N1CCC(Nc2ncnc3c2nc(-c2cnn(CC)c2C)n3CC2CC2)C1,1,ChEMBL_pos
CCC(=O)N1CCC(Oc2ncnc3c2nc(-c2cnc(C)nc2)n3CC)C1,1,ChEMBL_pos
CCC(=O)N1CCCC(CN2CCC(NC(=O)c3cc(Cl)c(N)cc3OC)C(OC)C2)C1,1,ChEMBL_pos
CCC(=O)N1CCCC(Nc2ncnc3c2nc(-c2cnn(CC)c2C)n3C)C1,1,ChEMBL_pos
CCC(=O)N1CCN(c2ccc(-n3c(=O)ccc4cnc5ccc(-c6cnc7ccccc7c6)cc5c43)cc2C(F)(F)F)CC1,1,ChEMBL_pos
CCC(=O)N1CCN(c2nc(-c3cnn(C)c3)ncc2C#N)CC1C,1,ChEMBL_pos
CCC(=O)NC1CCc2cc(CCN3CCN(c4nsc5ccccc45)CC3)ccc21,1,ChEMBL_pos
CCC(=O)NC1CCc2ccc(CCN3CCN(c4nsc5ccccc45)CC3)cc21,1,ChEMBL_pos
CCC(=O)Nc1ccc2ncnc(Nc3ccc(NC(=O)Nc4cc(C(C)(C)C)nn4-c4cccc(C)c4)cc3)c2c1,1,ChEMBL_pos
CCC(=O)Nc1ccc2ncnc(Nc3ccc(NC(=O)Nc4cc(C(C)(C)C)nn4-c4cccc(N)c4)cc3)c2c1,1,ChEMBL_pos
CCC(=O)Nc1cccc2c1CCC1C2c2cc(O)c(Cl)cc2CCN1C,1,ChEMBL_pos
CCC(=S)N1CCC(CN2CCC(NC(=O)c3cc(Cl)c(N)cc3OC)C(OC)C2)CC1,1,ChEMBL_pos
CCC(C)(C)SC(=O)OCC[N+](C)(C)C,1,ChEMBL_pos
CCC(C)(CC)NC1=NCCNC(c2ccc(C)cc2)=C1,1,ChEMBL_pos
CCC(C)(CC)NC1=NCCNC(c2ccc(F)cc2)=C1,1,ChEMBL_pos
CCC(C)(CC)NC1=NCCNC(c2ccccc2F)=C1,1,ChEMBL_pos
CCC(C)C(NC(=O)C(CC(C)C)NC(=O)C(CCC(=O)O)C(CCC(N)=O)NC(=O)C(CC(N)=O)NC(=O)C(CCC(=O)O)NC(=O)C(CCC(N)=O)NC(=O)C(CC(C)C)NC(=O)C(CCC(=O)O)NC(=O)C(CCC(=O)O)NC(=O)C(CCC(=O)O)NC(=O)CN)C(=O)NC(CCCN=C(N)N)C(=O)NC(CCC(=O)O)C(=O)NC(CCCCN)C(=O)NC(CO)C(=O)NC(CC(N)=O)C(N)=O,1,ChEMBL_pos
CCC(C)C(NC(=O)C(CC(C)C)NC(=O)C(CCC(=O)O)NC(=O)C(CCC(N)=O)NC(=O)C(CC(=O)O)NC(=O)C(CCC(=O)O)NC(=O)C(CCC(N)=O)NC(=O)C(CC(C)C)NC(=O)C(CCC(=O)O)NC(=O)C(CCC(=O)O)NC(=O)C(CCC(=O)O)NC(=O)CN)C(=O)NC(CCCN=C(N)N)C(=O)NC(CCC(=O)O)C(=O)NC(CCCCN)C(=O)NC(CO)C(=O)NC(CC(=O)O)C(N)=O,1,ChEMBL_pos
CCC(C)C(NC(=O)C(CC(C)C)NC(=O)C(CCC(=O)O)NC(=O)C(CCC(N)=O)NC(=O)C(CC(N)=O)NC(=O)C(C)NC(=O)C(CCC(N)=O)NC(=O)C(CC(C)C)NC(=O)C(CCC(=O)O)NC(=O)C(CCC(=O)O)NC(=O)C(CCC(=O)O)NC(=O)CN)C(=O)NC(CCCN=C(N)N)C(=O)NC(CCC(=O)O)C(=O)NC(CCCCN)C(=O)NC(CO)C(=O)NC(CC(N)=O)C(N)=O,1,ChEMBL_pos
CCC(C)C(NC(=O)C(CC(C)C)NC(=O)C(CCC(=O)O)NC(=O)C(CCC(N)=O)NC(=O)C(CC(N)=O)NC(=O)C(C)NC(=O)C(CCC(N)=O)NC(=O)C(Cc1ccc(O)cc1)NC(=O)C(CCC(=O)O)NC(=O)C(CCC(=O)O)NC(=O)C(CCC(=O)O)NC(=O)CN)C(=O)NC(CCCN=C(N)N)C(=O)NC(CCC(=O)O)C(=O)NC(CCCCN)C(=O)NC(CO)C(=O)NC(CC(N)=O)C(N)=O,1,ChEMBL_pos
CCC(C)C(NC(=O)C(CC(C)C)NC(=O)C(CCC(=O)O)NC(=O)C(CCC(N)=O)NC(=O)C(CC(N)=O)NC(=O)C(CCCCN)NC(=O)C(CCC(N)=O)NC(=O)C(Cc1ccc(O)cc1)NC(=O)C(CCC(=O)O)NC(=O)C(CCC(=O)O)NC(=O)C(CCC(=O)O)NC(=O)CN)C(=O)NC(CCCN=C(N)N)C(=O)NC(CCC(=O)O)C(=O)NC(CCCCN)C(=O)NC(CO)C(=O)NC(CC(N)=O)C(N)=O,1,ChEMBL_pos
CCC(C)C(NC(=O)C(CCC(=O)O)NC(=O)C(CCC(=O)O)NC(=O)C(NC(=O)C(N)CCCCN)C(C)O)C(=O)NC(CO)C(=O)NC(CCC(=O)O)C(=O)NC(C(=O)NC(CC(N)=O)C(=O)NC(CC(C)C)C(O)CC(=O)NC(C(=O)NC(C)C(=O)NC(CCC(=O)O)C(=O)NC(Cc1ccccc1)C(=O)O)C(C)C)C(C)C,1,ChEMBL_pos
CCC(C)C(NC(=O)C(CCC(=O)O)NC(=O)C(CCC(=O)O)NC(=O)C(NC(=O)C(N)CCCCN)C(C)O)C(=O)NC(CO)C(=O)NC(CCC(=O)O)C(=O)NC(C(=O)NC(CC(N)=O)C(=O)NC(CC(C)C)C(O)CC(=O)NC(C)C(=O)NC(C)C(=O)NC(CCC(=O)O)C(=O)NC(Cc1ccccc1)C(=O)O)C(C)C,1,ChEMBL_pos
CCC(C)C(NC(=O)C(CCC(=O)O)NC(=O)C(CCC(=O)O)NC(=O)C(NC(=O)C(N)CCCN)C(O)CC)C(=O)NC(CO)C(=O)NC(CCC(=O)O)C(=O)NC(C(=O)NC(CCSC)C(=O)NC(CC(C)C)C(O)CC(=O)NC(C(=O)NC(C)C(=O)NC(CCC(=O)O)C(=O)NC(Cc1ccccc1)C(=O)O)C(C)C)C(C)C,1,ChEMBL_pos
CCC(C)C(NC(=O)C1CCCCO1)C(=O)NC(C)C(=O)NC(CC(C)C)C(O)CC(=O)NC(C(=O)NCc1cccc(C(=O)O)c1)C(C)C,1,ChEMBL_pos
CCC(C)C(NC(=O)CC(O)C(CC(C)C)NC(=O)C(CCSC)NC(=O)C(NC(=O)C(N)CCC(=O)O)C(C)C)C(=O)NC(C)C(=O)NC(CCC(=O)O)C(=O)NC(Cc1ccccc1)C(=O)O,1,ChEMBL_pos
CCC(C)C(NC(=O)OC(C)(C)C)C(=O)N1CCCCCC(C(O)CC(C)C(=O)NC(C(=O)NCc2ccncc2)C(C)C)NC(=O)C1C,1,ChEMBL_pos
CCC(C)C(NC(=O)OC(C)(C)C)C(=O)NC(C)C(=O)NC(Cc1ccccc1)C(O)CC(C)C(=O)NC(C(=O)NCc1ccncc1)C(C)C,1,ChEMBL_pos
CCC(C)C(NC(C)=O)C(=O)NC(C)C(=O)NC(CC(C)C)C(O)CC(=O)NC(C(=O)NCc1cccc(C(=O)O)c1)C(C)C,1,ChEMBL_pos
CCC(C)C(NC(C)=O)C(=O)NC(C)C(=O)NC(CC(C)C)C(O)CC(=O)NC(CC(C)C)C(=O)NCc1cccc(C(=O)O)c1,1,ChEMBL_pos
CCC(C)C(NC(C)=O)C(=O)NC(C)C(=O)NC(CC(C)C)C(O)CC(=O)NC(Cc1ccc(O)cc1)C(=O)NCc1cccc(C(=O)O)c1,1,ChEMBL_pos
CCC(C)C(NC(C)=O)C(=O)NC(C)C(=O)NC(CC(C)C)C(O)CC(=O)NC(Cc1ccccc1)C(=O)NCc1cccc(C(=O)O)c1,1,ChEMBL_pos
CCC(C)C(NC(C)=O)C(=O)NC(CCSC)C(=O)NC(CC(C)C)C(O)CC(=O)NC(Cc1ccc(O)cc1)C(=O)NCc1cccc(C(=O)O)c1,1,ChEMBL_pos
CCC(C)C(NC(C)=O)C(=O)NC(CCSC)C(=O)NC(CC(C)C)C(O)CC(=O)NC(Cc1ccccc1)C(=O)NCc1cccc(C(=O)O)c1,1,ChEMBL_pos
CCC(C)C(O)C(=O)NC(C)C(=O)NC(Cc1ccccc1)C(O)CC(C)C(=O)NC(C(=O)NCc1ccncc1)C(C)C,1,ChEMBL_pos
CCC(C)C(O)C(=O)NC(CC(C)C)C(=O)NC(Cc1ccccc1)C(O)CC(CC(C)C)C(=O)NC(C(=O)NCc1ccncc1)C(C)C,1,ChEMBL_pos
CCC(C)C(O)C(=O)NC(CCC(F)F)C(=O)NC(Cc1ccccc1)C(O)CC(CCC(F)F)C(=O)NC(C(=O)NCc1ccncc1)C(C)C,1,ChEMBL_pos
CCC(C)C(O)C(=O)NC(CCCF)C(=O)NC(Cc1ccccc1)C(O)CC(CCCF)C(=O)NC(C(=O)NCc1ccncc1)C(C)C,1,ChEMBL_pos
CCC(C)CC(NC(=O)C(CC(C)C)NC(C)=O)C(O)CC(=O)NC(CCSC)C(O)CC(=O)NC(C(=O)NCc1ccc(C(=O)O)cc1)C(C)C,1,ChEMBL_pos
CCC(C)CC(NC(=O)C(CC(C)C)NC(C)=O)C(O)CC(=O)NC(Cc1ccccc1)C(O)CC(=O)NC(C(=O)NCc1ccc(C(=O)O)cc1)C(C)C,1,ChEMBL_pos
CCC(C)CC(NC(=O)CC(O)C(Cc1ccccc1)NC(=O)C(CC(C)C)NC(C)=O)C(O)CC(=O)NC(C(=O)NCc1ccc(C(=O)O)cc1)C(C)C,1,ChEMBL_pos
CCC(C)CSC(=O)OCC[N+](C)(C)C,1,ChEMBL_pos
CCC(C)Cc1cc2c(s1)CC1c3cc(O)c(OC)cc3CCN1C2,1,ChEMBL_pos
CCC(C)N1CCCC(c2cccc(C#N)c2)C1,1,ChEMBL_pos
CCC(C)Oc1c(O)cc(Br)c2c1CN1CCc3cc(OC)c(O)cc3C1C2,1,ChEMBL_pos
CCC(C)Oc1c(O)ccc2c1CN1CCc3cc(OC)c(O)cc3C1C2,1,ChEMBL_pos
CCC(C)c1nc2c(c(-c3ccc(F)cc3)n1)CNCC2,1,ChEMBL_pos
CCC(CC(O)C(Cc1ccccc1)NC(=O)C(C)NC(=O)C(O)C(C)C)C(=O)NC(C(=O)NC(C)c1ccccc1)C(C)C,1,ChEMBL_pos
CCC(CC)(CC)NC1=NCCNC(c2ccc(F)cc2F)=C1,1,ChEMBL_pos
CCC(CC)=NNc1nc(-c2cccc(OC)c2)cs1,1,ChEMBL_pos
CCC(CC)CN1CCN(C2=Nc3cc(Cl)ccc3N(NC(=O)c3ccccc3Cl)c3ccccc32)CC1,1,ChEMBL_pos
CCC(CC)NC(=O)c1ccc(-c2scc(-c3ccccc3Cl)c2CC(=O)N=C(N)NCCCO)cc1,1,ChEMBL_pos
CCC(CC)n1cnc2c(-c3ccc(Cl)cc3)n(-c3ccccc3Cl)nc2c1=O,1,ChEMBL_pos
CCC(CO)NC(=O)C1C=C2c3cccc4[nH]cc(c34)CC2N(C)C1,1,ChEMBL_pos
CCC(CO)NC(=O)C1C=C2c3cccc4c3c(cn4C)CC2N(C)C1,1,ChEMBL_pos
CCC(COCc1ccccc1)NC(=O)c1cnc(-c2ccc(C)cc2)c(-c2ccc(C)cc2)n1,1,ChEMBL_pos
CCC(N)(C#Cc1nc(-c2ccccc2Cl)c(-c2ccc(Cl)cc2)cc1C#N)CC,1,ChEMBL_pos
CCC(NC(=O)OC(C)(C)C)C(=O)NC(C)C(=O)NC(Cc1ccccc1)C(O)CC(C)C(=O)NC(C(=O)NCc1ccncc1)C(C)C,1,ChEMBL_pos
CCC(NC(=O)c1c(N)nn2cccnc12)c1cc2cccc(Cl)c2c(=O)n1-c1ccccc1,1,ChEMBL_pos
CCC(NCC(Cc1ccccc1)NC(=O)c1cc(C(=O)NC(C)c2ccc(F)cc2)cc(N(C)S(C)(=O)=O)c1)C(=O)NCC(C)C,1,ChEMBL_pos
CCC(NCC1Cc2cccc(c2)CCCCc2cc(cc(N(C)S(C)(=O)=O)c2)C(=O)N1)C(=O)NCC(C)C,1,ChEMBL_pos
CCC(NCC1Cc2cccc(c2)OCCNC(=O)c2cc(cc(N(C)S(C)(=O)=O)c2)C(=O)N1)C(=O)NCC(C)C,1,ChEMBL_pos
CCC(Nc1nc(F)nc2[nH]cnc12)C1=Nc2cccc(F)c2S(=O)(=O)N1c1ccccc1,1,ChEMBL_pos
CCC(Nc1nc(N)nc(C(F)F)c1C#N)c1nc2c(Cl)cc(F)cc2c(=O)n1-c1cc[nH]n1,1,ChEMBL_pos
CCC(Nc1nc(N)nc(N)c1C#N)c1nc2c(F)ccc(Cl)c2c(=O)n1-c1cccnc1,1,ChEMBL_pos
CCC(Nc1nc(N)nc(N)c1Cl)c1nc2c(Cl)cc(F)cc2c(=O)n1-c1cc[nH]n1,1,ChEMBL_pos
CCC(Nc1ncnc(N)c1-c1nc(C)no1)c1nc2cccc(C#CCO)c2c(=O)n1-c1ccccc1,1,ChEMBL_pos
CCC(Nc1ncnc(N)c1-c1nc(C)no1)c1nc2cccc(C#CCO)c2c(=O)n1C1CC1,1,ChEMBL_pos
CCC(Nc1ncnc(N)c1-c1nnc(C)o1)c1nc2cccc(C#CCO)c2c(=O)n1-c1ccccc1,1,ChEMBL_pos
CCC(Nc1ncnc(N)c1C#N)C1=Nc2cccc(Cl)c2S(=O)(=O)N1c1ccccc1,1,ChEMBL_pos
CCC(Nc1ncnc(N)c1C#N)C1=Nc2cccc(F)c2S(=O)(=O)N1c1ccccc1,1,ChEMBL_pos
CCC(Nc1ncnc(N)c1C#N)c1nn2cccc2c(=O)n1-c1ccccc1,1,ChEMBL_pos
CCC(Nc1ncnc2[nH]cnc12)C1=Nc2cccc(Cl)c2S(=O)(=O)N1c1ccccc1,1,ChEMBL_pos
CCC(Nc1ncnc2[nH]cnc12)c1nc2cccc(F)c2c(=O)n1-c1ccc(O)cc1,1,ChEMBL_pos
CCC(Nc1ncnc2[nH]cnc12)c1nc2cccc(F)c2c(=O)n1-c1ccccc1,1,ChEMBL_pos
CCC(Nc1ncnc2[nH]cnc12)c1nn2cccc2c(=O)n1-c1ccccc1,1,ChEMBL_pos
CCC(Nc1ncnc2c1nc(-c1cnn(CC)c1C)n2C)C(=O)N(C)C,1,ChEMBL_pos
CCC(Nc1ncnc2c1nc(-c1cnn(CC)c1C)n2C)C(=O)N1CC(C)OC(C)C1,1,ChEMBL_pos
CCC(Nc1ncnc2c1nc(-c1cnn(CC)c1C)n2C)C(=O)N1CCC(F)(F)CC1,1,ChEMBL_pos
CCC(Nc1ncnc2c1nc(-c1cnn(CC)c1C)n2C)C(=O)N1CCOCC1,1,ChEMBL_pos
CCC(Nc1ncnc2nc[nH]c12)c1nc2cccc(N)c2c(=O)n1-c1ccccc1,1,ChEMBL_pos
CCC(Oc1ccc(F)cc1Cl)C1CCN(C(=O)C2CC3(COC(=O)N3)C2)CC1,1,ChEMBL_pos
CCC(c1c(Cl)c(Cl)cc2nc(O)c(O)nc12)n1cnnc1,1,ChEMBL_pos
CCC(c1ccc(C(C)NS(C)(=O)=O)cc1)c1ccc(Cl)cc1S(=O)(=O)c1ccc(Cl)cc1,1,ChEMBL_pos
CCC1(CC)CSC(=Nc2ccccc2C(C)C)N(C(=S)SC)C1,1,ChEMBL_pos
CCC1(CCCCN2CCN(c3ccc(Cl)cc3)CC2)C(=O)Nc2cc(F)ccc21,1,ChEMBL_pos
CCC1(NC2=NCCNC(c3ccc(F)cc3)=C2)CCCC1,1,ChEMBL_pos
CCC1(NC2=NCCNC(c3ccc(F)cc3F)=C2)CCCC1,1,ChEMBL_pos
CCC1(NC2=NCCNC(c3ccccc3F)=C2)CCCC1,1,ChEMBL_pos
CCC1(c2ccccc2Cl)CCCCC1=O,1,ChEMBL_pos
CCC12CC3CC(CC(N)(C3)C1)C2,1,ChEMBL_pos
CCC12CC3CC(N)(C1)CC(CC)(C3)C2,1,ChEMBL_pos
CCC1=CC2CC(C1)Cc1nc3ccccc3c(N)c12,1,ChEMBL_pos
CCC1=CC2Cc3nc4cc(C)cc(C)c4c(N)c3C(C1)C2,1,ChEMBL_pos
CCC1=CC2Cc3nc4cc(Cl)cc(Cl)c4c(N)c3C(C1)C2,1,ChEMBL_pos
CCC1=CC2Cc3nc4cc(Cl)ccc4c(N)c3C(C1)C2,1,ChEMBL_pos
CCC1=CC2Cc3nc4cc(F)cc(F)c4c(N)c3C(C1)C2,1,ChEMBL_pos
CCC1=CC2Cc3nc4cc(F)ccc4c(N)c3C(C1)C2,1,ChEMBL_pos
CCC1=CC2Cc3nc4ccc(Cl)cc4c(N)c3C(C1)C2,1,ChEMBL_pos
CCC1=CC2Cc3nc4cccc(Cl)c4c(N)c3C(C1)C2,1,ChEMBL_pos
CCC1=CC2Cc3nc4cccc(F)c4c(N)c3C(C1)C2,1,ChEMBL_pos
CCC1=CC2Cc3nc4ccccc4c(N)c3C(C1)C2,1,ChEMBL_pos
CCC1=CC2Cc3nc4ccccc4c(NCCCCCCCCNc4c5c(nc6ccccc46)CCCC5)c3C(C1)C2,1,ChEMBL_pos
CCC1Cc2cc(Br)cc3[nH]c(=O)c(=O)n(c23)C1CC(=O)O,1,ChEMBL_pos
CCC1NCCN2C(=O)c3c(cccc3C(F)(F)F)C12,1,ChEMBL_pos
CCCC(=O)N1CCC(CN2CCC(NC(=O)c3cc(Cl)c(N)cc3OC)C(OC)C2)CC1,1,ChEMBL_pos
CCCC(=O)NC1CCc2cc(CCN3CCN(c4nsc5ccccc45)CC3)ccc21,1,ChEMBL_pos
CCCC(=O)NC1CCc2ccc(CCN3CCN(c4nsc5ccccc45)CC3)cc21,1,ChEMBL_pos
CCCC(=O)NN1c2ccc(Cl)cc2N=C(N2CCN(C)CC2)c2ccccc21,1,ChEMBL_pos
CCCC(=O)Oc1cccc2c1-c1cccc3c1C(C2)N(CCC)CC3,1,ChEMBL_pos
CCCC(C)(C)c1cc(O)c2c(c1)OC(C)(C)C1CC=C(C)CC21,1,ChEMBL_pos
CCCC(C)(C)c1cc(O)c2c(c1)OC(C)(C)c1ccc(C)cc1-2,1,ChEMBL_pos
CCCC(C)(C)c1ccc(-c2cc(C)ccc2C(C)C)c(O)c1,1,ChEMBL_pos
CCCC(C)(C)c1ccc2c(c1)OC(C)(C)C1CC=C(C)CC21,1,ChEMBL_pos
CCCC(C)(C)c1ccc2c(c1)OC(C)(C)c1ccc(C(=O)OC)cc1-2,1,ChEMBL_pos
CCCC(C)(C)c1ccc2c(c1)OC(C)(C)c1ccc(CO)cc1-2,1,ChEMBL_pos
CCCC(CCC)C(=O)NN1c2ccc(Cl)cc2N=C(N2CCN(C)CC2)c2ccccc21,1,ChEMBL_pos
CCCC(CCC)N1CC(C(=O)NC(Cc2cc(F)cc(F)c2)C(O)C2CC(OCc3ccccc3)CN2)CC1=O,1,ChEMBL_pos
CCCC(CCC)NC(=O)c1ccc(-c2ccc(Cl)cc2)c(-c2ccc(Cl)cc2Cl)n1,1,ChEMBL_pos
CCCC(CCC)S(=O)(=O)CC(NC(=O)OC)C(=O)NC(Cc1cc(F)cc(F)c1)C(O)CNCc1cccc(CC)c1,1,ChEMBL_pos
CCCC(CCC)S(=O)(=O)CC(NC(=O)OCc1ccccc1)C(=O)NC(Cc1cc(F)cc(F)c1)C(O)CNCc1cccc(CC)c1,1,ChEMBL_pos
CCCC(CCC)S(=O)(=O)CC(NC(=O)OCc1ccccc1)C(=O)NC(Cc1ccccc1)C(O)CNCc1cccc(OC)c1,1,ChEMBL_pos
CCCC(CCC)S(=O)(=O)CC(NC(=O)OCc1cccnc1)C(=O)NC(Cc1cc(F)cc(F)c1)C(O)CNCc1cccc(CC)c1,1,ChEMBL_pos
CCCC(CCC)S(=O)(=O)CC(NC(=O)OCc1ccncc1)C(=O)NC(Cc1cc(F)cc(F)c1)C(O)CNCc1cccc(CC)c1,1,ChEMBL_pos
CCCC(CCC)S(=O)(=O)CC(NC(=O)c1ccc(C(F)(F)F)cc1)C(=O)NC(Cc1cc(F)cc(F)c1)C(O)CNCc1cccc(CC)c1,1,ChEMBL_pos
CCCC(CCC)S(=O)(=O)CC(NC(=O)c1ccc(C)cc1)C(=O)NC(Cc1cc(F)cc(F)c1)C(O)CNCc1cccc(CC)c1,1,ChEMBL_pos
CCCC(CCC)S(=O)(=O)CC(NC(=O)c1ccc(OC)cc1)C(=O)NC(Cc1cc(F)cc(F)c1)C(O)CNCc1cccc(CC)c1,1,ChEMBL_pos
CCCC(CCC)S(=O)(=O)CC(NC(=O)c1cccc(Cl)c1)C(=O)NC(Cc1cc(F)cc(F)c1)C(O)CNCc1cccc(CC)c1,1,ChEMBL_pos
CCCC(CCC)S(=O)(=O)CC(NC(=O)c1cccc(O)c1)C(=O)NC(Cc1cc(F)cc(F)c1)C(O)CNCc1cccc(CC)c1,1,ChEMBL_pos
CCCC(CCC)S(=O)(=O)CC(NC(=O)c1ccccc1)C(=O)NC(Cc1cc(F)cc(F)c1)C(O)CNCc1cccc(CC)c1,1,ChEMBL_pos
CCCC(CCC)S(=O)(=O)CC(NC(=O)c1ccccc1C)C(=O)NC(Cc1cc(F)cc(F)c1)C(O)CNCc1cccc(CC)c1,1,ChEMBL_pos
CCCC(CCC)S(=O)(=O)CC(NC(=O)c1cccnc1)C(=O)NC(Cc1cc(F)cc(F)c1)C(O)CNCc1cccc(CC)c1,1,ChEMBL_pos
CCCC(CCC)S(=O)(=O)CCC(=O)NC(Cc1ccccc1)C(O)CNCc1cccc(OC)c1,1,ChEMBL_pos
CCCC(CO)NC(=O)c1cnc(-c2ccc(C)cc2)c(-c2ccc(C)cc2)n1,1,ChEMBL_pos
CCCC(NC(=O)C(O)C(C)C)C(=O)NC(Cc1ccccc1)C(O)CC(C)C(=O)NC(C(=O)NCc1ccncc1)C(C)C,1,ChEMBL_pos
CCCC(NC(=O)CC(O)C(CC(C)C)NC(=O)C(CCSC)NC(=O)C(NC(C)=O)C(C)CC)C(=O)NCc1cccc(C(=O)O)c1,1,ChEMBL_pos
CCCC(NC(=O)OC(C)(C)C)C(=O)NC(C)C(=O)NC(Cc1ccccc1)C(O)CC(C)C(=O)NC(C(=O)NCc1ccncc1)C(C)C,1,ChEMBL_pos
CCCC(NC(=O)OC(C)(C)C)C(=O)NC(CCSC)C(=O)NC(Cc1ccccc1)C(O)CC(C)C(=O)NC(C(=O)NCc1ccncc1)C(C)C,1,ChEMBL_pos
CCCC(NC(C)=O)C(=O)NC(C)C(=O)NC(CC(C)C)C(O)CC(=O)NC(C(=O)NCc1cccc(C(=O)O)c1)C(C)C,1,ChEMBL_pos
CCCC(NCC(Cc1ccccc1)NC(=O)c1cc(C(=O)NC(C)c2ccc(F)cc2)cc(N(C)S(C)(=O)=O)c1)C(=O)NCC(C)C,1,ChEMBL_pos
CCCC(Nc1ncnc2nc[nH]c12)c1nc2cccc(C(F)(F)F)c2c(=O)n1-c1ccccc1,1,ChEMBL_pos
CCCC(Nc1ncnc2nc[nH]c12)c1nc2cccc(Cl)c2c(=O)n1-c1ccccc1,1,ChEMBL_pos
CCCC(Nc1ncnc2nc[nH]c12)c1nc2cccc(F)c2c(=O)n1-c1ccccc1,1,ChEMBL_pos
CCCC1CCNC(C(O)C(Cc2cc(F)cc(F)c2)NC(=O)c2cc(C)cc(C(=O)N(CCC)CCC)c2)C1,1,ChEMBL_pos
CCCCC(=O)Oc1cccc2c1-c1cc(OC)cc3c1C(C2)N(C)CC3,1,ChEMBL_pos
CCCCC(=O)Oc1cccc2c1-c1cccc3c1C(C2)N(CCC)CC3,1,ChEMBL_pos
CCCCC(C)(C)c1cc(O)c2c(c1)OC(C)(C)C1CC=C(C)CC21,1,ChEMBL_pos
CCCCC(C)(C)c1ccc(C2CC(O)CCC2CCCO)cc1,1,ChEMBL_pos
CCCCC(C)(C)c1ccc(C2CCCC(O)C2)cc1,1,ChEMBL_pos
CCCCC(N)C(Cc1cc(F)cc(F)c1)NC(=O)c1cc(NCC2CC2C)nc(N(C)S(C)(=O)=O)c1,1,ChEMBL_pos
CCCCC(N)C(Cc1ccccc1)NC(=O)c1cc(N(C)CC2CC2C)nc(N(C)S(C)(=O)=O)c1,1,ChEMBL_pos
CCCCC(N)C(Cc1ccccc1)NC(=O)c1cc(N(C)CC2CC2C)nc(N(CCC)S(C)(=O)=O)c1,1,ChEMBL_pos
CCCCC(N)C(Cc1ccccc1)NC(=O)c1cc(NCC2CC2C)nc(N(C)S(C)(=O)=O)c1,1,ChEMBL_pos
CCCCC(N)C(Cc1ccsc1)NC(=O)c1cc(NCC2CC2C)nc(N(C)S(C)(=O)=O)c1,1,ChEMBL_pos
CCCCC(NC(=O)CC(O)C(CC(C)C)NC(=O)C(C)NC(=O)C(NC(C)=O)C(C)CC)C(=O)NCc1cccc(C(=O)O)c1,1,ChEMBL_pos
CCCCC(NC(=O)CC(O)C(CC(C)C)NC(=O)C(CCSC)NC(=O)C(NC(C)=O)C(C)CC)C(=O)NCc1cccc(C(=O)O)c1,1,ChEMBL_pos
CCCCC(NCC1Cc2cccc(c2)CCCCc2cc(cc(N(CCC)S(C)(=O)=O)c2)C(=O)N1)C(=O)NCC(C)C,1,ChEMBL_pos
CCCCC(O)C(Cc1cc(F)cc(F)c1)NC(=O)c1cc(NCC2CC2C)nc(N(C)S(C)(=O)=O)c1,1,ChEMBL_pos
CCCCCC(=O)Oc1cccc2c1-c1cccc3c1C(C2)N(CCC)CC3,1,ChEMBL_pos
CCCCCC(=O)c1cc(C)n(-c2ccc(-c3nnn(C(=O)N(C)C)n3)cc2)c1C,1,ChEMBL_pos
CCCCCC(C)(C)NCC(O)C(Cc1ccccc1)NC(=O)c1cc(NCC)cc(N2CCCC2=O)c1,1,ChEMBL_pos
CCCCCC(C)(C)c1cc(O)c2c(c1)OC(C)(C)C1CC=C(C)CC21,1,ChEMBL_pos
CCCCCC(C)(C)c1ccc(C2CC(O)CCC2CCCO)cc1,1,ChEMBL_pos
CCCCCC(C)(C)c1ccc(C2CCCC(O)C2)cc1,1,ChEMBL_pos
CCCCCC=CCC=CCC=CCC=CCCC(C)(C)C(=O)NCCO,1,ChEMBL_pos
CCCCCC=CCC=CCC=CCC=CCCC(C)C(=O)NC(C)CO,1,ChEMBL_pos
CCCCCC=CCC=CCC=CCC=CCCC(C)C(=O)NCCO,1,ChEMBL_pos
CCCCCC=CCC=CCC=CCC=CCCCC(=O)N1CCN(c2ccc(C)c(C)c2)CC1,1,ChEMBL_pos
CCCCCC=CCC=CCC=CCC=CCCCC(=O)N1CCN(c2ccc(Cl)cc2)CC1,1,ChEMBL_pos
CCCCCC=CCC=CCC=CCC=CCCCC(=O)N1CCN(c2ccc(F)cc2)CC1,1,ChEMBL_pos
CCCCCC=CCC=CCC=CCC=CCCCC(=O)NCCC,1,ChEMBL_pos
CCCCCC=CCC=CCC=CCC=CCCCC(=O)NCCCC,1,ChEMBL_pos
CCCCCC=CCC=CCC=CCC=CCCCC(=O)NCCCCO,1,ChEMBL_pos
CCCCCC=CCC=CCC=CCC=CCCCC(=O)NCCCO,1,ChEMBL_pos
CCCCCC=CCC=CCC=CCC=CCCCC(=O)NCCCl,1,ChEMBL_pos
CCCCCC=CCC=CCC=CCC=CCCCC(=O)NCCO,1,ChEMBL_pos
CCCCCC=CCC=CCC=CCC=CCCCC(=O)NCCOC,1,ChEMBL_pos
CCCCCC=CCC=CCC=CCC=CCCCC(=O)NCCc1ccc(OC)cc1OC,1,ChEMBL_pos
CCCCCC=CCC=CCC=CCC=CCCCC(=O)NCCc1ccoc1,1,ChEMBL_pos
CCCCCC=CCC=CCC=CCC=CCCCC(=O)NCc1cc(OC)ccc1OC,1,ChEMBL_pos
CCCCCC=CCC=CCC=CCC=CCCCC(=O)NCc1ccc(OC)cc1,1,ChEMBL_pos
CCCCCC=CCC=CCC=CCC=CCCCC(=O)NCc1ccc(OC)cc1OC,1,ChEMBL_pos
CCCCCC=CCC=CCC=CCC=CCCCC(=O)NCc1cccn1C,1,ChEMBL_pos
CCCCCC=CCC=CCC=CCC=CCCCC(=O)NCc1ccoc1,1,ChEMBL_pos
CCCCCC=CCC=CCC=CCC=CCCCC(=O)NOCCO,1,ChEMBL_pos
CCCCCC=CCC=CCC=CCC=CCCCC(=O)Nc1ccc(N2CCOCC2)cc1,1,ChEMBL_pos
CCCCCC=CCC=CCC=CCC=CCCCC(=O)Nc1ccc(OC)cc1,1,ChEMBL_pos
CCCCCC=CCC=CCC=CCC=CCCCCCC(=O)NCCO,1,ChEMBL_pos
CCCCCC=CCC=CCC=CCC=CCCCCN1C(=O)C=CC1=O,1,ChEMBL_pos
CCCCCC=CCC=CCC=CCC=CCCCCP(=O)(F)OC,1,ChEMBL_pos
CCCCCC=CCC=CCC=CCCCCCCC(=O)NCCO,1,ChEMBL_pos
CCCCCCC(=O)Oc1cccc2c1-c1cccc3c1C(C2)N(CCC)CC3,1,ChEMBL_pos
CCCCCCC(=O)c1cc(O)c2c(c1)OC(C)(C)C1CC=C(C)CC21,1,ChEMBL_pos
CCCCCCC(C)(C)c1cc(O)c(-c2cc(C)cc(C)c2)c(O)c1,1,ChEMBL_pos
CCCCCCC(C)(C)c1cc(O)c(C2C=C(C)C3CC2C3(C)C)c(O)c1,1,ChEMBL_pos
CCCCCCC(C)(C)c1cc(O)c2c(c1)OC(C)(C)C1CC=C(C(=O)O)CC21,1,ChEMBL_pos
CCCCCCC(C)(C)c1cc(O)c2c(c1)OC(C)(C)C1CC=C(C)CC21,1,ChEMBL_pos
CCCCCCC(C)(C)c1cc(O)c2c(c1)OC(C)(C)C1CC=C(C=O)CC21,1,ChEMBL_pos
CCCCCCC(C)(C)c1cc(O)c2c(c1)OC(C)(C)C1CC=C(CO)CC21,1,ChEMBL_pos
CCCCCCC(C)(C)c1cc(O)c2c(c1)OC(C)(C)C1CCC(=O)CC21,1,ChEMBL_pos
CCCCCCC(C)(C)c1cc(O)c2c(c1)OC(C)(C)C1CCC(C)=CC21,1,ChEMBL_pos
CCCCCCC(C)(C)c1cc(O)c2c(c1)OC(C)(C)C1CCC(CO)CC21,1,ChEMBL_pos
CCCCCCC(C)(C)c1cc(O)c2c(c1)OC(C)(C)c1ccc(C(=O)O)cc1-2,1,ChEMBL_pos
CCCCCCC(C)(C)c1cc(O)c2c(c1)OC(C)(C)c1ccc(C(=O)OC)cc1-2,1,ChEMBL_pos
CCCCCCC(C)(C)c1cc(O)c2c(c1)OC(C)(C)c1ccc(C)cc1-2,1,ChEMBL_pos
CCCCCCC(C)(C)c1cc(O)c2c(c1)OC(C)(C)c1ccc(CO)cc1-2,1,ChEMBL_pos
CCCCCCC(C)(C)c1cc(O)c2c(c1)oc(=O)c1ccc(C)cc12,1,ChEMBL_pos
CCCCCCC(C)(C)c1cc(OC(C)=O)c2c(c1)OC(C)(C)c1ccc(C(=O)O)cc1-2,1,ChEMBL_pos
CCCCCCC(C)(C)c1cc(OC)c(-c2cc(C)cc(C)c2)c(OC)c1,1,ChEMBL_pos
CCCCCCC(C)(C)c1cc(OC)c2c(c1)OC(C)(C)C1CC=C(C)CC21,1,ChEMBL_pos
CCCCCCC(C)(C)c1cc(OC)c2c(c1)OC(C)(C)C1CCC(=O)CC21,1,ChEMBL_pos
CCCCCCC(C)(C)c1cc(OC)c2c(c1)OC(C)(C)c1ccc(C(=O)OC)cc1-2,1,ChEMBL_pos
CCCCCCC(C)(C)c1cc(OC)c2c(c1)OC(C)(C)c1ccc(C(=O)OCCC)cc1-2,1,ChEMBL_pos
CCCCCCC(C)(C)c1cc(OC)c2c(c1)OC(C)(C)c1ccc(C)cc1-2,1,ChEMBL_pos
CCCCCCC(C)(C)c1cc2c(c(OP(=O)(OCC)OCC)c1)C1CC(C)=CCC1C(C)(C)O2,1,ChEMBL_pos
CCCCCCC(C)(C)c1ccc(-c2c(C)cccc2C)c(O)c1,1,ChEMBL_pos
CCCCCCC(C)(C)c1ccc(-c2cc(C)cc(C)c2)c(C(=O)OC)c1,1,ChEMBL_pos
CCCCCCC(C)(C)c1ccc(-c2cc(C)cc(C)c2)c(C(N)=O)c1,1,ChEMBL_pos
CCCCCCC(C)(C)c1ccc(-c2cc(C)cc(C)c2)c(CN)c1,1,ChEMBL_pos
CCCCCCC(C)(C)c1ccc(-c2cc(C)cc(C)c2)c(CN2CCOCC2)c1,1,ChEMBL_pos
CCCCCCC(C)(C)c1ccc(-c2cc(C)cc(C)c2)c(CO)c1,1,ChEMBL_pos
CCCCCCC(C)(C)c1ccc(-c2cc(C)cc(C)c2)c(COC(=O)CN2CCOCC2)c1,1,ChEMBL_pos
CCCCCCC(C)(C)c1ccc(-c2cc(C)cc(C)c2)c(N)c1,1,ChEMBL_pos
CCCCCCC(C)(C)c1ccc(-c2cc(C)cc(C)c2)c(O)c1,1,ChEMBL_pos
CCCCCCC(C)(C)c1ccc(-c2cc(C)cc(C)c2)c(OC)c1,1,ChEMBL_pos
CCCCCCC(C)(C)c1ccc(-c2cc(C)ccc2C(C)C)c(O)c1,1,ChEMBL_pos
CCCCCCC(C)(C)c1ccc(-c2cc(C)ccc2C)c(O)c1,1,ChEMBL_pos
CCCCCCC(C)(C)c1ccc(-c2ccc(C)c(C)c2)c(O)c1,1,ChEMBL_pos
CCCCCCC(C)(C)c1ccc(-c2ccc(N)cc2)c(O)c1,1,ChEMBL_pos
CCCCCCC(C)(C)c1ccc(-c2cccc(C#N)c2)c(O)c1,1,ChEMBL_pos
CCCCCCC(C)(C)c1ccc(-c2cccc(C)c2C)c(O)c1,1,ChEMBL_pos
CCCCCCC(C)(C)c1ccc(-c2cccc(N)c2)c(O)c1,1,ChEMBL_pos
CCCCCCC(C)(C)c1ccc(-c2cccc(OC)c2)c(O)c1,1,ChEMBL_pos
CCCCCCC(C)(C)c1ccc(-c2cccc(OC)c2OC)c(O)c1,1,ChEMBL_pos
CCCCCCC(C)(C)c1ccc(-c2ccccc2N)c(O)c1,1,ChEMBL_pos
CCCCCCC(C)(C)c1ccc(-c2ccccc2OC)c(O)c1,1,ChEMBL_pos
CCCCCCC(C)(C)c1ccc(-c2cccnc2)c(O)c1,1,ChEMBL_pos
CCCCCCC(C)(C)c1ccc(C2CC(O)CCC2CCCO)c(O)c1,1,ChEMBL_pos
CCCCCCC(C)(C)c1ccc(C2CC(O)CCC2CCCO)cc1,1,ChEMBL_pos
CCCCCCC(C)(C)c1ccc(C2CCCC(O)C2)cc1,1,ChEMBL_pos
CCCCCCC(C)(C)c1ccc(OCCC=CCC=CCCCC(=O)NC(C)CO)cc1,1,ChEMBL_pos
CCCCCCC(C)(C)c1ccc2c(c1)OC(C)(C)C1CC=C(C)CC21,1,ChEMBL_pos
CCCCCCC(C)(C)c1ccc2c(c1)OC(C)(C)c1ccc(C(=O)OC)cc1-2,1,ChEMBL_pos
CCCCCCC(C)(C)c1ccc2c(c1)OC(C)(C)c1ccc(C)cc1-2,1,ChEMBL_pos
CCCCCCC(C)(C)c1ccc2c(c1)OC(C)(C)c1ccc(CO)cc1-2,1,ChEMBL_pos
CCCCCCC(C)(C)c1cccc(OCCC=CCC=CCC=CCCCC(=O)NC(C)CO)c1,1,ChEMBL_pos
CCCCCCC(C)(C)c1cccc(OCCC=CCC=CCCCC(=O)NC(C)CO)c1,1,ChEMBL_pos
CCCCCCC(C)(C)c1ccccc1C=CCC=CCC=CCCCC(=O)NC(C)CO,1,ChEMBL_pos
CCCCCCC1(c2cc(O)c3c(c2)OC(C)(C)C2CC=C(C)CC32)CC1,1,ChEMBL_pos
CCCCCCC1(c2cc(O)c3c(c2)OC(C)(C)C2CC=C(C)CC32)CC1(Br)Br,1,ChEMBL_pos
CCCCCCC1(c2cc(O)c3c(c2)OC(C)(C)C2CC=C(C)CC32)CC1(Cl)Cl,1,ChEMBL_pos
CCCCCCC1(c2cc(O)c3c(c2)OC(C)(C)C2CC=C(C)CC32)CCCC1,1,ChEMBL_pos
CCCCCCC1(c2cc(O)c3c(c2)OC(C)(C)C2CC=C(C)CC32)OCCO1,1,ChEMBL_pos
CCCCCCC1(c2cc(O)c3c(c2)OC(C)(C)C2CC=C(C)CC32)SC(C)C(C)S1,1,ChEMBL_pos
CCCCCCC1(c2cc(O)c3c(c2)OC(C)(C)C2CC=C(C)CC32)SCCCS1,1,ChEMBL_pos
CCCCCCC1(c2cc(O)c3c(c2)OC(C)(C)C2CC=C(C)CC32)SCCS1,1,ChEMBL_pos
CCCCCCC1(c2cc(O)c3c(c2)OC(C)(C)C2CC=C(C)CC32)Sc2ccccc2S1,1,ChEMBL_pos
CCCCCCC1(c2ccc(-c3cc(C)cc(C)c3)c(O)c2)CC1,1,ChEMBL_pos
CCCCCCC1(c2ccc(-c3cc(C)cc(C)c3)c(O)c2)CCCC1,1,ChEMBL_pos
CCCCCCC1(c2ccc(-c3cc(C)cc(C)c3)c(O)c2)CCCCC1,1,ChEMBL_pos
CCCCCCCC(C)(C)c1ccc(C2CC(O)CCC2CCCO)cc1,1,ChEMBL_pos
CCCCCCCC(C)(C)c1ccc(C2CCCC(O)C2)cc1,1,ChEMBL_pos
CCCCCCCC=CC=CC(=O)NCC(C)C,1,ChEMBL_pos
CCCCCCCCC(C)(C)c1ccc(C2CC(O)CCC2CCCO)cc1,1,ChEMBL_pos
CCCCCCCCC=CCCCCCCCC(=O)NCCc1cc(OC)cc(OC)c1,1,ChEMBL_pos
CCCCCCCCC=CCCCCCCCC(=O)NCCc1ccc(OC)cc1,1,ChEMBL_pos
CCCCCCCCC=CCCCCCCCC(=O)NCCc1ccc(OC)cc1OC,1,ChEMBL_pos
CCCCCCCCC=CCCCCCCCC(=O)NCc1ccc(OC)cc1,1,ChEMBL_pos
CCCCCCCCC=CCCCCCCCCN1C(=O)C=CC1=O,1,ChEMBL_pos
CCCCCCCCCC(=NO)c1cc(-c2ccc(O)c(F)c2)ccc1O,1,ChEMBL_pos
CCCCCCCCCCCC(=NO)c1cc(-c2ccc(O)c(F)c2)ccc1O,1,ChEMBL_pos
CCCCCCCCCCCC(CC1OC(=O)C1CCCCCC)OC(=O)CNC=O,1,ChEMBL_pos
CCCCCCCCCCCCCC(=NO)c1cc(-c2ccc(O)c(F)c2)ccc1O,1,ChEMBL_pos
CCCCCCCCCCCCCC(=NO)c1cc(-c2ccc(O)cc2)ccc1O,1,ChEMBL_pos
CCCCCCCCCCCCCCCC(=NO)c1cc(-c2ccc(O)c(F)c2)ccc1O,1,ChEMBL_pos
CCCCCCCCCCCCCCCC(=NO)c1cc(-c2ccc(O)cc2)ccc1O,1,ChEMBL_pos
CCCCCCCCCCCCNC(=O)Oc1ccc(-c2csnn2)cc1,1,ChEMBL_pos
CCCCCCCCCOc1ccc2[nH]cc(CCN)c2c1,1,ChEMBL_pos
CCCCCCCCCc1cc(O)c2c(c1)OC(C)(C)C1CC=C(C)CC21,1,ChEMBL_pos
CCCCCCCCCc1cc(O)c2c(c1)OC(C)(C)C1CC=C(CO)CC21,1,ChEMBL_pos
CCCCCCCCN1SCCC1=O,1,ChEMBL_pos
CCCCCCCCNC(=O)Oc1ccc2c(c1)C1(C)CCN(C)C1N2C,1,ChEMBL_pos
CCCCCCCCn1sc2ccccc2c1=O,1,ChEMBL_pos
CCCCCCCN1C(=O)NC(c2ccc(Br)cc2)(c2ccc(Br)cc2)C1=O,1,ChEMBL_pos
CCCCCCCNC(=O)Oc1ccc2c(c1)C1(C)CCN(C)C1C2,1,ChEMBL_pos
CCCCCCCNC(=O)Oc1ccc2c(c1)C1(C)CCN(C)C1N2C,1,ChEMBL_pos
CCCCCCCNC(=O)Oc1ccc2c(c1)C1(C)CCN(CC)C1C2,1,ChEMBL_pos
CCCCCCCNC(=O)Oc1ccc2c(c1)C1(C)CCN(CCC)C1C2,1,ChEMBL_pos
CCCCCCCNC(=O)Oc1ccc2c(c1)C1(C)CCN(Cc3ccccc3)C1C2,1,ChEMBL_pos
CCCCCCCNC(=O)Oc1ccc2c(c1)C1CCN(CC)C1C2,1,ChEMBL_pos
CCCCCCCNC(=O)Oc1ccc2c(c1)C1CCN(CCC)C1C2,1,ChEMBL_pos
CCCCCCCNC(=O)Oc1cccc2c1OCC1CCN(C)C21,1,ChEMBL_pos
CCCCCCCNc1c2c(nc3cc(C)ccc13)CCCC2,1,ChEMBL_pos
CCCCCCCNc1c2c(nc3cc(Cl)ccc13)CCCC2,1,ChEMBL_pos
CCCCCCCNc1c2c(nc3cc(F)ccc13)CCCC2,1,ChEMBL_pos
CCCCCCCNc1c2c(nc3cc(OC)ccc13)CCCC2,1,ChEMBL_pos
CCCCCCCNc1c2c(nc3cc([N+](=O)[O-])ccc13)CCCC2,1,ChEMBL_pos
CCCCCCCNc1c2c(nc3ccc(C)cc13)CCCC2,1,ChEMBL_pos
CCCCCCCSC(=O)OCC[N+](C)(C)C,1,ChEMBL_pos
CCCCCCCc1cc(O)c2c(c1)OC(C)(C)C1CC=C(C)CC21,1,ChEMBL_pos
CCCCCCCn1cc(C(=O)c2cccc3ccccc23)cc1-c1ccccc1,1,ChEMBL_pos
CCCCCCN(C)C(=O)Oc1ccc2c(c1)C(N)CC2,1,ChEMBL_pos
CCCCCCN1CC(C(=O)NC(Cc2cc(F)cc(F)c2)C(O)C2CC(OCc3ccccc3)CN2)CC1=O,1,ChEMBL_pos
CCCCCCNC(=O)Oc1ccc2c(c1)C1(C)CCN(C)C1C2,1,ChEMBL_pos
CCCCCCNC(=O)Oc1ccc2c(c1)C1(C)CCN(CC)C1C2,1,ChEMBL_pos
CCCCCCNC(=O)Oc1ccc2c(c1)C1(C)CCN(CCC)C1C2,1,ChEMBL_pos
CCCCCCNC(=O)Oc1ccc2c(c1)C1CCN(CC)C1C2,1,ChEMBL_pos
CCCCCCNC(=O)Oc1ccc2c(c1)C1CCN(CCC)C1C2,1,ChEMBL_pos
CCCCCCNC(=O)c1cc(-c2ccc(Cl)cc2)c(-c2ccc(Cl)cc2Cl)nc1Cl,1,ChEMBL_pos
CCCCCCNC(=O)c1ccc(-c2ccc(Cl)cc2)c(-c2ccc(Cl)cc2Cl)n1,1,ChEMBL_pos
CCCCCCNC(=O)c1cnc(-c2ccc(Cl)cc2Cl)c(-c2ccc(Cl)cc2)c1,1,ChEMBL_pos
CCCCCCNC(=O)c1nc(-c2ccc(Cl)cc2)c(-c2ccc(Cl)cc2)n1C,1,ChEMBL_pos
CCCCCCOc1c(O)cc(Br)c2c1CN1CCc3cc(OC)c(O)cc3C1C2,1,ChEMBL_pos
CCCCCCOc1c(O)ccc2c1CN1CCc3cc(OC)c(O)cc3C1C2,1,ChEMBL_pos
CCCCCCOc1ccc(C(=O)c2cccc3ccccc23)c2ccccc12,1,ChEMBL_pos
CCCCCCOc1ccc2c(c1OC)CN1CCc3cc(OC)c(O)cc3C1C2,1,ChEMBL_pos
CCCCCCSC(=O)OCC[N+](C)(C)C,1,ChEMBL_pos
CCCCCCSc1nc(-c2ccc(C)cc2)nn1C(=O)N(C)C,1,ChEMBL_pos
CCCCCCc1c(O)cccc1OCCCCCCCC(=O)NC1CC1,1,ChEMBL_pos
CCCCCCc1c(O)cccc1OCCCCCCCC(=O)NCCO,1,ChEMBL_pos
CCCCCCc1c(O)cccc1OCCCCCCCCCCC(=O)NCC1CC1,1,ChEMBL_pos
CCCCCCc1c(O)cccc1OCCCCCCCCCCCC(=O)NC1CC1,1,ChEMBL_pos
CCCCCCc1c(O)cccc1OCCCCCCCCCCCC(=O)NCCO,1,ChEMBL_pos
CCCCCCc1ccc(O)cc1OCCCCCCCCCCC(=O)NC1CC1,1,ChEMBL_pos
CCCCCCc1ccc(O)cc1OCCCCCCCCCCC(=O)NCCO,1,ChEMBL_pos
CCCCCCc1ccc(OCCCCCC(=O)NC2CC2)cc1O,1,ChEMBL_pos
CCCCCCc1ccc(OCCCCCCCC(=O)NC2CC2)cc1O,1,ChEMBL_pos
CCCCCCc1ccc(OCCCCCCCC(=O)NCCO)cc1O,1,ChEMBL_pos
CCCCCCc1ccc(OCCCCCCCCCCC(=O)NC2CC2)cc1O,1,ChEMBL_pos
CCCCCCn1cc(C(=O)Nc2cccc3ccccc23)c(=O)c2ccccc21,1,ChEMBL_pos
CCCCCCn1cc(C(=O)c2cccc3ccccc23)c(=O)c2ccccc21,1,ChEMBL_pos
CCCCCCn1cc(C(=O)c2cccc3ccccc23)cc1-c1ccccc1,1,ChEMBL_pos
CCCCCN1CC(C(=O)NC(Cc2cc(F)cc(F)c2)C(O)C2CC(OCc3ccccc3)CN2)C(C2CC2)C1=O,1,ChEMBL_pos
CCCCCN1CC(C(=O)NC(Cc2cc(F)cc(F)c2)C(O)C2CC(OCc3ccccc3)CN2)C(C2CCCC2)C1=O,1,ChEMBL_pos
CCCCCN1CC(C(=O)NC(Cc2cc(F)cc(F)c2)C(O)C2CC(OCc3ccccc3)CN2)C(CC(C)C)C1=O,1,ChEMBL_pos
CCCCCN1CC(C(=O)NC(Cc2cc(F)cc(F)c2)C(O)C2CC(OCc3ccccc3)CN2)C(Cc2ccccc2)C1=O,1,ChEMBL_pos
CCCCCN1CC(C(=O)NC(Cc2cc(F)cc(F)c2)C(O)C2CC(OCc3ccccc3)CN2)CC1=O,1,ChEMBL_pos
CCCCCN1CCC(COC(=O)c2ccc(N)c(OC)c2)CC1,1,ChEMBL_pos
CCCCCNC(=N)NN=Cc1c[nH]c2ccc(OC)cc12,1,ChEMBL_pos
CCCCCNc1ccc(C(=O)c2cccc3ccccc23)c2ccccc12,1,ChEMBL_pos
CCCCCOC(=O)c1cc(O)c(-c2cc(C)cc(C)c2)c(OC)c1,1,ChEMBL_pos
CCCCCOc1c(O)cc(Br)c2c1CN1CCc3cc(OC)c(O)cc3C1C2,1,ChEMBL_pos
CCCCCOc1c(O)ccc2c1CN1CCc3cc(OC)c(O)cc3C1C2,1,ChEMBL_pos
CCCCCOc1c(OC)ccc2cc(C(=O)NCc3ccc4c(c3)OCO4)c(=O)[nH]c12,1,ChEMBL_pos
CCCCCOc1cc(C(=O)NC(Cc2ccccc2)C(O)CNC(C)C(=O)NC2CCCCC2)cc(N2CCCC2=O)c1,1,ChEMBL_pos
CCCCCOc1cc(C=CC(=O)NC(Cc2ccc(O)cc2)C(=O)OC)ccc1OC,1,ChEMBL_pos
CCCCCOc1cc(C=CC(=O)NC(Cc2ccccc2)C(=O)OC)ccc1OC,1,ChEMBL_pos
CCCCCOc1ccc(C(=O)c2cccc3ccccc23)c2ccccc12,1,ChEMBL_pos
CCCCCOc1ccc2c(c1OC)CN1CCc3cc(OC)c(O)cc3C1C2,1,ChEMBL_pos
CCCCCSC(=O)OCC[N+](C)(C)C,1,ChEMBL_pos
CCCCCc1cc(O)c2c(c1)CC(C)(C)C1CCC(C)=CC21,1,ChEMBL_pos
CCCCCc1cc(O)c2c(c1)OC(C)(C)C1CC=C(C)CC21,1,ChEMBL_pos
CCCCCc1cc(O)c2c(c1)OC(C)(C)C1CC=C(CO)CC21,1,ChEMBL_pos
CCCCCc1cc(O)c2c(c1)OC(C)(C)C1CCC(C)=CC21,1,ChEMBL_pos
CCCCCc1cc(O)c2c(c1)OC(C)(C)c1ccc(C)cc1-2,1,ChEMBL_pos
CCCCCc1cc(O)c2c(c1)OC(C)(C)c1ccc(CO)cc1-2,1,ChEMBL_pos
CCCCCc1cc(O)cc(OCCCCCC(=O)NC2CC2)c1,1,ChEMBL_pos
CCCCCc1cc(O)cc(OCCCCCCCC(=O)NC2CC2)c1,1,ChEMBL_pos
CCCCCc1cc(O)cc(OCCCCCCCC(=O)NCCO)c1,1,ChEMBL_pos
CCCCCc1cc(O)cc(OCCCCCCCCCCC(=O)NC2CC2)c1,1,ChEMBL_pos
CCCCCc1cc(O)cc(OCCCCCCCCCCC(=O)NCC2CC2)c1,1,ChEMBL_pos
CCCCCc1cc(O)cc(OCCCCCCCCCCC(=O)NCCO)c1,1,ChEMBL_pos
CCCCCc1cc(O)cc(OCCCCCCCCCCC(=O)NCCc2ccc(O)c(O)c2)c1,1,ChEMBL_pos
CCCCCc1cc(O)cc(OCCCCCCCCCCCC(=O)NC2CC2)c1,1,ChEMBL_pos
CCCCCc1cc(O)cc(OCCCCCCCCCCCC(=O)NCCO)c1,1,ChEMBL_pos
CCCCCc1cc2c(c3c1CCCO3)C1C=C(C)CCC1C(C)(C)O2,1,ChEMBL_pos
CCCCCc1cc2c(s1)CC1c3cc(O)c(OC)cc3CCN1C2,1,ChEMBL_pos
CCCCCc1ccc(Nc2noc3c(C(=O)Nc4cncnc4)c(Cl)ccc23)cc1,1,ChEMBL_pos
CCCCCc1ccc(OCCCCCCCCCCC(=O)NC2CC2)cc1O,1,ChEMBL_pos
CCCCCn1c(-c2ccccc2)c(C(=O)NC23CC4CC(C)(CC(C)(C4)C2)C3)c(=O)c2ccccc21,1,ChEMBL_pos
CCCCCn1c(-c2ccccc2)c(C(=O)NC23CC4CC(CC(C4)C2)C3)c(=O)c2ccccc21,1,ChEMBL_pos
CCCCCn1c(C)c(C(=O)Cc2ccc(F)cc2)c2ccccc21,1,ChEMBL_pos
CCCCCn1c(C)c(C(=O)Cc2ccc(OC)cc2)c2ccccc21,1,ChEMBL_pos
CCCCCn1c(C)c(C(=O)Cc2cccc(Cl)c2)c2ccccc21,1,ChEMBL_pos
CCCCCn1c(C)c(C(=O)Cc2cccc(F)c2)c2ccccc21,1,ChEMBL_pos
CCCCCn1c(C)c(C(=O)Cc2cccc(OC)c2)c2ccccc21,1,ChEMBL_pos
CCCCCn1c(C)c(C(=O)Cc2ccccc2)c2ccccc21,1,ChEMBL_pos
CCCCCn1c(C)c(C(=O)Cc2ccccc2Br)c2ccccc21,1,ChEMBL_pos
CCCCCn1c(C)c(C(=O)Cc2ccccc2C)c2ccccc21,1,ChEMBL_pos
CCCCCn1c(C)c(C(=O)Cc2ccccc2Cl)c2ccccc21,1,ChEMBL_pos
CCCCCn1c(C)c(C(=O)Cc2ccccc2F)c2ccccc21,1,ChEMBL_pos
CCCCCn1c(C)c(C(=O)Cc2ccccc2OC)c2ccccc21,1,ChEMBL_pos
CCCCCn1c(C)c(C(=O)NC(C)c2ccccc2)c(=O)c2ccccc21,1,ChEMBL_pos
CCCCCn1c(C)c(C(=O)NC23CC4CC(C)(CC(C)(C4)C2)C3)c(=O)c2ccccc21,1,ChEMBL_pos
CCCCCn1c(C)c(C(=O)NC2C3(C)CCC(C3)C2(C)C)c2cccc(OC)c21,1,ChEMBL_pos
CCCCCn1cc(C(=O)Cc2ccc(Br)cc2)c2ccccc21,1,ChEMBL_pos
CCCCCn1cc(C(=O)Cc2ccc(C)cc2)c2ccccc21,1,ChEMBL_pos
CCCCCn1cc(C(=O)Cc2ccc(Cl)cc2)c2ccccc21,1,ChEMBL_pos
CCCCCn1cc(C(=O)Cc2ccc(F)cc2)c2ccccc21,1,ChEMBL_pos
CCCCCn1cc(C(=O)Cc2ccc(OC)cc2)c2ccccc21,1,ChEMBL_pos
CCCCCn1cc(C(=O)Cc2cccc(Cl)c2)c2ccccc21,1,ChEMBL_pos
CCCCCn1cc(C(=O)Cc2cccc(F)c2)c2ccccc21,1,ChEMBL_pos
CCCCCn1cc(C(=O)Cc2cccc(OC)c2)c2ccccc21,1,ChEMBL_pos
CCCCCn1cc(C(=O)Cc2ccccc2)c2ccccc21,1,ChEMBL_pos
CCCCCn1cc(C(=O)Cc2ccccc2Br)c2ccccc21,1,ChEMBL_pos
CCCCCn1cc(C(=O)Cc2ccccc2C)c2ccccc21,1,ChEMBL_pos
CCCCCn1cc(C(=O)Cc2ccccc2Cl)c2ccccc21,1,ChEMBL_pos
CCCCCn1cc(C(=O)Cc2ccccc2F)c2ccccc21,1,ChEMBL_pos
CCCCCn1cc(C(=O)Cc2ccccc2OC)c2ccccc21,1,ChEMBL_pos
CCCCCn1cc(C(=O)NC(C)C23CC4CC(CC(C4)C2)C3)c(=O)c2cc(Cl)ccc21,1,ChEMBL_pos
CCCCCn1cc(C(=O)NC(C)C23CC4CC(CC(C4)C2)C3)c(=O)c2ccc(Cl)cc21,1,ChEMBL_pos
CCCCCn1cc(C(=O)NC(C)C23CC4CC(CC(C4)C2)C3)c(=O)c2ccccc21,1,ChEMBL_pos
CCCCCn1cc(C(=O)NC(C)c2ccc3ccccc3c2)c(=O)c2ccccc21,1,ChEMBL_pos
CCCCCn1cc(C(=O)NC(C)c2cccc3ccccc23)c(=O)c2ccccc21,1,ChEMBL_pos
CCCCCn1cc(C(=O)NC(C)c2ccccc2)c(=O)c2ccccc21,1,ChEMBL_pos
CCCCCn1cc(C(=O)NC23CC4CC(C)(CC(C)(C4)C2)C3)c(=O)c2cc(Cl)ccc21,1,ChEMBL_pos
CCCCCn1cc(C(=O)NC23CC4CC(C)(CC(C)(C4)C2)C3)c(=O)c2ccc(Cl)cc21,1,ChEMBL_pos
CCCCCn1cc(C(=O)NC23CC4CC(C)(CC(C)(C4)C2)C3)c(=O)c2cccc(Cl)c21,1,ChEMBL_pos
CCCCCn1cc(C(=O)NC23CC4CC(C)(CC(C)(C4)C2)C3)c(=O)c2ccccc21,1,ChEMBL_pos
CCCCCn1cc(C(=O)NC23CC4CC(C)(CC(C)(C4)C2)C3)c(=O)c2cccnc21,1,ChEMBL_pos
CCCCCn1cc(C(=O)NC23CC4CC(C)(CC(C)(C4)C2)C3)c(=O)c2cnccc21,1,ChEMBL_pos
CCCCCn1cc(C(=O)NC23CC4CC(C)(CC(C)(C4)C2)C3)c(=O)c2ncccc21,1,ChEMBL_pos
CCCCCn1cc(C(=O)NC23CC4CC(C)(CC(C)(C4)C2)C3)c(=S)c2ccccc21,1,ChEMBL_pos
CCCCCn1cc(C(=O)NC23CC4CC(CC(C4)C2)C3)c(=O)c2ccccc21,1,ChEMBL_pos
CCCCCn1cc(C(=O)NC2C3CC4CC(C3)CC2C4)c(=O)c2ccccc21,1,ChEMBL_pos
CCCCCn1cc(C(=O)NC2CCCc3ccccc32)c(=O)c2cc(Cl)ccc21,1,ChEMBL_pos
CCCCCn1cc(C(=O)NC2CCCc3ccccc32)c(=O)c2ccccc21,1,ChEMBL_pos
CCCCCn1cc(C(=O)NCC23CC4CC(CC(C4)C2)C3)c(=O)c2ccccc21,1,ChEMBL_pos
CCCCCn1cc(C(=O)NCCc2ccc3c(c2)OCO3)c(=O)c2ccccc21,1,ChEMBL_pos
CCCCCn1cc(C(=O)NCCc2ccccc2)c(=O)c2ccccc21,1,ChEMBL_pos
CCCCCn1cc(C(=O)Nc2ccc(C#N)cc2)c(=O)c2ccccc21,1,ChEMBL_pos
CCCCCn1cc(C(=O)Nc2cccc3ccccc23)c(=O)c2ccccc21,1,ChEMBL_pos
CCCCCn1cc(C(=O)c2cccc3ccccc23)c(=O)c2ccccc21,1,ChEMBL_pos
CCCCCn1cc(C(=O)c2cccc3ccccc23)cc1-c1ccc(C(F)(F)F)cc1,1,ChEMBL_pos
CCCCCn1cc(C(=O)c2cccc3ccccc23)cc1-c1ccc(C)cc1,1,ChEMBL_pos
CCCCCn1cc(C(=O)c2cccc3ccccc23)cc1-c1ccc(CC)cc1,1,ChEMBL_pos
CCCCCn1cc(C(=O)c2cccc3ccccc23)cc1-c1ccc(CCCC)cc1,1,ChEMBL_pos
CCCCCn1cc(C(=O)c2cccc3ccccc23)cc1-c1ccc(Cl)cc1,1,ChEMBL_pos
CCCCCn1cc(C(=O)c2cccc3ccccc23)cc1-c1ccc(F)cc1,1,ChEMBL_pos
CCCCCn1cc(C(=O)c2cccc3ccccc23)cc1-c1ccc(OC)cc1,1,ChEMBL_pos
CCCCCn1cc(C(=O)c2cccc3ccccc23)cc1-c1ccc2ccccc2c1,1,ChEMBL_pos
CCCCCn1cc(C(=O)c2cccc3ccccc23)cc1-c1cccc(C(F)(F)F)c1,1,ChEMBL_pos
CCCCCn1cc(C(=O)c2cccc3ccccc23)cc1-c1cccc(C)c1,1,ChEMBL_pos
CCCCCn1cc(C(=O)c2cccc3ccccc23)cc1-c1cccc(Cl)c1,1,ChEMBL_pos
CCCCCn1cc(C(=O)c2cccc3ccccc23)cc1-c1cccc(F)c1,1,ChEMBL_pos
CCCCCn1cc(C(=O)c2cccc3ccccc23)cc1-c1cccc(OC)c1,1,ChEMBL_pos
CCCCCn1cc(C(=O)c2cccc3ccccc23)cc1-c1cccc([N+](=O)[O-])c1,1,ChEMBL_pos
CCCCCn1cc(C(=O)c2cccc3ccccc23)cc1-c1cccc2ccccc12,1,ChEMBL_pos
CCCCCn1cc(C(=O)c2cccc3ccccc23)cc1-c1ccccc1,1,ChEMBL_pos
CCCCCn1cc(C(=O)c2cccc3ccccc23)cc1-c1ccccc1C,1,ChEMBL_pos
CCCCCn1cc(C(=O)c2cccc3ccccc23)cc1-c1ccccc1C(F)(F)F,1,ChEMBL_pos
CCCCCn1cc(C(=O)c2cccc3ccccc23)cc1-c1ccccc1CC,1,ChEMBL_pos
CCCCCn1cc(C(=O)c2cccc3ccccc23)cc1-c1ccccc1CCCC,1,ChEMBL_pos
CCCCCn1cc(C(=O)c2cccc3ccccc23)cc1-c1ccccc1Cl,1,ChEMBL_pos
CCCCCn1cc(C(=O)c2cccc3ccccc23)cc1-c1ccccc1F,1,ChEMBL_pos
CCCCCn1cc(C(=O)c2cccc3ccccc23)cc1-c1ccccc1OC,1,ChEMBL_pos
CCCCCn1cc(C(=O)c2cccc3ccccc23)cc1-c1cccnc1,1,ChEMBL_pos
CCCCCn1cc(C(=O)c2ccccc2)c(=O)c2ccccc21,1,ChEMBL_pos
CCCCCn1cc(NC(=O)C23CC4CC(CC(C4)C2)C3)c(=O)c2ccccc21,1,ChEMBL_pos
CCCCCn1cc(NC(=O)c2cccc3ccccc23)c(=O)c2ccccc21,1,ChEMBL_pos
CCCCCn1ccc(C(=O)c2cccc3ccccc23)c1,1,ChEMBL_pos
CCCCCn1nc(C(=O)NC23CC4CC(C)(CC(C)(C4)C2)C3)c(=O)c2ccccc21,1,ChEMBL_pos
CCCCN(C)C(=O)c1ccc2c(c1)c1c(n2S(=O)(=O)CC)CN(C2CCCC2)C1,1,ChEMBL_pos
CCCCN(CCC)C1CCc2c(F)cccc2C1,1,ChEMBL_pos
CCCCN(CCCC)S(=O)(=O)CCC(=O)NC(Cc1ccccc1)C(O)CNCc1cccc(OC)c1,1,ChEMBL_pos
CCCCN1C(=O)C(c2ccc(I)cc2)(c2ccc(I)cc2)NC1=S,1,ChEMBL_pos
CCCCN1CC(C(=O)NC(Cc2cc(F)cc(F)c2)C(O)C2CC(OCc3ccccc3)CN2)C(CC(C)C)C1=O,1,ChEMBL_pos
CCCCN1CC(C(=O)NC(Cc2cc(F)cc(F)c2)C(O)C2CC(OCc3ccccc3)CN2)C(CC)C1=O,1,ChEMBL_pos
CCCCN1CC(C(=O)NC(Cc2cc(F)cc(F)c2)C(O)C2CC(OCc3ccccc3)CN2)C(CCC)C1=O,1,ChEMBL_pos
CCCCN1CC(C(=O)NC(Cc2cc(F)cc(F)c2)C(O)C2CC(OCc3ccccc3)CN2)C(Cc2ccccc2)C1=O,1,ChEMBL_pos
CCCCN1CC(C(=O)NC(Cc2cc(F)cc(F)c2)C(O)C2CC(OCc3ccccc3)CN2)CC1=O,1,ChEMBL_pos
CCCCN1CCC(CCC(=O)c2cc(Br)ccc2OC)CC1,1,ChEMBL_pos
CCCCN1CCC(CCC(=O)c2cc(Cl)c(N)cc2OC)CC1,1,ChEMBL_pos
CCCCN1CCC(CCC(=O)c2cc(I)c(N)cc2OC)CC1,1,ChEMBL_pos
CCCCN1CCC(CCC(=O)c2ccc(N)cc2OC)CC1,1,ChEMBL_pos
CCCCN1CCC(CCC(=O)c2ccc3[nH]ccc3c2)CC1,1,ChEMBL_pos
CCCCN1CCC(COC(=O)c2cc(Br)c(NC)c3c2OCCO3)CC1,1,ChEMBL_pos
CCCCN1CCC(COC(=O)c2cc(C#N)c(N)c3c2OCCO3)CC1,1,ChEMBL_pos
CCCCN1CCC(COC(=O)c2cc(C#N)c(NC)c3c2OCCO3)CC1,1,ChEMBL_pos
CCCCN1CCC(COC(=O)c2cc(C)c(N)c3c2OCCO3)CC1,1,ChEMBL_pos
CCCCN1CCC(COC(=O)c2cc(Cl)c(NC)c3c2OCCO3)CC1,1,ChEMBL_pos
CCCCN1CCC(COC(=O)c2cc(F)c(N)c3c2OCCO3)CC1,1,ChEMBL_pos
CCCCN1CCC(COC(=O)c2cc(I)c(N)c3c2OCCO3)CC1,1,ChEMBL_pos
CCCCN1CCC(COC(=O)c2cc(I)c(NC)c3c2OCCO3)CC1,1,ChEMBL_pos
CCCCN1CCC(COC(=O)c2cc([N+](=O)[O-])c(N)c3c2OCCO3)CC1,1,ChEMBL_pos
CCCCN1CCC(COC(=O)c2ccc(N)c(OC)c2)CC1,1,ChEMBL_pos
CCCCN1CCC(COC(=O)c2ccc(N)c(OCCF)c2)CC1,1,ChEMBL_pos
CCCCN1CCC(COC(=O)c2ccc(N)c(OCF)c2)CC1,1,ChEMBL_pos
CCCCN1CCC(COC(=O)c2ccc(N)c3c2OCCO3)CC1,1,ChEMBL_pos
CCCCN1CCC(COC(=O)c2ccc(N)cc2OC)CC1,1,ChEMBL_pos
CCCCN1CCC(COC(=O)c2ccc(NC)c3c2OCCO3)CC1,1,ChEMBL_pos
CCCCN1CCC(COc2noc3cccc(OC4CCC4)c23)CC1,1,ChEMBL_pos
CCCCN1CCC(COc2noc3cccc(OC4CCCC4)c23)CC1,1,ChEMBL_pos
CCCCN1CCC(COc2noc3cccc(OCC(C)(C)C)c23)CC1,1,ChEMBL_pos
CCCCN1CCC(COc2noc3cccc(OCC(C)C)c23)CC1,1,ChEMBL_pos
CCCCN1CCC(COc2noc3cccc(OCC4CCC4)c23)CC1,1,ChEMBL_pos
CCCCN1CCCC1CNC(=O)c1cc(Cl)cc2c1OCCN2C,1,ChEMBL_pos
CCCCN1Cc2c(n(S(=O)(=O)CC)c3ccc(C(=O)N4CCC(C)CC4)cc23)C1,1,ChEMBL_pos
CCCCNC(=O)C(C)CC(O)C(CC(C)C)NC(=O)C(C)N(C)C(=O)C(CC(C)C)NC(C)=O,1,ChEMBL_pos
CCCCNC(=O)C(C)CC(O)C(CC(C)C)NC(=O)C(C)NC(=O)C(CC(C)C)NC(C)=O,1,ChEMBL_pos
CCCCNC(=O)C(C)CC(O)C1COCC=CCSCC(NC(=O)OC(C)(C)C)C(=O)NC(C)C(=O)N1,1,ChEMBL_pos
CCCCNC(=O)C(C)CC(O)C1CSCC=CCSC2CCCNC2C(=O)NC(C)C(=O)N1,1,ChEMBL_pos
CCCCNC(=O)C(C)NC(=O)C1CCCC1C(O)C(CC(C)C)NC(=O)C(CCSC)NC(=O)C(CC(C)C)NC(C)=O,1,ChEMBL_pos
CCCCNC(=O)C(NC(=O)C(C)CC(O)C1CSCC=CCSCC(NC(=O)OC(C)(C)C)C(=O)NC(C)C(=O)N1)C(C)C,1,ChEMBL_pos
CCCCNC(=O)C(NC(=O)C1CC(=O)CC1C(O)C(CC(C)C)NC(=O)C(CCSC)NC(=O)C(CC(C)C)NC(C)=O)C(C)C,1,ChEMBL_pos
CCCCNC(=O)C(NC(=O)C1CCCC1C(O)C(CC(C)C)NC(=O)C(CCSC)NC(=O)C(CC(C)C)NC(C)=O)C(C)C,1,ChEMBL_pos
CCCCNC(=O)OCCCCCCCCCCCCCCCCO,1,ChEMBL_pos
CCCCNC(=O)OCCCCCCCCCCCCCCCCOC(=O)NCCCC,1,ChEMBL_pos
CCCCNC(=O)OCCCCCCCCCCCCCCO,1,ChEMBL_pos
CCCCNC(=O)OCCCCCCCCCCCCCCOC(=O)NCCCC,1,ChEMBL_pos
CCCCNC(=O)OCCCCCCCCCCCCO,1,ChEMBL_pos
CCCCNC(=O)OCCCCCCCCCCCCOC(=O)NCCCC,1,ChEMBL_pos
CCCCNC(=O)OCCCCCCCCCCO,1,ChEMBL_pos
CCCCNC(=O)OCCCCCCCCCCOC(=O)NCCCC,1,ChEMBL_pos
CCCCNC(=O)OCCCCCCCCO,1,ChEMBL_pos
CCCCNC(=O)OCCCCCCCCOC(=O)NCCCC,1,ChEMBL_pos
CCCCNC(=O)OCCCCCOC(=O)NCCCC,1,ChEMBL_pos
CCCCNC(=O)OCCOC(=O)NCCCC,1,ChEMBL_pos
CCCCNC(=O)Oc1ccc2c(c1)C1(C)CCN(C)C1N2C,1,ChEMBL_pos
CCCCNC(=O)Oc1ccc2c(c1)C1(C)CCN(CC)C1C2,1,ChEMBL_pos
CCCCNC(=O)Oc1ccc2c(c1Br)c1c(n2C)C(=NC)CC1,1,ChEMBL_pos
CCCCNC(=O)c1ccc(-c2scc(-c3ccccc3Cl)c2CC(=O)N=C(N)NCCCO)cc1,1,ChEMBL_pos
CCCCNC(=O)c1ccc(C)c(C#Cc2cnc3ccnn3c2)c1,1,ChEMBL_pos
CCCCNC(=O)c1oc2ccc(S(=O)(=O)N3CC(C)CC(C)C3)cc2c1C,1,ChEMBL_pos
CCCCNC1CCc2c(F)cccc2C1,1,ChEMBL_pos
CCCCNc1ccc(C(=O)OCCN(C)C)cc1,1,ChEMBL_pos
CCCCNc1ncc2c(-c3ccc(CN4CCN(C)CC4)cc3)cn(C3CCC(O)CC3)c2n1,1,ChEMBL_pos
CCCCOC1CCNC(C(O)C(Cc2cc(F)cc(F)c2)NC(=O)c2cc(C)cc(C(=O)N(CCC)CCC)c2)C1,1,ChEMBL_pos
CCCCOc1c(O)cc(Br)c2c1CN1CCc3cc(OC)c(O)cc3C1C2,1,ChEMBL_pos
CCCCOc1c(O)ccc2c1CN1CCc3cc(OC)c(O)cc3C1C2,1,ChEMBL_pos
CCCCOc1ccc(C(=O)c2cccc3ccccc23)c2ccccc12,1,ChEMBL_pos
CCCCOc1ccc2c(c1)C13CCCCC1C(C2)N(C)CC3,1,ChEMBL_pos
CCCCOc1ccc2c(c1OC)CN1CCc3cc(OC)c(O)cc3C1C2,1,ChEMBL_pos
CCCCOc1nc(-c2ccc(Cl)cc2Cl)c(-c2ccc(Cl)cc2)cc1C(=O)NC,1,ChEMBL_pos
CCCCOc1nc(-c2ccc(Cl)cc2Cl)c(-c2ccc(Cl)cc2)cc1C(=O)NCCC,1,ChEMBL_pos
CCCCOc1nc(-c2ccc(Cl)cc2Cl)c(-c2ccc(Cl)cc2)cc1C(=O)OC,1,ChEMBL_pos
CCCCOc1nc(-c2ccc(Cl)cc2Cl)c(-c2ccc(Cl)cc2)cc1C(N)=O,1,ChEMBL_pos
CCCCS(=O)(=O)CC(NC(=O)C1CC1)C(=O)NC(Cc1cc(F)cc(F)c1)C(O)CNCc1cccc(CC)c1,1,ChEMBL_pos
CCCCS(=O)(=O)CC(NC(=O)COC)C(=O)NC(Cc1cc(F)cc(F)c1)C(O)CNCc1cccc(CC)c1,1,ChEMBL_pos
CCCCS(=O)(=O)CC(NC(=O)OC)C(=O)NC(Cc1cc(F)cc(F)c1)C(O)CNCc1cccc(CC)c1,1,ChEMBL_pos
CCCCS(=O)(=O)CC(NC(=O)OCC(F)(F)F)C(=O)NC(Cc1cc(F)cc(F)c1)C(O)CNCc1cccc(CC)c1,1,ChEMBL_pos
CCCCS(=O)(=O)CC(NC(=O)OCCC#N)C(=O)NC(Cc1cc(F)cc(F)c1)C(O)CNCc1cccc(CC)c1,1,ChEMBL_pos
CCCCS(=O)(=O)CC(NC(=O)OCCNC(C)=O)C(=O)NC(Cc1cc(F)cc(F)c1)C(O)CNCc1cccc(CC)c1,1,ChEMBL_pos
CCCCS(=O)(=O)CC(NC(=O)OCc1cccnc1)C(=O)NC(Cc1cc(F)cc(F)c1)C(O)CNCc1cccc(CC)c1,1,ChEMBL_pos
CCCCS(=O)(=O)CC(NC(=O)OCc1ccncc1)C(=O)NC(Cc1cc(F)cc(F)c1)C(O)CNCc1cccc(CC)c1,1,ChEMBL_pos
CCCCS(=O)(=O)CC(NC(=O)SC1CCOC1)C(=O)NC(Cc1cc(F)cc(F)c1)C(O)CNCc1cccc(CC)c1,1,ChEMBL_pos
CCCCS(=O)(=O)CC(NC(=O)c1cc(C)[nH]n1)C(=O)NC(Cc1cc(F)cc(F)c1)C(O)CNCc1cccc(CC)c1,1,ChEMBL_pos
CCCCS(=O)(=O)CC(NC(=O)c1cccnc1)C(=O)NC(Cc1cc(F)cc(F)c1)C(O)CNCc1cccc(CC)c1,1,ChEMBL_pos
CCCCS(=O)(=O)CC(NC(=O)c1ccncc1)C(=O)NC(Cc1cc(F)cc(F)c1)C(O)CNCc1cccc(CC)c1,1,ChEMBL_pos
CCCCS(=O)(=O)CC(NC(=O)c1cnccc1O)C(=O)NC(Cc1cc(F)cc(F)c1)C(O)CNCc1cccc(CC)c1,1,ChEMBL_pos
CCCCS(=O)(=O)CC(NC(=O)c1cnccn1)C(=O)NC(Cc1cc(F)cc(F)c1)C(O)CNCc1cccc(CC)c1,1,ChEMBL_pos
CCCCS(=O)(=O)CC(NC(=O)c1ncc[nH]1)C(=O)NC(Cc1cc(F)cc(F)c1)C(O)CNCc1cccc(CC)c1,1,ChEMBL_pos
CCCCS(=O)(=O)CC(NC(C)=O)C(=O)NC(Cc1cc(F)cc(F)c1)C(O)CNCc1cccc(CC)c1,1,ChEMBL_pos
CCCCS(=O)(=O)NC(C)C(Cc1ccc(Cl)cc1)c1cccc(C#N)c1,1,ChEMBL_pos
CCCCS(=O)(=O)Nc1cc(-c2ccc3ncnc(NCCN(C)C)c3c2)cnc1OC,1,ChEMBL_pos
CCCCSC(=O)OCC[N+](C)(C)C,1,ChEMBL_pos
CCCCSc1ccc(CC(C)N)cc1,1,ChEMBL_pos
CCCCc1c(C(=O)NC2CCCCC2O)nc(-c2ccccc2Cl)n1-c1ccc(Cl)cc1,1,ChEMBL_pos
CCCCc1cc2c(c(C(F)(F)F)c1)C(=O)N1CCNCC21,1,ChEMBL_pos
CCCCc1cc2c(s1)CC1c3cc(O)c(OC)cc3CCN1C2,1,ChEMBL_pos
CCCCc1ccc(C(=O)C2CCN(C(=O)c3cc(O)ccc3F)CC2)cc1,1,ChEMBL_pos
CCCCc1ccc(C(=O)C2CCN(C(=O)c3ccc(F)c(O)c3)CC2)cc1,1,ChEMBL_pos
CCCCc1ccc(C(=O)C2CCN(C(=O)c3cccc(O)c3)CC2)cc1,1,ChEMBL_pos
CCCCc1ccc(Nc2noc3c(C(=O)Nc4cncnc4)c(Cl)ccc23)cc1,1,ChEMBL_pos
CCCCc1ccc(S(=O)(=O)N2CCN(C(=O)Oc3ccc([N+](=O)[O-])cc3)CC2)cc1,1,ChEMBL_pos
CCCCc1cnc2c(c1)C1c3cc(O)c(O)cc3CCC1NC2,1,ChEMBL_pos
CCCCn1cc(C(=O)Nc2cccc3ccccc23)c(=O)c2ccccc21,1,ChEMBL_pos
CCCCn1cc(C(=O)c2cccc3ccccc23)cc1-c1ccccc1,1,ChEMBL_pos
CCCCn1cc(CCN(C)C)c2c(O)cccc21,1,ChEMBL_pos
CCCN(C(=O)C1CCCCC1)C1CCC(CCN2CCN(c3cccc(Cl)c3Cl)CC2)CC1,1,ChEMBL_pos
CCCN(CC1CC1)C1CCc2ccc3[nH]c(C(N)=O)cc3c2C1,1,ChEMBL_pos
CCCN(CC1CC1)c1cc(C(=O)NC(CO)Cc2cc(F)cc(F)c2)cc(N(C)S(=O)(=O)C(C)C)n1,1,ChEMBL_pos
CCCN(CCC)C(=O)c1cc(C#N)cc(C(=O)NC(Cc2ccccc2)C(O)CNCc2cccc(OC)c2)c1,1,ChEMBL_pos
CCCN(CCC)C(=O)c1cc(C(=O)NC(Cc2ccccc2)C(O)CNCc2cccc(OC)c2)cc(C(=O)N(C)C)c1,1,ChEMBL_pos
CCCN(CCC)C(=O)c1cc(C(=O)NC(Cc2ccccc2)C(O)CNCc2cccc(OC)c2)cc(C(=O)N(CCC)CCC)c1,1,ChEMBL_pos
CCCN(CCC)C(=O)c1cc(C(=O)NC(Cc2ccccc2)C(O)CNCc2cccc(OC)c2)cc(C(=O)OCC)c1,1,ChEMBL_pos
CCCN(CCC)C(=O)c1cc(C(=O)O)cc(C(=O)NC(Cc2ccccc2)C(O)CNCc2cccc(OC)c2)c1,1,ChEMBL_pos
CCCN(CCC)C(=O)c1cc(C(N)=O)cc(C(=O)NC(Cc2cc(F)cc(F)c2)C(O)CNCc2cccc(CC)c2)c1,1,ChEMBL_pos
CCCN(CCC)C(=O)c1cc(C(N)=O)cc(C(=O)NC(Cc2cc(F)cc(F)c2)C(O)CNCc2cccc(OC)c2)c1,1,ChEMBL_pos
CCCN(CCC)C(=O)c1cc(C(N)=O)cc(C(=O)NC(Cc2ccc(O)cc2)C(O)CNCc2cccc(OC)c2)c1,1,ChEMBL_pos
CCCN(CCC)C(=O)c1cc(C(N)=O)cc(C(=O)NC(Cc2ccccc2)C(O)CNCc2cccc(OC)c2)c1,1,ChEMBL_pos
CCCN(CCC)C(=O)c1cc(C)cc(C(=O)NC(Cc2cc(F)cc(F)c2)C(O)C2CC(C3CCCCC3)CCN2)c1,1,ChEMBL_pos
CCCN(CCC)C(=O)c1cc(C)cc(C(=O)NC(Cc2cc(F)cc(F)c2)C(O)C2CC(CC3CCCCC3)CCN2)c1,1,ChEMBL_pos
CCCN(CCC)C(=O)c1cc(C)cc(C(=O)NC(Cc2cc(F)cc(F)c2)C(O)C2CC(CCc3ccccc3)CCN2)c1,1,ChEMBL_pos
CCCN(CCC)C(=O)c1cc(C)cc(C(=O)NC(Cc2cc(F)cc(F)c2)C(O)C2CC(Cc3ccc(OC)cc3)CCN2)c1,1,ChEMBL_pos
CCCN(CCC)C(=O)c1cc(C)cc(C(=O)NC(Cc2cc(F)cc(F)c2)C(O)C2CC(Cc3cccc(OC)c3)CCN2)c1,1,ChEMBL_pos
CCCN(CCC)C(=O)c1cc(C)cc(C(=O)NC(Cc2cc(F)cc(F)c2)C(O)C2CC(Cc3ccccc3)CCN2)c1,1,ChEMBL_pos
CCCN(CCC)C(=O)c1cc(C)cc(C(=O)NC(Cc2cc(F)cc(F)c2)C(O)C2CC(O)CN2)c1,1,ChEMBL_pos
CCCN(CCC)C(=O)c1cc(C)cc(C(=O)NC(Cc2cc(F)cc(F)c2)C(O)C2CC(OC(C)C)CCN2)c1,1,ChEMBL_pos
CCCN(CCC)C(=O)c1cc(C)cc(C(=O)NC(Cc2cc(F)cc(F)c2)C(O)C2CC(OC)CN2)c1,1,ChEMBL_pos
CCCN(CCC)C(=O)c1cc(C)cc(C(=O)NC(Cc2cc(F)cc(F)c2)C(O)C2CC(OCC)CCN2)c1,1,ChEMBL_pos
CCCN(CCC)C(=O)c1cc(C)cc(C(=O)NC(Cc2cc(F)cc(F)c2)C(O)C2CC(OCC3CC3)CCN2)c1,1,ChEMBL_pos
CCCN(CCC)C(=O)c1cc(C)cc(C(=O)NC(Cc2cc(F)cc(F)c2)C(O)C2CC(OCC3CCCCC3)CCN2)c1,1,ChEMBL_pos
CCCN(CCC)C(=O)c1cc(C)cc(C(=O)NC(Cc2cc(F)cc(F)c2)C(O)C2CC(OCCN(C)C)CCN2)c1,1,ChEMBL_pos
CCCN(CCC)C(=O)c1cc(C)cc(C(=O)NC(Cc2cc(F)cc(F)c2)C(O)C2CC(OCCOC)CCN2)c1,1,ChEMBL_pos
CCCN(CCC)C(=O)c1cc(C)cc(C(=O)NC(Cc2cc(F)cc(F)c2)C(O)C2CC(OCc3ccccc3)CN2)c1,1,ChEMBL_pos
CCCN(CCC)C(=O)c1cc(C)cc(C(=O)NC(Cc2cc(F)cc(F)c2)C(O)C2CC(Oc3ccccc3)CN2)c1,1,ChEMBL_pos
CCCN(CCC)C(=O)c1cc(C)cc(C(=O)NC(Cc2cc(F)cc(F)c2)C(O)C2CCCCN2)c1,1,ChEMBL_pos
CCCN(CCC)C(=O)c1cc(C)cc(C(=O)NC(Cc2cc(F)cc(F)c2)C(O)C2CCCN2)c1,1,ChEMBL_pos
CCCN(CCC)C(=O)c1cc(C)cc(C(=O)NC(Cc2cc(F)cc(F)c2)C(O)C2CCN2)c1,1,ChEMBL_pos
CCCN(CCC)C(=O)c1cc(C)cc(C(=O)NC(Cc2cc(F)cc(F)c2)C(O)CNC(C)(C)C(=O)NCC(C)C)c1,1,ChEMBL_pos
CCCN(CCC)C(=O)c1cc(C)cc(C(=O)NC(Cc2cc(F)cc(F)c2)C(O)CNC(C)C(=O)NCC(C)C)c1,1,ChEMBL_pos
CCCN(CCC)C(=O)c1cc(C)cc(C(=O)NC(Cc2cc(F)cc(F)c2)C(O)CNCc2cccc(CC)c2)c1,1,ChEMBL_pos
CCCN(CCC)C(=O)c1cc(C)cc(C(=O)NC(Cc2cc(F)cc(F)c2)C(O)CNCc2cccc(I)c2)c1,1,ChEMBL_pos
CCCN(CCC)C(=O)c1cc(C)cc(C(=O)NC(Cc2cc(F)cc(F)c2)C(O)CNCc2cccc(OC)c2)c1,1,ChEMBL_pos
CCCN(CCC)C(=O)c1cc(C)cc(C(=O)NC(Cc2cc(F)cc(F)c2)C(O)CNCc2ccccc2)c1,1,ChEMBL_pos
CCCN(CCC)C(=O)c1cc(C)cc(C(=O)NC(Cc2ccccc2)C(O)CNCc2cccc(OC)c2)c1,1,ChEMBL_pos
CCCN(CCC)C(=O)c1cc(CC#N)cc(C(=O)NC(Cc2ccccc2)C(O)CNCc2cccc(OC)c2)c1,1,ChEMBL_pos
CCCN(CCC)C(=O)c1cccc(C(=O)NC(Cc2cc(F)cc(F)c2)C(O)CC(C)C(=O)NCC(C)C)c1,1,ChEMBL_pos
CCCN(CCC)C(=O)c1cccc(C(=O)NC(Cc2cc(F)cc(F)c2)C(O)CC(CC)C(=O)NCC2CCC(C(=O)O)CC2)c1,1,ChEMBL_pos
CCCN(CCC)C(=O)c1cccc(C(=O)NC(Cc2cc(F)cc(F)c2)C(O)CC(CC)C(=O)NCCCCC(=O)O)c1,1,ChEMBL_pos
CCCN(CCC)C(=O)c1cccc(C(=O)NC(Cc2cc(F)cc(F)c2)C(O)CNC(C)C(=O)NCC(C)C)c1,1,ChEMBL_pos
CCCN(CCC)C(=O)c1cccc(C(=O)NC(Cc2ccccc2)C(O)CNCc2cccc(I)c2)c1,1,ChEMBL_pos
CCCN(CCC)C(=O)c1cccc(C(=O)NC(Cc2ccccc2)C(O)CNCc2cccc(OC)c2)c1,1,ChEMBL_pos
CCCN(CCC)C1CC=C(C#C[Si](C)(C)C)CC1,1,ChEMBL_pos
CCCN(CCC)C1CCc2c(F)cccc2C1,1,ChEMBL_pos
CCCN(CCC)C1CCc2c(cccc2OC)C1,1,ChEMBL_pos
CCCN(CCC)C1CCc2ccc(O)cc2C1,1,ChEMBL_pos
CCCN(CCC)C1CCc2ccc3[nH]c(C#N)cc3c2C1,1,ChEMBL_pos
CCCN(CCC)C1CCc2ccc3[nH]c(C(N)=O)cc3c2C1,1,ChEMBL_pos
CCCN(CCC)C1CCc2cccc(O)c2C1,1,ChEMBL_pos
CCCN(CCC)C1COc2c(O)cccc2C1,1,ChEMBL_pos
CCCN(CCC)C1COc2c(cccc2-c2ccc(C(F)(F)F)cc2)C1,1,ChEMBL_pos
CCCN(CCC)C1COc2c(cccc2-c2ccccc2)C1,1,ChEMBL_pos
CCCN(CCC)C1COc2c(cccc2-c2ccoc2)C1,1,ChEMBL_pos
CCCN(CCC)C1COc2c(cccc2-c2ccsc2)C1,1,ChEMBL_pos
CCCN(CCC)CCc1cccc2c1CC(=O)N2,1,ChEMBL_pos
CCCN(CCCCN1C(=O)CC(C)(C)CC1=O)C1CCc2ccc3[nH]c(C#N)cc3c2C1,1,ChEMBL_pos
CCCN(CCCCN1C(=O)CC(C)(C)CC1=O)C1CCc2ccc3[nH]c(C(N)=O)cc3c2C1,1,ChEMBL_pos
CCCN(CCCCN1C(=O)CC2(CCCC2)CC1=O)C1CCc2c(F)cccc2C1,1,ChEMBL_pos
CCCN(CCCCN1CCN(c2cccc(Cl)c2Cl)CC1)C1CCc2ccc(O)cc2C1,1,ChEMBL_pos
CCCN(CCCCN1CCN(c2ccccc2)CC1)C1CCc2ccc(O)cc2C1,1,ChEMBL_pos
CCCN(CCN1CCN(CCc2c[nH]c3ccccc23)CC1)c1ccc(Br)cc1,1,ChEMBL_pos
CCCN(CCN1CCN(c2cccc(Cl)c2Cl)CC1)C1CCc2ccc(O)cc2C1,1,ChEMBL_pos
CCCN(CCN1CCN(c2ccccc2)CC1)C1CCc2ccc(O)cc2C1,1,ChEMBL_pos
CCCN(CCc1ccc(C)cc1)C1CCc2c(O)cccc2C1,1,ChEMBL_pos
CCCN(CCc1ccc(N)cc1)C1CCc2c(O)cccc2C1,1,ChEMBL_pos
CCCN(CCc1ccc(NC(S)=Nc2ccc3c(c2)C(=O)OC32c3ccc(O)cc3Oc3cc(O)ccc32)cc1)C1CCc2c(O)cccc2C1,1,ChEMBL_pos
CCCN(CCc1ccc(Nc2ccc([N+](=O)[O-])c3nonc23)cc1)C1CCc2c(O)cccc2C1,1,ChEMBL_pos
CCCN(CCc1ccccc1)C1CCc2c(O)cccc2C1,1,ChEMBL_pos
CCCN(Cc1ccc(-c2[nH]nc3c2Cc2cc(CN4CCN(C)CC4)ccc2-3)s1)C(=O)Nc1cccc(C)c1,1,ChEMBL_pos
CCCN(Cc1ccc(F)cc1)C1CCc2c(cccc2OC)C1,1,ChEMBL_pos
CCCN(Cc1ccc(OC)cc1)C1CCc2c(cccc2OC)C1,1,ChEMBL_pos
CCCN(Cc1ccc([N+](=O)[O-])cc1)C1CCc2c(cccc2OC)C1,1,ChEMBL_pos
CCCN(Cc1cccc(CN(CCC)C(=N)N)c1)C(=N)N,1,ChEMBL_pos
CCCN(Cc1ccccc1)C1CCc2c(F)cccc2C1,1,ChEMBL_pos
CCCN(Cc1ccccc1)C1CCc2c(cccc2OC)C1,1,ChEMBL_pos
CCCN(Cc1ccco1)C1CCc2c(cccc2OC)C1,1,ChEMBL_pos
CCCN(Cc1cccs1)C1CCc2c(cccc2OC)C1,1,ChEMBL_pos
CCCN(c1cc(C(=O)NC(Cc2ccccc2)C(C)N)cc(N(C)CC2CC2C)n1)S(C)(=O)=O,1,ChEMBL_pos
CCCN(c1cc(C=CC2CC2C)cc(-c2nnc(C(C)(N)Cc3ccccc3)o2)c1)S(C)(=O)=O,1,ChEMBL_pos
CCCN(c1cc2cc(c1)C(=O)NC(C(C)C)CCc1cccc(c1)CC(C)(N)COC2)S(C)(=O)=O,1,ChEMBL_pos
CCCN(c1cc2cc(c1)C(=O)NC(C)CCc1cccc(c1)CC(C)(N)COC2)S(C)(=O)=O,1,ChEMBL_pos
CCCN(c1cc2cc(c1)C(=O)NC(CC)CCc1cccc(c1)CC(C)(N)COC2)S(C)(=O)=O,1,ChEMBL_pos
CCCN(c1cc2cc(c1)C(=O)NC(c1ccc(F)cc1)CCc1cccc(c1)CC(C)(N)COC2)S(C)(=O)=O,1,ChEMBL_pos
CCCN(c1cc2cc(c1)C(=O)NC(c1ccccc1)CCc1cccc(c1)CC(C)(N)C(=O)OC2)S(C)(=O)=O,1,ChEMBL_pos
CCCN(c1cc2cc(c1)C(=O)NC(c1ccccc1)CCc1cccc(c1)CC(C)(N)COC2)S(C)(=O)=O,1,ChEMBL_pos
CCCN1CC(C(=O)NC(Cc2cc(F)cc(F)c2)C(O)C2CC(OCc3ccccc3)CN2)CC1=O,1,ChEMBL_pos
CCCN1CC(C)(C)CSC1=Nc1ccccc1C(C)C,1,ChEMBL_pos
CCCN1CC(CSC)CC2c3cccc4[nH]cc(c34)CC21,1,ChEMBL_pos
CCCN1CC(c2ccc(O)cc2)CC2c3cc(O)c(O)cc3CCC21,1,ChEMBL_pos
CCCN1CCC(COC(=O)c2ccc(N)c(OC)c2)CC1,1,ChEMBL_pos
CCCN1CCC(COc2nc3c(Cl)cccc3c3ccccc23)CC1,1,ChEMBL_pos
CCCN1CCC(COc2nc3c(F)cccc3c3ccccc23)CC1,1,ChEMBL_pos
CCCN1CCC(COc2nc3c(F)cccc3c3ncccc23)CC1,1,ChEMBL_pos
CCCN1CCC(COc2nc3c(I)cccc3c3ccccc23)CC1,1,ChEMBL_pos
CCCN1CCC(COc2nc3c(I)cccc3c3ncccc23)CC1,1,ChEMBL_pos
CCCN1CCC(COc2nc3c(OC)cccc3c3ccccc23)CC1,1,ChEMBL_pos
CCCN1CCC(COc2nc3cc(F)ccc3c3ccccc23)CC1,1,ChEMBL_pos
CCCN1CCC(COc2nc3ccccc3c3c2CCCN3)CC1,1,ChEMBL_pos
CCCN1CCC(COc2nc3ccccc3c3cnccc23)CC1,1,ChEMBL_pos
CCCN1CCC(COc2nc3ccccc3c3ncccc23)CC1,1,ChEMBL_pos
CCCN1CCC(Nc2ncnc3c2nc(-c2cnn(CC)c2C)n3C)C1,1,ChEMBL_pos
CCCN1CCC2c3cccc(O)c3CCC21,1,ChEMBL_pos
CCCN1CCCC(c2cccc(-c3ccsc3)c2)C1,1,ChEMBL_pos
CCCN1CCCC(c2cccc(Br)c2)C1,1,ChEMBL_pos
CCCN1CCCC(c2cccc(C#N)c2)C1,1,ChEMBL_pos
CCCN1CCCC(c2cccc(C=O)c2)C1,1,ChEMBL_pos
CCCN1CCCC(c2cccc(CC#N)c2)C1,1,ChEMBL_pos
CCCN1CCCC(c2cccc(CO)c2)C1,1,ChEMBL_pos
CCCN1CCCC(c2cccc(O)c2)C1,1,ChEMBL_pos
CCCN1CCCC(c2cccc(OC)c2)C1,1,ChEMBL_pos
CCCN1CCCC(c2cccc(OCC(F)(F)F)c2)C1,1,ChEMBL_pos
CCCN1CCCC(c2cccc(OS(=O)(=O)C(F)(F)F)c2)C1,1,ChEMBL_pos
CCCN1CCCC(c2cccc(OS(C)(=O)=O)c2)C1,1,ChEMBL_pos
CCCN1CCCC(c2cccc(S(=O)(=O)N(C)C)c2)C1,1,ChEMBL_pos
CCCN1CCCC(c2cccc(S(C)(=O)=O)c2)C1,1,ChEMBL_pos
CCCN1CCCC2Cc3n[nH]cc3CC21,1,ChEMBL_pos
CCCN1CCN(C2=Nc3cc(Cl)ccc3N(NC(=O)c3ccccc3Cl)c3ccccc32)CC1,1,ChEMBL_pos
CCCN1CCc2cc(-c3ccc(O)cc3)cc3c2C1Cc1ccc(O)c(O)c1-3,1,ChEMBL_pos
CCCN1CCc2cc(-c3ccccc3)cc3c2C1Cc1ccc(O)c(O)c1-3,1,ChEMBL_pos
CCCN1CCc2cc(C)cc3c2C1Cc1ccc(O)c(O)c1-3,1,ChEMBL_pos
CCCN1CCc2cc(OC)cc3c2C1Cc1ccc(O)c(O)c1-3,1,ChEMBL_pos
CCCN1CCc2cc3ccccc3n2CC1,1,ChEMBL_pos
CCCN1CCc2cccc3c2C1Cc1ccc(O)c(O)c1-3,1,ChEMBL_pos
CCCN1CCc2cccc3c2C1Cc1cccc(O)c1-3,1,ChEMBL_pos
CCCN1CCc2cccc3c2C1Cc1cccc(OC(=O)CC)c1-3,1,ChEMBL_pos
CCCN1CCc2cccc3c2C1Cc1cccc(OCCCCN2CCN(c4ccccc4OC)CC2)c1-3,1,ChEMBL_pos
CCCN1CCc2cccc3c2C1Cc1cccc(OCCCN(CCCN2CCN(c4ccccc4OC)CC2)S(C)(=O)=O)c1-3,1,ChEMBL_pos
CCCN1Cc2c(n(S(=O)(=O)CC)c3ccc(C(=O)N4CCC(C)CC4)cc23)C1,1,ChEMBL_pos
CCCNC(=O)Oc1ccc2c(c1)C1(C)CCN(CC)C1C2,1,ChEMBL_pos
CCCNC(=O)c1cc(-c2ccc(Cl)cc2)c(-c2ccc(Cl)cc2Cl)nc1Cl,1,ChEMBL_pos
CCCNC(=O)c1cc(-c2ccc(Cl)cc2)c(-c2ccc(Cl)cc2Cl)nc1OCC1CCCCC1,1,ChEMBL_pos
CCCNC(=O)c1cc(-c2ccc(Cl)cc2)c(-c2ccc(Cl)cc2Cl)nc1OCc1ccc(F)c(F)c1,1,ChEMBL_pos
CCCNC(=O)c1cc(-c2ccc(Cl)cc2)c(-c2ccc(Cl)cc2Cl)nc1OCc1ccccc1,1,ChEMBL_pos
CCCNC(=O)c1cc(C#N)cc(C(=O)NC(Cc2ccccc2)C(O)CNCc2cccc(OC)c2)c1,1,ChEMBL_pos
CCCNC(=O)c1cc(C(=O)NC(CC(C)C)C(O)CC(C)C(=O)NC(C(=O)NC(C)C)C(C)C)cc(N(C)S(C)(=O)=O)c1,1,ChEMBL_pos
CCCNC(=O)c1ccc(-c2scc(-c3ccccc3Cl)c2CC(=O)N=C(N)NCCCO)cc1,1,ChEMBL_pos
CCCNC(=O)c1cccc(C(=O)NC(CC(C)C)C(O)CC(C)C(=O)NC(C(=O)NC(C)C)C(C)C)c1,1,ChEMBL_pos
CCCNC(c1cc([N+](=O)[O-])cc2nc(O)c(O)nc12)P(=O)(O)O,1,ChEMBL_pos
CCCNC1CCc2c(F)cccc2C1,1,ChEMBL_pos
CCCNC1CCc2c(cccc2OC)C1,1,ChEMBL_pos
CCCNC1CCc2ccc3[nH]c(C(N)=O)cc3c2C1,1,ChEMBL_pos
CCCNC1Cc2cccc3nc(O)n(c23)C1,1,ChEMBL_pos
CCCNc1cc(NCCSCc2ccc(CN(C)C)o2)c([N+](=O)[O-])cc1[N+](=O)[O-],1,ChEMBL_pos
CCCOC(=O)N1CCC(CN2CCC(NC(=O)c3cc(Cl)c(N)cc3OC)C(OC)C2)CC1,1,ChEMBL_pos
CCCOCCN1CC(C(=O)NC(Cc2cc(F)cc(F)c2)C(O)C2CC(OCc3ccccc3)CN2)CC1=O,1,ChEMBL_pos
CCCOc1c(O)cc(Br)c2c1CN1CCc3cc(OC)c(O)cc3C1C2,1,ChEMBL_pos
CCCOc1c(O)ccc2c1CN1CCc3cc(OC)c(O)cc3C1C2,1,ChEMBL_pos
CCCOc1cc(C(=O)NC(Cc2ccccc2)C(O)CNC(C)C(=O)NC2CCCCC2)cc(N2CCCC2=O)c1,1,ChEMBL_pos
CCCOc1ccc(-c2ccc(-c3ccccc3Cl)n2CC(=O)N=C(N)NC2CCC(C(=O)O)CC2)cc1,1,ChEMBL_pos
CCCOc1ccc(-c2ccc(-c3ccccc3Cl)n2CC(=O)N=C(N)NC2CCC(O)CC2)cc1,1,ChEMBL_pos
CCCOc1ccc(-c2ccc(-c3ccccc3Cl)n2CC(=O)N=C(N)NCC(C)(C)CO)cc1,1,ChEMBL_pos
CCCOc1ccc(-c2ccc(-c3ccccc3Cl)n2CC(=O)N=C(N)NCC(O)CO)cc1,1,ChEMBL_pos
CCCOc1ccc(-c2ccc(-c3ccccc3Cl)n2CC(=O)N=C(N)NCCC(=O)O)cc1,1,ChEMBL_pos
CCCOc1ccc(-c2ccc(-c3ccccc3Cl)n2CC(=O)N=C(N)NCCC(N)=O)cc1,1,ChEMBL_pos
CCCOc1ccc(-c2ccc(-c3ccccc3Cl)n2CC(=O)N=C(N)NCCC2OCCO2)cc1,1,ChEMBL_pos
CCCOc1ccc(-c2ccc(-c3ccccc3Cl)n2CC(=O)N=C(N)NCCCC(=O)O)cc1,1,ChEMBL_pos
CCCOc1ccc(-c2ccc(-c3ccccc3Cl)n2CC(=O)N=C(N)NCCCC(N)=O)cc1,1,ChEMBL_pos
CCCOc1ccc(-c2ccc(-c3ccccc3Cl)n2CC(=O)N=C(N)NCCCO)cc1,1,ChEMBL_pos
CCCOc1ccc(-c2ccc(-c3ccccc3Cl)n2CC(=O)N=C(N)NCCCSC)cc1,1,ChEMBL_pos
CCCOc1ccc(-c2ccc(-c3ccccc3Cl)n2CC(=O)N=C(N)NCCCn2ccnc2)cc1,1,ChEMBL_pos
CCCOc1ccc(-c2ccc(-c3ccccc3Cl)n2CC(=O)N=C(N)NCc2ccc(F)c(F)c2F)cc1,1,ChEMBL_pos
CCCOc1ccc(-c2ccc(-c3ccccc3Cl)n2CC(=O)N=C(N)NCc2ccc(O)c(OC)c2)cc1,1,ChEMBL_pos
CCCOc1ccc(-c2ccc(-c3ccccc3Cl)n2CC(=O)N=C(N)NCc2ccco2)cc1,1,ChEMBL_pos
CCCOc1ccc(-c2ccc(-c3ccccc3Cl)n2CC(=O)N=C(N)NCc2cccs2)cc1,1,ChEMBL_pos
CCCOc1ccc(-c2csc(-c3ccccc3Cl)c2CC(=O)NC(=N)N)cc1,1,ChEMBL_pos
CCCOc1ccc(-c2scc(-c3ccccc3)c2CC(=O)N=C(N)N)cc1,1,ChEMBL_pos
CCCOc1ccc(-c2scc(-c3ccccc3Cl)c2CC(=O)N=C(N)N)cc1,1,ChEMBL_pos
CCCOc1ccc(-c2scc(-c3ccccc3Cl)c2CC(=O)N=C(N)NCCCO)cc1,1,ChEMBL_pos
CCCOc1ccc(C(=O)c2cccc3ccccc23)c2ccccc12,1,ChEMBL_pos
CCCOc1ccc2c(c1OC)CN1CCc3cc(OC)c(O)cc3C1C2,1,ChEMBL_pos
CCCS(=O)(=O)c1cc(Cl)ccc1S(=O)(=O)c1ccc(C(C)NS(C)(=O)=O)cc1,1,ChEMBL_pos
CCCS(=O)(=O)n1c2c(c3cc(C(=O)N4CCC(C)CC4)ccc31)CN(C1CCCC1)C2,1,ChEMBL_pos
CCCSC(=S)N1CC(C)(C)CSC1=Nc1ccccc1C(C)C,1,ChEMBL_pos
CCCSc1ccc(CC(C)N)cc1,1,ChEMBL_pos
CCCSc1ccccc1N1CCN(CCCOc2ccc(-c3nc4ccccc4[nH]3)cc2)CC1,1,ChEMBL_pos
CCCSc1nc(-c2ccc(Cl)cc2)nn1C(=O)N(C)C,1,ChEMBL_pos
CCCc1c(C(=O)NC2CCCCC2O)nc(-c2ccccc2Cl)n1-c1ccc(Cl)cc1,1,ChEMBL_pos
CCCc1cc(C(=O)NC(Cc2ccccc2)C(O)CNC(C)C(=O)NC2CCCCC2)cc(N2CCCC2=O)c1,1,ChEMBL_pos
CCCc1cc(C(=O)NC(Cc2ccccc2)C(O)CNCc2cccc(C(F)(F)F)c2)cc(N2CCCCS2(=O)=O)c1,1,ChEMBL_pos
CCCc1cc2c(s1)CC1c3cc(O)c(OC)cc3CCN1C2,1,ChEMBL_pos
CCCc1cc2c(s1)CNC1CCc3cc(O)c(O)cc3C21,1,ChEMBL_pos
CCCc1ccc(-c2cc(O)c3c(c2)OC(C)(C)C2CC=C(C)CC32)cc1,1,ChEMBL_pos
CCCc1ccc(C(=O)C2CCN(C(=O)c3cccc(O)c3)CC2)cc1,1,ChEMBL_pos
CCCc1ccc(N=C2SCC3(CCCCC3)CN2C(=S)SC)cc1,1,ChEMBL_pos
CCCc1ccc(Nc2noc3c(C(=O)Nc4cncnc4)c(Cl)ccc23)cc1,1,ChEMBL_pos
CCCc1ccc2c(n1)CNC1CCc3cc(O)c(O)cc3C21,1,ChEMBL_pos
CCCc1ccccc1N=C1SCC(C)(C)CN1C(=S)SC,1,ChEMBL_pos
CCCc1nn(CC(C)N)c2c1ccc1occc12,1,ChEMBL_pos
CCCc1sc2ncnc(N)c2c1-c1ccc(NC(=O)Nc2cccc(C)c2)cc1,1,ChEMBL_pos
CCCn1c(-c2cnc(C)nc2)nc2c(NC3CCN(C(=O)CC)C3)ncnc21,1,ChEMBL_pos
CCCn1c(-c2cnn(CC)c2C)nc2c(NC3CCN(C(=O)CC)C3)ncnc21,1,ChEMBL_pos
CCCn1c(C)c(C(=O)c2cc(N)cc3ccccc23)c2ccccc21,1,ChEMBL_pos
CCCn1c(C)c(C(=O)c2cc(NC(=O)CN)cc3ccccc23)c2ccccc21,1,ChEMBL_pos
CCCn1c(C)c(C(=O)c2cc([N+](=O)[O-])cc3ccccc23)c2ccccc21,1,ChEMBL_pos
CCCn1c(C)c(C(=O)c2cccc3ccccc23)c2ccccc21,1,ChEMBL_pos
CCCn1c(C)c(C(C)(C)C)sc1=NC(=O)c1cccc(C(F)(F)F)c1,1,ChEMBL_pos
CCCn1c2c(c3c(Br)c(OC(=O)NC)ccc31)CCC2=NCC,1,ChEMBL_pos
CCCn1cc(C(=O)c2cccc3ccccc23)cc1-c1ccccc1,1,ChEMBL_pos
CCCn1cnc(Cc2c(Cl)c(Cl)cc3nc(O)c(O)nc23)c1,1,ChEMBL_pos
CCCn1cnc2c(-c3ccc(Cl)cc3)n(-c3ccccc3Cl)nc2c1=O,1,ChEMBL_pos
CCCn1ncc2c1-c1c(C)sc(C)c1CCC2,1,ChEMBL_pos
CCN(C(=O)Cc1ccc(S(=O)(=O)N(C)C)cc1)C1CCN(CCC(c2ccccc2)c2ccccc2)CC1,1,ChEMBL_pos
CCN(C)C(=O)Oc1cccc(C(C)N(C)C)c1,1,ChEMBL_pos
CCN(C)C(=O)Oc1cccc2c1CCC2N,1,ChEMBL_pos
CCN(C)CCc1c(-c2cc(C(F)(F)F)cc(C(F)(F)F)c2)[nH]c2ccccc12,1,ChEMBL_pos
CCN(C)CCc1c(-c2ccc(C#N)cc2)[nH]c2ccccc12,1,ChEMBL_pos
CCN(C)CCc1c(-c2ccc(Cl)cc2)[nH]c2ccccc12,1,ChEMBL_pos
CCN(C)CCc1c(-c2ccc(F)cc2)[nH]c2ccccc12,1,ChEMBL_pos
CCN(C)CCc1c(-c2cccc(C(F)(F)F)c2)[nH]c2ccccc12,1,ChEMBL_pos
CCN(C)CCc1c(-c2cccc(F)c2)[nH]c2ccccc12,1,ChEMBL_pos
CCN(C)CCc1c(-c2cccc([N+](=O)[O-])c2)[nH]c2ccccc12,1,ChEMBL_pos
CCN(C)CCc1c(-c2ccccc2)[nH]c2ccccc12,1,ChEMBL_pos
CCN(C)CCc1c(-c2ccccc2F)[nH]c2ccccc12,1,ChEMBL_pos
CCN(C)CCc1c(-c2cccs2)[nH]c2ccccc12,1,ChEMBL_pos
CCN(C)Cc1ccc(CNCCN2CCNC2=C(C#N)C#N)o1,1,ChEMBL_pos
CCN(C)S(=O)(=O)NC(=NC)N1CC(c2ccccc2)C(c2ccc(Cl)cc2)=N1,1,ChEMBL_pos
CCN(CC)C(=O)C1C=C2c3cccc4[nH]cc(c34)CC2N(C)C1,1,ChEMBL_pos
CCN(CC)C(=O)CCCCC(C)(C)c1cc(O)c2c(c1)OC(C)(C)C1CC=C(C)CC21,1,ChEMBL_pos
CCN(CC)C(=O)NC1C=C2c3cccc4[nH]cc(c34)CC2N(C)C1,1,ChEMBL_pos
CCN(CC)C(=O)Oc1ccc2c(c1)C1(C)CCN(C)C1N2C,1,ChEMBL_pos
CCN(CC)C(=O)c1nc(-c2ccc(Cl)cc2Cl)n(-c2ccc(Cl)cc2)c1C,1,ChEMBL_pos
CCN(CC)C(=O)n1nnc(-c2ccc(Oc3ccccc3)cc2)n1,1,ChEMBL_pos
CCN(CC)C(=S)SSC(=S)N(CC)CC,1,ChEMBL_pos
CCN(CC)CC(O)CNC(=O)c1c(C)[nH]c2c1CCCC2=C1C(=O)Nc2ccc(F)cc21,1,ChEMBL_pos
CCN(CC)CCCNC(=O)c1c(C)[nH]c2c1CCCC2=C1C(=O)Nc2ccc(F)cc21,1,ChEMBL_pos
CCN(CC)CCCNC(=O)c1cc(CNc2ccccc2C(=O)Nc2ccc3c(c2)OC(F)(F)O3)ccn1,1,ChEMBL_pos
CCN(CC)CCN1CCCCc2[nH]c(C=C3C(=O)Nc4ccc(F)cc43)c(C)c2C1=O,1,ChEMBL_pos
CCN(CC)CCN1CCCc2[nH]c(C=C3C(=O)Nc4ccc(F)cc43)c(C)c2C1=O,1,ChEMBL_pos
CCN(CC)CCN1CCc2[nH]c(C=C3C(=O)Nc4ccc(Br)cc43)c(C)c2C1=O,1,ChEMBL_pos
CCN(CC)CCN1CCc2[nH]c(C=C3C(=O)Nc4ccc(Cl)cc43)c(C)c2C1=O,1,ChEMBL_pos
CCN(CC)CCN1CCc2[nH]c(C=C3C(=O)Nc4ccc(F)cc43)c(C)c2C1=O,1,ChEMBL_pos
CCN(CC)CCNC(=O)Nc1nc2ccc(-c3cnc(OC)c(NS(=O)(=O)c4ccc(F)cc4)c3)cc2s1,1,ChEMBL_pos
CCN(CC)CCNC(=O)c1c(C)[nH]c(C=C2C(=O)Nc3ccc(Cl)cc32)c1C,1,ChEMBL_pos
CCN(CC)CCNC(=O)c1c(C)[nH]c(C=C2C(=O)Nc3ccc(F)cc32)c1C,1,ChEMBL_pos
CCN(CC)CCNC(=O)c1c(C)[nH]c2c1CCCC2=C1C(=O)Nc2c(F)cccc21,1,ChEMBL_pos
CCN(CC)CCNC(=O)c1c(C)[nH]c2c1CCCC2=C1C(=O)Nc2ccc(Br)cc21,1,ChEMBL_pos
CCN(CC)CCNC(=O)c1c(C)[nH]c2c1CCCC2=C1C(=O)Nc2ccc(C(=O)OC)cc21,1,ChEMBL_pos
CCN(CC)CCNC(=O)c1c(C)[nH]c2c1CCCC2=C1C(=O)Nc2ccc(C)cc21,1,ChEMBL_pos
CCN(CC)CCNC(=O)c1c(C)[nH]c2c1CCCC2=C1C(=O)Nc2ccc(Cl)cc21,1,ChEMBL_pos
CCN(CC)CCNC(=O)c1c(C)[nH]c2c1CCCC2=C1C(=O)Nc2ccc(F)cc21,1,ChEMBL_pos
CCN(CC)CCNC(=O)c1c(C)[nH]c2c1CCCC2=C1C(=O)Nc2ccc(OC)cc21,1,ChEMBL_pos
CCN(CC)CCNC(=O)c1c(C)[nH]c2c1CCCC2=C1C(=O)Nc2ccc(S(=O)(=O)N(CC)CC)cc21,1,ChEMBL_pos
CCN(CC)CCNC(=O)c1c(C)[nH]c2c1CCCC2=C1C(=O)Nc2ccc([N+](=O)[O-])cc21,1,ChEMBL_pos
CCN(CC)CCNC(=O)c1c(C)[nH]c2c1CCCC2=C1C(=O)Nc2cccc(F)c21,1,ChEMBL_pos
CCN(CC)CCNC(=O)c1cc(CNc2ccccc2C(=O)Nc2ccc3c(c2)OC(F)(F)O3)ccn1,1,ChEMBL_pos
CCN(CC)CCNC(=O)c1ccc(N)cc1,1,ChEMBL_pos
CCN(CC)CCOc1ccc(-c2ccc(NC(=O)Nc3cccc(C)c3)cc2)c2c(N)n[nH]c12,1,ChEMBL_pos
CCN(CC)CCOc1ccc(Nc2cc(NC(=O)Nc3c(Cl)cccc3Cl)ncn2)cc1,1,ChEMBL_pos
CCN(CC)CCS(=O)(=O)N1CCN(c2nc(N3CCOCC3)nc(-n3c(C(F)F)nc4c(OC)cccc43)n2)CC1,1,ChEMBL_pos
CCN(CC)CC[n+]1ccc2c(C)c3[nH]c4ccc(O)cc4c3c(C)c2c1,1,ChEMBL_pos
CCN(CC)CCc1c(-c2ccccc2)[nH]c2ccccc12,1,ChEMBL_pos
CCN(CC)Cc1ccc(CNCCN2CCNC2=C(C#N)C#N)o1,1,ChEMBL_pos
CCN(CC)S(=O)(=O)NC(=NC(C)C)N1CC(c2ccccc2)C(c2ccc(Cl)cc2)=N1,1,ChEMBL_pos
CCN(CC)S(=O)(=O)NC(=NC)N1CC(c2ccccc2)C(c2ccc(Cl)cc2)=N1,1,ChEMBL_pos
CCN(CC)S(=O)(=O)NC(=NC)N1CC(c2cccnc2)C(c2ccc(Cl)cc2)=N1,1,ChEMBL_pos
CCN(CC)c1nc2c(c(-c3ccc(C)cc3)n1)CNCC2,1,ChEMBL_pos
CCN(CCCCCC(=O)N(C)CCCCCCCCN(C)C(=O)CCCCCN(CC)Cc1ccccc1OC)Cc1ccccc1OC,1,ChEMBL_pos
CCN(CCCCCCNC1=CC(=O)C(NCCCCCCN(CC)Cc2ccccc2OC)=CC1=O)Cc1ccccc1OC,1,ChEMBL_pos
CCN(Cc1ccccc1)C(=O)c1oc2ccc(S(=O)(=O)N3CC(C)CC(C)C3)cc2c1C,1,ChEMBL_pos
CCN(Cc1ccccc1)Cc1ccc(-c2cc3cc(OC)c(OC)cc3oc2=O)cc1,1,ChEMBL_pos
CCN(Cc1ccccc1)Cc1ccc(-c2cc3cc(OCCNC(=O)C=Cc4cc(F)cc(F)c4)ccc3oc2=O)cc1,1,ChEMBL_pos
CCN(Cc1ccccc1)Cc1ccc(-c2cc3cc(OCCNC(=O)C=Cc4ccc(Cl)c(Cl)c4)ccc3oc2=O)cc1,1,ChEMBL_pos
CCN(Cc1ccccc1)Cc1ccc(-c2cc3cc(OCCNC(=O)CCc4ccc(F)c(F)c4)ccc3oc2=O)cc1,1,ChEMBL_pos
CCN(Cc1ccccc1)Cc1ccc(-c2cc3cc(OCCNC(=O)Cc4cc(F)cc(F)c4)ccc3oc2=O)cc1,1,ChEMBL_pos
CCN(Cc1ccccc1)Cc1ccc(-c2cc3ccc(OCCNC(=O)C=Cc4cc(F)cc(F)c4)cc3oc2=O)cc1,1,ChEMBL_pos
CCN(Cc1ccccc1)Cc1ccc(-c2cc3ccc(OCCNC(=O)C=Cc4ccc(Cl)c(Cl)c4)cc3oc2=O)cc1,1,ChEMBL_pos
CCN(Cc1ccccc1)Cc1ccc(-c2cc3ccc(OCCNC(=O)CCc4ccc(F)c(F)c4)cc3oc2=O)cc1,1,ChEMBL_pos
CCN(Cc1ccccc1)Cc1ccc(-c2cc3ccc(OCCNC(=O)Cc4cc(F)cc(F)c4)cc3oc2=O)cc1,1,ChEMBL_pos
CCN1C(=O)C(N2CCN(Cc3ccc(Cl)cc3)CC2)Cc2ccccc21,1,ChEMBL_pos
CCN1C(C)(C)CC(Oc2ccc(C(=O)Nc3ccc(NC(=O)Nc4cc(C(C)(C)C)on4)cc3)nc2)CC1(C)C,1,ChEMBL_pos
CCN1CCC(Nc2ccc3c(c2)C(=C(c2ccc(Cl)cc2)c2ncc[nH]2)C(=O)N3)CC1,1,ChEMBL_pos
CCN1CCC(Oc2ccc(C(=O)Nc3ccc(NC(=O)Nc4cc(C(C)(C)C)on4)cc3)nc2)CC1,1,ChEMBL_pos
CCN1CCC2(C)c3cc(OC(=O)NC)ccc3CC12,1,ChEMBL_pos
CCN1CCC2(C)c3cc(OC(=O)NCc4ccccc4)ccc3CC12,1,ChEMBL_pos
CCN1CCC2(C)c3cc(OC(=O)Nc4ccccc4)ccc3CC12,1,ChEMBL_pos
CCN1CCC2c3cc(OC(=O)NC)ccc3CC21,1,ChEMBL_pos
CCN1CCCC(c2cccc(C#N)c2)C1,1,ChEMBL_pos
CCN1CCCC1CNC(=O)c1c(OC)ccc(Br)c1OC,1,ChEMBL_pos
CCN1CCCC1CNC(=O)c1cc(S(N)(=O)=O)ccc1OC,1,ChEMBL_pos
CCN1CCN(C(C)(C)c2ccc(NC(=O)c3ncc(C#N)[nH]3)c(C3=CCC(C)(C)CC3)c2)CC1,1,ChEMBL_pos
CCN1CCN(C2=Nc3cc(Cl)ccc3N(NC(=O)c3ccccc3Cl)c3ccccc32)CC1,1,ChEMBL_pos
CCN1CCN(C2CCc3cc(C(=O)Nc4ccc(C)c(Nc5nccc(-c6cccnc6)n5)c4)ccc32)CC1,1,ChEMBL_pos
CCN1CCN(Cc2ccc(NC(=O)CNc3ccc(-c4ccc(NC(=O)C5CC5)nc4)cc3)cc2C(F)(F)F)CC1,1,ChEMBL_pos
CCN1CCN(c2cc(-c3ccc(F)cc3)c3c(n2)CCC(O)CCC3)CC1,1,ChEMBL_pos
CCN1CCN(c2cc(-c3ccc(F)cc3)c3c(n2)CCCC(O)CC3)CC1,1,ChEMBL_pos
CCN1CCN(c2cc(-c3ccc(F)cc3)c3c(n2)CCCCCC3)CC1,1,ChEMBL_pos
CCN1CCN(c2ccc(Nc3cc(N(C)C(=O)Nc4c(Cl)c(OC)cc(OC)c4Cl)ncn3)cc2)CC1,1,ChEMBL_pos
CCN1CCc2cc(-c3ccc(O)cc3)cc3c2C1Cc1ccc(O)c(O)c1-3,1,ChEMBL_pos
CCN1CCc2cc(-c3ccccc3)cc3c2C1Cc1ccc(O)c(O)c1-3,1,ChEMBL_pos
CCN1CCc2cc3ccccc3n2CC1,1,ChEMBL_pos
CCN1CCc2ccccc2Cc2[nH]c3ccccc3c2CC1,1,ChEMBL_pos
CCN=C(NS(=O)(=O)N(CC)CC)N1CC(c2ccccc2)C(c2ccc(Cl)cc2)=N1,1,ChEMBL_pos
CCN=C1CCc2c1n(C)c1ccc(OC(=O)NC)c(Br)c21,1,ChEMBL_pos
CCN=C1CCc2c1n(C)c1ccc(OC(=O)NC)c(Cl)c21,1,ChEMBL_pos
CCNC(=O)C(C)NCC(Cc1ccccc1)NC(=O)c1cc(C(=O)NC(C)c2ccc(F)cc2)cc(N(C)S(C)(=O)=O)c1,1,ChEMBL_pos
CCNC(=O)Nc1cc(CNc2ccccc2C(=O)Nc2ccc3c(c2)OC(F)(F)O3)ccn1,1,ChEMBL_pos
CCNC(=O)Nc1cc(F)ccc1C(=O)CCCN1CCC2C(C1)c1cccc3c1N2CCCS3,1,ChEMBL_pos
CCNC(=O)Nc1ccc(CNc2ncsc2C(=O)Nc2ccc3c(c2)OC(F)(F)O3)cn1,1,ChEMBL_pos
CCNC(=O)Nc1ccc(Oc2ncnc(N)c2C=NOC)cc1Cl,1,ChEMBL_pos
CCNC(=O)Nc1ccc2c(c1)CCC1C2c2cc(O)c(Cl)cc2CCN1C,1,ChEMBL_pos
CCNC(=O)Nc1cccc2c1CCC1C2c2cc(O)c(Cl)cc2CCN1C,1,ChEMBL_pos
CCNC(=O)Oc1ccc2c(c1)C1(C)CCN(C)C1N2C,1,ChEMBL_pos
CCNC(=O)Oc1ccc2c(c1)C1(C)CCOC1N2C,1,ChEMBL_pos
CCNC(=O)Oc1ccc2c(c1)C1(C)CCOC1O2,1,ChEMBL_pos
CCNC(=O)Oc1ccc2c(c1)C1(C)COC(C1)O2,1,ChEMBL_pos
CCNC(=O)Oc1cccc2c1CCC1CCN(C)C21,1,ChEMBL_pos
CCNC(=O)Oc1cccc2c1OCC1CCN(C)C21,1,ChEMBL_pos
CCNC(=O)c1cc(-c2ccc(Cl)cc2)c(-c2ccc(Cl)cc2Cl)nc1OCc1ccc(F)c(F)c1,1,ChEMBL_pos
CCNC(=O)c1cc(-c2ccc(Cl)cc2)c(-c2ccc(Cl)cc2Cl)nc1OCc1ccccc1,1,ChEMBL_pos
CCNC(=O)c1cc(CNc2ccccc2C(=O)Nc2ccc3c(c2)OC(F)(F)O3)ccn1,1,ChEMBL_pos
CCNCC(O)C(Cc1ccccc1)NC(=O)c1cc(C(=O)NC(C)c2ccc(F)cc2)cc(N(C)S(C)(=O)=O)c1,1,ChEMBL_pos
CCNCCc1c[nH]c2ccc(OC)cc12,1,ChEMBL_pos
CCNCCc1cc(OC)c(Br)cc1OC,1,ChEMBL_pos
CCNc1cc(C(=O)NC(Cc2cc(F)cc(F)c2)C(O)CNCc2cccc(OC)c2)cc(N2CCCCS2(=O)=O)c1,1,ChEMBL_pos
CCNc1cc(C(=O)NC(Cc2ccccc2)C(O)CNC(C)(C)CCCC(C)C)cc(N2CCCC2=O)c1,1,ChEMBL_pos
CCNc1cc(C(=O)NC(Cc2ccccc2)C(O)CNC(C)(C)COCC(C)C)cc(N2CCCC2=O)c1,1,ChEMBL_pos
CCNc1cc(C(=O)NC(Cc2ccccc2)C(O)CNC(C)(C)c2cccc(C(F)(F)F)c2)cc(N2CCCC2=O)c1,1,ChEMBL_pos
CCNc1cc(C(=O)NC(Cc2ccccc2)C(O)CNC(C)C(=O)NC2CCCCC2)cc(N2CCCC2=O)c1,1,ChEMBL_pos
CCNc1cc(C(=O)NC(Cc2ccccc2)C(O)CNC(C)CCCC(C)C)cc(N2CCCC2=O)c1,1,ChEMBL_pos
CCNc1cc(C(=O)NC(Cc2ccccc2)C(O)CNC2(c3cccc(OC)c3)CCCCC2)cc(N2CCCC2=O)c1,1,ChEMBL_pos
CCNc1cc(C(=O)NC(Cc2ccccc2)C(O)CNC2CCCCC2)cc(N2CCCC2=O)c1,1,ChEMBL_pos
CCNc1cc(C(=O)NC(Cc2ccccc2)C(O)CNC2CCSCC2)cc(N2CCCC2=O)c1,1,ChEMBL_pos
CCNc1cc(C(=O)NC(Cc2ccccc2)C(O)CNC2CCc3ccc(OC)cc32)cc(N2CCCCS2(=O)=O)c1,1,ChEMBL_pos
CCNc1cc(C(=O)NC(Cc2ccccc2)C(O)CNC2CCc3ccccc32)cc(N2CCCC2=O)c1,1,ChEMBL_pos
CCNc1cc(C(=O)NC(Cc2ccccc2)C(O)CNC2CCc3ccccc32)cc(N2CCCCS2(=O)=O)c1,1,ChEMBL_pos
CCNc1cc(C(=O)NC(Cc2ccccc2)C(O)CNCCCCC(C)C)cc(N2CCCC2=O)c1,1,ChEMBL_pos
CCNc1cc(C(=O)NC(Cc2ccccc2)C(O)CNCCc2ccccc2)cc(N2CCCC2=O)c1,1,ChEMBL_pos
CCNc1cc(C(=O)NC(Cc2ccccc2)C(O)CNCc2cc(OC)cc(OC)c2)cc(N2CCCC2=O)c1,1,ChEMBL_pos
CCNc1cc(C(=O)NC(Cc2ccccc2)C(O)CNCc2cccc(C(F)(F)F)c2)c(F)c(N2CCCCS2(=O)=O)c1,1,ChEMBL_pos
CCNc1cc(C(=O)NC(Cc2ccccc2)C(O)CNCc2cccc(C(F)(F)F)c2)cc(N2CCCC2=O)c1,1,ChEMBL_pos
CCNc1cc(C(=O)NC(Cc2ccccc2)C(O)CNCc2cccc(C(F)(F)F)c2)cc(N2CCCCS2(=O)=O)c1,1,ChEMBL_pos
CCNc1cc(C(=O)NC(Cc2ccccc2)C(O)CNCc2cccc(Cl)c2)cc(N2CCCC2=O)c1,1,ChEMBL_pos
CCNc1cc(C(=O)NC(Cc2ccccc2)C(O)CNCc2cccc(OC(F)(F)F)c2)cc(N2CCCC2=O)c1,1,ChEMBL_pos
CCNc1cc(C(=O)NC(Cc2ccccc2)C(O)CNCc2cccc(OC(F)(F)F)c2)cc(N2CCCCS2(=O)=O)c1,1,ChEMBL_pos
CCNc1cc(C(=O)NC(Cc2ccccc2)C(O)CNCc2cccc(OC)c2)c(F)c(N2CCCCS2(=O)=O)c1,1,ChEMBL_pos
CCNc1cc(C(=O)NC(Cc2ccccc2)C(O)CNCc2cccc(OC)c2)cc(N2CCCC2=O)c1,1,ChEMBL_pos
CCNc1cc(C(=O)NC(Cc2ccccc2)C(O)CNCc2cccc(OC)c2)cc(N2CCCCS2(=O)=O)c1,1,ChEMBL_pos
CCNc1cc(C(=O)NC(Cc2ccccc2)C(O)CNCc2cccc(OC)n2)cc(N2CCCC2=O)c1,1,ChEMBL_pos
CCNc1cc(C(=O)NC(Cc2ccccc2)C(O)CNCc2ccccc2)cc(N2CCCC2=O)c1,1,ChEMBL_pos
CCNc1cc(C(=O)NC(Cc2ccccc2)C(O)CNCc2ccccc2)cc(N2CCCCS2(=O)=O)c1,1,ChEMBL_pos
CCNc1cc(C(=O)NC(Cc2ccccc2)C(O)CNCc2cnn(CC)c2)c(F)c(N2CCCCS2(=O)=O)c1,1,ChEMBL_pos
CCNc1cc(C(=O)NC(Cc2ccccc2)C(O)CNCc2cnn(CC)c2)cc(N2CCCC2=O)c1,1,ChEMBL_pos
CCNc1cc(C(=O)NC(Cc2ccccc2)C(O)CNCc2cnn(CC)c2)cc(N2CCCCS2(=O)=O)c1,1,ChEMBL_pos
CCNc1cc(C(=O)NC(Cc2ccco2)C(O)CNCc2cccc(OC)c2)cc(N2CCCCS2(=O)=O)c1,1,ChEMBL_pos
CCOC(=O)C(=O)Nc1cc(C)nc(N2CCc3ccccc3C2)c1,1,ChEMBL_pos
CCOC(=O)CC(=O)Nc1cccc2c1Cc1c-2n[nH]c1-c1csc(C#CCOc2ccccc2)c1,1,ChEMBL_pos
CCOC(=O)CN1CCN(c2ccc(-c3ccccc3)cc2NC(=O)c2cccc3ccccc23)CC1,1,ChEMBL_pos
CCOC(=O)N1CC(C)(C)CSC1=Nc1ccccc1C(C)C,1,ChEMBL_pos
CCOC(=O)N1CCC(CN2CCC(NC(=O)c3cc(Cl)c(N)cc3OC)C(OC)C2)CC1,1,ChEMBL_pos
CCOC(=O)N1CCN(CCOC(=O)c2cc(Cl)c(N)cc2OC)CC1,1,ChEMBL_pos
CCOC(=O)Nc1cc(F)ccc1C(=O)CCCN1CCC2C(C1)c1cccc3c1N2CCCS3,1,ChEMBL_pos
CCOC(=O)Nc1ccc2c(c1)CCC1C2c2cc(O)c(Cl)cc2CCN1C,1,ChEMBL_pos
CCOC(=O)c1cc2cc(OCCCCN3CCN(c4cccc(Cl)c4Cl)CC3)ccn2n1,1,ChEMBL_pos
CCOC(=O)c1ccc(-n2ccc(C)c(-c3ccc4nc(N)ncc4c3)c2=O)cc1,1,ChEMBL_pos
CCOC(=O)c1ccc2on(CC3CC4c5ccccc5Oc5ccc(Br)cc5C4O3)c2c1,1,ChEMBL_pos
CCOC(=O)c1cccc(NC(=O)Nc2ccc(-c3c(C)sc4ncnc(N)c34)cc2)c1,1,ChEMBL_pos
CCOC(=O)c1cnc2ccc(-c3cncc(NS(=O)(=O)c4ccccc4)c3)cn12,1,ChEMBL_pos
CCOC(=O)c1sc(=NC(=O)c2cccc(C(F)(F)F)c2)n(CC2CC2)c1C,1,ChEMBL_pos
CCOC(=S)N1CC(C)(C)CSC1=Nc1ccccc1C(C)C,1,ChEMBL_pos
CCOC(C)c1ccc2c(n1)N1C(C)CNCC1C2,1,ChEMBL_pos
CCOC1(CC)c2cccc3c2-c2c1ccc1c2C(C3)N(C)CC1,1,ChEMBL_pos
CCOCC(N)C(Cc1ccccc1)NC(=O)c1cc(N(C)CC2CC2C)nc(N(C)S(=O)(=O)C(C)C)c1,1,ChEMBL_pos
CCOCCCNC(=O)c1cc(NC(=O)Nc2cccc(Cl)c2)ccc1N(C)C,1,ChEMBL_pos
CCOCCN1CC(C(=O)NC(Cc2cc(F)cc(F)c2)C(O)C2CC(OCc3ccccc3)CN2)CC1=O,1,ChEMBL_pos
CCOCC[n+]1ccc(CCC(=O)C2Cc3cc(OC)c(OC)cc3S2)cc1,1,ChEMBL_pos
CCOCC[n+]1ccc(CCC(=O)c2cc3cc(OC)c(OC)cc3s2)cc1,1,ChEMBL_pos
CCOCCn1c(=NC(=O)c2cccc(C(F)(F)F)c2F)cc(C(C)(C)C)n1C,1,ChEMBL_pos
CCOCCn1c(C)c(C(C)(C)C)sc1=NC(=O)c1cccc(C(F)(F)F)c1,1,ChEMBL_pos
CCON=Cc1cccc2c1CCC1C2c2cc(O)c(Cl)cc2CCN1C,1,ChEMBL_pos
CCOc1c(C(=O)NN2c3ccc(Cl)cc3N=C(N3CCN(C)CC3)c3ccccc32)sc2ccccc12,1,ChEMBL_pos
CCOc1c(O)cc(Br)c2c1CN1CCc3cc(OC)c(O)cc3C1C2,1,ChEMBL_pos
CCOc1c(O)ccc2c1CN1CCc3cc(OC)c(O)cc3C1C2,1,ChEMBL_pos
CCOc1cc(C(=O)NC(Cc2ccccc2)C(O)CNC(C)C(=O)NC2CCCCC2)cc(N2CCCC2=O)c1,1,ChEMBL_pos
CCOc1cc(C(=O)NC(Cc2ccccc2)C(O)CNCc2cccc(C(F)(F)F)c2)cc(-c2ccccc2C#N)c1,1,ChEMBL_pos
CCOc1cc(C(=O)NC(Cc2ccccc2)C(O)CNCc2cccc(C(F)(F)F)c2)cc(-c2ccccc2C(C)=O)c1,1,ChEMBL_pos
CCOc1cc(C(=O)NC(Cc2ccccc2)C(O)CNCc2cccc(C(F)(F)F)c2)cc(C2=C(C)CCC2=O)c1,1,ChEMBL_pos
CCOc1cc(C(=O)NC(Cc2ccccc2)C(O)CNCc2cccc(C(F)(F)F)c2)cc(N2CCCC2=O)c1,1,ChEMBL_pos
CCOc1cc(C(=O)NC(Cc2ccccc2)C(O)CNCc2cccc(C(F)(F)F)c2)cc(N2CCCCS2(=O)=O)c1,1,ChEMBL_pos
CCOc1cc(C(=O)NC(Cc2ccccc2)C(O)CNCc2cccc(C(F)(F)F)c2)cc(N2CCCS2(=O)=O)c1,1,ChEMBL_pos
CCOc1cc(C(=O)NC(Cc2ccccc2)C(O)CNCc2cccc(OC(F)(F)F)c2)cc(N2CCCCS2(=O)=O)c1,1,ChEMBL_pos
CCOc1cc(N)c(Cl)cc1C(=O)CCC1CCN(CC2CCCCC2)CC1,1,ChEMBL_pos
CCOc1cc(N)c(I)cc1C(=O)CCC1CCN(CC2CCCCC2)CC1,1,ChEMBL_pos
CCOc1cc(N)ccc1C(=O)CCC1CCN(CC2CCCCC2)CC1,1,ChEMBL_pos
CCOc1cc2c(cc1OCC)C(=O)C(C)C2,1,ChEMBL_pos
CCOc1ccc(-c2cc(Cl)cc3c2N2CCNCCC2C3)cc1,1,ChEMBL_pos
CCOc1ccc(CCNC(=O)N2CCN(CCCC(c3ccc(F)cc3)c3ccc(F)cc3)CC2)cc1,1,ChEMBL_pos
CCOc1ccc(CCOC(=O)N2CCN(CCCc3ccccc3)CC2)cc1,1,ChEMBL_pos
CCOc1ccc(S(=O)(=O)c2ccc(C(C)NS(=O)(=O)C(F)(F)F)cc2)c(S(=O)(=O)c2ccccc2F)c1,1,ChEMBL_pos
CCOc1ccc2c(c1)C13CCCCC1C(C2)N(C)CC3,1,ChEMBL_pos
CCOc1ccc2c(c1OC)CN1CCc3cc(OC)c(O)cc3C1C2,1,ChEMBL_pos
CCOc1ccc2ccccc2c1C(=O)NN1c2ccc(Cl)cc2N=C(N2CCN(C)CC2)c2ccccc21,1,ChEMBL_pos
CCOc1cccc(-c2cc(Cl)cc3c2N2CCNCCC2C3)c1,1,ChEMBL_pos
CCOc1ccccc1-c1cc(Cl)cc2c1N1CCNCCC1C2,1,ChEMBL_pos
CCOc1ccccc1-c1cc(Cl)cc2cc3n(c12)CCNCC3,1,ChEMBL_pos
CCOc1ccccc1-c1cccc2c1N1CCNCCC1C2,1,ChEMBL_pos
CCOc1ccccc1Cc1c(N)nc(SCCN2CCN(Cc3cccc(C(F)(F)F)c3)CC2)nc1N,1,ChEMBL_pos
CCOc1ccccc1N1CCN(CCCCc2cc(-c3ccc(OC)c(OC)c3)no2)CC1,1,ChEMBL_pos
CCOc1ccccc1N1CCN(CCCCc2cc(-c3cccc([N+](=O)[O-])c3)no2)CC1,1,ChEMBL_pos
CCOc1ccccc1N1CCN(CCCCc2cc(-c3ccccc3)no2)CC1,1,ChEMBL_pos
CCOc1ccccc1N1CCN(CCCCc2cc(-c3cccs3)no2)CC1,1,ChEMBL_pos
CCOc1ccccc1N=C1SCC(C)(C)CN1C(=S)SC,1,ChEMBL_pos
CCOc1ccccc1N=C1SCC2(CCCCC2)CN1C(=S)SC,1,ChEMBL_pos
CCOc1csc(C(=O)NN2c3ccc(Cl)cc3N=C(N3CCN(C)CC3)c3ccccc32)c1,1,ChEMBL_pos
CCOc1nn(-c2cccc(OCc3ccccc3)c2)c(=O)o1,1,ChEMBL_pos
CCS(=O)(=O)N(C)c1cc2cc(c1)C(=O)NC(c1ccccc1)CCc1cccc(c1)CC(C)(N)COC2,1,ChEMBL_pos
CCS(=O)(=O)N1CCN(c2nc(N3CCOCC3)nc(-n3c(C(F)F)nc4c(OC)cccc43)n2)CC1,1,ChEMBL_pos
CCS(=O)(=O)Nc1ccc2c(c1)CCC1C2c2cc(O)c(Cl)cc2CCN1C,1,ChEMBL_pos
CCS(=O)(=O)Nc1cccc2c1CCC1C2c2cc(O)c(Cl)cc2CCN1C,1,ChEMBL_pos
CCS(=O)(=O)n1c2c(c3cc(C(=O)N(C)C(C)C)ccc31)CN(C1CCCC1)C2,1,ChEMBL_pos
CCS(=O)(=O)n1c2c(c3cc(C(=O)N(C)CCC(C)C)ccc31)CN(C1CCCC1)C2,1,ChEMBL_pos
CCS(=O)(=O)n1c2c(c3cc(C(=O)N4CCC(C)CC4)ccc31)CN(C(C)C)C2,1,ChEMBL_pos
CCS(=O)(=O)n1c2c(c3cc(C(=O)N4CCC(C)CC4)ccc31)CN(C1CCCC1)C2,1,ChEMBL_pos
CCS(=O)(=O)n1c2c(c3cc(C(=O)N4CCC(C)CC4)ccc31)CN(C1CCCCO1)C2,1,ChEMBL_pos
CCS(=O)(=O)n1c2c(c3cc(C(=O)N4CCC(C)CC4)ccc31)CN(C1CCOC1)C2,1,ChEMBL_pos
CCS(=O)(=O)n1c2c(c3cc(C(=O)N4CCC(C)CC4)ccc31)CN(C1CCOCC1)C2,1,ChEMBL_pos
CCS(=O)(=O)n1c2c(c3cc(C(=O)N4CCC(C)CC4)ccc31)CN(CC1CC1)C2,1,ChEMBL_pos
CCS(=O)(=O)n1c2c(c3cc(C(=O)N4CCC(C)CC4)ccc31)CN(CC1CCCCC1)C2,1,ChEMBL_pos
CCS(=O)(=O)n1c2c(c3cc(C(=O)N4CCC(C)CC4)ccc31)CN(Cc1ccccc1)C2,1,ChEMBL_pos
CCS(=O)(=O)n1c2c(c3cc(C(=O)N4CCC(F)CC4)ccc31)CN(C1CCCC1)C2,1,ChEMBL_pos
CCS(=O)(=O)n1c2c(c3cc(C(=O)N4CCC(OC)CC4)ccc31)CN(C1CCCC1)C2,1,ChEMBL_pos
CCS(=O)(=O)n1c2c(c3cc(C(=O)N4CCCCC4)ccc31)CN(C1CCCC1)C2,1,ChEMBL_pos
CCS(=O)(=O)n1c2c(c3cc(C(=O)N4CCOCC4)ccc31)CN(C1CCCC1)C2,1,ChEMBL_pos
CCSC(=O)N1CC(C)(C)CSC1=Nc1ccccc1C(C)C,1,ChEMBL_pos
CCSC(=S)N1CC(C)(C)CSC1=Nc1ccccc1C(C)C,1,ChEMBL_pos
CCSc1c(Cl)cc2nc(O)c(O)nc2c1[N+](=O)[O-],1,ChEMBL_pos
CCSc1cc2c(cc1F)CCN2CC(C)N,1,ChEMBL_pos
CCSc1ccc(CC(C)N)cc1,1,ChEMBL_pos
CCSc1ccc2c(c1)N(CC(C)N)CC2,1,ChEMBL_pos
CCSc1nc(-c2ccc(Cl)cc2)nn1C(=O)N(C)C,1,ChEMBL_pos
CC[N+](C)(C)c1cccc(O)c1,1,ChEMBL_pos
CC[n+]1ccc(CCC(=O)C2Cc3cc(OC)c(OC)cc3S2)cc1,1,ChEMBL_pos
CC[n+]1ccc(CCC(=O)c2cc3cc(OC)c(OC)cc3s2)cc1,1,ChEMBL_pos
CCc1[nH]c2ccc(OC)cc2c1CCN(C)C,1,ChEMBL_pos
CCc1c(-c2nnnn2C2CCCC2)nn(-c2ccc(Cl)cc2Cl)c1-c1ccc(Cl)cc1,1,ChEMBL_pos
CCc1c(C(=O)NC2C3(C)CCC(C3)C2(C)C)c2cccc(OC)c2n1CCN1CCOCC1,1,ChEMBL_pos
CCc1c(C(=O)NC2CCCCC2O)nc(-c2ccccc2Cl)n1-c1ccc(Br)cc1,1,ChEMBL_pos
CCc1c(C(=O)NC2CCCCC2O)nc(-c2ccccc2Cl)n1-c1ccc(Cl)cc1,1,ChEMBL_pos
CCc1c(C(=O)NN2CCCCC2)nc(-c2ccc(Cl)cc2Cl)n1-c1ccc(Cl)cc1,1,ChEMBL_pos
CCc1c(C(=O)NN2CCCCC2)nn(-c2ccc(Cl)cc2Cl)c1-c1ccc(Br)cc1,1,ChEMBL_pos
CCc1c(Cl)cc2nc(O)c(O)nc2c1[N+](=O)[O-],1,ChEMBL_pos
CCc1cc(=NCCC2CCN(Cc3ccccc3)CC2)[nH]nc1-c1ccccc1,1,ChEMBL_pos
CCc1cc(N)cc(N2CCc3ccccc3C2)n1,1,ChEMBL_pos
CCc1cc2c(c(C(F)(F)F)c1)C(=O)N1CCNCC21,1,ChEMBL_pos
CCc1cc2c(cc1OC)C(=O)N1CCNCC21,1,ChEMBL_pos
CCc1cc2c(ccc3c(C)nn(CC(C)N)c32)o1,1,ChEMBL_pos
CCc1cc2c(ccc3c(CC)nn(CC(C)N)c32)o1,1,ChEMBL_pos
CCc1cc2c(ccc3c(OC)nn(CC(C)N)c32)o1,1,ChEMBL_pos
CCc1cc2c(ccc3cnn(CC(C)N)c32)o1,1,ChEMBL_pos
CCc1cc2c(s1)CC1c3cc(O)c(OC)cc3CCN1C2,1,ChEMBL_pos
CCc1cc2nc(O)c(O)nc2c([N+](=O)[O-])c1Br,1,ChEMBL_pos
CCc1cc2nc(O)c(O)nc2c([N+](=O)[O-])c1CC,1,ChEMBL_pos
CCc1cc2nc(O)c(O)nc2c([N+](=O)[O-])c1Cl,1,ChEMBL_pos
CCc1ccc(-c2c(-c3cnc(C)[nH]3)c(=O)[nH]c3ccc(C#N)cc23)cc1,1,ChEMBL_pos
CCc1ccc(-c2c(-c3cnc(C)[nH]3)c(=O)[nH]c3ccc(Cl)cc23)cc1,1,ChEMBL_pos
CCc1ccc(-c2cc(O)c3c(c2)OC(C)(C)C2CC=C(C)CC32)cc1,1,ChEMBL_pos
CCc1ccc(C(=O)C2CCN(C(=O)c3cccc(O)c3)CC2)cc1,1,ChEMBL_pos
CCc1ccc(N2CCN(Cc3c[nH]c4ncccc34)CC2)cc1,1,ChEMBL_pos
CCc1ccc(N=C2SCC3(CCCCC3)CN2C(=S)SC)cc1,1,ChEMBL_pos
CCc1ccc(Nc2noc3c(C(=O)Nc4cncnc4)c(Cl)ccc23)cc1,1,ChEMBL_pos
CCc1ccc(SC(=O)OCC[N+](C)(C)C)cc1,1,ChEMBL_pos
CCc1ccc2c(c1)C1c3cc(O)c(O)cc3CCC1NC2,1,ChEMBL_pos
CCc1ccc2c(c1OC)C(=O)N1CCNCC21,1,ChEMBL_pos
CCc1cccc(NC(=N)Nc2cccc(CC)c2)c1,1,ChEMBL_pos
CCc1cccc(NC(=O)Nc2ccc(-c3cccc4[nH]nc(N)c34)cc2)c1,1,ChEMBL_pos
CCc1cccc2c1S(=O)(=O)c1ccccc1O2,1,ChEMBL_pos
CCc1ccccc1-c1nc(C(=O)NC2CCCCC2)cn1-c1ccc(Cl)cc1,1,ChEMBL_pos
CCc1ccccc1N=C1SCC(C)(C)CN1C(=S)SC,1,ChEMBL_pos
CCc1ccccc1NC(=N)Nc1ccccc1CC,1,ChEMBL_pos
CCc1ccccc1NC(=O)Oc1ccc2c(c1)C1(C)CCN(C)C1N2C,1,ChEMBL_pos
CCc1ccccc1NC(=O)Oc1ccc2c(c1)C1(C)CCN(C)OC1N2C,1,ChEMBL_pos
CCc1ccccc1NC(=O)Oc1ccc2c(c1)C1(C)CC[N+](C)([O-])C1N2C,1,ChEMBL_pos
CCc1ccccc1SC(=O)OCC[N+](C)(C)C,1,ChEMBL_pos
CCc1nc2c(-c3ccc(Cl)cc3)n(-c3ccccc3Cl)nc2c(=O)n1CC(F)(F)F,1,ChEMBL_pos
CCc1nn(CC(C)N)c2c1ccc1occc12,1,ChEMBL_pos
CCc1sc2ncnc(N)c2c1-c1ccc(NC(=O)Nc2cccc(C)c2)cc1,1,ChEMBL_pos
CCc1sccc1N1CCCC(c2cccc(C#N)c2)C1,1,ChEMBL_pos
CCn1c(-c2ccc(C(F)(F)F)nc2)nc2c(NC3CCN(C(=O)C4CC4)C3)ncnc21,1,ChEMBL_pos
CCn1c(-c2ccc(C(F)(F)F)nc2)nc2c(OC3CCN(C(=O)C4CC(OC)C4)C3)ncnc21,1,ChEMBL_pos
CCn1c(-c2ccc(C(F)(F)F)nc2)nc2c(OC3CCN(C(=O)C4CC4)C3)ncnc21,1,ChEMBL_pos
CCn1c(-c2ccc(C(F)(F)F)nc2)nc2c(OC3CCN(C(=O)C4CCOC4)C3)ncnc21,1,ChEMBL_pos
CCn1c(-c2ccc(C(F)(F)F)nc2)nc2c(OC3CCN(C(=O)N4CC(OC)C4)C3)ncnc21,1,ChEMBL_pos
CCn1c(-c2ccc(C(F)(F)F)nc2)nc2c(OC3CCN(C(=O)c4cocn4)C3)ncnc21,1,ChEMBL_pos
CCn1c(-c2cnc(C)nc2)nc2c(-c3ccc4c(c3)C(C)(CC3CC3)C(=O)N4)ncnc21,1,ChEMBL_pos
CCn1c(-c2cnc(C)nc2)nc2c(-c3ccc4c(c3)C(C)(CC3CCO3)C(=O)N4)ncnc21,1,ChEMBL_pos
CCn1c(-c2cnc(C)nc2)nc2c(-c3ccc4c(c3)C(C)(CC3COC3)C(=O)N4)ncnc21,1,ChEMBL_pos
CCn1c(-c2cnc(C)nc2)nc2c(-c3ccc4c(c3)C(C)(Cc3ccccc3)C(=O)N4)ncnc21,1,ChEMBL_pos
CCn1c(-c2cnc(C)nc2)nc2c(-c3ccc4c(c3)C(C)(Cc3ccccc3)NC4=O)ncnc21,1,ChEMBL_pos
CCn1c(-c2cnc(C)nc2)nc2c(-c3ccc4c(c3)C(C)(N3CC(C)(OC)C3)C(=O)N4)ncnc21,1,ChEMBL_pos
CCn1c(-c2cnc(C)nc2)nc2c(-c3ccc4c(c3)C(C)(NC3CCC3)C(=O)N4)ncnc21,1,ChEMBL_pos
CCn1c(-c2cnc(C)nc2)nc2c(-c3ccc4c(c3)C(C)(NC3CCOC3)C(=O)N4)ncnc21,1,ChEMBL_pos
CCn1c(-c2cnc(C)nc2)nc2c(-c3ccc4c(c3)C(C)(NCC(C)(C)F)C(=O)N4)ncnc21,1,ChEMBL_pos
CCn1c(-c2cnc(C)nc2)nc2c(-c3ccc4c(c3)C(C)(NCC(C)(F)F)C(=O)N4)ncnc21,1,ChEMBL_pos
CCn1c(-c2cnc(C)nc2)nc2c(-c3ccc4c(c3)C(C)(c3ccccc3)C(=O)N4)ncnc21,1,ChEMBL_pos
CCn1c(-c2cnc(C)nc2)nc2c(-c3ccc4c(c3)C3(CCCN3C(=O)C3CC3)C(=O)N4)ncnc21,1,ChEMBL_pos
CCn1c(-c2cnc(C)nc2)nc2c(-c3ccc4c(c3)C3(CCCN3C(=O)C3CC3)C(=O)N4C)ncnc21,1,ChEMBL_pos
CCn1c(-c2cnc(C)nc2)nc2c(-c3ccc4c(c3)C3(CCCN3C(C)C)C(=O)N4)ncnc21,1,ChEMBL_pos
CCn1c(-c2cnc(C)nc2)nc2c(-c3cnc4c(c3)C(C)(N3CC(C)(OC)C3)C(=O)N4)ncnc21,1,ChEMBL_pos
CCn1c(-c2cnc(C)nc2)nc2c(-c3cnc4c(c3)C(C)(NC3CCC3)C(=O)N4)ncnc21,1,ChEMBL_pos
CCn1c(-c2cnc(C)nc2)nc2c(-c3cnc4c(c3)C(C)(NC3CCOC3)C(=O)N4)ncnc21,1,ChEMBL_pos
CCn1c(-c2cnc(C)nc2)nc2c(-c3cnc4c(c3)C(C)(NCC(C)(C)F)C(=O)N4)ncnc21,1,ChEMBL_pos
CCn1c(-c2cnc(C)nc2)nc2c(NC3CCN(C(=O)C4CC(F)(F)C4)C3)ncnc21,1,ChEMBL_pos
CCn1c(-c2cnc(C)nc2)nc2c(NC3CCN(C(=O)C4CC(OC)C4)C3)ncnc21,1,ChEMBL_pos
CCn1c(-c2cnc(C)nc2)nc2c(NC3CCN(C(=O)C4CC4)C3)ncnc21,1,ChEMBL_pos
CCn1c(-c2cnc(C)nc2)nc2c(NC3CCN(C(=O)C4CCC4)C3)ncnc21,1,ChEMBL_pos
CCn1c(-c2cnc(C)nc2)nc2c(NC3CCN(C(=O)C4CCOC4)C3)ncnc21,1,ChEMBL_pos
CCn1c(-c2cnc(C)nc2)nc2c(NC3CCN(C(=O)C4CCOCC4)C3)ncnc21,1,ChEMBL_pos
CCn1c(-c2cnc(C)nc2)nc2c(NC3CCN(C(=O)N4CC(OC)C4)C3)ncnc21,1,ChEMBL_pos
CCn1c(-c2cnc(C)nc2)nc2c(NC3CCN(C(=O)c4cocn4)C3)ncnc21,1,ChEMBL_pos
CCn1c(-c2cnc(C)nc2)nc2c(OC3CCN(C(=O)C4CC(F)(F)C4)C3)ncnc21,1,ChEMBL_pos
CCn1c(-c2cnc(C)nc2)nc2c(OC3CCN(C(=O)C4CC(OC)C4)C3)ncnc21,1,ChEMBL_pos
CCn1c(-c2cnc(C)nc2)nc2c(OC3CCN(C(=O)C4CC4)C3)ncnc21,1,ChEMBL_pos
CCn1c(-c2cnc(C)nc2)nc2c(OC3CCN(C(=O)C4CCC4)C3)ncnc21,1,ChEMBL_pos
CCn1c(-c2cnc(C)nc2)nc2c(OC3CCN(C(=O)C4CCOC4)C3)ncnc21,1,ChEMBL_pos
CCn1c(-c2cnc(C)nc2)nc2c(OC3CCN(C(=O)C4CCOCC4)C3)ncnc21,1,ChEMBL_pos
CCn1c(-c2cnc(C)nc2)nc2c(OC3CCN(C(=O)N4CC(OC)C4)C3)ncnc21,1,ChEMBL_pos
CCn1c(-c2cnc(C)nc2)nc2c(OC3CCN(C(=O)c4cocn4)C3)ncnc21,1,ChEMBL_pos
CCn1c(=O)n(C(=O)NC2CC3CCC(C2)N3C)c2ccccc21,1,ChEMBL_pos
CCn1c(C(=O)NC2CCCCC2)nc(-c2ccc(Cl)cc2Cl)c1-c1ccc(Cl)cc1,1,ChEMBL_pos
CCn1c(C)c(C(C)(C)C)sc1=NC(=O)c1cccc(C(F)(F)F)c1,1,ChEMBL_pos
CCn1c(C)nc2cc(C(=O)CCC3CCN(Cc4ccccc4)CC3)ccc21,1,ChEMBL_pos
CCn1cnc2c(-c3ccc(Cl)cc3)n(-c3ccccc3Cl)nc2c1=O,1,ChEMBL_pos
CCn1ncc(-c2nc3c(-c4ccc5c(c4)C(C)(CC4CC4)C(=O)N5)ncnc3n2C)c1C,1,ChEMBL_pos
CCn1ncc(-c2nc3c(CC4CCN(C(=O)C5CCOCC5)C4)ncnc3n2C)c1C,1,ChEMBL_pos
CCn1ncc(-c2nc3c(N4CCC(n5c(=O)[nH]c6ncccc65)CC4)ncnc3n2C)c1C,1,ChEMBL_pos
CCn1ncc(-c2nc3c(NC(C)C(=O)N4CCOCC4)ncnc3n2C)c1C,1,ChEMBL_pos
CCn1ncc(-c2nc3c(NC4CC(=O)N(CC(C)C)C4)ncnc3n2C)c1C,1,ChEMBL_pos
CCn1ncc(-c2nc3c(NC4CCC(C(=O)N5CCOCC5)C4)ncnc3n2C)c1C,1,ChEMBL_pos
CCn1ncc(-c2nc3c(NC4CCN(C(=O)C5CC5)C4)ncnc3n2C)c1C,1,ChEMBL_pos
CCn1ncc(-c2nc3c(NC4CCN(C(=O)C5CCOCC5)C4)ncnc3n2C)c1C,1,ChEMBL_pos
CCn1ncc(-c2nc3c(NC4CN(C(=O)C5CCOCC5)C4)ncnc3n2C)c1C,1,ChEMBL_pos
CCn1ncc(-c2nc3c(OC4CCN(C(=O)C5CC5)C4)ncnc3n2C)c1C,1,ChEMBL_pos
CCn1ncc(-c2nc3c(OC4CCN(C(=O)C5CCOCC5)C4)ncnc3n2C)c1C,1,ChEMBL_pos
CCn1ncc(-c2nc3c(Oc4csc(C(=O)N5CCOCC5)c4)ncnc3n2C)c1C,1,ChEMBL_pos
CCn1ncc(-c2nc3c(SC4CCN(C(=O)C5CCOCC5)C4)ncnc3n2C)c1C,1,ChEMBL_pos
CCn1ncc2c1-c1c(C)sc(C)c1CCC2,1,ChEMBL_pos
CCn1ncc2c1-c1c(Cl)sc(Cl)c1CCC2,1,ChEMBL_pos
CN(C(=O)C1CC2(COC(=O)N2)C1)C1CC(c2ccc(C(C)(C)C)cc2)C1,1,ChEMBL_pos
CN(C(=O)C1CC2(COC(=O)N2)C1)C1CC(c2ccc(C3(C)CC3)cc2)C1,1,ChEMBL_pos
CN(C(=O)C1CC2(COC(=O)N2)C1)C1CC(c2ccc(F)c(C(C)(C)C)c2)C1,1,ChEMBL_pos
CN(C(=O)CCC(C1CCCCC1)N1Cc2cc(Oc3ccccc3)ccc2N=C1N)C1CCCCC1,1,ChEMBL_pos
CN(C(=O)CCN1Cc2cc(C(=O)c3ccccc3)ccc2N=C1N)C1CCCCC1,1,ChEMBL_pos
CN(C(=O)NCc1ccccc1)C(=O)Oc1ccc2c(c1)C1(C)CCN(C)C1N2C,1,ChEMBL_pos
CN(C(=O)Oc1ccc2c(c1)C1(C)CCN(C)C1N2C)c1ccccc1,1,ChEMBL_pos
CN(C(=O)c1cccc(CN2Cc3cc(Oc4ccccc4)ccc3N=C2N)c1)C1CCCCC1,1,ChEMBL_pos
CN(C(=O)c1cccs1)C1CCC(CCN2CCN(c3cccc(Cl)c3Cl)CC2)CC1,1,ChEMBL_pos
CN(C(=O)c1cn(-c2ccc(Cl)cc2)c(-c2ccccc2Cl)n1)C1CCCCC1,1,ChEMBL_pos
CN(C(=O)c1nc(-c2ccc(Cl)cc2Cl)c(-c2ccc(Cl)cc2)n1C)C1CCCCC1,1,ChEMBL_pos
CN(C(=O)n1nnc(Cc2ccc(-c3ccccc3)cc2)n1)C1CCCCC1,1,ChEMBL_pos
CN(C)C(=NS(=O)(=O)c1ccc(Cl)cc1)N1CC(c2ccccc2)C(c2ccc(Cl)cc2)=N1,1,ChEMBL_pos
CN(C)C(=O)Oc1ccc2c(c1)C(N)CC2,1,ChEMBL_pos
CN(C)C(=O)Oc1ccc2c(c1)C1(C)CCN(C)C1N2C,1,ChEMBL_pos
CN(C)C(=O)Oc1cccc(CCN)c1,1,ChEMBL_pos
CN(C)C(=O)Oc1cccc([N+](C)(C)C)c1,1,ChEMBL_pos
CN(C)C(=O)Oc1cccc2c1C(N)CC2,1,ChEMBL_pos
CN(C)C(=O)Oc1cccc2c1CCC2N,1,ChEMBL_pos
CN(C)C(=O)Oc1cccc2c1CCC2N(C)C,1,ChEMBL_pos
CN(C)C(=O)c1cc(-c2ccc(Cl)cc2)c(-c2ccc(Cl)cc2Cl)nc1OCc1ccccc1,1,ChEMBL_pos
CN(C)C(=O)c1cc(N2CCN(C(=O)n3nnc4ccccc43)CC2)ccc1[N+](=O)[O-],1,ChEMBL_pos
CN(C)C(=O)c1ccc(CSc2nc3ccccc3n2Cc2ccc(Cl)cc2)cc1,1,ChEMBL_pos
CN(C)C(=O)c1cccc(CN2CCN(C(=O)n3nnc4ccccc43)CC2)c1,1,ChEMBL_pos
CN(C)C(=O)n1nnc(-c2ccc(-n3ccc4ccccc43)cc2)n1,1,ChEMBL_pos
CN(C)C(=O)n1nnc(-c2ccc(-n3cccc3)cc2)n1,1,ChEMBL_pos
CN(C)C(=O)n1nnc(-c2ccc(-n3cccn3)cc2)n1,1,ChEMBL_pos
CN(C)C(=O)n1nnc(-c2ccc(Cn3ccc4ccccc43)cc2)n1,1,ChEMBL_pos
CN(C)C(=O)n1nnc(-c2ccc(Cn3cccc3)cc2)n1,1,ChEMBL_pos
CN(C)C(=O)n1nnc(-c2ccc(Oc3ccc(Cl)c(Cl)c3)cc2)n1,1,ChEMBL_pos
CN(C)C(=O)n1nnc(-c2ccc(Oc3ccc(Cl)cc3)cc2)n1,1,ChEMBL_pos
CN(C)C(=O)n1nnc(-c2ccc(Oc3ccc(F)cc3)cc2)n1,1,ChEMBL_pos
CN(C)C(=O)n1nnc(-c2ccc(Oc3cccc(Cl)c3)cc2)n1,1,ChEMBL_pos
CN(C)C(=O)n1nnc(-c2ccc(Oc3cccc(F)c3)cc2)n1,1,ChEMBL_pos
CN(C)C(=O)n1nnc(-c2ccc(Oc3ccccc3)cc2)n1,1,ChEMBL_pos
CN(C)C(=O)n1nnc(Cc2ccc(-c3ccc(CO)cc3)cc2)n1,1,ChEMBL_pos
CN(C)C(=O)n1nnc(Cc2ccc(-c3ccc(O)cc3)cc2)n1,1,ChEMBL_pos
CN(C)C(=O)n1nnc(Cc2ccc(-c3cccc(C(N)=O)c3)cc2)n1,1,ChEMBL_pos
CN(C)C(=O)n1nnc(Cc2ccc(-c3cccc(CO)c3)cc2)n1,1,ChEMBL_pos
CN(C)C(=O)n1nnc(Cc2ccc(-c3cccc(O)c3)cc2)n1,1,ChEMBL_pos
CN(C)C(=O)n1nnc(Cc2ccc(-c3ccccc3)cc2)n1,1,ChEMBL_pos
CN(C)C(=O)n1nnc(Cc2ccc(-c3ccccc3O)cc2)n1,1,ChEMBL_pos
CN(C)C(=O)n1nnc(Cc2ccc(Oc3ccccc3)cc2)n1,1,ChEMBL_pos
CN(C)C(=O)n1nnnc1-c1ccc(Oc2ccccc2)cc1,1,ChEMBL_pos
CN(C)C(=O)n1nnnc1Cc1ccc(-c2cccc(CO)c2)cc1,1,ChEMBL_pos
CN(C)C(=O)n1nnnc1Cc1ccc(-c2cccc(O)c2)cc1,1,ChEMBL_pos
CN(C)C(=O)n1nnnc1Cc1ccc(-c2ccccc2)cc1,1,ChEMBL_pos
CN(C)C(=O)n1nnnc1Cc1ccc(Oc2ccccc2)cc1,1,ChEMBL_pos
CN(C)C1C=CC2(CC1)c1ccccc1C=Cc1ccc(Cl)cc12,1,ChEMBL_pos
CN(C)C1C=CC2(CC1)c1ccccc1CCc1ccc(Cl)cc12,1,ChEMBL_pos
CN(C)C1CCc2cc(O)c(O)cc2C1,1,ChEMBL_pos
CN(C)C1Cc2cccc3nc(O)n(c23)C1,1,ChEMBL_pos
CN(C)CC(=O)N1CCC(c2ccc(NC(=O)c3nc(C#N)c[nH]3)c(C3=CCCCC3)c2)CC1,1,ChEMBL_pos
CN(C)CC(=O)N1CCCC(n2nc(-c3ccc(Oc4ccccc4)cc3)c3c(N)ncnc32)C1,1,ChEMBL_pos
CN(C)CC(=O)Nc1cccc2c1nc(C(F)F)n2-c1nc(N2CCOCC2)nc(N2CCOCC2)n1,1,ChEMBL_pos
CN(C)CC(O)COc1cccc2c1nc(C(F)F)n2-c1nc(N2CCOCC2)nc(N2CCOCC2)n1,1,ChEMBL_pos
CN(C)CC1CC2c3ccccc3Cc3ccccc3C2O1,1,ChEMBL_pos
CN(C)CC1CC2c3ccccc3Cc3ccccc3N2O1,1,ChEMBL_pos
CN(C)CC1CC2c3ccccc3N(C)c3ccccc3C2O1,1,ChEMBL_pos
CN(C)CC1CC2c3ccccc3OCc3ccccc3C2O1,1,ChEMBL_pos
CN(C)CC1CC2c3ccccc3Oc3ccc(Br)cc3C2O1,1,ChEMBL_pos
CN(C)CC1CC2c3ccccc3Oc3ccc(Cl)cc3C2O1,1,ChEMBL_pos
CN(C)CC1CC2c3ccccc3Oc3ccc(F)cc3C2O1,1,ChEMBL_pos
CN(C)CC1CC2c3ccccc3Oc3ccccc3C2O1,1,ChEMBL_pos
CN(C)CC1CC2c3ccccc3Sc3ccc(F)cc3C2O1,1,ChEMBL_pos
CN(C)CC1CC2c3ccccc3Sc3ccccc3C2O1,1,ChEMBL_pos
CN(C)CC1c2ccccc2Cc2ccccc21,1,ChEMBL_pos
CN(C)CCC(=O)Nc1cccc2c1nc(C(F)F)n2-c1nc(N2CCOCC2)nc(N2CCOCC2)n1,1,ChEMBL_pos
CN(C)CCC=C1c2ccccc2CCc2ccccc21,1,ChEMBL_pos
CN(C)CCC=C1c2ccccc2COc2ccccc21,1,ChEMBL_pos
CN(C)CCC=C1c2ccccc2Sc2ccc(Cl)cc21,1,ChEMBL_pos
CN(C)CCCC(=O)Nc1ccc2ncnc(Nc3ccc(NC(=O)Nc4cc(C(C)(C)C)nn4-c4cccc(N)c4)cc3)c2c1,1,ChEMBL_pos
CN(C)CCCC1c2ccccc2Cc2ccccc21,1,ChEMBL_pos
CN(C)CCCN1c2ccccc2CCc2ccc(Cl)cc21,1,ChEMBL_pos
CN(C)CCCN1c2ccccc2CCc2ccccc21,1,ChEMBL_pos
CN(C)CCCN1c2ccccc2Sc2ccc(Cl)cc21,1,ChEMBL_pos
CN(C)CCCNC(=O)c1csc2nc(-c3ccc(NC(=O)Nc4cc(C(C)(C)C)on4)cc3)cn12,1,ChEMBL_pos
CN(C)CCCOc1cccc2c1nc(C(F)F)n2-c1nc(N2CCOCC2)nc(N2CCN(S(C)(=O)=O)CC2)n1,1,ChEMBL_pos
CN(C)CCCOc1cccc2c1nc(C(F)F)n2-c1nc(N2CCOCC2)nc(N2CCOCC2)n1,1,ChEMBL_pos
CN(C)CCCSc1ccccc1NC(=O)C=Cc1ccccc1,1,ChEMBL_pos
CN(C)CCCc1c[nH]c2cccc(O)c12,1,ChEMBL_pos
CN(C)CCCc1ccc(Cl)c(Nc2ncc3c(n2)-c2ccc(Cl)cc2NC(=S)C3)c1,1,ChEMBL_pos
CN(C)CCCc1cccc(Nc2ncc3c(n2)-c2ccc(Cl)cc2NC(=S)C3)c1,1,ChEMBL_pos
CN(C)CCCc1cncc(Nc2ncc3c(n2)-c2ccc(Cl)cc2NC(=S)C3)c1,1,ChEMBL_pos
CN(C)CCNc1cc(NCCSCc2ccc(CN(C)C)o2)c([N+](=O)[O-])cc1[N+](=O)[O-],1,ChEMBL_pos
CN(C)CCNc1cccc2c1nc(C(F)F)n2-c1nc(N2CCOCC2)nc(N2CCOCC2)n1,1,ChEMBL_pos
CN(C)CCOC(C)(C)c1ccc(NC(=O)c2ncc(C#N)[nH]2)c(C2=CCC(C)(C)CC2)c1,1,ChEMBL_pos
CN(C)CCOC1=Cc2ccccc2Sc2ccc(Cl)cc21,1,ChEMBL_pos
CN(C)CCOc1cccc2c1nc(C(F)F)n2-c1nc(N2CCOCC2)nc(N2CCOCC2)n1,1,ChEMBL_pos
CN(C)CCOc1ccccc1Cc1ccccc1,1,ChEMBL_pos
CN(C)CCSC(C)(C)C,1,ChEMBL_pos
CN(C)CCSc1cccc(-c2ccccc2)n1,1,ChEMBL_pos
CN(C)CCSc1cccc(Br)n1,1,ChEMBL_pos
CN(C)CCSc1cccc(C2(O)CCCCC2)n1,1,ChEMBL_pos
CN(C)CCSc1cccc(C2CCCCC2)n1,1,ChEMBL_pos
CN(C)CCSc1nc(-c2ccccc2)cs1,1,ChEMBL_pos
CN(C)CCSc1nc2ccccc2s1,1,ChEMBL_pos
CN(C)CCc1c(-c2ccccc2)[nH]c2ccccc12,1,ChEMBL_pos
CN(C)CCc1c[nH]c2ccc3c(c12)CCCO3,1,ChEMBL_pos
CN(C)CCc1c[nH]c2cccc(F)c12,1,ChEMBL_pos
CN(C)CCc1c[nH]c2ccccc12,1,ChEMBL_pos
CN(C)CCc1c[nH]c2ccsc12,1,ChEMBL_pos
CN(C)CCc1c[nH]c2sccc12,1,ChEMBL_pos
CN(C)CCc1cccc(OC(=O)N(C)C)c1,1,ChEMBL_pos
CN(C)CCc1cn(C)c2cccc(O)c12,1,ChEMBL_pos
CN(C)CCn1ccc2cc(F)c(F)cc21,1,ChEMBL_pos
CN(C)CCn1ccc2ccccc21,1,ChEMBL_pos
CN(C)Cc1c[nH]c2cccc(O)c12,1,ChEMBL_pos
CN(C)Cc1ccc(CNCCN2CCNC2=C(C#N)C#N)o1,1,ChEMBL_pos
CN(C)Cc1ccc(CSCCCCCCCCCSCc2ccc(CN(C)C)o2)o1,1,ChEMBL_pos
CN(C)Cc1ccc(CSCCCCCCCCSCc2ccc(CN(C)C)o2)o1,1,ChEMBL_pos
CN(C)Cc1ccc(CSCCCCCCCSCc2ccc(CN(C)C)o2)o1,1,ChEMBL_pos
CN(C)Cc1ccc(CSCCCCCCSCc2ccc(CN(C)C)o2)o1,1,ChEMBL_pos
CN(C)Cc1ccc(CSCCCCCSCc2ccc(CN(C)C)o2)o1,1,ChEMBL_pos
CN(C)Cc1ccc(CSCCCCSCc2ccc(CN(C)C)o2)o1,1,ChEMBL_pos
CN(C)Cc1ccc(CSCCCSCc2ccc(CN(C)C)o2)o1,1,ChEMBL_pos
CN(C)Cc1ccc(CSCCNC(=NC#N)NCCSCc2ccc(CN(C)C)o2)o1,1,ChEMBL_pos
CN(C)Cc1ccc(CSCCNC=C(NCCSCc2ccc(CN(C)C)o2)[N+](=O)[O-])o1,1,ChEMBL_pos
CN(C)Cc1ccc(CSCCNc2cc(F)c([N+](=O)[O-])cc2[N+](=O)[O-])o1,1,ChEMBL_pos
CN(C)Cc1ccc(CSCCNc2cc(N)c([N+](=O)[O-])cc2[N+](=O)[O-])o1,1,ChEMBL_pos
CN(C)Cc1ccc(CSCCNc2cc(NCCCN3CCOCC3)c([N+](=O)[O-])cc2[N+](=O)[O-])o1,1,ChEMBL_pos
CN(C)Cc1ccc(CSCCNc2cc(NCCSCc3ccc(CN(C)C)o3)c([N+](=O)[O-])cc2[N+](=O)[O-])o1,1,ChEMBL_pos
CN(C)Cc1ccc(CSCCNc2cc(NCc3ccccc3)c([N+](=O)[O-])cc2[N+](=O)[O-])o1,1,ChEMBL_pos
CN(C)Cc1ccc(CSCCNc2cc(NCc3cccnc3)c([N+](=O)[O-])cc2[N+](=O)[O-])o1,1,ChEMBL_pos
CN(C)Cc1ccc(CSCCNc2cc(NN)c([N+](=O)[O-])cc2[N+](=O)[O-])o1,1,ChEMBL_pos
CN(C)Cc1ccc(CSCCNc2cc(Nc3ccc(F)cc3)c([N+](=O)[O-])cc2[N+](=O)[O-])o1,1,ChEMBL_pos
CN(C)Cc1ccc(CSCCNc2cc(Nc3ccccc3)c([N+](=O)[O-])cc2[N+](=O)[O-])o1,1,ChEMBL_pos
CN(C)Cc1ccc(CSCCNc2cc(Nc3ccccc3C#N)c([N+](=O)[O-])cc2[N+](=O)[O-])o1,1,ChEMBL_pos
CN(C)Cc1ccc(CSCCNc2cc(Nc3ncccc3[N+](=O)[O-])c([N+](=O)[O-])cc2[N+](=O)[O-])o1,1,ChEMBL_pos
CN(C)Cc1ccc(CSCCNc2cc(Oc3ccc([N+](=O)[O-])cc3)c([N+](=O)[O-])cc2[N+](=O)[O-])o1,1,ChEMBL_pos
CN(C)Cc1ccc(CSCCNc2ccc(F)cc2[N+](=O)[O-])o1,1,ChEMBL_pos
CN(C)Cc1ccc(CSCCNc2ccc([N+](=O)[O-])cc2[N+](=O)[O-])o1,1,ChEMBL_pos
CN(C)Cc1ccc(CSCCNc2nnccc2[N+](=O)[O-])o1,1,ChEMBL_pos
CN(C)Cc1ccc(CSCCSCc2ccc(CN(C)C)o2)o1,1,ChEMBL_pos
CN(C)Cc1ccc(CSCc2ccc(-c3ccc(CSCc4ccc(CN(C)C)o4)cc3)cc2)o1,1,ChEMBL_pos
CN(C)Cc1ccc(CSCc2ccc(CSCc3ccc(CN(C)C)o3)cc2)o1,1,ChEMBL_pos
CN(C)Cc1cn(C)c2cccc(O)c12,1,ChEMBL_pos
CN(C)NC(=O)c1cc(-c2ccc(Cl)cc2)c(-c2ccc(Cl)cc2Cl)nc1Oc1ccc(F)c(F)c1,1,ChEMBL_pos
CN(C)S(=O)(=O)N(C)c1cc2cc(c1)C(=O)NC(c1ccccc1)CCc1cccc(c1)CC(C)(N)C(=O)OC2,1,ChEMBL_pos
CN(C)S(=O)(=O)n1cc(-c2nc(-c3nc(C4(c5ccccc5)CC4)n(C)n3)cnc2N)cn1,1,ChEMBL_pos
CN(C)c1ccc(-c2cccc3c2CCC2C3c3cc(O)c(Cl)cc3CCN2C)cc1,1,ChEMBL_pos
CN(C)c1ccc(-c2nnc3c(C(=O)c4ccccc4)nc4ccccc4n23)cc1,1,ChEMBL_pos
CN(C)c1ccc(-c2nnc3c(C(=O)c4ccccc4)nc4ccccc4n23)cc1Br,1,ChEMBL_pos
CN(C)c1ccc(C(=O)Nc2cc(-c3ccncc3)c[nH]c2=O)cc1,1,ChEMBL_pos
CN(C)c1ccc(C=C2Oc3cc(O)ccc3C2=O)cc1,1,ChEMBL_pos
CN(C)c1ccc(C=C2Oc3ccccc3C2=O)cc1,1,ChEMBL_pos
CN(C)c1ccc(C=NNc2nc3ccccc3nc2Cc2ccccc2)cc1,1,ChEMBL_pos
CN(C)c1ccc(Cc2ccc3c4c2-c2c(ccc(O)c2O)CC4N(C)CC3)cc1,1,ChEMBL_pos
CN(C)c1ccc(NC(=O)Nc2cc(C(F)(F)F)cc(C(F)(F)F)c2)cc1C(=O)NCCCN1CCOCC1,1,ChEMBL_pos
CN(C)c1ccc2c(=O)c(C(=O)NC3CCCCC3)cn(CCN3CCOCC3)c2n1,1,ChEMBL_pos
CN(C)c1ccc2c(c1)C13CCCCC1C(C2)N(C)CC3,1,ChEMBL_pos
CN(C)c1ccc2on(CC3CC4c5ccccc5Oc5ccc(Br)cc5C4O3)c2c1,1,ChEMBL_pos
CN(C)c1ccnc(N2CCc3ccccc3C2)c1,1,ChEMBL_pos
CN(C)c1nccc(CNc2ccccc2C(=O)Nc2ccc3c(c2)OC(F)(F)O3)n1,1,ChEMBL_pos
CN(CCC(C1CCCCC1)N1Cc2cc(Oc3ccccc3)ccc2N=C1N)C1CCCCC1,1,ChEMBL_pos
CN(CCC=C1c2ccccc2CCc2ccccc21)C(=O)Cc1ccc(OCCCN2CCCCC2)cc1,1,ChEMBL_pos
CN(CCC=C1c2ccccc2CCc2ccccc21)Cc1ccc(OCCCN2CCCCC2)cc1,1,ChEMBL_pos
CN(CCC=C1c2ccccc2Sc2ccc(Cl)cc21)Cc1ccc(OCCCN2CCCCC2)cc1,1,ChEMBL_pos
CN(CCCC12CCC(c3ccccc31)c1ccccc12)Cc1ccc(OCCCN2CCCCC2)cc1,1,ChEMBL_pos
CN(CCCCCNc1ccc(-c2ccccc2)nn1)Cc1ccccc1,1,ChEMBL_pos
CN(CCCCc1ccccc1)C(=O)n1nnc(Cc2ccc(-c3ccccc3)cc2)n1,1,ChEMBL_pos
CN(CCCN1c2ccccc2Sc2ccc(Cl)cc21)Cc1ccc(OCCCN2CCCCC2)cc1,1,ChEMBL_pos
CN(CCCNc1c2c(nc3ccccc13)CCCC2)CCCNc1c2c(nc3ccccc13)CCCC2,1,ChEMBL_pos
CN(CCCOc1ccc2c(=O)c3ccccc3oc2c1)Cc1cccc(OC(=O)NCCCCCCCCCN2CCOCC2)c1,1,ChEMBL_pos
CN(CCCOc1ccc2c(=O)c3ccccc3oc2c1)Cc1cccc(OC(=O)NCCCCCCCCN2CCOCC2)c1,1,ChEMBL_pos
CN(CCCOc1ccc2c(=O)c3ccccc3oc2c1)Cc1cccc(OC(=O)NCCCCCCCN2CCOCC2)c1,1,ChEMBL_pos
CN(CCCOc1ccc2c(=O)c3ccccc3oc2c1)Cc1cccc(OC(=O)NCCCCCCN2CCOCC2)c1,1,ChEMBL_pos
CN(CCOCCNC(=O)NCCOCCN(C)C(=O)CCCN1CCC(NC(=O)c2cc(Cl)c(N)c3c2OCC3)CC1)C(=O)CCCN1CCC(NC(=O)c2cc(Cl)c(N)c3c2OCC3)CC1,1,ChEMBL_pos
CN(CCc1ccccc1)CCC1CCC(Nc2ncccn2)CC1,1,ChEMBL_pos
CN(Cc1ccc2ccccc2c1)C(=O)n1nnc(Cc2ccc(-c3ccccc3)cc2)n1,1,ChEMBL_pos
CN(Cc1cccc(-c2ccncc2)c1)C(=O)OC(C(F)(F)F)C(F)(F)F,1,ChEMBL_pos
CN(Cc1ccccc1)C(c1cccc2nc(O)c(O)nc12)P(=O)(O)O,1,ChEMBL_pos
CN(Cc1ccccc1)S(=O)(=O)c1cc(C(=O)NC2C3(C)CCC(C3)C2(C)C)ccc1Br,1,ChEMBL_pos
CN(Cc1ccccc1)S(=O)(=O)c1cc(C(=O)NCC(C)(C)C)ccc1Br,1,ChEMBL_pos
CN(Cc1nc2c(N3CCOCC3)nc(-c3cnc(N)nc3)nc2n1C)c1ncc(C(=O)NO)cn1,1,ChEMBL_pos
CN(c1cc(C(=O)NC(Cc2ccccc2)C(O)CNC2CC2)cc(C(=O)C2CCCC2)c1)S(C)(=O)=O,1,ChEMBL_pos
CN(c1cc(C(=O)NC(Cc2ccccc2)C(O)CNC2CC2)cc(C(=O)C2CCCCC2)c1)S(C)(=O)=O,1,ChEMBL_pos
CN(c1cc(C(=O)NC(Cc2ccccc2)C(O)CNC2CC2)cc(C(=O)c2ccccc2)c1)S(C)(=O)=O,1,ChEMBL_pos
CN(c1cc(C=CC2CC2)cc(C(=O)NC(Cc2ccccc2)C(O)CNC2CC2)c1)S(C)(=O)=O,1,ChEMBL_pos
CN(c1cc(CCC2CC2)cc(C(=O)NC(Cc2ccccc2)C(O)CNC2CC2)c1)S(C)(=O)=O,1,ChEMBL_pos
CN(c1cc2cc(c1)C(=O)NC(c1ccccc1)CCc1cccc(c1)CC(C)(N)C(=O)OC2)S(=O)(=O)C(F)(F)F,1,ChEMBL_pos
CN(c1cc2cc(c1)C(=O)NC(c1ccccc1)CCc1cccc(c1)CC(C)(N)C(=O)OC2)S(=O)(=O)CC(F)(F)F,1,ChEMBL_pos
CN(c1cc2cc(c1)C(=O)NC(c1ccccc1)CCc1cccc(c1)CC(C)(N)C(=O)OC2)S(C)(=O)=O,1,ChEMBL_pos
CN(c1cc2cc(c1)C(=O)NC(c1ccccc1)CCc1cccc(c1)CC(C)(N)COC2)S(C)(=O)=O,1,ChEMBL_pos
CN(c1cc2cc(n1)NCCCCc1cccc(c1)CC(C)(N)C(=O)OC2)S(C)(=O)=O,1,ChEMBL_pos
CN(c1ccc(F)c(NC(=O)c2cccc(OC(C)(C)C#N)c2Cl)c1)c1ccc2nc(NC(=O)C3CC3)sc2n1,1,ChEMBL_pos
CN(c1ccc2cn(C)nc2c1)c1ccnc(Nc2ccc(OC(F)(F)F)cc2)n1,1,ChEMBL_pos
CN(c1ccc2cn(C)nc2c1)c1ccnc(Nc2cccc(Cl)c2)n1,1,ChEMBL_pos
CN(c1ccc2cn(C)nc2c1)c1ccnc(Nc2cccc(F)c2)n1,1,ChEMBL_pos
CN(c1ncccn1)C1CCC(CCN2CCN(c3ccccc3)CC2)CC1,1,ChEMBL_pos
CN1C(=N)N(C)C(=Cc2c[nH]c3c(Br)cccc23)C1=O,1,ChEMBL_pos
CN1C(=N)N(C)C(=Cc2c[nH]c3cc(Br)ccc23)C1=O,1,ChEMBL_pos
CN1C(=N)N(C)C(=Cc2c[nH]c3ccc(Br)cc23)C1=O,1,ChEMBL_pos
CN1C(=N)N(C)C(=Cc2c[nH]c3ccccc23)C1=O,1,ChEMBL_pos
CN1C(=N)NC(=Cc2c[nH]c3cc(Br)ccc23)C1=O,1,ChEMBL_pos
CN1C(=N)NC(=Cc2c[nH]c3ccc(Br)cc23)C1=O,1,ChEMBL_pos
CN1C(=O)C(=Cc2ccccc2)SC1=S,1,ChEMBL_pos
CN1C(=O)Cc2cc3c(CCC4CCN(Cc5ccccc5)CC4)noc3cc21,1,ChEMBL_pos
CN1C(=O)Cc2cc3onc(CCC4CCN(Cc5ccccc5)CC4)c3cc21,1,ChEMBL_pos
CN1C(C)(C)CC(Oc2ccc(C(=O)Nc3ccc(NC(=O)Nc4cc(C(C)(C)C)on4)cc3)nc2)CC1(C)C,1,ChEMBL_pos
CN1C2CCC1CC(N1CCC(c3c(-c4ccccc4)[nH]c4ccccc34)CC1)C2,1,ChEMBL_pos
CN1C2CCC1CC(OC1c3ccccc3Cc3ccccc31)C2,1,ChEMBL_pos
CN1CC(C(=O)NC2(C)OC3(O)C4CCCN4C(=O)C(Cc4ccccc4)N3C2=O)C=C2c3cccc4[nH]cc(c34)CC21,1,ChEMBL_pos
CN1CC(C(N)=O)C=C2c3cccc4[nH]c(Br)c(c34)CC21,1,ChEMBL_pos
CN1CC(CNC(=O)OCc2ccccc2)CC2c3cccc4c3c(cn4C)CC21,1,ChEMBL_pos
CN1CC2CN(c3cc(C(F)(F)F)ccc3CN3CCN(C(=O)OC(C(F)(F)F)C(F)(F)F)CC3)CC2C1,1,ChEMBL_pos
CN1CC2c3ccccc3Oc3ccc(Cl)cc3C2C1,1,ChEMBL_pos
CN1CCC(=C2c3ccccc3C=Cc3ccccc32)CC1,1,ChEMBL_pos
CN1CCC(=C2c3ccccc3CC(=O)c3sccc32)CC1,1,ChEMBL_pos
CN1CCC(C=C2Cc3ccccc3C2=O)CC1,1,ChEMBL_pos
CN1CCC(C=CC=C2Cc3ccccc3C2=O)CC1,1,ChEMBL_pos
CN1CCC(CC2Cc3ccccc3C2=O)CC1,1,ChEMBL_pos
CN1CCC(CCC2C(=O)Nc3ccccc3C2=O)CC1,1,ChEMBL_pos
CN1CCC(CCC=C2Cc3ccccc3C2=O)CC1,1,ChEMBL_pos
CN1CCC(CCCC2Cc3ccccc3C2=O)CC1,1,ChEMBL_pos
CN1CCC(CCN2C(=O)c3ccccc3C2=O)CC1,1,ChEMBL_pos
CN1CCC(COC(=O)c2cc(Cl)c(N)c3c2OCCO3)CC1,1,ChEMBL_pos
CN1CCC(c2c(-c3ccccc3)[nH]c3ccccc23)CC1,1,ChEMBL_pos
CN1CCC(c2ccc(Nc3nc(N)n(-c4ccccn4)n3)cc2)CC1,1,ChEMBL_pos
CN1CCC2(C)c3cc(OC(=O)NCCCCCCCCCCCCN4CCOCC4)ccc3N(C)C12,1,ChEMBL_pos
CN1CCC2(C)c3cc(OC(=O)NCCCCCCCCCCCN4CCOCC4)ccc3N(C)C12,1,ChEMBL_pos
CN1CCC2(C)c3cc(OC(=O)NCCCCCCCCCCN4CCOCC4)ccc3N(C)C12,1,ChEMBL_pos
CN1CCC2(C)c3cc(OC(=O)NCCCCCCCCCN4CCOCC4)ccc3N(C)C12,1,ChEMBL_pos
CN1CCC2(C)c3cc(OC(=O)NCCCCCCCCN4CCOCC4)ccc3N(C)C12,1,ChEMBL_pos
CN1CCC2(C)c3cc(OC(=O)NCCCCCCCN4CCOCC4)ccc3N(C)C12,1,ChEMBL_pos
CN1CCC2(C)c3cc(OC(=O)NCCCCCCN4CCOCC4)ccc3N(C)C12,1,ChEMBL_pos
CN1CCC2(C)c3cc(OC(=O)NCCN4CCOCC4)ccc3N(C)C12,1,ChEMBL_pos
CN1CCC2(C)c3cc(OC(=O)NCc4ccccc4)ccc3N(C)C12,1,ChEMBL_pos
CN1CCC2(C)c3cc(OC(=O)Nc4ccc(Cl)cc4)ccc3N(C)C12,1,ChEMBL_pos
CN1CCC2(C)c3cc(OC(=O)Nc4ccccc4)ccc3N(C)C12,1,ChEMBL_pos
CN1CCC2(C)c3cc(OC(=O)Nc4ccccc4)ccc3N(C)C2O1,1,ChEMBL_pos
CN1CCC2(C)c3cc(OC(=O)Nc4ccccc4)ccc3N(C=O)C12,1,ChEMBL_pos
CN1CCC2(C)c3cc(OC(=O)Nc4ccccc4)ccc3N(Cc3ccccc3)C12,1,ChEMBL_pos
CN1CCC2(C)c3cc(OC(=O)Nc4ccccc4)ccc3NC12,1,ChEMBL_pos
CN1CCC23CCCCC2C1Cc1ccc(Cl)cc13,1,ChEMBL_pos
CN1CCC23CCCCC2C1Cc1ccc(N=C=S)cc13,1,ChEMBL_pos
CN1CCC23CCCCC2C1Cc1ccc(O)cc13,1,ChEMBL_pos
CN1CCC23CCCCC2C1Cc1ccc(OCc2ccccc2)cc13,1,ChEMBL_pos
CN1CCC23CCCCC2C1Cc1ccccc13,1,ChEMBL_pos
CN1CCCC(c2c(-c3ccccc3)[nH]c3ccccc23)C1,1,ChEMBL_pos
CN1CCCC1CCOC(C)(c1ccccc1)c1ccc(Cl)cc1,1,ChEMBL_pos
CN1CCCC1Cc1c[nH]c2ccc(NS(=O)(=O)c3cccc(Cl)c3)cc12,1,ChEMBL_pos
CN1CCCC1Cc1c[nH]c2ccc(NS(=O)(=O)c3ccccc3Cl)cc12,1,ChEMBL_pos
CN1CCCCC1CCN1c2ccccc2Sc2ccc([S+](C)[O-])cc21,1,ChEMBL_pos
CN1CCCCC1Cn1cc(C(=O)c2cc([N+](=O)[O-])ccc2I)c2ccccc21,1,ChEMBL_pos
CN1CCCCC1c1c(-c2ccccc2)[nH]c2ccccc12,1,ChEMBL_pos
CN1CCCc2c([nH]c3ccccc23)Cc2ccccc2CC1,1,ChEMBL_pos
CN1CCCc2cc(O)ccc2Cc2ccccc2CC1,1,ChEMBL_pos
CN1CCCc2ccccc2Cc2[nH]c3ccccc3c2CC1,1,ChEMBL_pos
CN1CCCc2ccccc2Cc2cc(O)ccc2CC1,1,ChEMBL_pos
CN1CCCc2ccccc2Cc2ccc(O)cc2CC1,1,ChEMBL_pos
CN1CCCc2ccccc2Cc2ccc(O)cc2CCC1,1,ChEMBL_pos
CN1CCN(C(=O)c2cc(N3CCN(C(=O)n4nnc5ccccc54)CC3)ccc2[N+](=O)[O-])CC1,1,ChEMBL_pos
CN1CCN(C(=O)c2ccc(Nc3ncc4cc(-c5c(Cl)cccc5Cl)c(=O)n(C)c4n3)cc2)CC1,1,ChEMBL_pos
CN1CCN(C(=O)c2ccc3c(c2)[nH]c2c(C(N)=O)ccc(-c4ccccc4F)c23)CC1,1,ChEMBL_pos
CN1CCN(C(=O)c2cccc(CN3CCN(C(=O)n4nnc5ccccc54)CC3)c2)CC1,1,ChEMBL_pos
CN1CCN(C(C)(C)c2ccc(NC(=O)c3ncc(C#N)[nH]3)c(C3=CCC(C)(C)CC3)c2)CC1,1,ChEMBL_pos
CN1CCN(C)C(c2c(-c3ccccc3)[nH]c3ccccc23)C1,1,ChEMBL_pos
CN1CCN(C2=Cc3ccccc3Cn3cccc32)CC1,1,ChEMBL_pos
CN1CCN(C2=Cn3cccc3Sc3ccccc32)CC1,1,ChEMBL_pos
CN1CCN(C2=Nc3cc(Cl)ccc3N(C(=O)Nc3cc(Cl)cc(Cl)c3)c3ccccc32)CC1,1,ChEMBL_pos
CN1CCN(C2=Nc3cc(Cl)ccc3N(N)c3ccccc32)CC1,1,ChEMBL_pos
CN1CCN(C2=Nc3cc(Cl)ccc3N(NC(=O)C(C)(C)C)c3ccccc32)CC1,1,ChEMBL_pos
CN1CCN(C2=Nc3cc(Cl)ccc3N(NC(=O)C(F)(F)F)c3ccccc32)CC1,1,ChEMBL_pos
CN1CCN(C2=Nc3cc(Cl)ccc3N(NC(=O)C3CCC3)c3ccccc32)CC1,1,ChEMBL_pos
CN1CCN(C2=Nc3cc(Cl)ccc3N(NC(=O)C3CCCCC3)c3ccccc32)CC1,1,ChEMBL_pos
CN1CCN(C2=Nc3cc(Cl)ccc3N(NC(=O)C=Cc3ccccc3)c3ccccc32)CC1,1,ChEMBL_pos
CN1CCN(C2=Nc3cc(Cl)ccc3N(NC(=O)CCC3CCCC3)c3ccccc32)CC1,1,ChEMBL_pos
CN1CCN(C2=Nc3cc(Cl)ccc3N(NC(=O)CCc3ccccc3)c3ccccc32)CC1,1,ChEMBL_pos
CN1CCN(C2=Nc3cc(Cl)ccc3N(NC(=O)c3c(Cl)cc(Cl)cc3Cl)c3ccccc32)CC1,1,ChEMBL_pos
CN1CCN(C2=Nc3cc(Cl)ccc3N(NC(=O)c3c(Cl)cccc3Cl)c3ccccc32)CC1,1,ChEMBL_pos
CN1CCN(C2=Nc3cc(Cl)ccc3N(NC(=O)c3c(F)cccc3C(F)(F)F)c3ccccc32)CC1,1,ChEMBL_pos
CN1CCN(C2=Nc3cc(Cl)ccc3N(NC(=O)c3c(N)cccc3C(F)(F)F)c3ccccc32)CC1,1,ChEMBL_pos
CN1CCN(C2=Nc3cc(Cl)ccc3N(NC(=O)c3c(N)cccc3Cl)c3ccccc32)CC1,1,ChEMBL_pos
CN1CCN(C2=Nc3cc(Cl)ccc3N(NC(=O)c3cc(Cl)cc(Cl)c3)c3ccccc32)CC1,1,ChEMBL_pos
CN1CCN(C2=Nc3cc(Cl)ccc3N(NC(=O)c3cc(F)c(F)c(F)c3F)c3ccc(Cl)cc32)CC1,1,ChEMBL_pos
CN1CCN(C2=Nc3cc(Cl)ccc3N(NC(=O)c3cc(F)c(F)c(F)c3F)c3ccccc32)CC1,1,ChEMBL_pos
CN1CCN(C2=Nc3cc(Cl)ccc3N(NC(=O)c3cc(F)ccc3C(F)(F)F)c3ccc(Cl)cc32)CC1,1,ChEMBL_pos
CN1CCN(C2=Nc3cc(Cl)ccc3N(NC(=O)c3ccc(Br)cc3)c3ccccc32)CC1,1,ChEMBL_pos
CN1CCN(C2=Nc3cc(Cl)ccc3N(NC(=O)c3ccc(C#N)cc3)c3ccc(Cl)cc32)CC1,1,ChEMBL_pos
CN1CCN(C2=Nc3cc(Cl)ccc3N(NC(=O)c3ccc(C#N)cc3)c3ccccc32)CC1,1,ChEMBL_pos
CN1CCN(C2=Nc3cc(Cl)ccc3N(NC(=O)c3ccc(C(F)(F)F)cc3)c3ccccc32)CC1,1,ChEMBL_pos
CN1CCN(C2=Nc3cc(Cl)ccc3N(NC(=O)c3ccc(Cl)c(Cl)c3)c3ccccc32)CC1,1,ChEMBL_pos
CN1CCN(C2=Nc3cc(Cl)ccc3N(NC(=O)c3ccc(Cl)cc3)c3ccccc32)CC1,1,ChEMBL_pos
CN1CCN(C2=Nc3cc(Cl)ccc3N(NC(=O)c3ccc(F)cc3C(F)(F)F)c3ccccc32)CC1,1,ChEMBL_pos
CN1CCN(C2=Nc3cc(Cl)ccc3N(NC(=O)c3ccc4c(c3)OCO4)c3ccc(Cl)cc32)CC1,1,ChEMBL_pos
CN1CCN(C2=Nc3cc(Cl)ccc3N(NC(=O)c3ccc4c(c3)OCO4)c3ccccc32)CC1,1,ChEMBL_pos
CN1CCN(C2=Nc3cc(Cl)ccc3N(NC(=O)c3ccc4ccccc4c3)c3ccccc32)CC1,1,ChEMBL_pos
CN1CCN(C2=Nc3cc(Cl)ccc3N(NC(=O)c3ccc4ccccc4n3)c3ccccc32)CC1,1,ChEMBL_pos
CN1CCN(C2=Nc3cc(Cl)ccc3N(NC(=O)c3cccc(C#N)c3)c3ccc(Cl)cc32)CC1,1,ChEMBL_pos
CN1CCN(C2=Nc3cc(Cl)ccc3N(NC(=O)c3cccc(C#N)c3)c3ccccc32)CC1,1,ChEMBL_pos
CN1CCN(C2=Nc3cc(Cl)ccc3N(NC(=O)c3cccc(C(F)(F)F)c3)c3ccccc32)CC1,1,ChEMBL_pos
CN1CCN(C2=Nc3cc(Cl)ccc3N(NC(=O)c3cccc(Cl)c3)c3ccccc32)CC1,1,ChEMBL_pos
CN1CCN(C2=Nc3cc(Cl)ccc3N(NC(=O)c3cccc(F)c3)c3ccccc32)CC1,1,ChEMBL_pos
CN1CCN(C2=Nc3cc(Cl)ccc3N(NC(=O)c3cccc(F)c3F)c3ccccc32)CC1,1,ChEMBL_pos
CN1CCN(C2=Nc3cc(Cl)ccc3N(NC(=O)c3cccc(I)c3)c3ccccc32)CC1,1,ChEMBL_pos
CN1CCN(C2=Nc3cc(Cl)ccc3N(NC(=O)c3cccc4ccccc34)c3ccccc32)CC1,1,ChEMBL_pos
CN1CCN(C2=Nc3cc(Cl)ccc3N(NC(=O)c3ccccc3)c3ccccc32)CC1,1,ChEMBL_pos
CN1CCN(C2=Nc3cc(Cl)ccc3N(NC(=O)c3ccccc3-n3ccnc3)c3ccccc32)CC1,1,ChEMBL_pos
CN1CCN(C2=Nc3cc(Cl)ccc3N(NC(=O)c3ccccc3Br)c3ccccc32)CC1,1,ChEMBL_pos
CN1CCN(C2=Nc3cc(Cl)ccc3N(NC(=O)c3ccccc3Cl)c3ccccc32)CC1,1,ChEMBL_pos
CN1CCN(C2=Nc3cc(Cl)ccc3N(NC(=O)c3ccccc3F)c3ccccc32)CC1,1,ChEMBL_pos
CN1CCN(C2=Nc3cc(Cl)ccc3N(NC(=O)c3ccccc3I)c3ccc(Cl)cc32)CC1,1,ChEMBL_pos
CN1CCN(C2=Nc3cc(Cl)ccc3N(NC(=O)c3ccccc3N3CCCCC3)c3ccccc32)CC1,1,ChEMBL_pos
CN1CCN(C2=Nc3cc(Cl)ccc3N(NC(=O)c3ccccc3N3CCN(C)CC3)c3ccccc32)CC1,1,ChEMBL_pos
CN1CCN(C2=Nc3cc(Cl)ccc3N(NC(=O)c3ccccc3NC3CCCCC3)c3ccccc32)CC1,1,ChEMBL_pos
CN1CCN(C2=Nc3cc(Cl)ccc3N(NC(=O)c3ccccc3Oc3ccccc3)c3ccccc32)CC1,1,ChEMBL_pos
CN1CCN(C2=Nc3cc(Cl)ccc3N(NC(=O)c3cccnc3)c3ccccc32)CC1,1,ChEMBL_pos
CN1CCN(C2=Nc3cc(Cl)ccc3N(NC(=O)c3cccnc3Cl)c3ccccc32)CC1,1,ChEMBL_pos
CN1CCN(C2=Nc3cc(Cl)ccc3N(NC(=O)c3ccco3)c3ccccc32)CC1,1,ChEMBL_pos
CN1CCN(C2=Nc3cc(Cl)ccc3N(NC(=O)c3cccs3)c3ccccc32)CC1,1,ChEMBL_pos
CN1CCN(C2=Nc3cc(Cl)ccc3N(NC(=O)c3ccncc3)c3ccccc32)CC1,1,ChEMBL_pos
CN1CCN(C2=Nc3cc(Cl)ccc3N(NC(=O)c3ccon3)c3ccccc32)CC1,1,ChEMBL_pos
CN1CCN(C2=Nc3cc(Cl)ccc3N(NC(=O)c3ccsc3)c3ccccc32)CC1,1,ChEMBL_pos
CN1CCN(C2=Nc3cc(Cl)ccc3N(NC(=O)c3cnc4ccccc4c3)c3ccccc32)CC1,1,ChEMBL_pos
CN1CCN(C2=Nc3cc(Cl)ccc3N(NC(=O)c3cnn(-c4ccccc4)c3C(F)(F)F)c3ccccc32)CC1,1,ChEMBL_pos
CN1CCN(C2=Nc3cc(Cl)ccc3N(NC(=O)c3nccc4ccccc34)c3ccccc32)CC1,1,ChEMBL_pos
CN1CCN(C2=Nc3cc(Cl)ccc3N(NC(=O)c3sccc3-c3ccccc3)c3ccccc32)CC1,1,ChEMBL_pos
CN1CCN(C2=Nc3cc(Cl)ccc3Nc3ccc(OS(=O)(=O)C(F)(F)F)cc32)CC1,1,ChEMBL_pos
CN1CCN(C2=Nc3cc(Cl)ccc3Nc3ccccc32)CC1,1,ChEMBL_pos
CN1CCN(C2=Nc3ccccc3N(NC(=O)c3cc(F)c(F)c(F)c3F)c3ccc(Cl)cc32)CC1,1,ChEMBL_pos
CN1CCN(C2=Nc3ccccc3N(NC(=O)c3cc(F)ccc3C(F)(F)F)c3ccc(Cl)cc32)CC1,1,ChEMBL_pos
CN1CCN(C2=Nc3ccccc3N(NC(=O)c3ccc(C#N)cc3)c3ccc(Cl)cc32)CC1,1,ChEMBL_pos
CN1CCN(C2=Nc3ccccc3N(NC(=O)c3ccc4c(c3)OCO4)c3ccc(Cl)cc32)CC1,1,ChEMBL_pos
CN1CCN(C2=Nc3ccccc3N(NC(=O)c3cccc(C#N)c3)c3ccc(Cl)cc32)CC1,1,ChEMBL_pos
CN1CCN(C2=Nc3ccccc3N(NC(=O)c3ccccc3I)c3ccc(Cl)cc32)CC1,1,ChEMBL_pos
CN1CCN(C2=Nc3ccccc3Nc3ccc(Cl)cc32)CC1,1,ChEMBL_pos
CN1CCN(C2=Nc3ccccc3Nc3ccc(OS(=O)(=O)C(F)(F)F)cc32)CC1,1,ChEMBL_pos
CN1CCN(C2=Nc3ccccc3Nc3sc(CO)cc32)CC1,1,ChEMBL_pos
CN1CCN(C2=Nc3ccccc3Oc3ccc(Cl)cc32)CC1,1,ChEMBL_pos
CN1CCN(C2=Nc3ccccc3Oc3ccc(OS(=O)(=O)C(F)(F)F)cc32)CC1,1,ChEMBL_pos
CN1CCN(C2=Nc3ccccc3Sc3ccc(OS(=O)(=O)C(F)(F)F)cc32)CC1,1,ChEMBL_pos
CN1CCN(CC(=O)Nc2ccc(-c3nc4ccccc4s3)cc2)CC1,1,ChEMBL_pos
CN1CCN(CC(=O)Nc2cccc3c2Cc2c-3n[nH]c2-c2csc(C#CCOc3ccccc3)c2)CC1,1,ChEMBL_pos
CN1CCN(CC2CC3c4ccccc4Cc4ccccc4C3O2)CC1,1,ChEMBL_pos
CN1CCN(CC2CC3c4ccccc4Sc4ccccc4C3O2)CC1,1,ChEMBL_pos
CN1CCN(CC2Cc3ccccc3C2=O)CC1,1,ChEMBL_pos
CN1CCN(CCC(=O)Nc2ccc3ncnc(Nc4ccc(NC(=O)Nc5cc(C(C)(C)C)nn5-c5cccc(N)c5)cc4)c3c2)CC1,1,ChEMBL_pos
CN1CCN(CCCN2c3ccccc3Sc3ccc(Cl)cc32)CC1,1,ChEMBL_pos
CN1CCN(CCOc2cc(OC3CCOCC3)c3c(Nc4c(Cl)ccc5c4OCO5)ncnc3c2)CC1,1,ChEMBL_pos
CN1CCN(CCc2ccc(Nc3ncc4c(=O)c(C(N)=O)cn(-c5ccc6c(c5)CCC6)c4n3)cc2)CC1,1,ChEMBL_pos
CN1CCN(Cc2cc(NC(=O)c3cccc(C#Cc4cnc5ccnn5c4)c3)cc(C(F)(F)F)c2)CC1,1,ChEMBL_pos
CN1CCN(Cc2ccc(Nc3ncc4c(=O)c(C(N)=O)cn(-c5ccc6c(c5)CCC6)c4n3)cc2)CC1,1,ChEMBL_pos
CN1CCN(Cc2ccc3c(c2)-c2[nH]nc(-c4ccc(CNC(=O)Nc5ccccc5)s4)c2C3)CC1,1,ChEMBL_pos
CN1CCN(Cc2ccc3c(c2)-c2[nH]nc(-c4ccsc4)c2C3)CC1,1,ChEMBL_pos
CN1CCN(Cc2ccc3c(c2)-c2n[nH]c(-c4ccc(CN(C)C(=O)Nc5ccc(Br)cc5)s4)c2C3)CC1,1,ChEMBL_pos
CN1CCN(Cc2ccc3c(c2)-c2n[nH]c(-c4ccc(CN(C)C(=O)Nc5ccc(Cl)c(Cl)c5)s4)c2C3)CC1,1,ChEMBL_pos
CN1CCN(Cc2ccc3c(c2)-c2n[nH]c(-c4ccc(CN(C)C(=O)Nc5ccc(Cl)cc5)s4)c2C3)CC1,1,ChEMBL_pos
CN1CCN(Cc2ccc3c(c2)-c2n[nH]c(-c4ccc(CN(C)C(=O)Nc5ccc(F)cc5)s4)c2C3)CC1,1,ChEMBL_pos
CN1CCN(Cc2ccc3c(c2)-c2n[nH]c(-c4ccc(CN(C)C(=O)Nc5ccc(OC(F)(F)F)cc5)s4)c2C3)CC1,1,ChEMBL_pos
CN1CCN(Cc2ccc3c(c2)-c2n[nH]c(-c4ccc(CN(C)C(=O)Nc5cccc(C(F)(F)F)c5)s4)c2C3)CC1,1,ChEMBL_pos
CN1CCN(Cc2ccc3c(c2)-c2n[nH]c(-c4ccc(CN(C)C(=O)Nc5cccc(Cl)c5)s4)c2C3)CC1,1,ChEMBL_pos
CN1CCN(Cc2ccc3c(c2)Cc2c(-c4ccc(CNC(=O)Nc5cc(Cl)cc(Cl)c5)s4)n[nH]c2-3)CC1,1,ChEMBL_pos
CN1CCN(Cc2ccc3c(c2)Cc2c(-c4ccc(CNC(=O)Nc5ccc(C(F)(F)F)cc5)s4)n[nH]c2-3)CC1,1,ChEMBL_pos
CN1CCN(Cc2ccc3c(c2)Cc2c(-c4ccc(CNC(=O)Nc5cccc(C(F)(F)F)c5)s4)n[nH]c2-3)CC1,1,ChEMBL_pos
CN1CCN(Cc2ccc3c(c2)Cc2c(-c4ccc(CNC(=O)Nc5ccccc5Cl)s4)n[nH]c2-3)CC1,1,ChEMBL_pos
CN1CCN(Cc2ccc3c(c2)Cc2c(-c4csc(C#CCOc5ccccc5)c4)n[nH]c2-3)CC1,1,ChEMBL_pos
CN1CCN(Cc2ccc3c(c2)Cc2c-3n[nH]c2-c2ccc(CN(C)C(=O)Nc3cc(F)cc(C(F)(F)F)c3)s2)CC1,1,ChEMBL_pos
CN1CCN(Cc2ccc3c(c2)Cc2c-3n[nH]c2-c2ccc(CN(C)C(=O)Nc3cccc(OC(F)(F)F)c3)s2)CC1,1,ChEMBL_pos
CN1CCN(c2ccc(C#N)c(NCc3ccccc3)c2)CC1,1,ChEMBL_pos
CN1CCN(c2ccc(Nc3ncc4c(=O)c(C(N)=O)cn(-c5ccc6c(c5)CCC6)c4n3)cc2)CC1,1,ChEMBL_pos
CN1CCN(c2ccc(Nc3ncc4nc(Nc5ccccc5)n(C5CCCC5)c4n3)cc2)CC1,1,ChEMBL_pos
CN1CCN(c2ccc3nc(-c4c(N)c5c(F)cccc5[nH]c4=O)[nH]c3c2)CC1,1,ChEMBL_pos
CN1CCN(c2nc3ccccc3c(Cl)c2Sc2ccccc2)CC1,1,ChEMBL_pos
CN1CCN2c3c(cccc31)C1CN(CCCC(=O)c3ccc(F)cc3)CCC12,1,ChEMBL_pos
CN1CCN2c3ccccc3Cc3ccccc3C2C1,1,ChEMBL_pos
CN1CCN2c3ncccc3Cc3ccccc3C2C1,1,ChEMBL_pos
CN1CCOc2c(C(=O)NCC3CCCN3CCc3ccccc3)cc(Cl)cc21,1,ChEMBL_pos
CN1CCOc2cc(O)ccc2Cc2ccccc2CC1,1,ChEMBL_pos
CN1CCc2c(cc(O)c(O)c2Br)C(c2ccccc2)C1,1,ChEMBL_pos
CN1CCc2c(cc(O)c(O)c2Cl)C(c2ccccc2)C1,1,ChEMBL_pos
CN1CCc2c(sc3ncn(CCN4CCN(c5ccnc6ccccc56)CC4)c(=O)c23)C1,1,ChEMBL_pos
CN1CCc2c(sc3ncn(CCN4CCN(c5cncc6ccccc56)CC4)c(=O)c23)C1,1,ChEMBL_pos
CN1CCc2c3c(cc4c2C1Cc1ccc(O)c(O)c1-4)SCCC3=O,1,ChEMBL_pos
CN1CCc2cc(-c3ccc(O)cc3)c(O)cc2C(c2ccccc2)C1,1,ChEMBL_pos
CN1CCc2cc(-c3ccc(O)cc3)cc3c2C1Cc1ccc(O)c(O)c1-3,1,ChEMBL_pos
CN1CCc2cc(-c3ccccc3)cc3c2C1Cc1ccc(O)c(O)c1-3,1,ChEMBL_pos
CN1CCc2cc(Br)c(O)cc2C(c2ccc(N)cc2)C1,1,ChEMBL_pos
CN1CCc2cc(Br)c(O)cc2C(c2ccc(NC(S)=Nc3ccc4c(c3)C(=O)OC43c4ccc(O)cc4Oc4cc(O)ccc43)cc2)C1,1,ChEMBL_pos
CN1CCc2cc(Br)c(O)cc2C(c2ccc(Nc3ccc([N+](=O)[O-])c4nonc34)cc2)C1,1,ChEMBL_pos
CN1CCc2cc(Br)c(O)cc2C(c2ccccc2)C1,1,ChEMBL_pos
CN1CCc2cc(Cl)c(O)cc2C(c2ccc(CN(C)S(=O)(=O)c3ccccc3)cc2)C1,1,ChEMBL_pos
CN1CCc2cc(Cl)c(O)cc2C(c2ccc(CN(C)S(C)(=O)=O)cc2)C1,1,ChEMBL_pos
CN1CCc2cc(Cl)c(O)cc2C(c2ccc(CN(C3CCC3)S(C)(=O)=O)cc2)C1,1,ChEMBL_pos
CN1CCc2cc(Cl)c(O)cc2C(c2ccc(CN(Cc3ccccc3)c3ccc(F)cc3F)cc2)C1,1,ChEMBL_pos
CN1CCc2cc(Cl)c(O)cc2C(c2ccc(CNC3CCC3)cc2)C1,1,ChEMBL_pos
CN1CCc2cc(Cl)c(O)cc2C(c2ccc(CNc3ccccc3)cc2)C1,1,ChEMBL_pos
CN1CCc2cc(Cl)c(O)cc2C(c2cccc3ccoc23)C1,1,ChEMBL_pos
CN1CCc2cc(Cl)c(O)cc2C(c2ccccc2)C1,1,ChEMBL_pos
CN1CCc2cc(Cl)c(O)cc2C2c3cc(CN4CCCCC4)ccc3CCC21,1,ChEMBL_pos
CN1CCc2cc(Cl)c(O)cc2C2c3cc(CN4CCN(c5ccccn5)CC4)ccc3CCC21,1,ChEMBL_pos
CN1CCc2cc(Cl)c(O)cc2C2c3ccc(N)cc3CCC21,1,ChEMBL_pos
CN1CCc2cc(Cl)c(O)cc2C2c3ccc(NC(=O)C4CC4)cc3CCC21,1,ChEMBL_pos
CN1CCc2cc(Cl)c(O)cc2C2c3ccc(NC(=O)Nc4c(Cl)cccc4Cl)cc3CCC21,1,ChEMBL_pos
CN1CCc2cc(Cl)c(O)cc2C2c3ccc(NS(C)(=O)=O)cc3CCC21,1,ChEMBL_pos
CN1CCc2cc(Cl)c(O)cc2C2c3cccc(-c4cc(F)cc(F)c4)c3CCC21,1,ChEMBL_pos
CN1CCc2cc(Cl)c(O)cc2C2c3cccc(-c4ccc(CO)cc4)c3CCC21,1,ChEMBL_pos
CN1CCc2cc(Cl)c(O)cc2C2c3cccc(-c4ccc5[nH]ccc5c4)c3CCC21,1,ChEMBL_pos
CN1CCc2cc(Cl)c(O)cc2C2c3cccc(-c4cccc(C#N)c4)c3CCC21,1,ChEMBL_pos
CN1CCc2cc(Cl)c(O)cc2C2c3cccc(-c4cccc(F)c4)c3CCC21,1,ChEMBL_pos
CN1CCc2cc(Cl)c(O)cc2C2c3cccc(-c4cccc(OC(F)(F)F)c4)c3CCC21,1,ChEMBL_pos
CN1CCc2cc(Cl)c(O)cc2C2c3cccc(-c4cccc([N+](=O)[O-])c4)c3CCC21,1,ChEMBL_pos
CN1CCc2cc(Cl)c(O)cc2C2c3cccc(-c4ccccc4)c3CCC21,1,ChEMBL_pos
CN1CCc2cc(Cl)c(O)cc2C2c3cccc(-c4cccs4)c3CCC21,1,ChEMBL_pos
CN1CCc2cc(Cl)c(O)cc2C2c3cccc(-c4ccncc4)c3CCC21,1,ChEMBL_pos
CN1CCc2cc(Cl)c(O)cc2C2c3cccc(Br)c3CCC21,1,ChEMBL_pos
CN1CCc2cc(Cl)c(O)cc2C2c3cccc(C#N)c3CCC21,1,ChEMBL_pos
CN1CCc2cc(Cl)c(O)cc2C2c3cccc(C(=O)O)c3CCC21,1,ChEMBL_pos
CN1CCc2cc(Cl)c(O)cc2C2c3cccc(C=NO)c3CCC21,1,ChEMBL_pos
CN1CCc2cc(Cl)c(O)cc2C2c3cccc(C=NOCc4ccccc4)c3CCC21,1,ChEMBL_pos
CN1CCc2cc(Cl)c(O)cc2C2c3cccc(C=NOc4ccccc4)c3CCC21,1,ChEMBL_pos
CN1CCc2cc(Cl)c(O)cc2C2c3cccc(C=O)c3CCC21,1,ChEMBL_pos
CN1CCc2cc(Cl)c(O)cc2C2c3cccc(CO)c3CCC21,1,ChEMBL_pos
CN1CCc2cc(Cl)c(O)cc2C2c3cccc(N)c3CCC21,1,ChEMBL_pos
CN1CCc2cc(Cl)c(O)cc2C2c3cccc(N4CCCC4=O)c3CCC21,1,ChEMBL_pos
CN1CCc2cc(Cl)c(O)cc2C2c3cccc(NC(=O)C4CC4)c3CCC21,1,ChEMBL_pos
CN1CCc2cc(Cl)c(O)cc2C2c3cccc(NC(=O)Nc4c(Cl)cccc4Cl)c3CCC21,1,ChEMBL_pos
CN1CCc2cc(Cl)c(O)cc2C2c3cccc(NS(C)(=O)=O)c3CCC21,1,ChEMBL_pos
CN1CCc2cc(Cl)c(O)cc2C2c3cccc(O)c3CCC21,1,ChEMBL_pos
CN1CCc2cc(Cl)c(O)cc2C2c3ccccc3CC21,1,ChEMBL_pos
CN1CCc2cc(Cl)c(O)cc2C2c3ccccc3CCC21,1,ChEMBL_pos
CN1CCc2cc(I)c(O)cc2C(c2ccc(N=[N+]=[N-])cc2)C1,1,ChEMBL_pos
CN1CCc2cc(N)c(O)cc2C(c2ccccc2)C1,1,ChEMBL_pos
CN1CCc2cc(NCc3cccc(Cl)c3)c(O)cc2C(c2ccccc2)C1,1,ChEMBL_pos
CN1CCc2cc(NCc3ccccc3)c(O)cc2C(c2ccccc2)C1,1,ChEMBL_pos
CN1CCc2cc(O)c(N)cc2C(c2ccccc2)C1,1,ChEMBL_pos
CN1CCc2cc(O)c(O)cc2C(c2ccccc2)C1,1,ChEMBL_pos
CN1CCc2cc(O)ccc2Cc2[nH]c3ccccc3c2CC1,1,ChEMBL_pos
CN1CCc2cc(O)ccc2Cc2ccc(O)cc2CC1,1,ChEMBL_pos
CN1CCc2cc(OCCF)cc3c2C1Cc1cccc(O)c1-3,1,ChEMBL_pos
CN1CCc2cc(SCC(N)C(=O)O)cc3c2C1Cc1ccc(O)c(O)c1-3,1,ChEMBL_pos
CN1CCc2cc(SCCC(=O)O)cc3c2C1Cc1ccc(O)c(O)c1-3,1,ChEMBL_pos
CN1CCc2cc3ccccc3n2CC1,1,ChEMBL_pos
CN1CCc2ccc(CO)c3c2C1Cc1ccc(O)c(O)c1-3,1,ChEMBL_pos
CN1CCc2ccc(Cc3ccc(O)c4ccccc34)c3c2C1Cc1ccc(O)c(O)c1-3,1,ChEMBL_pos
CN1CCc2ccc(Cc3ccc(O)cc3)c3c2C1Cc1ccc(O)c(O)c1-3,1,ChEMBL_pos
CN1CCc2ccc(Cc3ccccc3)c3c2C1Cc1ccc(O)c(O)c1-3,1,ChEMBL_pos
CN1CCc2ccc(N)cc2C(c2ccccc2)C1,1,ChEMBL_pos
CN1CCc2ccc(O)cc2C(c2ccccc2)C1,1,ChEMBL_pos
CN1CCc2ccc([N+](=O)[O-])c(Cl)c2CC1,1,ChEMBL_pos
CN1CCc2ccc3c4c2C1Cc1cccc(c1-4)C3,1,ChEMBL_pos
CN1CCc2ccc3c4c2C1Cc1cccc(c1-4)C3(C)O,1,ChEMBL_pos
CN1CCc2ccc3c4c2C1Cc1cccc(c1-4)C3=O,1,ChEMBL_pos
CN1CCc2ccc3c4c2C1Cc1cccc(c1-4)C3N,1,ChEMBL_pos
CN1CCc2ccc3c4c2C1Cc1cccc(c1-4)C3O,1,ChEMBL_pos
CN1CCc2cccc3c2C1Cc1ccc(O)c(O)c1-3,1,ChEMBL_pos
CN1CCc2cccc3c2C1Cc1cccc(O)c1-3,1,ChEMBL_pos
CN1CCc2cccc3c2C1Cc1ccccc1-3,1,ChEMBL_pos
CN1CCc2ccccc2Cc2[nH]c3ccc(O)cc3c2CC1,1,ChEMBL_pos
CN1CCc2ccccc2Cc2[nH]c3ccccc3c2CC1,1,ChEMBL_pos
CN1CCc2ccccc2Cc2[nH]c3ccccc3c2CC1CO,1,ChEMBL_pos
CN1CCc2ccccc2Cc2c(O)cccc2CC1,1,ChEMBL_pos
CN1CCc2ccccc2Cc2c([nH]c3ccccc23)CC1,1,ChEMBL_pos
CN1CCc2ccccc2Cc2c(ccc(O)c2Cl)CC1,1,ChEMBL_pos
CN1CCc2ccccc2Cc2c[nH]c3cccc(c23)CC1,1,ChEMBL_pos
CN1CCc2ccccc2Cc2cc(Cl)c(O)c(Cl)c2CC1,1,ChEMBL_pos
CN1CCc2ccccc2Cc2cc(N)c(O)cc2CC1,1,ChEMBL_pos
CN1CCc2ccccc2Cc2cc(O)c(Cl)cc2CC1,1,ChEMBL_pos
CN1CCc2ccccc2Cc2cc(O)c(O)cc2CC1,1,ChEMBL_pos
CN1CCc2ccccc2Cc2cc(O)ccc2CC1,1,ChEMBL_pos
CN1CCc2ccccc2Cc2ccc(O)c(Cl)c2CC1,1,ChEMBL_pos
CN1CCc2ccccc2Cc2ccc(O)cc2CC1,1,ChEMBL_pos
CN1CCc2ccccc2Cc2ccccc2CC1,1,ChEMBL_pos
CN1CCc2ccccc2Cc2ccn(C)c2CC1,1,ChEMBL_pos
CN1CCc2ccccc2Cc2ccsc2CC1,1,ChEMBL_pos
CN1CCc2ccccc2Cc2sc3ccccc3c2CC1,1,ChEMBL_pos
CN1CCc2ccccc2Cc2sccc2CC1,1,ChEMBL_pos
CN1c2ccc(OC(=O)Nc3ccccc3)cc2C2(C)CCNC12,1,ChEMBL_pos
CN1c2ccc(OC(=O)Nc3ccccc3)cc2C2(C)CC[N+](C)([O-])C12,1,ChEMBL_pos
CN=C(NC(=O)c1ccc(Cl)cc1)N1CC(c2ccccc2)C(c2ccc(Cl)cc2)=N1,1,ChEMBL_pos
CN=C(NS(=O)(=O)N(C)C(C)C)N1CC(c2ccccc2)C(c2ccc(Cl)cc2)=N1,1,ChEMBL_pos
CN=C(NS(=O)(=O)N(C)C)N1CC(c2ccccc2)C(c2ccc(Cl)cc2)=N1,1,ChEMBL_pos
CN=C(NS(=O)(=O)N1CCCC1)N1CC(c2ccccc2)C(c2ccc(Cl)cc2)=N1,1,ChEMBL_pos
CN=C(NS(=O)(=O)N1CCCCCC1)N1CC(c2ccccc2)C(c2ccc(Cl)cc2)=N1,1,ChEMBL_pos
CN=C(NS(=O)(=O)N1CCCCCCC1)N1CC(c2ccccc2)C(c2ccc(Cl)cc2)=N1,1,ChEMBL_pos
CN=C(NS(=O)(=O)N1CCOCC1)N1CC(c2ccccc2)C(c2ccc(Cl)cc2)=N1,1,ChEMBL_pos
CN=C(NS(=O)(=O)N1CCS(=O)(=O)CC1)N1CC(c2ccccc2)C(c2ccc(Cl)cc2)=N1,1,ChEMBL_pos
CN=C(NS(=O)(=O)N1CCSCC1)N1CC(c2ccccc2)C(c2ccc(Cl)cc2)=N1,1,ChEMBL_pos
CN=C(NS(=O)(=O)c1c(C)cc(C)cc1C)N1CC(c2ccccc2)C(c2ccc(Cl)cc2)=N1,1,ChEMBL_pos
CN=C(NS(=O)(=O)c1ccc(C(F)(F)F)cc1)N1CC(c2ccccc2)C(c2ccc(Cl)cc2)=N1,1,ChEMBL_pos
CN=C(NS(=O)(=O)c1ccc(C)cc1)N1CC(c2ccccc2)C(c2ccc(Cl)cc2)=N1,1,ChEMBL_pos
CN=C(NS(=O)(=O)c1ccc(Cl)cc1)N1CC(c2ccc(Cl)cc2)C(c2ccc(Cl)cc2)=N1,1,ChEMBL_pos
CN=C(NS(=O)(=O)c1ccc(Cl)cc1)N1CC(c2ccc(F)cc2)C(c2ccc(Cl)cc2)=N1,1,ChEMBL_pos
CN=C(NS(=O)(=O)c1ccc(Cl)cc1)N1CC(c2ccccc2)C(c2ccc(Cl)cc2)=N1,1,ChEMBL_pos
CN=C(NS(=O)(=O)c1ccc(Cl)cc1)N1CC(c2ccccc2)C(c2ccc(F)cc2)=N1,1,ChEMBL_pos
CN=C(NS(=O)(=O)c1ccc(F)cc1)N1CC(c2ccccc2)C(c2ccc(Cl)cc2)=N1,1,ChEMBL_pos
CN=C(NS(=O)(=O)c1ccc2ccccc2c1)N1CC(c2ccccc2)C(c2ccc(Cl)cc2)=N1,1,ChEMBL_pos
CN=C(NS(=O)(=O)c1cccc(C(F)(F)F)c1)N1CC(c2ccccc2)C(c2ccc(Cl)cc2)=N1,1,ChEMBL_pos
CN=C(NS(=O)(=O)c1cccc(Cl)c1)N1CC(c2ccccc2)C(c2ccc(Cl)cc2)=N1,1,ChEMBL_pos
CN=C(NS(=O)(=O)c1ccccc1)N1CC(c2ccccc2)C(c2ccc(Cl)cc2)=N1,1,ChEMBL_pos
CN=C(NS(=O)(=O)c1ccccc1Cl)N1CC(c2ccccc2)C(c2ccc(Cl)cc2)=N1,1,ChEMBL_pos
CN=C1CCc2c1n(C)c1cc(Cl)c(OC(=O)NC)cc21,1,ChEMBL_pos
CN=C1CCc2c1n(C)c1ccc(OC(=O)N(C)C)c(Br)c21,1,ChEMBL_pos
CN=C1CCc2c1n(C)c1ccc(OC(=O)NC)c(Br)c21,1,ChEMBL_pos
CN=C1CCc2c1n(C)c1ccc(OC(=O)NC)c(Cl)c21,1,ChEMBL_pos
CN=C1CCc2c1n(C)c1ccccc21,1,ChEMBL_pos
CN=C1N(C)C(=O)C(=Cc2c[nH]c3c(Br)cccc23)N1C,1,ChEMBL_pos
CN=C1N(C)C(=O)C(=Cc2c[nH]c3cc(Br)ccc23)N1C,1,ChEMBL_pos
CN=C1N(C)C(=O)C(=Cc2c[nH]c3ccc(Br)cc23)N1C,1,ChEMBL_pos
CN=C1N(C)C(=O)C(=Cc2c[nH]c3cccc(Br)c23)N1C,1,ChEMBL_pos
CN=C1N(C)C(=O)C(=Cc2c[nH]c3ccccc23)N1C,1,ChEMBL_pos
CN=C1NC(=O)C(=Cc2c[nH]c3c(Br)cccc23)N1,1,ChEMBL_pos
CN=C1NC(=O)C(=Cc2c[nH]c3cc(Br)ccc23)N1C,1,ChEMBL_pos
CN=C1NC(=O)C(=Cc2c[nH]c3ccc(Br)cc23)N1,1,ChEMBL_pos
CN=C1NC(=O)C(=Cc2c[nH]c3ccc(Br)cc23)N1C,1,ChEMBL_pos
CN=C1NC(=O)C(=Cc2c[nH]c3cccc(Br)c23)N1,1,ChEMBL_pos
CN=C1NC(=O)C(=Cc2c[nH]c3ccccc23)N1,1,ChEMBL_pos
CNC(=C[N+](=O)[O-])NCCSCc1ccc(CN(C)C)o1,1,ChEMBL_pos
CNC(=NS(=O)(=O)N1CCCCC1)N1CC(c2ccccc2)C(c2ccc(Cl)cc2)=N1,1,ChEMBL_pos
CNC(=NS(=O)(=O)c1ccc(Cl)cc1)N1CC(c2ccccc2)C(c2ccc(Cl)cc2)=N1,1,ChEMBL_pos
CNC(=NS(=O)(=O)c1ccc(OC)cc1)N1CC(c2ccccc2)C(c2ccc(Cl)cc2)=N1,1,ChEMBL_pos
CNC(=O)C(Cc1ccccc1)NC(=O)c1c(C)n(CCN2CCOCC2)c2c(OC)cccc12,1,ChEMBL_pos
CNC(=O)CCC(C)(C)c1ccc(-c2cc(C)cc(C)c2)c(O)c1,1,ChEMBL_pos
CNC(=O)CCCCC(C)(C)c1ccc(-c2cc(C)cc(C)c2)c(O)c1,1,ChEMBL_pos
CNC(=O)CCc1sc2ncnc(N)c2c1-c1ccc(NC(=O)Nc2cccc(C)c2)cc1,1,ChEMBL_pos
CNC(=O)N1CCC(C)(N2CCc3c(-c4cnc(N)nc4)nc(N4CCOCC4)nc32)C1,1,ChEMBL_pos
CNC(=O)N1CCC(N2CCc3c(-c4cnc(N)nc4)nc(N4CCOCC4)nc32)C1,1,ChEMBL_pos
CNC(=O)Nc1cc(CNc2ccccc2C(=O)Nc2ccc3c(c2)OC(F)(F)O3)ccn1,1,ChEMBL_pos
CNC(=O)Nc1ccc(CNc2c(C(=O)Nc3ccc(SC(F)(F)F)cc3)cnn2C)cn1,1,ChEMBL_pos
CNC(=O)Nc1ccc(CNc2c(C(=O)Nc3ccc4c(c3)OC(F)(F)C(F)(F)O4)cnn2C)cn1,1,ChEMBL_pos
CNC(=O)Nc1ccc(CNc2ncsc2C(=O)Nc2ccc3c(c2)OC(F)(F)O3)cn1,1,ChEMBL_pos
CNC(=O)Oc1ccc2c(c1)C1(C)CCN(C)C1N2,1,ChEMBL_pos
CNC(=O)Oc1ccc2c(c1)C1(C)CCN(C)C1N2C,1,ChEMBL_pos
CNC(=O)Oc1ccc2c(c1)C1(C)CCN(C)C1N2C=O,1,ChEMBL_pos
CNC(=O)Oc1ccc2c(c1)C1(C)CCN(C)C1N2Cc1ccccc1,1,ChEMBL_pos
CNC(=O)Oc1ccc2c(c1)C1(C)CCN(C)OC1N2C,1,ChEMBL_pos
CNC(=O)Oc1ccc2c(c1)C1(C)CCN(CCc3ccccc3)C1N2C,1,ChEMBL_pos
CNC(=O)Oc1ccc2c(c1)C1(C)CCN(Cc3ccccc3)C1N2C,1,ChEMBL_pos
CNC(=O)Oc1ccc2c(c1)C1(C)CCNC1N2,1,ChEMBL_pos
CNC(=O)Oc1ccc2c(c1)C1(C)CCNC1N2C,1,ChEMBL_pos
CNC(=O)Oc1ccc2c(c1)C1(C)CCOC1N2C,1,ChEMBL_pos
CNC(=O)Oc1ccc2c(c1)C1(C)CC[N+](C)(C)C1N2C,1,ChEMBL_pos
CNC(=O)Oc1ccc2c(c1)C1(C)CC[N+](C)([O-])C1N2C,1,ChEMBL_pos
CNC(=O)Oc1ccc2c(c1)CN(CCCOc1ccc3c(=O)c4ccccc4oc3c1)CC2,1,ChEMBL_pos
CNC(=O)Oc1ccc2c(c1)c1c(n2C)C(=NCCc2ccccc2)CC1,1,ChEMBL_pos
CNC(=O)Oc1cccc(C(C)N(C)C)c1,1,ChEMBL_pos
CNC(=O)Oc1cccc(CN(C)CC#CCOc2ccc3c(=O)c4ccccc4oc3c2)c1,1,ChEMBL_pos
CNC(=O)Oc1cccc(CN(C)CCCCCCCCCCOc2ccc3c(=O)c4ccccc4oc3c2)c1,1,ChEMBL_pos
CNC(=O)Oc1cccc(CN(C)CCCCCCCCCOc2ccc3c(=O)c4ccccc4oc3c2)c1,1,ChEMBL_pos
CNC(=O)Oc1cccc(CN(C)CCCCCCCCOc2ccc3c(=O)c4ccccc4oc3c2)c1,1,ChEMBL_pos
CNC(=O)Oc1cccc(CN(C)CCCCCCCOc2ccc3c(=O)c4ccccc4oc3c2)c1,1,ChEMBL_pos
CNC(=O)Oc1cccc(CN(C)CCCCCCCOc2ccc3c(c2)OC(=Cc2cc(OC)c(OC)c(OC)c2)C3=O)c1,1,ChEMBL_pos
CNC(=O)Oc1cccc(CN(C)CCCCCCOc2ccc3c(=O)c4ccccc4oc3c2)c1,1,ChEMBL_pos
CNC(=O)Oc1cccc(CN(C)CCCOc2ccc(-c3ccccc3)cc2)c1,1,ChEMBL_pos
CNC(=O)Oc1cccc(CN(C)CCCOc2ccc(C(=O)c3ccccc3)cc2)c1,1,ChEMBL_pos
CNC(=O)Oc1cccc(CN(C)CCCOc2ccc3c(=O)c4ccccc4oc3c2)c1,1,ChEMBL_pos
CNC(=O)Oc1cccc(CN(C)CCCOc2ccc3ccccc3c2)c1,1,ChEMBL_pos
CNC(=O)Oc1cccc(CN(C)CCCOc2cccc(Cc3ccccc3)c2)c1,1,ChEMBL_pos
CNC(=O)Oc1cccc(CN(C)CCCOc2ccccc2)c1,1,ChEMBL_pos
CNC(=O)Oc1cccc2c1CCC1CCN(C)C21,1,ChEMBL_pos
CNC(=O)Oc1cccc2c1OCC1CCN(C)C21,1,ChEMBL_pos
CNC(=O)Oc1cccc2c1SCC1CCN(C)C21,1,ChEMBL_pos
CNC(=O)c1cc(-c2ccc(Cl)cc2)c(-c2ccc(Cl)cc2Cl)nc1OCC1CCCCC1,1,ChEMBL_pos
CNC(=O)c1cc(-c2ccc(Cl)cc2)c(-c2ccc(Cl)cc2Cl)nc1OCc1ccc(F)c(F)c1,1,ChEMBL_pos
CNC(=O)c1cc(-c2ccc(Cl)cc2)c(-c2ccc(Cl)cc2Cl)nc1OCc1ccccc1,1,ChEMBL_pos
CNC(=O)c1cc(C(=O)NC(Cc2ccccc2)C(O)CNC2CC2)cc(N(C)S(C)(=O)=O)c1,1,ChEMBL_pos
CNC(=O)c1cc(CNc2c(C(=O)Nc3ccc4c(c3)OC(F)(F)O4)cnn2C)ccn1,1,ChEMBL_pos
CNC(=O)c1cc(CNc2ccccc2C(=O)Nc2ccc3c(c2)OC(F)(F)O3)ccn1,1,ChEMBL_pos
CNC(=O)c1cc(CNc2ccsc2C(=O)Nc2ccc3c(c2)OC(F)(F)O3)ccn1,1,ChEMBL_pos
CNC(=O)c1cc(CNc2ncsc2C(=O)Nc2ccc3c(c2)OC(F)(F)C(F)(F)O3)ccn1,1,ChEMBL_pos
CNC(=O)c1cc(CNc2ncsc2C(=O)Nc2ccc3c(c2)OC(F)(F)O3)ccn1,1,ChEMBL_pos
CNC(=O)c1cc(Oc2ccc(NC(=O)Nc3ccc(Cl)c(C(F)(F)F)c3)cc2)ccn1,1,ChEMBL_pos
CNC(=O)c1cc(Oc2ccc3c(c2)nc(Nc2cccc(C(C)(C)C)c2)n3C)ccn1,1,ChEMBL_pos
CNC(=O)c1cc(Oc2ccc3oc(Nc4ccc(Cl)c(OCC5CCCN5C)c4)nc3c2)ccn1,1,ChEMBL_pos
CNC(=O)c1ccc2c(c1)CCOC2CCN1CCN(c2ccc(OC)cc2)CC1,1,ChEMBL_pos
CNC(=O)c1nn(C)c2c1C(C)(C)Cc1cnc(Nc3ccc(N4CCN(C)CC4)cc3)nc1-2,1,ChEMBL_pos
CNC(NCCNCc1ccc(CN(C)C)o1)=C(C#N)C#N,1,ChEMBL_pos
CNC(NCCNCc1ccc(CN2CCCC2)o1)=C(C#N)C#N,1,ChEMBL_pos
CNC(NCCNCc1ccc(CN2CCCCC2)o1)=C(C#N)C#N,1,ChEMBL_pos
CNC1(c2ccccc2Cl)CCCCC1=O,1,ChEMBL_pos
CNC1CC2OC(C)(C1OC)n1c3ccccc3c3c4c(c5c6ccccc6n2c5c31)C(=O)NC4,1,ChEMBL_pos
CNC1CC2OC(C1OC)n1c3ccccc3c3c4c(c5c6ccccc6n2c5c31)C(=O)NC4,1,ChEMBL_pos
CNC1CCCCC1NC(=O)c1cn(-c2ccc(Cl)cc2)c(-c2ccc(Cl)cc2Cl)n1,1,ChEMBL_pos
CNC1CCc2cccc(OC(=O)N(C)C)c21,1,ChEMBL_pos
CNC1Cc2cccc3[nH]c(=O)n(c23)C1,1,ChEMBL_pos
CNC1Cc2cccc3ncn(c23)C1,1,ChEMBL_pos
CNCC1CC2c3ccccc3Cc3ccccc3C2O1,1,ChEMBL_pos
CNCC1c2ccccc2Cc2ccccc21,1,ChEMBL_pos
CNCCC=C1c2ccccc2CCc2ccccc21,1,ChEMBL_pos
CNCCCC12CCC(c3ccccc31)c1ccccc12,1,ChEMBL_pos
CNCCCC1c2ccccc2Cc2ccccc21,1,ChEMBL_pos
CNCCCN1c2ccccc2CCc2ccccc21,1,ChEMBL_pos
CNCCS(=O)(=O)N1CCN(c2nc(N3CCOCC3)nc(-n3c(C(F)F)nc4c(OC)cccc43)n2)CC1,1,ChEMBL_pos
CNCCc1c[nH]c2ccc(OC)cc12,1,ChEMBL_pos
CNCCc1cc(OC)c(Br)cc1OC,1,ChEMBL_pos
CNCCc1cccc(OC(=O)N(C)C)c1,1,ChEMBL_pos
CNN(C)C(=O)c1cc(-c2ccc(Cl)cc2)c(-c2ccc(Cl)cc2Cl)nc1Oc1ccc(F)c(F)c1,1,ChEMBL_pos
CNS(=O)(=O)C1CCN(c2nc(N3CCOCC3)nc(-n3c(C(F)F)nc4c(OC)cccc43)n2)C1,1,ChEMBL_pos
CNS(=O)(=O)C1CCN(c2nc(N3CCOCC3)nc(-n3c(C(F)F)nc4c(OC)cccc43)n2)CC1,1,ChEMBL_pos
CNS(=O)(=O)Cc1cc(Cl)cc(-c2c3c(nn2C)C(C)N(C(=O)c2cccc(OC)c2Cl)CC3)c1,1,ChEMBL_pos
CNS(=O)(=O)Cc1ccc2[nH]cc(CCN(C)C)c2c1,1,ChEMBL_pos
CNS(=O)(=O)N1CCC(N2CCc3c(-c4cnc(N)nc4)nc(N4CCOCC4)nc32)C1,1,ChEMBL_pos
CNc1cc(-c2c[nH]c(=O)c(NC(=O)c3ccc(N4CCCCC4)cc3)c2)ccn1,1,ChEMBL_pos
CNc1cc(-c2c[nH]c(=O)c(NC(=O)c3ccc(N4CCCCC4)cc3)c2)ncn1,1,ChEMBL_pos
CNc1cc(C#N)cc(-c2c[nH]c(=O)c(NC(=O)c3ccc(N4CCCC4CN4CCCC4)cc3)c2)c1,1,ChEMBL_pos
CNc1cc(CNc2ccccc2C(=O)Nc2ccc3c(c2)OC(F)(F)O3)ccn1,1,ChEMBL_pos
CNc1cc(F)cc(-c2c[nH]c(=O)c(NC(=O)c3ccc(N4CCCC4CN4CCCC4)cc3)c2)c1,1,ChEMBL_pos
CNc1cc(NCCSCc2ccc(CN(C)C)o2)c([N+](=O)[O-])cc1[N+](=O)[O-],1,ChEMBL_pos
CNc1ccc2c(c1)C13CCCCC1C(C2)N(C)CC3,1,ChEMBL_pos
CNc1ccc2c(c1Cl)CCNCC2,1,ChEMBL_pos
CNc1cccc(-c2c[nH]c(=O)c(NC(=O)c3ccc(N4CCCCC4)cc3)c2)c1,1,ChEMBL_pos
CNc1cccc(-c2c[nH]c(=O)c(NC(=O)c3ccc(N4CCCCC4)cc3)c2)n1,1,ChEMBL_pos
CNc1cccc(F)c1S(=O)(=O)c1cc(Cl)ccc1S(=O)(=O)c1ccc(C(C)NS(=O)(=O)C(F)(F)F)cc1,1,ChEMBL_pos
CNc1ccccc1C(=O)CCCN1CCC2C(C1)c1cccc3c1N2CCCS3,1,ChEMBL_pos
CNc1ccnc(N2CCc3ccccc3C2)c1,1,ChEMBL_pos
CNc1cncc(-c2c[nH]c(=O)c(NC(=O)c3ccc(N4CCCC4CN4CCCC4)cc3)c2)n1,1,ChEMBL_pos
CNc1cncc(-c2c[nH]c(=O)c(NC(=O)c3ccc(N4CCCCC4)cc3)c2)c1,1,ChEMBL_pos
CNc1cncc(-c2c[nH]c(=O)c(NC(=O)c3ccc(N4CCCCC4)cc3)c2)n1,1,ChEMBL_pos
CNc1nc(Cl)c(SC)c(N2CCN(C)CC2)n1,1,ChEMBL_pos
CNc1nc(Cl)c(Sc2ccccc2)c(N2CCN(C)CC2)n1,1,ChEMBL_pos
CNc1nccc(-c2ccc(C(=O)NC(CN)Cc3ccc(Cl)cc3Cl)s2)n1,1,ChEMBL_pos
CNc1nccc(CNc2ccccc2C(=O)Nc2ccc3c(c2)OC(F)(F)O3)n1,1,ChEMBL_pos
COC(=O)C(=O)Nc1cccc2c1Cc1c-2n[nH]c1-c1csc(C#CCOc2ccccc2)c1,1,ChEMBL_pos
COC(=O)C(C)(C)c1ccc(-c2cc(C)cc(C)c2)c(O)c1,1,ChEMBL_pos
COC(=O)C(Cc1cccc(Cl)c1)NC(=O)c1c(C)n(CCN2CCOCC2)c2c(OC)cccc12,1,ChEMBL_pos
COC(=O)C(Cc1ccccc1)NC(=O)c1c(C)n(CCN2CCOCC2)c2c(OC)cccc12,1,ChEMBL_pos
COC(=O)C(Cc1ccccc1)NC(=O)c1c(C)n(CCN2CCOCC2)c2ccccc12,1,ChEMBL_pos
COC(=O)C(Cc1cccs1)NC(=O)c1c(C)n(CCN2CCOCC2)c2c(OC)cccc12,1,ChEMBL_pos
COC(=O)C(Cc1cscn1)NC(=O)c1c(C)n(CCN2CCOCC2)c2c(OC)cccc12,1,ChEMBL_pos
COC(=O)C(N)CSc1cc2c3c(c1)-c1c(ccc(O)c1O)CC3N(C)CC2,1,ChEMBL_pos
COC(=O)C1CC(NC(=O)C(NC(=O)CC(O)C(Cc2cc(F)cc(F)c2)NC(=O)C(O)c2ccccc2-c2ccccc2)C(C)C)CC(C(=O)OC)C1,1,ChEMBL_pos
COC(=O)CCC(C)(C)c1ccc(-c2cc(C)cc(C)c2)c(O)c1,1,ChEMBL_pos
COC(=O)CCCCC(C)(C)c1ccc(-c2cc(C)cc(C)c2)c(O)c1,1,ChEMBL_pos
COC(=O)C[N+]1(C)CCC(CCC(=O)C2Cc3cc(OC)c(OC)cc3S2)CC1,1,ChEMBL_pos
COC(=O)C[N+]1(C)CCC(CCC(=O)c2cc3cc(OC)c(OC)cc3s2)CC1,1,ChEMBL_pos
COC(=O)Cc1c(C)n(C(=O)c2cccc3ccccc23)c2ccc(OC)cc12,1,ChEMBL_pos
COC(=O)Cc1c(C)n(C(=O)c2ccccc2Cl)c2ccc(OC)cc12,1,ChEMBL_pos
COC(=O)Cc1ccc(CSc2nc3ccccc3n2Cc2ccc(Cl)cc2)cc1,1,ChEMBL_pos
COC(=O)N1CCC(CN2CCC(NC(=O)c3cc(Cl)c(N)cc3OC)C(OC)C2)CC1,1,ChEMBL_pos
COC(=O)N1CCC(N2CCc3c(-c4cnc(N)nc4)nc(N4CCOCC4)nc32)C1,1,ChEMBL_pos
COC(=O)NC(c1cc([N+](=O)[O-])cc2nc(O)c(O)nc12)P(=O)(O)O,1,ChEMBL_pos
COC(=O)Nc1cc(C(F)(F)F)c(-c2nc(N3CCOCC3)c3cc(CN4CCN(S(C)(=O)=O)CC4)cn3n2)cn1,1,ChEMBL_pos
COC(=O)c1[nH]c2cc(F)ccc2c1C1CNCCC1F,1,ChEMBL_pos
COC(=O)c1cc(-c2ccc(Cl)cc2)c(-c2ccc(Cl)cc2Cl)nc1OCC1CCCCC1,1,ChEMBL_pos
COC(=O)c1cc(-c2ccc(Cl)cc2)c(-c2ccc(Cl)cc2Cl)nc1OCc1ccc(F)c(F)c1,1,ChEMBL_pos
COC(=O)c1cc(-c2ccc(Cl)cc2)c(-c2ccc(Cl)cc2Cl)nc1OCc1ccccc1,1,ChEMBL_pos
COC(=O)c1cc(NC(=O)C(NC(=O)CC(O)C(Cc2cc(F)cc(F)c2)NC(=O)C(O)c2ccccc2-c2ccccc2)C(C)C)cc(C(=O)OC)c1,1,ChEMBL_pos
COC(=O)c1ccc(-c2nc3ccccc3n2Cc2ccc(Cl)cc2)cc1,1,ChEMBL_pos
COC(=O)c1ccc(C2C(c3ccc(F)cc3)C(=O)N2C2CCN(C(=O)n3cncn3)CC2)cc1,1,ChEMBL_pos
COC(=O)c1ccc(C=Cc2nc3ccccc3n2Cc2ccc(Cl)cc2)cc1,1,ChEMBL_pos
COC(=O)c1ccc(CCc2nc3ccccc3n2Cc2ccc(Cl)cc2)cc1,1,ChEMBL_pos
COC(=O)c1ccc(CSc2nc3ccccc3n2Cc2ccc(Cl)cc2)cc1,1,ChEMBL_pos
COC(=O)c1ccc(C[S+]([O-])c2nc3ccccc3n2Cc2ccc(Cl)cc2)cc1,1,ChEMBL_pos
COC(=O)c1ccc(C[n+]2ccc(CCC(=O)C3Cc4cc(OC)c(OC)cc4S3)cc2)cc1,1,ChEMBL_pos
COC(=O)c1ccc(C[n+]2ccc(CCC(=O)c3cc4cc(OC)c(OC)cc4s3)cc2)cc1,1,ChEMBL_pos
COC(=O)c1ccc2c(C(=O)C3C(C)(C)C3(C)C)cn(CC3CCOCC3)c2c1,1,ChEMBL_pos
COC(=O)c1ccc2c(c1)c(C(=O)C1C(C)(C)C1(C)C)cn2CC1CCOCC1,1,ChEMBL_pos
COC(=O)c1cccc(-c2ccc(Cc3nnn(C(=O)N(C)C)n3)cc2)c1,1,ChEMBL_pos
COC(=O)c1cccc2c1CCC1C2c2cc(O)c(Cl)cc2CCN1C,1,ChEMBL_pos
COC(C(=O)N1Cc2[nH]nc(NC(=O)c3ccc(N4CCN(C)CC4)cc3)c2C1)c1ccccc1,1,ChEMBL_pos
COC(C)CN1CCC2(C)c3ccc(O)cc3CC1C2(C)C,1,ChEMBL_pos
COC(Cc1ccc(O)cc1)CN1CCC(Cc2ccccc2)CC1,1,ChEMBL_pos
COC(c1cc([N+](=O)[O-])cc2nc(O)c(O)nc12)P(=O)(O)O,1,ChEMBL_pos
COC1(C)c2cccc3c2-c2c1ccc1c2C(C3)N(C)CC1,1,ChEMBL_pos
COC1=CC(=O)C2(C)C3(O)Cc4c(cc(-c5cc(OC)c(OC)c(OC)c5)oc4=O)OC3(C)CCC2(O)C1(C)C,1,ChEMBL_pos
COC1=Cc2ccnc3c2c(cc2ccccc23)C1=O,1,ChEMBL_pos
COC1Cc2ccccc2C2(CCN(CCCc3ccccc3)CC2)O1,1,ChEMBL_pos
COCC(=O)Nc1c(C(C)=O)c(=O)n(C)c2nc(-c3ccc(Cl)cc3Cl)c(-c3ccc(Cl)cc3)cc12,1,ChEMBL_pos
COCC(=O)Nc1cccc2c1Cc1c-2n[nH]c1-c1csc(C#CCOc2ccccc2)c1,1,ChEMBL_pos
COCC(N)C(Cc1cc(F)cc(F)c1)NC(=O)c1cc(N(C)CC2CC2C)nc(N(C)S(C)(=O)=O)c1,1,ChEMBL_pos
COCC(N)C(Cc1ccccc1)NC(=O)c1cc(N(C)CC2CC2C)nc(N(C)S(=O)(=O)C(C)C)c1,1,ChEMBL_pos
COCC(N)C(Cc1ccccc1)NC(=O)c1cc(N(C)CC2CC2C)nc(N(C)S(C)(=O)=O)c1,1,ChEMBL_pos
COCC(NC(=O)OC(C)(C)C)C(=O)NC(C)C(=O)NC(Cc1ccccc1)C(O)CC(C)C(=O)NC(C(=O)NCc1ccncc1)C(C)C,1,ChEMBL_pos
COCC(OC(=O)N1CC2C(C1)C2c1ccn(-c2ccc(F)cc2)n1)C(F)(F)F,1,ChEMBL_pos
COCC1CCCN1C(=O)c1cc(C)cc(C(=O)NC(Cc2cc(F)cc(F)c2)C(O)C2CC(Oc3ccccc3)CN2)c1,1,ChEMBL_pos
COCC1CCCN1CCc1c(-c2ccccc2)[nH]c2ccccc12,1,ChEMBL_pos
COCCC(NC(=O)C(NC(=O)OC(C)(C)C)C(C)C)C(=O)NC(Cc1ccccc1)C(O)CC(C)C(=O)NC(C(=O)NCc1ccncc1)C(C)C,1,ChEMBL_pos
COCCC(NC(=O)OC(C)(C)C)C(=O)NC(C)C(=O)NC(Cc1ccccc1)C(O)CC(C)C(=O)NC(C(=O)NCc1ccncc1)C(C)C,1,ChEMBL_pos
COCCCN1CCC(NC(=O)c2cc(Cl)c(N)c3c2OCC3)CC1,1,ChEMBL_pos
COCCCNC(=O)c1cc(CNc2ccccc2C(=O)Nc2ccc3c(c2)OC(F)(F)O3)ccn1,1,ChEMBL_pos
COCCCNc1cc(CNc2ccccc2C(=O)Nc2ccc3c(c2)OC(F)(F)O3)ccn1,1,ChEMBL_pos
COCCN(CC1CC1C)c1cc(C(=O)NC(Cc2ccccc2)C(N)COC)cc(N(C)S(=O)(=O)C(C)C)n1,1,ChEMBL_pos
COCCN1CCN(C(C)(C)c2ccc(NC(=O)c3ncc(C#N)[nH]3)c(C3=CCC(C)(C)CC3)c2)CC1,1,ChEMBL_pos
COCCNC(=O)c1cc(CNc2ccccc2C(=O)Nc2ccc3c(c2)OC(F)(F)O3)ccn1,1,ChEMBL_pos
COCCNC(C)(C)c1ccc(NC(=O)c2ncc(C#N)[nH]2)c(C2=CCC(C)(C)CC2)c1,1,ChEMBL_pos
COCCNCC(C)(C)c1ccc(NC(=O)c2nc(C#N)c[nH]2)c(C2=CCC(C)(C)CC2)c1,1,ChEMBL_pos
COCCNc1cc(CNc2ccccc2C(=O)Nc2ccc3c(c2)OC(F)(F)O3)ccn1,1,ChEMBL_pos
COCCOCC#Cc1cc(-c2n[nH]c3c2Cc2ccc(Cn4cncn4)cc2-3)cs1,1,ChEMBL_pos
COCCOc1c(O)cc(Br)c2c1CN1CCc3cc(OC)c(O)cc3C1C2,1,ChEMBL_pos
COCCOc1c(O)ccc2c1CN1CCc3cc(OC)c(O)cc3C1C2,1,ChEMBL_pos
COCCOc1cc(Cl)cc(-c2c3c(nn2C)C(C)N(C(=O)c2cccc(OC)c2Cl)CC3)c1,1,ChEMBL_pos
COCCOc1cc2ncnc(N3CCN(C(=O)Nc4ccc(OC(C)C)cc4)CC3)c2cc1OC,1,ChEMBL_pos
COCCOc1ccc(-c2ccc(NC(=O)Nc3cccc(C)c3)cc2)c2c(N)n[nH]c12,1,ChEMBL_pos
COCCOc1ccc(S(=O)(=O)c2ccc(C(C)NS(=O)(=O)C(F)(F)F)cc2)c(S(=O)(=O)c2ccccc2F)c1,1,ChEMBL_pos
COCCOc1ccc2c(c1)[nH]c1c(C)nccc12,1,ChEMBL_pos
COCCOc1ccn2c(-c3ccc4cccc(OC5CCNCC5)c4n3)cnc2c1,1,ChEMBL_pos
COCCOc1ccn2c(-c3ccc4cccc(OC5CCNCC5F)c4n3)cnc2c1,1,ChEMBL_pos
COCC[N+]1(C)CCC(CCC(=O)c2cc3cc(OC)c(OC)cc3s2)CC1,1,ChEMBL_pos
COCC[N+]1(C)CCCC(C(=O)c2cc3cc(OC)c(OC)cc3s2)CC1,1,ChEMBL_pos
COCC[n+]1ccc(CCC(=O)C2Cc3cc(OC)c(OC)cc3S2)cc1,1,ChEMBL_pos
COCC[n+]1ccc(CCC(=O)c2cc3cc(OC)c(OC)cc3s2)cc1,1,ChEMBL_pos
COCCc1sc2ncnc(N)c2c1-c1ccc(NC(=O)Nc2cccc(C)c2)cc1,1,ChEMBL_pos
COCCn1c(=O)c(C(C)=O)c(NC(C)=O)c2cc(-c3ccc(Cl)cc3)c(-c3ccc(Cl)cc3Cl)nc21,1,ChEMBL_pos
COCCn1c(C)c(C(=O)NC2C3(C)CCC(C3)C2(C)C)c2cccc(OC)c21,1,ChEMBL_pos
COCCn1c(C)c(C(C)(C)C)sc1=NC(=O)c1cccc(C(F)(F)F)c1,1,ChEMBL_pos
COCc1ccc2c(c1)c(C(=O)C1C(C)(C)C1(C)C)cn2CC1CCOCC1,1,ChEMBL_pos
COCc1ccc2c(n1)N1C(C)CNCC1C2,1,ChEMBL_pos
CON(Cc1ccc(-c2[nH]nc3c2Cc2cc(CN4CCN(C)CC4)ccc2-3)s1)C(=O)Nc1cccc(C)c1,1,ChEMBL_pos
CON=C(C)C(Cc1ccccc1)NC(=O)c1c(C)n(CCN2CCOCC2)c2c(OC)cccc12,1,ChEMBL_pos
CON=C(CCC1CCN(CC2CCCCC2)CC1)c1cc(Cl)c(N)cc1OC,1,ChEMBL_pos
CON=C(c1ccc(C(C)NS(C)(=O)=O)cc1)c1ccc(Cl)cc1S(=O)(=O)c1ccc(Cl)cc1,1,ChEMBL_pos
CON=Cc1cccc2c1CCC1C2c2cc(O)c(Cl)cc2CCN1C,1,ChEMBL_pos
CONC(=O)c1cn(-c2ccc3c(c2)CCC3)c2nc(Nc3ccc(C4CCN(C)CC4)cc3)ncc2c1=O,1,ChEMBL_pos
CONC(=O)c1cn(-c2ccc3c(c2)CCC3)c2nc(Nc3ccc(C4CCN(CC(=O)O)CC4)cc3)ncc2c1=O,1,ChEMBL_pos
CONC(=O)c1cn(-c2ccc3c(c2)CCC3)c2nc(Nc3ccc(CCN4CCN(C)CC4)cc3)ncc2c1=O,1,ChEMBL_pos
COc1c(Br)cc2nc(O)c(O)nc2c1[N+](=O)[O-],1,ChEMBL_pos
COc1c(C(=O)CCC2CCN(CC3CCCCC3)CC2)cc(Cl)c2[nH]ccc12,1,ChEMBL_pos
COc1c(C(=O)CCC2CCN(CC3CCCCC3)CC2)ccc2[nH]ccc12,1,ChEMBL_pos
COc1c(C(=O)CCC2CCN(Cc3ccccc3)CC2)cc(Cl)c2[nH]ccc12,1,ChEMBL_pos
COc1c(C(=O)NCCN2CCN(c3ccc(C)cc3)CC2)cc(Br)c2ccccc12,1,ChEMBL_pos
COc1c(C(=O)NCCN2CCN(c3cccc(Cl)c3)CC2)cc(Br)c2ccccc12,1,ChEMBL_pos
COc1c(C(=O)NCCN2CCN(c3ccccc3)CC2)cc(C#N)c2ccccc12,1,ChEMBL_pos
COc1c(C(=O)NCCN2CCN(c3ccccc3C)CC2)cc(Br)c2ccccc12,1,ChEMBL_pos
COc1c(C(=O)NCCN2CCN(c3ccccc3Cl)CC2)cc(Br)c2ccccc12,1,ChEMBL_pos
COc1c(C(=O)NCCN2CCN(c3ccccc3[N+](=O)[O-])CC2)cc(Br)c2ccccc12,1,ChEMBL_pos
COc1c(C(N)=O)cc(Cl)c(N)c1CC1CCN(CC2CCCCC2)CC1,1,ChEMBL_pos
COc1c(Cl)cc(N2CCN(CC3CC3c3ccccc3)CC2)cc1Cl,1,ChEMBL_pos
COc1c(Cl)cc2c(c1Cl)Cc1ccccc1CCN(C)CC2,1,ChEMBL_pos
COc1c(Cl)cc2nc(O)c(O)nc2c1[N+](=O)[O-],1,ChEMBL_pos
COc1c(Cl)ccc2c1C(=O)N1CCNCC21,1,ChEMBL_pos
COc1c(Cl)cccc1N1CCN(CCCCNC(=O)c2cc3ccc2CCc2ccc(cc2)CC3)CC1,1,ChEMBL_pos
COc1c(F)cccc1C(O)CCNC(=O)c1c(C)ccc(-c2ccn3nc(N)nc3c2)c1F,1,ChEMBL_pos
COc1c(N)ncnc1NC(C)c1nc2cccc(Cl)c2c(=O)n1-c1ccccc1,1,ChEMBL_pos
COc1c(NC(C)=O)c2cc(-c3ccc(Cl)cc3)c(-c3ccc(Cl)cc3Cl)nc2n(C)c1=O,1,ChEMBL_pos
COc1c(O)c(O)c2oc(-c3ccccc3)cc(=O)c2c1OC,1,ChEMBL_pos
COc1c(O)ccc2c1CN1CCc3cc4c(cc3C1C2)OCC4,1,ChEMBL_pos
COc1c(O)ccc2c1CN1CCc3cc4c(cc3C1C2)OCO4,1,ChEMBL_pos
COc1c(OCC(C)=O)ccc2c3c(c(=O)oc12)CCC3,1,ChEMBL_pos
COc1c(OCC(C)=O)ccc2c3c(c(=O)oc12)CCCC3,1,ChEMBL_pos
COc1c(OCCCN2CCOCC2)ccc2c1N=C(NC(=O)c1cnc(N)nc1)N1CCN=C21,1,ChEMBL_pos
COc1c(OCCF)cccc1C(O)C1CCN(CCc2ccc(F)cc2)CC1,1,ChEMBL_pos
COc1c2n(c3ccc(Cl)cc13)CCNC2,1,ChEMBL_pos
COc1cc(-c2c[nH]c(=O)c(-c3cc(OC)c(OC)c(OC)c3)n2)ccc1O,1,ChEMBL_pos
COc1cc(-c2c[nH]c3ncc(-c4cccc(N)c4)cc23)cc(OC)c1OC,1,ChEMBL_pos
COc1cc(-c2c[nH]c3ncnc(NC(C)c4nn5ccc(C)c5c(=O)n4-c4ccccc4)c23)ccc1O,1,ChEMBL_pos
COc1cc(-c2cc3c(c(=O)o2)CC2(O)C(C)(CCC4(O)C(C)(C)C=CC(=O)C42C)O3)cc(OC)c1OC,1,ChEMBL_pos
COc1cc(-c2csc3ncnc(N)c23)ccc1NC(=O)Nc1cccc(C)c1,1,ChEMBL_pos
COc1cc(-c2nc(-c3c[nH]c4ccccc34)c[nH]c2=O)cc(OC)c1OC,1,ChEMBL_pos
COc1cc(-c2nc(-c3ccc(O)cc3)c[nH]c2=O)cc(OC)c1OC,1,ChEMBL_pos
COc1cc(Br)c(OC)c2c1C(CN)C2,1,ChEMBL_pos
COc1cc(Br)c(OC)c2c1C(CN)CC2,1,ChEMBL_pos
COc1cc(Br)c2c3c1C(CN)CCCC3CO2,1,ChEMBL_pos
COc1cc(Br)c2c3c1CC(N)CC3CO2,1,ChEMBL_pos
COc1cc(Br)c2oc(C3CCNCC3)cc2c1,1,ChEMBL_pos
COc1cc(C#N)cc(OC(=O)N2CCC(C(c3ccccc3)c3ccccc3)CC2)c1,1,ChEMBL_pos
COc1cc(C(=O)NC(Cc2ccccc2)C(O)CNC(C)C(=O)NC2CCCCC2)cc(N2CCCC2=O)c1,1,ChEMBL_pos
COc1cc(C(=O)NN2c3ccc(Cl)cc3N=C(N3CCN(C)CC3)c3cc(Cl)ccc32)cc(OC)c1OC,1,ChEMBL_pos
COc1cc(C(=O)NN2c3ccc(Cl)cc3N=C(N3CCN(C)CC3)c3ccccc32)cc(OC)c1OC,1,ChEMBL_pos
COc1cc(C(=O)NN2c3ccccc3N=C(N3CCN(C)CC3)c3cc(Cl)ccc32)cc(OC)c1OC,1,ChEMBL_pos
COc1cc(C(=O)OCCCN2CCCCC2)c2ccccc2n1,1,ChEMBL_pos
COc1cc(C(C)=NNc2nc3ccccc3nc2Cc2ccccc2)cc(OC)c1OC,1,ChEMBL_pos
COc1cc(C)ccc1CN1CCN(C2CCc3cccc4c3N(C2=O)C(C)(C)C4)CC1,1,ChEMBL_pos
COc1cc(C=CC(=O)NCCN2CCC(CCC(=O)c3cc(Cl)c(N)cc3OC)CC2)ccc1O,1,ChEMBL_pos
COc1cc(CC(C)N)c(OC)cc1Br,1,ChEMBL_pos
COc1cc(CC(C)N)c(OC)cc1I,1,ChEMBL_pos
COc1cc(CCN(C)C)c(OC)cc1Br,1,ChEMBL_pos
COc1cc(CCN)c(OC)cc1Br,1,ChEMBL_pos
COc1cc(CCN2CCCCC2)c(OC)cc1Br,1,ChEMBL_pos
COc1cc(CCNCC(O)c2ccc(O)c(O)c2)ccc1OCCCc1ccccc1,1,ChEMBL_pos
COc1cc(CCNCCCCc2ccccc2)c(OC)cc1Br,1,ChEMBL_pos
COc1cc(CCNCCCc2ccccc2)c(OC)cc1Br,1,ChEMBL_pos
COc1cc(CCNCCc2ccc(O)c(O)c2)ccc1OCCCc1ccccc1,1,ChEMBL_pos
COc1cc(CCNCCc2ccc(O)c3c2OCC(=O)N3)ccc1OCCCc1ccccc1,1,ChEMBL_pos
COc1cc(CCNCc2ccc(Br)cc2)c(OC)cc1Br,1,ChEMBL_pos
COc1cc(CCNCc2ccc(C)cc2)c(OC)cc1Br,1,ChEMBL_pos
COc1cc(CCNCc2ccc(Cl)cc2)c(OC)cc1Br,1,ChEMBL_pos
COc1cc(CCNCc2ccc(F)cc2)c(OC)cc1Br,1,ChEMBL_pos
COc1cc(CCNCc2ccc(I)cc2)c(OC)cc1Br,1,ChEMBL_pos
COc1cc(CCNCc2ccc(N)cc2)c(OC)cc1Br,1,ChEMBL_pos
COc1cc(CCNCc2ccc([N+](=O)[O-])cc2)c(OC)cc1Br,1,ChEMBL_pos
COc1cc(CCNCc2ccccc2)c(OC)cc1Br,1,ChEMBL_pos
COc1cc(CN2CCN(C)CC2)cc(NC(=O)c2ccc(C)c(C#Cc3cnc4ccnn4c3)c2)c1,1,ChEMBL_pos
COc1cc(Cc2c(N)nc(SCCN3CCN(Cc4ccccc4Cl)CC3)nc2N)cc(OC)c1OC,1,ChEMBL_pos
COc1cc(Cl)cc2c(C(=O)NC3C4(C)CCC(C4)C3(C)C)c(C)n(CCN3CCOCC3)c12,1,ChEMBL_pos
COc1cc(Cl)ccc1-c1nc(C(=O)NC(C)C)nn1-c1ccc(Cl)cc1Cl,1,ChEMBL_pos
COc1cc(Cl)ccc1-c1nc(C(=O)NN2CC3CCCC3C2)nn1-c1ccc(Cl)cc1Cl,1,ChEMBL_pos
COc1cc(Cl)ccc1N1CCN(CC2CC2c2ccccc2)CC1,1,ChEMBL_pos
COc1cc(F)cc2c(C(=O)NC3C4(C)CCC(C4)C3(C)C)c(C)n(CCN3CCOCC3)c12,1,ChEMBL_pos
COc1cc(F)ccc1C=Cc1ccc(S(=O)(=O)c2ccccc2F)cn1,1,ChEMBL_pos
COc1cc(F)ccc1N1CCN(CC2CC2c2ccccc2)CC1,1,ChEMBL_pos
COc1cc(N)c(Br)cc1C(=O)CCC1CCN(CC2CCCCC2)CC1,1,ChEMBL_pos
COc1cc(N)c(Br)cc1C(=O)NCC1CCN(CC2CCCCC2)CC1,1,ChEMBL_pos
COc1cc(N)c(Cl)cc1C(=O)C(C)CC1CCN(CC2CCCCC2)CC1,1,ChEMBL_pos
COc1cc(N)c(Cl)cc1C(=O)CCC1CCN(CC2CC2)CC1,1,ChEMBL_pos
COc1cc(N)c(Cl)cc1C(=O)CCC1CCN(CC2CCC2)CC1,1,ChEMBL_pos
COc1cc(N)c(Cl)cc1C(=O)CCC1CCN(CC2CCCC2)CC1,1,ChEMBL_pos
COc1cc(N)c(Cl)cc1C(=O)CCC1CCN(CC2CCCCC2)CC1,1,ChEMBL_pos
COc1cc(N)c(Cl)cc1C(=O)CCC1CCN(CC2CCCCC2C)CC1,1,ChEMBL_pos
COc1cc(N)c(Cl)cc1C(=O)CCC1CCN(CC2CCCCCC2)CC1,1,ChEMBL_pos
COc1cc(N)c(Cl)cc1C(=O)CCC1CCN(CC2CCNCC2)CC1,1,ChEMBL_pos
COc1cc(N)c(Cl)cc1C(=O)CCC1CCN(CCC2CCCCC2)CC1,1,ChEMBL_pos
COc1cc(N)c(Cl)cc1C(=O)CCC1CCN(Cc2ccc(O)c(O)c2)CC1,1,ChEMBL_pos
COc1cc(N)c(Cl)cc1C(=O)NC1CCN(CC2CCN(C(=O)C(C)(C)C)CC2)CC1OC,1,ChEMBL_pos
COc1cc(N)c(Cl)cc1C(=O)NC1CCN(CC2CCN(C(=O)C(C)C)CC2)CC1OC,1,ChEMBL_pos
COc1cc(N)c(Cl)cc1C(=O)NC1CCN(CC2CCN(C(=O)CC(C)C)CC2)CC1OC,1,ChEMBL_pos
COc1cc(N)c(Cl)cc1C(=O)NC1CCN(CC2CCN(C(=O)N(C)C)CC2)CC1OC,1,ChEMBL_pos
COc1cc(N)c(Cl)cc1C(=O)NC1CCN(CC2CCN(C(=O)NC(C)C)CC2)CC1OC,1,ChEMBL_pos
COc1cc(N)c(Cl)cc1C(=O)NC1CCN(CC2CCN(C(=S)C(C)C)CC2)CC1OC,1,ChEMBL_pos
COc1cc(N)c(Cl)cc1C(=O)NC1CCN(CC2CCN(C(C)=O)CC2)CC1OC,1,ChEMBL_pos
COc1cc(N)c(Cl)cc1C(=O)NC1CCN(CCC(=O)N2CCC(Cc3ccccc3)CC2)CC1OC,1,ChEMBL_pos
COc1cc(N)c(Cl)cc1C(=O)NC1CCN(CCC(=O)N2CCCC2)CC1OC,1,ChEMBL_pos
COc1cc(N)c(Cl)cc1C(=O)NC1CCN(CCC(=O)N2CCCCC2)CC1OC,1,ChEMBL_pos
COc1cc(N)c(Cl)cc1C(=O)NC1CCN(CCC(=O)N2CCOCC2)CC1OC,1,ChEMBL_pos
COc1cc(N)c(Cl)cc1C(=O)NC1CCN(CCCOc2ccc(F)cc2)CC1OC,1,ChEMBL_pos
COc1cc(N)c(Cl)cc1C(=O)NC1CCN(CCCn2cccc2)CC1OC,1,ChEMBL_pos
COc1cc(N)c(Cl)cc1C(=O)NC1CCNCC1OC,1,ChEMBL_pos
COc1cc(N)c(Cl)cc1C(=O)NCC1CCN(CCCCCn2ccc3ccccc32)CC1,1,ChEMBL_pos
COc1cc(N)c(Cl)cc1C(=O)NCC1CCN(CCCCCn2ccnn2)CC1,1,ChEMBL_pos
COc1cc(N)c(Cl)cc1C(=O)NCC1CCN(CCCn2ccc3ccccc32)CC1,1,ChEMBL_pos
COc1cc(N)c(Cl)cc1C(=O)NCC1CCN(CCCn2ccnc2C)CC1,1,ChEMBL_pos
COc1cc(N)c(Cl)cc1C(=O)NCC1CCN(CCCn2ccnn2)CC1,1,ChEMBL_pos
COc1cc(N)c(Cl)cc1C(=O)NCC1CCN(CCCn2cncn2)CC1,1,ChEMBL_pos
COc1cc(N)c(Cl)cc1C(=O)NCC1CCN(CCCn2cnnn2)CC1,1,ChEMBL_pos
COc1cc(N)c(Cl)cc1C(=O)NCC1CCN(CCCn2nccn2)CC1,1,ChEMBL_pos
COc1cc(N)c(Cl)cc1C(=O)NCC1CCN(Cc2ccc(F)cc2)CC1,1,ChEMBL_pos
COc1cc(N)c(Cl)cc1C(=O)NCC1CCN(Cc2ccc(O)cc2)CC1,1,ChEMBL_pos
COc1cc(N)c(Cl)cc1C(=O)NCC1CCN(Cc2cccn2C)CC1,1,ChEMBL_pos
COc1cc(N)c(Cl)cc1C(=O)NCC1CCN(Cc2cccnc2)CC1,1,ChEMBL_pos
COc1cc(N)c(Cl)cc1C(=O)NCC1CCN(Cc2cn(C)c3ccccc23)CC1,1,ChEMBL_pos
COc1cc(N)c(Cl)cc1C(=O)NCC1CCN(Cc2ncc[nH]2)CC1,1,ChEMBL_pos
COc1cc(N)c(Cl)cc1C(=O)NCC1CCNC(Cc2c[nH]c3ccccc23)C1,1,ChEMBL_pos
COc1cc(N)c(Cl)cc1C(=O)OCC1CCN(CC2CCCCC2)CC1,1,ChEMBL_pos
COc1cc(N)c(Cl)cc1C(=O)OCCCN1CCCCC1,1,ChEMBL_pos
COc1cc(N)c(Cl)cc1C(=O)OCCCN1CCN(c2ccccc2)CC1,1,ChEMBL_pos
COc1cc(N)c(Cl)cc1C(=O)OCCN1CCC(C(=O)NCCCCCC(=O)NC2CCN(CCOC(=O)c3cc(Cl)c(N)cc3O)CC2)CC1,1,ChEMBL_pos
COc1cc(N)c(Cl)cc1C(=O)OCCN1CCC(C(=O)NCCCCCCCCCCNC(=O)C2CCN(CCOC(=O)c3cc(Cl)c(N)cc3O)CC2)CC1,1,ChEMBL_pos
COc1cc(N)c(Cl)cc1C(=O)OCCN1CCC(C(=O)NCCCCCNC(=O)C2CCN(CCOC(=O)c3cc(Cl)c(N)cc3O)CC2)CC1,1,ChEMBL_pos
COc1cc(N)c(Cl)cc1C(=O)OCCN1CCC(C(=O)NCCCNC(=O)C2CCN(CCOC(=O)c3cc(Cl)c(N)cc3O)CC2)CC1,1,ChEMBL_pos
COc1cc(N)c(Cl)cc1C(=O)OCCN1CCC(C(=O)NCCCOCCOCCOCNC(=O)C2CCN(CCOC(=O)c3cc(Cl)c(N)cc3OC)CC2)CC1,1,ChEMBL_pos
COc1cc(N)c(Cl)cc1C(=O)OCCN1CCC(C(=O)NCCNC(=O)C2CCN(CCOC(=O)c3cc(Cl)c(N)cc3OC)CC2)CC1,1,ChEMBL_pos
COc1cc(N)c(Cl)cc1C(=O)OCCN1CCC(C(=O)NCCOCCNC(=O)C2CCN(CCOC(=O)c3cc(Cl)c(N)cc3OC)CC2)CC1,1,ChEMBL_pos
COc1cc(N)c(Cl)cc1C(=O)OCCN1CCC(C(=O)NCCOCCOCCNC(=O)C2CCN(CCOC(=O)c3cc(Cl)c(N)cc3OC)CC2)CC1,1,ChEMBL_pos
COc1cc(N)c(Cl)cc1C(=O)OCCN1CCC(C(=O)NCc2cccc(CNC(=O)C3CCN(CCOC(=O)c4cc(Cl)c(N)cc4OC)CC3)c2)CC1,1,ChEMBL_pos
COc1cc(N)c(Cl)cc1C(=O)OCCN1CCC(CCCCN2C(=O)c3cccc4c(N(C)C)ccc(c34)C2=O)CC1,1,ChEMBL_pos
COc1cc(N)c(Cl)cc1C(=O)OCCN1CCC(CCCCNS(=O)(=O)c2cccc3c(N(C)C)cccc23)CC1,1,ChEMBL_pos
COc1cc(N)c(Cl)cc1C(=O)OCCN1CCC(CCCNS(=O)(=O)c2cccc3c(N(C)C)cccc23)CC1,1,ChEMBL_pos
COc1cc(N)c(Cl)cc1C(=O)OCCN1CCC(CCNC(=O)CCC(=O)NCCC2CCN(CCOC(=O)c3cc(Cl)c(N)cc3OC)CC2)CC1,1,ChEMBL_pos
COc1cc(N)c(Cl)cc1C(=O)OCCN1CCC(CCNC(=O)CCCC(=O)NCCC2CCN(CCOC(=O)c3cc(Cl)c(N)cc3OC)CC2)CC1,1,ChEMBL_pos
COc1cc(N)c(Cl)cc1C(=O)OCCN1CCC(CCNC(=O)CCCCCC(=O)NCCC2CCN(CCOC(=O)c3cc(Cl)c(N)cc3OC)CC2)CC1,1,ChEMBL_pos
COc1cc(N)c(Cl)cc1C(=O)OCCN1CCC(CCNC(=O)CCCCCCCCCCC(=O)NCCC2CCN(CCOC(=O)c3cc(Cl)c(N)cc3OC)CC2)CC1,1,ChEMBL_pos
COc1cc(N)c(Cl)cc1C(=O)OCCN1CCC(CCNS(=O)(=O)c2cccc3c(N(C)C)cccc23)CC1,1,ChEMBL_pos
COc1cc(N)c(Cl)cc1C(=O)OCCN1CCC(CN2C(=O)c3cccc4c(N(C)C)ccc(c34)C2=O)CC1,1,ChEMBL_pos
COc1cc(N)c(Cl)cc1C(=O)OCCN1CCC(CN2C(=O)c3cccc4c(N)ccc(c34)C2=O)CC1,1,ChEMBL_pos
COc1cc(N)c(Cl)cc1C(=O)OCCN1CCC(CNC(=O)CCC(=O)NCC2CCN(CCOC(=O)c3cc(Cl)c(N)cc3OC)CC2)CC1,1,ChEMBL_pos
COc1cc(N)c(Cl)cc1C(=O)OCCN1CCC(CNC(=O)CCCC(=O)NCC2CCN(CCOC(=O)c3cc(Cl)c(N)cc3OC)CC2)CC1,1,ChEMBL_pos
COc1cc(N)c(Cl)cc1C(=O)OCCN1CCC(CNC(=O)CCCCCC(=O)NCC2CCN(CCOC(=O)c3cc(Cl)c(N)cc3OC)CC2)CC1,1,ChEMBL_pos
COc1cc(N)c(Cl)cc1C(=O)OCCN1CCC(CNC(=O)CCCCCCCCCCC(=O)NCC2CCN(CCOC(=O)c3cc(Cl)c(N)cc3OC)CC2)CC1,1,ChEMBL_pos
COc1cc(N)c(Cl)cc1C(=O)OCCN1CCC(CNC(=O)CCCNS(=O)(=O)c2ccc(C)cc2)CC1,1,ChEMBL_pos
COc1cc(N)c(Cl)cc1C(=O)OCCN1CCC(CNS(=O)(=O)c2cccc3c(N(C)C)cccc23)CC1,1,ChEMBL_pos
COc1cc(N)c(Cl)cc1C(=O)OCCN1CCC(CNc2ccc([N+](=O)[O-])c3nonc23)CC1,1,ChEMBL_pos
COc1cc(N)c(Cl)cc1C(=O)OCCN1CCC(NC(=O)CCC(=O)NC2CCN(CCOC(=O)c3cc(Cl)c(N)cc3OC)CC2)CC1,1,ChEMBL_pos
COc1cc(N)c(Cl)cc1C(=O)OCCN1CCC(NC(=O)CCCC(=O)NC2CCN(CCOC(=O)c3cc(Cl)c(N)cc3O)CC2)CC1,1,ChEMBL_pos
COc1cc(N)c(Cl)cc1C(=O)OCCN1CCC(NC(=O)CCCCCC(=O)NC2CCN(CCOC(=O)c3cc(Cl)c(N)cc3O)CC2)CC1,1,ChEMBL_pos
COc1cc(N)c(Cl)cc1C(=O)OCCN1CCC(NC(=O)CCCCCCCCCCC(=O)NC2CCN(CCOC(=O)c3cc(Cl)c(N)cc3O)CC2)CC1,1,ChEMBL_pos
COc1cc(N)c(Cl)cc1C(=O)OCCN1CCC(NC(=O)CCCCCCCCCCC(=O)NC2CCN(Cc3ccccc3)CC2)CC1,1,ChEMBL_pos
COc1cc(N)c(Cl)cc1C(=O)OCCN1CCC(NC(=O)CCCCCCCCCCN(CCCCCCCCCCC(=O)NC2CCN(CCOC(=O)c3cc(Cl)c(N)cc3OC)CC2)CC(=O)NCC2CCNCC2)CC1,1,ChEMBL_pos
COc1cc(N)c(Cl)cc1C(=O)OCCN1CCC(NC(=O)CCCCCCCCCCN)CC1,1,ChEMBL_pos
COc1cc(N)c(Cl)cc1C(=O)OCCN1CCC(NC(=O)CCCCCCCCCCNC(=O)C2CCN(CCOC(=O)c3cc(Cl)c(N)cc3OC)CC2)CC1,1,ChEMBL_pos
COc1cc(N)c(Cl)cc1C(=O)OCCN1CCC(NC(=O)CCCCCCCCCCNc2nc(NCCCCCCCCCCC(=O)NC3CCN(CCOC(=O)c4cc(Cl)c(N)cc4OC)CC3)nc(NCc3ccccc3)n2)CC1,1,ChEMBL_pos
COc1cc(N)c(Cl)cc1C(=O)OCCN1CCC(NC(=O)CCCCN2C(=O)c3cccc4c(N)ccc(c34)C2=O)CC1,1,ChEMBL_pos
COc1cc(N)c(Cl)cc1C(=O)OCCN1CCC(NC(=O)CCCN(CCCc2ccc(CCCN(CCCC(=O)NC3CCN(CCOC(=O)c4cc(Cl)c(N)cc4OC)CC3)C(=O)OC(C)(C)C)cc2)C(=O)OC(C)(C)C)CC1,1,ChEMBL_pos
COc1cc(N)c(Cl)cc1C(=O)OCCN1CCC(NC(=O)CCCNC(=O)C2CCN(CCOC(=O)c3cc(Cl)c(N)cc3OC)CC2)CC1,1,ChEMBL_pos
COc1cc(N)c(Cl)cc1C(=O)OCCN1CCC(NC(=O)CCCNCCCc2ccc(CCCNCCCC(=O)NC3CCN(CCOC(=O)c4cc(Cl)c(N)cc4OC)CC3)cc2)CC1,1,ChEMBL_pos
COc1cc(N)c(Cl)cc1C(=O)OCCN1CCC(NC(=O)CCCNCCCc2ccccc2)CC1,1,ChEMBL_pos
COc1cc(N)c(Cl)cc1C(=O)OCCN1CCC(NC(=O)CCNC(=O)C2CCN(CCOC(=O)c3cc(Cl)c(N)cc3OC)CC2)CC1,1,ChEMBL_pos
COc1cc(N)c(Cl)cc1C(=O)OCCN1CCC(NC(=O)CCc2ccc3c(c2)oc2cc(CCC(=O)NC4CCN(CCOC(=O)c5cc(Cl)c(N)cc5OC)CC4)ccc23)CC1,1,ChEMBL_pos
COc1cc(N)c(Cl)cc1C(=O)OCCN1CCC(NC(=O)Cc2ccccc2Cl)CC1,1,ChEMBL_pos
COc1cc(N)c(Cl)cc1C(=O)OCCN1CCC(NS(=O)(=O)c2cccc3c(N(C)C)cccc23)CC1,1,ChEMBL_pos
COc1cc(N)c(Cl)cc1C(=O)OCCN1CCCCC1,1,ChEMBL_pos
COc1cc(N)c(Cl)cc1C(=O)OCCN1CCN(C(=O)CCCCCC(=O)N2CCN(CCOC(=O)c3cc(Cl)c(N)cc3OC)CC2)CC1,1,ChEMBL_pos
COc1cc(N)c(Cl)cc1C(=O)OCCN1CCN(C(=O)CCCCCCCCCCC(=O)N2CCN(CCOC(=O)c3cc(Cl)c(N)cc3OC)CC2)CC1,1,ChEMBL_pos
COc1cc(N)c(Cl)cc1C(=O)OCCN1CCN(C(=O)CCCCCCCCCCNS(=O)(=O)c2cccc3c(N(C)C)cccc23)CC1,1,ChEMBL_pos
COc1cc(N)c(Cl)cc1C(=O)OCCN1CCN(C(=O)CCCCCCCNS(=O)(=O)c2cccc3c(N(C)C)cccc23)CC1,1,ChEMBL_pos
COc1cc(N)c(Cl)cc1C(=O)OCCN1CCN(C(=O)CCCCCNS(=O)(=O)c2cccc3c(N(C)C)cccc23)CC1,1,ChEMBL_pos
COc1cc(N)c(Cl)cc1C(=O)OCCN1CCN(C(=O)CCCNS(=O)(=O)c2cccc3c(N(C)C)cccc23)CC1,1,ChEMBL_pos
COc1cc(N)c(Cl)cc1C(=O)OCCN1CCN(C(=O)CCNS(=O)(=O)c2cccc3c(N(C)C)cccc23)CC1,1,ChEMBL_pos
COc1cc(N)c(Cl)cc1C(=O)OCCN1CCN(Cc2ccccc2)CC1,1,ChEMBL_pos
COc1cc(N)c(Cl)cc1C(=O)OCCN1CCN(c2ccc(Cl)cc2)CC1,1,ChEMBL_pos
COc1cc(N)c(Cl)cc1C(=O)OCCN1CCN(c2ccc(Cl)nn2)CC1,1,ChEMBL_pos
COc1cc(N)c(Cl)cc1C(=O)OCCN1CCN(c2ccc(F)cc2)CC1,1,ChEMBL_pos
COc1cc(N)c(Cl)cc1C(=O)OCCN1CCN(c2cccc(C(F)(F)F)c2)CC1,1,ChEMBL_pos
COc1cc(N)c(Cl)cc1C(=O)OCCN1CCN(c2cccc(Cl)c2)CC1,1,ChEMBL_pos
COc1cc(N)c(Cl)cc1C(=O)OCCN1CCN(c2ccccc2)CC1,1,ChEMBL_pos
COc1cc(N)c(Cl)cc1C(=O)OCCN1CCN(c2ccccc2-c2cnccn2)CC1,1,ChEMBL_pos
COc1cc(N)c(Cl)cc1C(=O)OCCN1CCN(c2ccccc2Cl)CC1,1,ChEMBL_pos
COc1cc(N)c(Cl)cc1C(=O)OCCN1CCN(c2ccccc2F)CC1,1,ChEMBL_pos
COc1cc(N)c(Cl)cc1C(=O)OCCN1CCN(c2ccccc2OC)CC1,1,ChEMBL_pos
COc1cc(N)c(Cl)cc1C(=O)OCCN1CCN(c2ccccn2)CC1,1,ChEMBL_pos
COc1cc(N)c(Cl)cc1C(=O)OCCN1CCN(c2cccnn2)CC1,1,ChEMBL_pos
COc1cc(N)c(Cl)cc1C(=O)OCCN1CCN(c2ccncc2)CC1,1,ChEMBL_pos
COc1cc(N)c(Cl)cc1C(=O)OCCN1CCN(c2cnc(Cl)nc2)CC1,1,ChEMBL_pos
COc1cc(N)c(Cl)cc1C(=O)OCCN1CCN(c2cnccn2)CC1,1,ChEMBL_pos
COc1cc(N)c(Cl)cc1C(=O)OCCN1CCN(c2cncnc2)CC1,1,ChEMBL_pos
COc1cc(N)c(Cl)cc1C(=O)OCCN1CCN(c2ncccn2)CC1,1,ChEMBL_pos
COc1cc(N)c(F)cc1C(=O)CCC1CCN(CC2CCCCC2)CC1,1,ChEMBL_pos
COc1cc(N)c(I)cc1C(=O)CCC1CCN(CC2CCCCC2)CC1,1,ChEMBL_pos
COc1cc(N)c(I)cc1C(=O)NCC1CCN(CC2CCCCC2)CC1,1,ChEMBL_pos
COc1cc(N)cc(-c2cnc3[nH]cc(-c4ccc(OC)c(OC)c4)c3c2)c1,1,ChEMBL_pos
COc1cc(N)cc2c1nc(C(F)F)n2-c1nc(N2CCOCC2)nc(N2CCN(S(C)(=O)=O)CC2)n1,1,ChEMBL_pos
COc1cc(N)ccc1C(=O)CCC1CCN(CC2CCCCC2)CC1,1,ChEMBL_pos
COc1cc(N2CC(=O)N(c3ccc(Oc4ccccc4)cc3)C2=O)ccc1OCCN1CCCC1,1,ChEMBL_pos
COc1cc(N2CCOCC2)ccc1Nc1nc(N)n(-c2ccc(C#N)cn2)n1,1,ChEMBL_pos
COc1cc(NC(=O)Nc2cccc(C)c2)ccc1-c1csc2ncnc(N)c12,1,ChEMBL_pos
COc1cc(NC(C)=O)c(Cl)cc1C(=O)CCC1CCN(CC2CCCCC2)CC1,1,ChEMBL_pos
COc1cc(Nc2c(C#N)cnc3cc(OCCCN4CCN(C)CC4)c(OC)cc23)c(Cl)cc1Cl,1,ChEMBL_pos
COc1cc(O)c2c(=O)c3c(O)ccc(O)c3oc2c1,1,ChEMBL_pos
COc1cc(O)c2c(=O)c3cccc(O)c3oc2c1,1,ChEMBL_pos
COc1cc(O)c2c(=O)c3ccccc3oc2c1,1,ChEMBL_pos
COc1cc(O)c2c(c1)C=CCC(O)C(O)C(=O)C=CCC(C)OC2=O,1,ChEMBL_pos
COc1cc(O)c2c(c1)CCCC(O)C(O)C(=O)C=CCC(C)OC2=O,1,ChEMBL_pos
COc1cc(O)c2c(c1)CCCC(O)CC(=O)C=CCC(C)OC2=O,1,ChEMBL_pos
COc1cc(OC)c2c(c1CO)CC1c3cc4c(cc3CCN1C2)OCO4,1,ChEMBL_pos
COc1cc(OC)cc(-c2c[nH]c3ncc(-c4cccc(N)c4)cc23)c1,1,ChEMBL_pos
COc1cc(Oc2nccc3n[nH]cc23)ccc1-c1c(C)ncnc1C,1,ChEMBL_pos
COc1cc2[nH]c3ncnc(N4CCN(C(=S)NCc5ccc6c(c5)OCO6)CC4)c3c2cc1OC,1,ChEMBL_pos
COc1cc2c(=Nc3ccc(Br)cc3F)nc[nH]c2cc1OCC1CCN(C)CC1,1,ChEMBL_pos
COc1cc2c(N3CCN(C(=O)Nc4ccc(C#N)cc4)CC3)ncnc2cc1OCCCN1CCC(C)CC1,1,ChEMBL_pos
COc1cc2c(N3CCN(C(=O)Nc4ccc(C#N)cc4)CC3)ncnc2cc1OCCCN1CCCCC1C,1,ChEMBL_pos
COc1cc2c(N3CCN(C(=O)Nc4ccc(OC(C)C)cc4)CC3)ncnc2cc1OCCCN1CCC(C)CC1,1,ChEMBL_pos
COc1cc2c(N3CCN(C(=O)Nc4ccc(OC(C)C)cc4)CC3)ncnc2cc1OCCCN1CCCCC1,1,ChEMBL_pos
COc1cc2c(N3CCN(C(=O)Nc4ccc(OC(C)C)cc4)CC3)ncnc2cc1OCCCN1CCCCC1C,1,ChEMBL_pos
COc1cc2c(N3CCN(C(=O)Nc4ccc(OC(C)C)cc4)CC3)ncnc2cc1OCCCN1CCOCC1,1,ChEMBL_pos
COc1cc2c(N3CCN(C(=O)Nc4ccc(OC(C)C)cc4)CC3)ncnc2cc1OCCN1CCCCC1,1,ChEMBL_pos
COc1cc2c(Oc3ccc(CC(=O)NN=Cc4ccc(C(F)(F)F)cc4)cc3F)ccnc2cc1OCCCN1CCCC1,1,ChEMBL_pos
COc1cc2c(Oc3ccc(NC(=O)C4(C(=O)Nc5ccc(F)cc5)CC4)cc3F)ccnc2cc1OCCCN1CCOCC1,1,ChEMBL_pos
COc1cc2c(Oc3ccc(NC(=O)NN=Cc4ccc(F)cc4F)cc3F)ccnc2cc1OCCCN1CCC(C)CC1,1,ChEMBL_pos
COc1cc2c(Oc3ccc(NC(=O)c4[nH]c(=O)n(-c5ccccc5Cl)c4C)cc3F)ccnc2cc1OCCCN1CCN(C)CC1,1,ChEMBL_pos
COc1cc2c(Oc3ccc(NC(=O)c4c(Cl)c5ccccc5n(-c5ccc(F)cc5)c4=O)cc3F)ccnc2cc1OCCCN1CCN(C)CC1,1,ChEMBL_pos
COc1cc2c(Oc3ccc(NC(=O)c4cc(-c5ccc(C)cc5)ccn4)cc3F)ccnc2cc1OCCCN1CCN(C)CC1,1,ChEMBL_pos
COc1cc2c(Oc3ccc(NC(=O)c4cn(-c5ccccc5Cl)nn4)cc3F)ccnc2cc1OCCCN1CCCCC1,1,ChEMBL_pos
COc1cc2c(Oc3ccc(NC(=O)c4cn(-c5ccccc5OC)cn4)cc3F)ccnc2cc1OCCCN1CCN(C)CC1,1,ChEMBL_pos
COc1cc2c(Oc3ccc(NC(=O)c4nn(-c5ccc(F)cc5)c(=O)c5ccccc45)cc3F)ccnc2cc1OCCCN1CCCC1,1,ChEMBL_pos
COc1cc2c(Oc3ccc(NC(=O)c4nn(-c5ccccc5C(F)(F)F)c(=O)cc4C)cc3F)ccnc2cc1OCCCN1CCOCC1,1,ChEMBL_pos
COc1cc2c(Oc3ccc(NC(=O)c4nn(-c5ccccc5C(F)(F)F)c5ccccc5c4=O)cc3F)ccnc2cc1OCCCN1CCCC1,1,ChEMBL_pos
COc1cc2c(Oc3ccc(NC(=O)c4nn(-c5ccccc5F)c(=O)n4C)cc3F)ccnc2cc1OCCCN1CCN(C)CC1,1,ChEMBL_pos
COc1cc2c(Oc3ccc(NC(=O)c4nnn(-c5ccc(F)cc5)c4C(F)(F)F)cc3F)ccnc2cc1OCCCN1CCCC1,1,ChEMBL_pos
COc1cc2c(Oc3ccc(NC=C4C(=O)NC(=O)N(c5ccc(C)cc5)C4=O)cc3F)ccnc2cc1OCCCN1CCCC1,1,ChEMBL_pos
COc1cc2c(Oc3ccc(Nc4ccc(C(C)(C)C)cc4)cc3)ccnc2cc1OCCNCCO,1,ChEMBL_pos
COc1cc2c(c(C(=O)NCC3CCCN3CCc3ccccc3)c1)OCC2,1,ChEMBL_pos
COc1cc2c(c(OC)c1)C(=O)C(C)C2,1,ChEMBL_pos
COc1cc2c(c(OC)c1)CN1CCc3cc(OC)c(O)c(OC)c3C1C2,1,ChEMBL_pos
COc1cc2c(c(OC)c1)CN1CCc3cc(OC)c(O)cc3C1C2,1,ChEMBL_pos
COc1cc2c(c(OC)c1)CN1CCc3cc(OC)c(OC)c(OC)c3C1C2,1,ChEMBL_pos
COc1cc2c(c(OC)c1)CN1CCc3cc(OC)c(OC)cc3C1C2,1,ChEMBL_pos
COc1cc2c(c(OC)c1)CN1CCc3cc(OC)cc(OC)c3C1C2,1,ChEMBL_pos
COc1cc2c(c(OC)c1)CN1CCc3cc4c(cc3C1C2)OCO4,1,ChEMBL_pos
COc1cc2c(c(OC)c1OC)C(=O)C(C)C2,1,ChEMBL_pos
COc1cc2c(cc1O)C(=O)C(C)C2,1,ChEMBL_pos
COc1cc2c(cc1O)C(C)N(Cc1cccc(O)c1OC)CC2,1,ChEMBL_pos
COc1cc2c(cc1O)C1CC(O)(c3ccc(Cl)cc3)CCN1CC2,1,ChEMBL_pos
COc1cc2c(cc1O)C1CC(O)(c3ccc(OC(F)(F)F)cc3)CCN1CC2,1,ChEMBL_pos
COc1cc2c(cc1O)C1Cc3c(CO)c(OC)cc(OC)c3CN1CC2,1,ChEMBL_pos
COc1cc2c(cc1O)C1Cc3cc(C)cc(C)c3CN1CC2,1,ChEMBL_pos
COc1cc2c(cc1O)C1Cc3cc4c(cc3CN1CC2)OCO4,1,ChEMBL_pos
COc1cc2c(cc1O)C1Cc3ccc(O)c(OC)c3CN1CC2,1,ChEMBL_pos
COc1cc2c(cc1O)C1Cc3ccc(OC)c(O)c3CN1CC2,1,ChEMBL_pos
COc1cc2c(cc1O)C1Cc3ccc(OC)c(OC)c3CN1CC2,1,ChEMBL_pos
COc1cc2c(cc1O)C1Cc3ccc(OCC4CC4)c(OC)c3CN1CC2,1,ChEMBL_pos
COc1cc2c(cc1O)C1Cc3ccc(OCCCO)c(OC)c3CN1CC2,1,ChEMBL_pos
COc1cc2c(cc1O)C1Cc3sc(CC(C)(C)C)cc3CN1CC2,1,ChEMBL_pos
COc1cc2c(cc1O)C1Cc3sc(CC(C)C)cc3CN1CC2,1,ChEMBL_pos
COc1cc2c(cc1O)C1Cc3sc(CC(C)Cl)cc3CN1CC2,1,ChEMBL_pos
COc1cc2c(cc1O)C1Cc3sc(CC4CC4)cc3CN1CC2,1,ChEMBL_pos
COc1cc2c(cc1O)C1Cc3sc(CC4CCC4)cc3CN1CC2,1,ChEMBL_pos
COc1cc2c(cc1O)C1Cc3sc(CCCCCl)cc3CN1CC2,1,ChEMBL_pos
COc1cc2c(cc1O)C1Cc3sc(CCCCl)cc3CN1CC2,1,ChEMBL_pos
COc1cc2c(cc1O)C1Cc3sc(CCCl)cc3CN1CC2,1,ChEMBL_pos
COc1cc2c(cc1O)C1Cc3sccc3CN1CC2,1,ChEMBL_pos
COc1cc2c(cc1O)CC(C)C2=O,1,ChEMBL_pos
COc1cc2c(cc1O)CC1c3c(cc(OC)c(OC)c3-2)CCN1C,1,ChEMBL_pos
COc1cc2c(cc1O)CCN1Cc3c(ccc(O)c3OC)CC21,1,ChEMBL_pos
COc1cc2c(cc1O)CCN1Cc3c(ccc(OC)c3O)CC21,1,ChEMBL_pos
COc1cc2c(cc1O)CCN1Cc3c(ccc(OC)c3OC)CC21,1,ChEMBL_pos
COc1cc2c(cc1O)c(C(=O)C1C(C)(C)C1(C)C)cn2CC1CCOCC1,1,ChEMBL_pos
COc1cc2c(cc1OC(C)C)CC(C)C2=O,1,ChEMBL_pos
COc1cc2c(cc1OC)C(=O)C(C)C2,1,ChEMBL_pos
COc1cc2c(cc1OC)C(=O)C(C1CC[N+](C)(Cc3ccccc3)CC1)=C2,1,ChEMBL_pos
COc1cc2c(cc1OC)C(=O)C(CC1CCN(Cc3ccccc3)CC1)C2,1,ChEMBL_pos
COc1cc2c(cc1OC)C(=O)C(CC1CC[N+](C)(Cc3ccccc3)CC1)C2,1,ChEMBL_pos
COc1cc2c(cc1OC)C(CC(O)c1ccc(Cl)cc1)N(C)CC2,1,ChEMBL_pos
COc1cc2c(cc1OC)C(CC(O)c1ccc(Cl)cc1)NCC2,1,ChEMBL_pos
COc1cc2c(cc1OC)C1Cc3c(CO)c(OC)cc(OC)c3CN1CC2,1,ChEMBL_pos
COc1cc2c(cc1OC)C1Cc3cc(C)cc(C)c3CN1CC2,1,ChEMBL_pos
COc1cc2c(cc1OC)C1Cc3ccc(O)c(OC)c3CN1CC2,1,ChEMBL_pos
COc1cc2c(cc1OC)C1Cc3ccc(OC)c(O)c3CN1CC2,1,ChEMBL_pos
COc1cc2c(cc1OC)C1Cc3ccc(OC)c(OC)c3CN1CC2,1,ChEMBL_pos
COc1cc2c(cc1OC)Cc1ccccc1CCCN(C)CC2,1,ChEMBL_pos
COc1cc2c(cc1OC)Cc1ccccc1CCN(C)CC2,1,ChEMBL_pos
COc1cc2c(cc1OC)SC(C(=O)CC(O)C1CC[N+](C)(Cc3ccccc3)CC1)C2,1,ChEMBL_pos
COc1cc2c(cc1OC)SC(C(=O)CC1(O)CC[N+](C)(Cc3ccccc3)CC1)C2,1,ChEMBL_pos
COc1cc2c(cc1OC)SC(C(=O)CC1C=CC[N+](C)(Cc3ccccc3)CC1)C2,1,ChEMBL_pos
COc1cc2c(cc1OC)SC(C(=O)CCc1cc[n+](C)cc1)C2,1,ChEMBL_pos
COc1cc2c(cc1OC)SC(C(=O)CCc1cc[n+](CC3CC3)cc1)C2,1,ChEMBL_pos
COc1cc2c(cc1OC)SC(C(=O)CCc1cc[n+](CC3CCC3)cc1)C2,1,ChEMBL_pos
COc1cc2c(cc1OC)SC(C(=O)CCc1cc[n+](Cc3ccc(F)cc3)cc1)C2,1,ChEMBL_pos
COc1cc2c(cc1OC)SC(C(=O)CCc1cc[n+](Cc3ccccc3)cc1)C2,1,ChEMBL_pos
COc1cc2c(cc1OC)SC(C(=O)CCc1cc[n+](Cc3ccsc3)cc1)C2,1,ChEMBL_pos
COc1cc2c(cc1OC)SC(C(=O)CCc1cc[n+](Cc3coc([N+](=O)[O-])c3)cc1)C2,1,ChEMBL_pos
COc1cc2c(cc1OCc1ccccc1)c(C(=O)C1C(C)(C)C1(C)C)cn2CC1CCOCC1,1,ChEMBL_pos
COc1cc2c3c(c1)-c1c(N)cccc1CC3N(C)CC2,1,ChEMBL_pos
COc1cc2c3c(c1)-c1c(O)cccc1CC3N(C)CC2,1,ChEMBL_pos
COc1cc2c3c(c1)C(=O)c1ccccc1C3=NCC2,1,ChEMBL_pos
COc1cc2c3c(c1O)C(=O)c1ccccc1C3=NCC2,1,ChEMBL_pos
COc1cc2c3c(c1OC)-c1cc4c(cc1CC3N(C)CC2)OCO4,1,ChEMBL_pos
COc1cc2c3c(cccc3n1)C(=O)N(CCCN1CCCCC1)C2=O,1,ChEMBL_pos
COc1cc2c3c(cccc3n1)CN(CCCN1CCCCC1)C2=O,1,ChEMBL_pos
COc1cc2c3c(nccc3c1)-c1ccccc1C2=O,1,ChEMBL_pos
COc1cc2cc(-c3ccc(CN(C)Cc4ccccc4)cc3)c(=O)oc2cc1OC,1,ChEMBL_pos
COc1cc2cc(C(=O)C3=CC[N+](C)(Cc4ccccc4)CC3)sc2cc1OC,1,ChEMBL_pos
COc1cc2cc(C(=O)C3CCC[N+](C)(CC#N)CC3)sc2cc1OC,1,ChEMBL_pos
COc1cc2cc(C(=O)C3CCC[N+](C)(CC(=O)OC(C)(C)C)CC3)sc2cc1OC,1,ChEMBL_pos
COc1cc2cc(C(=O)C3CCC[N+](C)(CC4CCCCO4)CC3)sc2cc1OC,1,ChEMBL_pos
COc1cc2cc(C(=O)C3CCC[N+](C)(CCOc4ccccc4)CC3)sc2cc1OC,1,ChEMBL_pos
COc1cc2cc(C(=O)C3CCC[N+](C)(Cc4ccc([N+](=O)[O-])o4)CC3)sc2cc1OC,1,ChEMBL_pos
COc1cc2cc(C(=O)C3CCC[N+](C)(Cc4ccccc4)CC3)sc2cc1OC,1,ChEMBL_pos
COc1cc2cc(C(=O)C3CC[N+](C)(Cc4ccccc4)CCC3O)sc2cc1OC,1,ChEMBL_pos
COc1cc2cc(C(=O)C3CC[N+](C)(Cc4ccccc4)CCC3OC)sc2cc1OC,1,ChEMBL_pos
COc1cc2cc(C(=O)C=C3CC[N+](C)(Cc4ccccc4)CC3)sc2cc1OC,1,ChEMBL_pos
COc1cc2cc(C(=O)CC(O)C3CC[N+](C)(Cc4ccccc4)CC3)sc2cc1OC,1,ChEMBL_pos
COc1cc2cc(C(=O)CC(O)CCC3CC[N+](C)(Cc4ccccc4)CC3)sc2cc1OC,1,ChEMBL_pos
COc1cc2cc(C(=O)CC(OC)C3CC[N+](C)(Cc4ccccc4)CC3)sc2cc1OC,1,ChEMBL_pos
COc1cc2cc(C(=O)CC3(O)CC[N+](C)(Cc4ccccc4)CC3)sc2cc1OC,1,ChEMBL_pos
COc1cc2cc(C(=O)CC3=CC[N+](C)(Cc4ccccc4)CC3)sc2cc1OC,1,ChEMBL_pos
COc1cc2cc(C(=O)CC3CCC(O)C[N+](C)(Cc4ccccc4)CC3)sc2cc1OC,1,ChEMBL_pos
COc1cc2cc(C(=O)CC3CCCC[N+](C)(Cc4ccccc4)CC3)sc2cc1OC,1,ChEMBL_pos
COc1cc2cc(C(=O)CCC3CC[N+](C)(CC(=O)OC(C)(C)C)CC3)sc2cc1OC,1,ChEMBL_pos
COc1cc2cc(C(=O)CCC3CC[N+](C)(CC4CCCCO4)CC3)sc2cc1OC,1,ChEMBL_pos
COc1cc2cc(C(=O)CCC3CC[N+](C)(CCOc4ccccc4)CC3)sc2cc1OC,1,ChEMBL_pos
COc1cc2cc(C(=O)CCC3CC[N+](C)(Cc4ccc([N+](=O)[O-])o4)CC3)sc2cc1OC,1,ChEMBL_pos
COc1cc2cc(C(=O)CCC3CC[N+](C)(Cc4ccccc4)CC3)n(C)c2cc1OC,1,ChEMBL_pos
COc1cc2cc(C(=O)CCC3CC[N+](C)(Cc4ccccc4)CC3)sc2cc1OC,1,ChEMBL_pos
COc1cc2cc(C(=O)CCCCC3CC[N+](C)(Cc4ccccc4)CC3)sc2cc1OC,1,ChEMBL_pos
COc1cc2cc(C(=O)CCc3cc[n+](C)cc3)sc2cc1OC,1,ChEMBL_pos
COc1cc2cc(C(=O)CCc3cc[n+](CC4CC4)cc3)sc2cc1OC,1,ChEMBL_pos
COc1cc2cc(C(=O)CCc3cc[n+](CC4CCC4)cc3)sc2cc1OC,1,ChEMBL_pos
COc1cc2cc(C(=O)CCc3cc[n+](Cc4ccc(F)cc4)cc3)sc2cc1OC,1,ChEMBL_pos
COc1cc2cc(C(=O)CCc3cc[n+](Cc4ccc([N+](=O)[O-])o4)cc3)sc2cc1OC,1,ChEMBL_pos
COc1cc2cc(C(=O)CCc3cc[n+](Cc4ccccc4)cc3)sc2cc1OC,1,ChEMBL_pos
COc1cc2cc(C(=O)CCc3cc[n+](Cc4ccsc4)cc3)sc2cc1OC,1,ChEMBL_pos
COc1cc2nc(-c3cc(O)cc(C(N)=O)c3)nc(N3CCOCC3)c2cc1OC,1,ChEMBL_pos
COc1cc2nc(-c3cc(OC(F)(F)F)cc(C(N)=O)c3)nc(N3CCOCC3)c2cc1OC,1,ChEMBL_pos
COc1cc2nc(O)c(O)nc2cc1Br,1,ChEMBL_pos
COc1cc2nccc(Oc3ccc(NC(=O)C4(C(=O)Nc5ccc(F)cc5)CC4)cc3)c2cc1OC,1,ChEMBL_pos
COc1cc2nccc(Oc3ccc(NC(=O)Nc4ccc(F)cc4F)c(F)c3)c2cc1OC,1,ChEMBL_pos
COc1cc2nccc(Oc3ccc(NC(=O)c4c(C)n(C)n(-c5ccccc5)c4=O)cc3F)c2cc1OC,1,ChEMBL_pos
COc1cc2ncnc(N3CCN(C(=O)Nc4ccc(Br)cc4)CC3)c2cc1OC,1,ChEMBL_pos
COc1cc2ncnc(N3CCN(C(=O)Nc4ccc(C#N)cc4)CC3)c2cc1OC,1,ChEMBL_pos
COc1cc2ncnc(N3CCN(C(=O)Nc4ccc(C(C)C)cc4)CC3)c2cc1OC,1,ChEMBL_pos
COc1cc2ncnc(N3CCN(C(=O)Nc4ccc(Oc5ccccc5)cc4)CC3)c2cc1OC,1,ChEMBL_pos
COc1cc2ncnc(N3CCN(C(=O)Nc4ccc([N+](=O)[O-])cc4)CC3)c2cc1OC,1,ChEMBL_pos
COc1cc2ncnc(N3CCN(C(=O)Nc4ccsc4)CC3)c2cc1OC,1,ChEMBL_pos
COc1cc2ncnc(N3CCN(C(S)=NCc4ccc5c(c4)OCO5)CC3)c2cc1OC,1,ChEMBL_pos
COc1cc2ncnc(N3CCN(C(S)=NCc4ccccc4)CC3)c2cc1OC,1,ChEMBL_pos
COc1cc2ncnc(Nc3ccc(NC(=O)Nc4cccc(Br)c4)cc3)c2cc1OC,1,ChEMBL_pos
COc1cc2ncnc(Oc3ccc(NC(=O)Nc4cccc(Br)c4)cc3)c2cc1OC,1,ChEMBL_pos
COc1cc2onc(CCC3CCN(Cc4ccccc4)CC3)c2cc1C,1,ChEMBL_pos
COc1ccc(-c2c(C)c3c(n2-c2ccc(Cl)cc2Cl)CCN(C2CCCCC2)C3=O)cc1,1,ChEMBL_pos
COc1ccc(-c2c(C)c3c(n2-c2ccc(Cl)cc2Cl)CCN(C2CCCCC2)C3=O)cc1OC,1,ChEMBL_pos
COc1ccc(-c2c(C)c3c(n2-c2ccccc2C)CCN(C2CCCCC2)C3=O)cc1,1,ChEMBL_pos
COc1ccc(-c2c(C)c3c(n2-c2ccccc2C)CCN(N2CCCCC2)C3=O)cc1,1,ChEMBL_pos
COc1ccc(-c2c(C)c3c(n2-c2ccccc2Cl)CCN(C2CCCCC2)C3=O)cc1,1,ChEMBL_pos
COc1ccc(-c2c(C)c3c(n2-c2ccccc2Cl)CCN(N2CCCCC2)C3=O)cc1,1,ChEMBL_pos
COc1ccc(-c2c[nH]c3ncc(-c4cc(F)cc(F)c4)cc23)cc1OC,1,ChEMBL_pos
COc1ccc(-c2c[nH]c3ncc(-c4cc(OC)c(OC)c(OC)c4)cc23)cc1OC,1,ChEMBL_pos
COc1ccc(-c2c[nH]c3ncc(-c4ccc(C#N)cc4)cc23)cc1OC,1,ChEMBL_pos
COc1ccc(-c2c[nH]c3ncc(-c4ccc(C(=O)N5CCOCC5)c(N)c4)cc23)cc1OC,1,ChEMBL_pos
COc1ccc(-c2c[nH]c3ncc(-c4ccc(C)c(N)c4)cc23)cc1OC,1,ChEMBL_pos
COc1ccc(-c2c[nH]c3ncc(-c4ccc(C)cc4)cc23)cc1OC,1,ChEMBL_pos
COc1ccc(-c2c[nH]c3ncc(-c4ccc(Cl)cc4)cc23)cc1OC,1,ChEMBL_pos
COc1ccc(-c2c[nH]c3ncc(-c4ccc(F)cc4)cc23)cc1OC,1,ChEMBL_pos
COc1ccc(-c2c[nH]c3ncc(-c4ccc(N)cc4)cc23)cc1OC,1,ChEMBL_pos
COc1ccc(-c2c[nH]c3ncc(-c4ccc(OCCN5CCOCC5)c(N)c4)cc23)cc1OC,1,ChEMBL_pos
COc1ccc(-c2c[nH]c3ncc(-c4ccc5c(c4)OCO5)cc23)cc1OC,1,ChEMBL_pos
COc1ccc(-c2c[nH]c3ncc(-c4cccc(C#N)c4)cc23)cc1OC,1,ChEMBL_pos
COc1ccc(-c2c[nH]c3ncc(-c4cccc(C)c4)cc23)cc1OC,1,ChEMBL_pos
COc1ccc(-c2c[nH]c3ncc(-c4cccc(F)c4)cc23)cc1OC,1,ChEMBL_pos
COc1ccc(-c2c[nH]c3ncc(-c4cccc(N(C)C)c4)cc23)cc1OC,1,ChEMBL_pos
COc1ccc(-c2c[nH]c3ncc(-c4cccc(N)c4)cc23)cc1,1,ChEMBL_pos
COc1ccc(-c2c[nH]c3ncc(-c4cccc(N)c4)cc23)cc1F,1,ChEMBL_pos
COc1ccc(-c2c[nH]c3ncc(-c4cccc(N)c4)cc23)cc1OC,1,ChEMBL_pos
COc1ccc(-c2c[nH]c3ncc(-c4cccc(NC(C)=O)c4)cc23)cc1OC,1,ChEMBL_pos
COc1ccc(-c2c[nH]c3ncc(-c4cccc(NS(=O)(=O)c5ccccc5)c4)cc23)cc1OC,1,ChEMBL_pos
COc1ccc(-c2c[nH]c3ncc(-c4ccccc4)cc23)cc1OC,1,ChEMBL_pos
COc1ccc(-c2c[nH]c3ncc(-c4ccccc4C)cc23)cc1OC,1,ChEMBL_pos
COc1ccc(-c2c[nH]c3ncc(-c4cccnc4)cc23)cc1OC,1,ChEMBL_pos
COc1ccc(-c2c[nH]c3ncc(-c4ccncc4)cc23)cc1OC,1,ChEMBL_pos
COc1ccc(-c2c[nH]c3ncc(-c4cnc(N)nc4)cc23)cc1OC,1,ChEMBL_pos
COc1ccc(-c2c[nH]c3ncc(-c4cncc(N)c4)cc23)cc1OC,1,ChEMBL_pos
COc1ccc(-c2c[nH]c3ncc(-c4cncc(NS(=O)(=O)c5ccccc5)c4)cc23)cc1OC,1,ChEMBL_pos
COc1ccc(-c2cc(=O)c3c(O)c(OC)c(O)cc3o2)cc1,1,ChEMBL_pos
COc1ccc(-c2cc(C#N)c(OCc3ccccc3)nc2-c2ccc(N(C)C)cc2)cc1,1,ChEMBL_pos
COc1ccc(-c2cc(CCCCN3CCN(c4ccccc4OC)CC3)on2)c(OC)c1,1,ChEMBL_pos
COc1ccc(-c2cc(CCCCN3CCN(c4ccccc4OC)CC3)on2)cc1OC,1,ChEMBL_pos
COc1ccc(-c2cc(OCCN(C)c3ncc(C(=O)NO)cn3)c3ncnc(C)c3c2)cn1,1,ChEMBL_pos
COc1ccc(-c2cc3c(=O)n(CCN4CCN(c5ccccc5Cl)CC4)c(=O)[nH]c3[nH]2)cc1,1,ChEMBL_pos
COc1ccc(-c2cc3c(c(=O)o2)CC2(O)C(C)(CCC4(O)C(C)(C)C(=O)C=CC24C)O3)cc1,1,ChEMBL_pos
COc1ccc(-c2cc3c(c(=O)o2)CC2(O)C(C)(CCC4(O)C(C)(C)C(=O)CCC24C)O3)cc1,1,ChEMBL_pos
COc1ccc(-c2cc3c(c(=O)o2)CC2(O)C(C)(CCC4(O)C(C)(C)C=CC(=O)C42C)O3)cc1,1,ChEMBL_pos
COc1ccc(-c2cc3c(c(=O)o2)CC2(O)C(C)(CCC4(O)C(C)(C)C=CC(=O)C42C)O3)cc1OC,1,ChEMBL_pos
COc1ccc(-c2cc3c(c(=O)o2)CC2(O)C(C)(CCC4(O)C(C)(C)OC(=O)CCC42C)O3)cc1,1,ChEMBL_pos
COc1ccc(-c2cc3c(c(=O)o2)CC2(O)C(C)(CCC45OC(=O)C(OC)(C(=O)C24C)C5(C)C)O3)cc1,1,ChEMBL_pos
COc1ccc(-c2ccc(-c3ccc(Oc4ccc(C(C)=O)cc4)cc3)n2CC(=O)NC(=N)N)cc1,1,ChEMBL_pos
COc1ccc(-c2ccc(-c3ccc(Oc4ccccc4)cc3)n2CC(=O)NC(=N)N)cc1,1,ChEMBL_pos
COc1ccc(-c2ccc(COC3(c4cccnc4)CN(C#N)C3)c(F)c2)cc1F,1,ChEMBL_pos
COc1ccc(-c2ccc(NC(=O)Nc3cc(C)ccc3F)cc2)c2c(N)noc12,1,ChEMBL_pos
COc1ccc(-c2ccc(NC(=O)Nc3cccc(Br)c3)cc2)c2c(N)noc12,1,ChEMBL_pos
COc1ccc(-c2ccc(NC(=O)Nc3cccc(C(F)(F)F)c3)cc2)c2c(N)noc12,1,ChEMBL_pos
COc1ccc(-c2ccc(NC(=O)Nc3cccc(C)c3)cc2)c2c(N)n[nH]c12,1,ChEMBL_pos
COc1ccc(-c2ccc(NC(=O)Nc3cccc(Cl)c3)cc2)c2c(N)noc12,1,ChEMBL_pos
COc1ccc(-c2cccc(CN3CCN(c4ncccn4)CC3)c2)cc1,1,ChEMBL_pos
COc1ccc(-c2cccc3c2CCC2C3c3cc(O)c(Cl)cc3CCN2C)cc1,1,ChEMBL_pos
COc1ccc(-c2cnc3[nH]cc(-c4ccc(OC)c(OC)c4)c3c2)c(OC)c1,1,ChEMBL_pos
COc1ccc(-c2cnc3[nH]cc(-c4ccc(OC)c(OC)c4)c3c2)cc1,1,ChEMBL_pos
COc1ccc(-c2cnc3[nH]cc(-c4ccc(OC)c(OC)c4)c3c2)cc1N,1,ChEMBL_pos
COc1ccc(-c2cnc3[nH]cc(-c4ccc(OC)c(OC)c4)c3c2)cc1OC,1,ChEMBL_pos
COc1ccc(-c2nc(C3CCCC3)nc3c2CCNCC3)cc1,1,ChEMBL_pos
COc1ccc(-c2nc(N3CCOCC3)c3nc(CN(C)c4ncc(C(=O)NO)cn4)n(C)c3n2)cn1,1,ChEMBL_pos
COc1ccc(-c2nc(N3CCOCC3)c3sc(CN(C)c4ncc(C(=O)NO)cn4)cc3n2)cn1,1,ChEMBL_pos
COc1ccc(-c2nc(SC)n(C(=O)N(C)C)n2)cc1,1,ChEMBL_pos
COc1ccc(-c2nnc3c(C(=O)c4ccccc4)nc4ccccc4n23)cc1,1,ChEMBL_pos
COc1ccc(-c2nnc3c(C(=O)c4ccccc4)nc4ccccc4n23)cc1OC,1,ChEMBL_pos
COc1ccc(-n2c(-c3ccc(Cl)cc3Cl)nc(C(=O)NN3CCCCC3)c2C)cc1,1,ChEMBL_pos
COc1ccc(-n2cc(C(=O)NC3CCCCC3)nc2-c2ccc(Cl)cc2Cl)cc1,1,ChEMBL_pos
COc1ccc(-n2cc(C(=O)NC3CCCCC3)nc2-c2ccccc2Cl)cc1,1,ChEMBL_pos
COc1ccc(-n2ccc(C)c(-c3ccc4nc(N)ncc4c3)c2=O)cc1,1,ChEMBL_pos
COc1ccc(Br)cc1-c1nc(CN2CCN(Cc3ccccc3)CC2)co1,1,ChEMBL_pos
COc1ccc(Br)cc1-c1nc(CN2CCN(Cc3ccccc3)CC2)cs1,1,ChEMBL_pos
COc1ccc(Br)cc1-c1nc(CN2CCN(c3ccccc3)CC2)co1,1,ChEMBL_pos
COc1ccc(Br)cc1-c1nc(CN2CCN(c3ccccc3)CC2)cs1,1,ChEMBL_pos
COc1ccc(Br)cc1-c1nc(CNC2CCN(Cc3ccccc3)CC2)co1,1,ChEMBL_pos
COc1ccc(Br)cc1-c1nc(CNC2CCN(Cc3ccccc3)CC2)cs1,1,ChEMBL_pos
COc1ccc(Br)cc1-c1nc(CNCC2CCN(Cc3ccccc3)C2)co1,1,ChEMBL_pos
COc1ccc(Br)cc1-c1nc(CNCC2CCN(Cc3ccccc3)C2)cs1,1,ChEMBL_pos
COc1ccc(Br)cc1-c1nc(CNCCC2CCN(Cc3ccccc3)C2)co1,1,ChEMBL_pos
COc1ccc(C(=O)COc2cccc([N+](C)(C)Cc3ccccc3)c2)cc1OC,1,ChEMBL_pos
COc1ccc(C(=O)NC(=O)Nc2ccc3c(c2)NC(=O)C3=Cc2[nH]c(C)c(C(=O)NCCN3CCCC3)c2C)c(F)c1,1,ChEMBL_pos
COc1ccc(C(=O)NN2c3ccc(Cl)cc3N=C(N3CCN(C)CC3)c3ccccc32)cc1,1,ChEMBL_pos
COc1ccc(C(=O)c2c(C)n(CCN3CCOCC3)c3cc(I)ccc23)cc1,1,ChEMBL_pos
COc1ccc(C(C)=NNc2nc3ccccc3nc2Cc2ccccc2)cc1,1,ChEMBL_pos
COc1ccc(C(F)(F)F)cc1C(=O)N=c1sc(C(C)(C)C)c(C)n1CC1CC1,1,ChEMBL_pos
COc1ccc(C(O)C(F)(F)CNC(=O)c2c(Cl)ccc(-c3ccn4nc(N)nc4c3)c2F)cc1,1,ChEMBL_pos
COc1ccc(C(O)CC2NCCc3cc(OC)c(OC)cc32)cc1,1,ChEMBL_pos
COc1ccc(C(O)CC2c3cc(OC)c(OC)cc3CCN2C)cc1,1,ChEMBL_pos
COc1ccc(C)cc1CN1CCN(C2CCc3cccc4c3N(C2=O)C(C)(C)C4)CC1,1,ChEMBL_pos
COc1ccc(C2=CC(NC(C)(C)C)=NCCN2)cc1,1,ChEMBL_pos
COc1ccc(C2C(=O)N(C3CCN(C(=O)n4cncn4)CC3)C2c2ccc(OC)c(OC)c2)cc1,1,ChEMBL_pos
COc1ccc(C2C(=O)N(C3CCN(C(=O)n4cncn4)CC3)C2c2ccc(OC)c(OC)c2)cc1OC,1,ChEMBL_pos
COc1ccc(C2C(=O)N(C3CCN(C(=O)n4cncn4)CC3)C2c2ccc(OC)cc2)cc1,1,ChEMBL_pos
COc1ccc(C2C(=O)N(C3CCN(C(=O)n4cncn4)CC3)C2c2ccc3c(c2)OCO3)cc1,1,ChEMBL_pos
COc1ccc(C2C(Cc3cc4ccccc4o3)C(=O)N2c2ccccc2)cc1,1,ChEMBL_pos
COc1ccc(C2C(c3ccc(F)cc3)C(=O)N2C2CCN(C(=O)n3cncn3)CC2)cc1,1,ChEMBL_pos
COc1ccc(C2CC(c3c4ccccc4cc4ccccc34)=NN2)cc1,1,ChEMBL_pos
COc1ccc(C2CC(c3ccc(O)cc3)=NN2C(C)=O)c(OC)c1,1,ChEMBL_pos
COc1ccc(C2CC(c3ccc(O)cc3)=NN2C(C)=O)cc1,1,ChEMBL_pos
COc1ccc(C2CC(c3ccc(O)cc3O)=NN2C(C)=O)cc1,1,ChEMBL_pos
COc1ccc(C2CC(c3ccccc3)=NN2C(N)=O)cc1,1,ChEMBL_pos
COc1ccc(C2CC2CN2CCN(c3ccc(Cl)cc3Cl)CC2)cc1,1,ChEMBL_pos
COc1ccc(C=CC(=O)NCCCCN2CCN(c3ccccc3OC)CC2)cc1,1,ChEMBL_pos
COc1ccc(C=NNC(=O)Nc2ccc(S(C)(=O)=O)cc2)cc1,1,ChEMBL_pos
COc1ccc(C=NNc2nc3ccccc3nc2Cc2ccccc2)cc1,1,ChEMBL_pos
COc1ccc(C=NNc2nc3ccccc3nc2Cc2ccccc2)cc1OC,1,ChEMBL_pos
COc1ccc(CC(c2cc(F)cc(C#N)c2)C(C)NC(=O)C(C)(C)Oc2ccc(C(F)(F)F)cn2)cc1,1,ChEMBL_pos
COc1ccc(CC2CCN(C(=O)c3cccc(O)c3)CC2)cc1Sc1cc(C(F)(F)F)ccn1,1,ChEMBL_pos
COc1ccc(CCC(=O)NN2c3ccc(Cl)cc3N=C(N3CCN(C)CC3)c3ccccc32)cc1Cl,1,ChEMBL_pos
COc1ccc(CN2CCC(CCC(=O)c3cc(Cl)c(N)cc3OC)CC2)cc1O,1,ChEMBL_pos
COc1ccc(CNCCc2c[nH]c3ccc(OC)cc23)cc1,1,ChEMBL_pos
COc1ccc(CNCCc2cc(OC)c(Br)cc2OC)cc1,1,ChEMBL_pos
COc1ccc(Cc2c(N)nc(SCCN3CCN(Cc4ccc(C)cc4)CC3)nc2N)cc1,1,ChEMBL_pos
COc1ccc(Cc2c(N)nc(SCCN3CCN(Cc4ccccc4C)CC3)nc2N)cc1,1,ChEMBL_pos
COc1ccc(Cc2c(N)nc(SCCN3CCN(Cc4ccccc4Cl)CC3)nc2N)cc1,1,ChEMBL_pos
COc1ccc(Cl)c2c1C1CNCCN1C2=O,1,ChEMBL_pos
COc1ccc(Cl)cc1-c1cc(Cl)cc2c1N1CCNCCC1C2,1,ChEMBL_pos
COc1ccc(Cl)cc1CN1CCN(C2CCc3cccc4c3N(C2=O)C(C)(C)C4)CC1,1,ChEMBL_pos
COc1ccc(Cl)cc1N1CCN(CC2CC2c2ccccc2)CC1,1,ChEMBL_pos
COc1ccc(N(C)C(=O)Oc2ccc3c(c2)C(N)CC3)cc1,1,ChEMBL_pos
COc1ccc(N2C(=O)COc3ccc(-c4cnc(Cl)c(NS(=O)(=O)c5ccc(F)cc5)c4)cc32)cc1,1,ChEMBL_pos
COc1ccc(N2C(=O)COc3ccc(-c4cnc(OC)c(NS(=O)(=O)c5ccc(F)cc5)c4)cc32)cc1,1,ChEMBL_pos
COc1ccc(N2CCN(C(=O)n3nnc4ccccc43)CC2)cc1,1,ChEMBL_pos
COc1ccc(N2CCN(CC3CC3c3ccccc3)CC2)cc1,1,ChEMBL_pos
COc1ccc(N2CCN(CCC3CCC(NC(=O)c4cccs4)CC3)CC2)cc1,1,ChEMBL_pos
COc1ccc(N2CCN(CCC3CCC(Nc4ncccn4)CC3)CC2)cc1,1,ChEMBL_pos
COc1ccc(N2CCN(CCC3OCCc4cc(C(N)=O)ccc43)CC2)cc1,1,ChEMBL_pos
COc1ccc(N2CCN(CCC3OCCc4ccccc43)CC2)cc1,1,ChEMBL_pos
COc1ccc(N2CCN(CCCOc3ccc(-c4nc5ccccc5[nH]4)cc3)CC2)cc1,1,ChEMBL_pos
COc1ccc(N2CCN(CCOC(=O)c3cc(Cl)c(N)cc3OC)CC2)cc1,1,ChEMBL_pos
COc1ccc(N2CCOCC2)cc1Nc1nc(N)n(-c2ccccn2)n1,1,ChEMBL_pos
COc1ccc(N=C2SCC3(CCCCC3)CN2C(=S)SC)cc1,1,ChEMBL_pos
COc1ccc(NC(=O)N2CCN(c3ccc(-c4ccccc4)cc3)CC2)cc1N1CCN(C)CC1,1,ChEMBL_pos
COc1ccc(NC(=O)N2CCN(c3ccc(C(F)(F)F)cc3)CC2)cc1N1CCN(C)CC1,1,ChEMBL_pos
COc1ccc(NC(=O)Nc2ccc(-c3c(C)sc4ncnc(N)c34)cc2)cc1,1,ChEMBL_pos
COc1ccc(NC(=O)Nc2ccc(-c3cccc4onc(N)c34)cc2)cc1,1,ChEMBL_pos
COc1ccc(NC(=O)Nc2ccc(-c3cccc4onc(N)c34)cc2)cc1Cl,1,ChEMBL_pos
COc1ccc(NC(=O)Nc2ccc(-c3csc4c(-c5cnn(CC(C)(C)O)c5)cnc(N)c34)cc2)cc1,1,ChEMBL_pos
COc1ccc(NC(=O)Nc2ccc(-c3csc4c(-c5cnn(CC(O)CO)c5)cnc(N)c34)cc2)cc1,1,ChEMBL_pos
COc1ccc(NC(=O)Nc2ccc3c(c2)NC(=O)C3=Cc2[nH]c(C)c(C(=O)O)c2C)cc1,1,ChEMBL_pos
COc1ccc(NC(=O)Nc2ccc3c(c2)NC(=O)C3=Cc2[nH]c(C)c(CCC(=O)O)c2C)cc1,1,ChEMBL_pos
COc1ccc(NC(=O)Nc2ccc3c(c2)NC(=O)C3=Cc2[nH]cc(C(=O)O)c2C)cc1,1,ChEMBL_pos
COc1ccc(NC(=O)Nc2ccc3c(c2)NC(=O)C3=Cc2ccc[nH]2)cc1,1,ChEMBL_pos
COc1ccc(NC(=O)Oc2ccc3c(c2)C2(C)CCN(C)C2N3C)cc1,1,ChEMBL_pos
COc1ccc(NC(=O)c2ccc(-c3ccc(-c4noc(C)n4)cc3C)cc2)cc1N1CCN(C)CC1,1,ChEMBL_pos
COc1ccc(NC(=O)c2ccc(C)c(C#Cc3cnc4ccnn4c3)c2)cc1,1,ChEMBL_pos
COc1ccc(NC(=S)N2N=C(c3ccccc3)CC2c2ccc(O)cc2)cc1,1,ChEMBL_pos
COc1ccc(NC(=S)N2N=C(c3ccccc3)CC2c2ccccc2O)cc1,1,ChEMBL_pos
COc1ccc(NS(=O)(=O)c2sc3ccc(Cl)cc3c2C)cc1N1CCNCC1,1,ChEMBL_pos
COc1ccc(Nc2nc(N)n(-c3ccccn3)n2)cc1OC,1,ChEMBL_pos
COc1ccc(Nc2ncc(CN3CCN(S(C)(=O)=O)CC3)cc2-c2nc(C)nc(N)n2)cn1,1,ChEMBL_pos
COc1ccc(OC)c2c1CC(C)C2=O,1,ChEMBL_pos
COc1ccc(Oc2ccc(-c3nnn(C(=O)N(C)C)n3)cc2)cc1,1,ChEMBL_pos
COc1ccc(Oc2nc(-c3ccc(Cl)cc3Cl)c(-c3ccc(Cl)cc3)cc2C#N)cc1,1,ChEMBL_pos
COc1ccc(S(=O)(=O)NC(=N)N2CC(c3ccccc3)C(c3ccc(Cl)cc3)=N2)cc1,1,ChEMBL_pos
COc1ccc(S(=O)(=O)NCCCN2CCN(c3cccc(C(F)(F)F)c3)CC2)cc1,1,ChEMBL_pos
COc1ccc(S(=O)(=O)c2cc(OC)ccc2C(=O)c2ccc(C(C)NS(C)(=O)=O)cc2)cc1,1,ChEMBL_pos
COc1ccc(S(=O)(=O)c2cc(OC)ccc2Cc2ccc(C(C)NS(C)(=O)=O)cc2)cc1,1,ChEMBL_pos
COc1ccc(S(=O)(=O)c2cc(OC)ccc2S(=O)(=O)c2ccc(C(C)(C)NS(C)(=O)=O)cc2)cc1,1,ChEMBL_pos
COc1ccc(S(=O)(=O)c2cc(OC)ccc2S(=O)(=O)c2ccc(C(C)NC(=O)C(F)(F)F)cc2)cc1,1,ChEMBL_pos
COc1ccc(S(=O)(=O)c2cc(OC)ccc2S(=O)(=O)c2ccc(C(C)NC(=O)Cc3ccccc3)cc2)cc1,1,ChEMBL_pos
COc1ccc(S(=O)(=O)c2cc(OC)ccc2S(=O)(=O)c2ccc(C(C)NC(=O)c3ccc(C)cc3)cc2)cc1,1,ChEMBL_pos
COc1ccc(S(=O)(=O)c2cc(OC)ccc2S(=O)(=O)c2ccc(C(C)NC(=O)c3ccc(Cl)c(Cl)c3)cc2)cc1,1,ChEMBL_pos
COc1ccc(S(=O)(=O)c2cc(OC)ccc2S(=O)(=O)c2ccc(C(C)NS(=O)(=O)Cc3ccccc3)cc2)cc1,1,ChEMBL_pos
COc1ccc(S(=O)(=O)c2cc(OC)ccc2S(=O)(=O)c2ccc(C(C)NS(=O)(=O)c3ccc(Cl)c(Cl)c3)cc2)cc1,1,ChEMBL_pos
COc1ccc(S(=O)(=O)c2cc(OC)ccc2S(=O)(=O)c2ccc(C(C)NS(=O)(=O)c3ccccc3)cc2)cc1,1,ChEMBL_pos
COc1ccc(S(=O)(=O)c2cc(OC)ccc2S(=O)(=O)c2ccc(C(C)NS(C)(=O)=O)cc2)cc1,1,ChEMBL_pos
COc1ccc(S(=O)(=O)c2cc(OC)ccc2S(=O)(=O)c2ccc(CNS(C)(=O)=O)cc2)cc1,1,ChEMBL_pos
COc1ccc(S(=O)(=O)c2ccc(C(C)NS(C)(=O)=O)cc2)c(S(=O)(=O)c2ccc(Cl)cc2)c1,1,ChEMBL_pos
COc1ccc(S(=O)(=O)c2ccc(C(C)NS(C)(=O)=O)cc2)c(S(=O)(=O)c2ccccc2)c1,1,ChEMBL_pos
COc1ccc(SC)cc1C(=O)NCC1CCCN1CCc1ccccc1,1,ChEMBL_pos
COc1ccc(Sc2cc(C(F)(F)F)ccn2)cc1CC1CCN(C(=O)c2cccc(O)c2)CC1,1,ChEMBL_pos
COc1ccc(Sc2ccc(C(=O)C3CCN(C(=O)c4cccc(O)c4)CC3)cc2)cc1,1,ChEMBL_pos
COc1ccc2[nH]c3c(C)c4ccncc4c(C)c3c2c1,1,ChEMBL_pos
COc1ccc2[nH]c3c(c2c1)CCN(C)CCc1ccccc1C3,1,ChEMBL_pos
COc1ccc2[nH]cc(C(C)CN)c2c1,1,ChEMBL_pos
COc1ccc2[nH]cc(C3CC3N)c2c1,1,ChEMBL_pos
COc1ccc2[nH]cc(CC(C)N)c2c1,1,ChEMBL_pos
COc1ccc2[nH]cc(CCN(C)C)c2c1,1,ChEMBL_pos
COc1ccc2[nH]cc(CCN)c2c1,1,ChEMBL_pos
COc1ccc2[nH]cc(CCN3CCCCC3)c2c1,1,ChEMBL_pos
COc1ccc2[nH]cc(CCNCCCCc3ccccc3)c2c1,1,ChEMBL_pos
COc1ccc2[nH]cc(CCNCCCc3ccccc3)c2c1,1,ChEMBL_pos
COc1ccc2[nH]cc(CCNCc3ccc(Br)cc3)c2c1,1,ChEMBL_pos
COc1ccc2[nH]cc(CCNCc3ccc(C)cc3)c2c1,1,ChEMBL_pos
COc1ccc2[nH]cc(CCNCc3ccc(Cl)cc3)c2c1,1,ChEMBL_pos
COc1ccc2[nH]cc(CCNCc3ccc(F)cc3)c2c1,1,ChEMBL_pos
COc1ccc2[nH]cc(CCNCc3ccc(I)cc3)c2c1,1,ChEMBL_pos
COc1ccc2[nH]cc(CCNCc3ccc(N)cc3)c2c1,1,ChEMBL_pos
COc1ccc2[nH]cc(CCNCc3ccc([N+](=O)[O-])cc3)c2c1,1,ChEMBL_pos
COc1ccc2[nH]cc(CCNCc3ccccc3)c2c1,1,ChEMBL_pos
COc1ccc2c(=O)c(C(=O)NC3CCCCC3)cn(CCN3CCOCC3)c2c1,1,ChEMBL_pos
COc1ccc2c(=O)c(C(=O)NC3CCCCC3)cn(Cc3ccccc3)c2c1,1,ChEMBL_pos
COc1ccc2c(=O)c(C(=O)NC3CCCCC3)cn(Cc3ccccc3)c2n1,1,ChEMBL_pos
COc1ccc2c(=O)c3ccccc3oc2c1,1,ChEMBL_pos
COc1ccc2c(C(=O)C3C(C)(C)C3(C)C)cn(CC3CCOCC3)c2c1,1,ChEMBL_pos
COc1ccc2c(CC(=O)Nc3cc(Br)ccc3N3CCN(C(=O)OC(C)(C)C)CC3)cc(=O)oc2c1,1,ChEMBL_pos
COc1ccc2c(CCC3CCN(Cc4ccccc4)CC3)noc2c1,1,ChEMBL_pos
COc1ccc2c(N)c3c(nc2c1)CCCC3,1,ChEMBL_pos
COc1ccc2c(c1)-c1nnc(-c3cccc(C(F)(F)F)c3)cc1C2=O,1,ChEMBL_pos
COc1ccc2c(c1)C(=O)C(C)C2,1,ChEMBL_pos
COc1ccc2c(c1)C(=O)c1cc(-c3cccc(C(F)(F)F)c3)nnc1-2,1,ChEMBL_pos
COc1ccc2c(c1)C(CCCN1CCN(c3ccc(Cl)cc3)CC1)CCC2,1,ChEMBL_pos
COc1ccc2c(c1)C(NCCN1CCN(c3ccc(Cl)cc3)CC1)CCC2,1,ChEMBL_pos
COc1ccc2c(c1)C13CCCCC1C(C2)N(C)CC3,1,ChEMBL_pos
COc1ccc2c(c1)C1OC(CN(C)C)CC1c1ccccc1O2,1,ChEMBL_pos
COc1ccc2c(c1)CC1c3cc(O)c(OC)cc3CCN1C2,1,ChEMBL_pos
COc1ccc2c(c1)CCC1(CCN(CCCC(=O)c3ccc(F)cc3)CC1)O2,1,ChEMBL_pos
COc1ccc2c(c1)CCC1(CCN(CCN3CCNC3=O)CC1)O2,1,ChEMBL_pos
COc1ccc2c(c1)CCC1(CCN(CCc3ccc(F)cc3F)CC1)O2,1,ChEMBL_pos
COc1ccc2c(c1)CCCN(C)CCCc1ccccc1C2,1,ChEMBL_pos
COc1ccc2c(c1)CCCN(C)CCc1ccccc1C2,1,ChEMBL_pos
COc1ccc2c(c1)CCN(C)CCCc1ccccc1C2,1,ChEMBL_pos
COc1ccc2c(c1)CCN(C)CCc1c([nH]c3ccccc13)C2,1,ChEMBL_pos
COc1ccc2c(c1)CCN(C)CCc1cc(OC)ccc1C2,1,ChEMBL_pos
COc1ccc2c(c1)CCN(C)CCc1ccccc1C2,1,ChEMBL_pos
COc1ccc2c(c1)CCN1CCC(O)(c3ccc(Cl)cc3)CC21,1,ChEMBL_pos
COc1ccc2c(c1)CCN1Cc3ccccc3CC21,1,ChEMBL_pos
COc1ccc2c(c1)Cc1ccccc1C2CN,1,ChEMBL_pos
COc1ccc2c(c1)Cc1ccccc1CCCN(C)CC2,1,ChEMBL_pos
COc1ccc2c(c1)Cc1ccccc1CCN(C)CC2,1,ChEMBL_pos
COc1ccc2c(c1)OCCN(C)CCc1ccccc1C2,1,ChEMBL_pos
COc1ccc2c(c1)[nH]c1c(C)nccc12,1,ChEMBL_pos
COc1ccc2c(c1)c(C(=O)C1C(C)(C)C1(C)C)cn2CC1CCOCC1,1,ChEMBL_pos
COc1ccc2c(c1)c(C(=O)C1C(C)(C)C1(C)C)cn2CCN1CCOCC1,1,ChEMBL_pos
COc1ccc2c(c1)c(CC(=O)N1CCOCC1)c(C)n2C(=O)c1c(Cl)cccc1Cl,1,ChEMBL_pos
COc1ccc2c(c1)c(CC(=O)N1CCOCC1)c(C)n2C(=O)c1ccc(Cl)cc1,1,ChEMBL_pos
COc1ccc2c(c1)c(CC(=O)N1CCOCC1)c(C)n2C(=O)c1ccc(F)cc1Cl,1,ChEMBL_pos
COc1ccc2c(c1)c(CC(=O)N1CCOCC1)c(C)n2C(=O)c1cccc(Cl)c1,1,ChEMBL_pos
COc1ccc2c(c1)c(CC(=O)N1CCOCC1)c(C)n2C(=O)c1cccc(Cl)c1Cl,1,ChEMBL_pos
COc1ccc2c(c1)c(CC(=O)N1CCOCC1)c(C)n2C(=O)c1ccccc1Cl,1,ChEMBL_pos
COc1ccc2c(c1)c(CCN1CCOCC1)c(C)n2C(=O)c1ccc(Cl)cc1,1,ChEMBL_pos
COc1ccc2c(c1)c(CCN1CCOCC1)c(C)n2C(=O)c1cccc(Cl)c1Cl,1,ChEMBL_pos
COc1ccc2c(c1)c(CN1CCOCC1)c(C)n2C(=O)c1cccc(Cl)c1Cl,1,ChEMBL_pos
COc1ccc2c(c1)c1c(n2C)Cc2ccccc2CCN(C)CC1,1,ChEMBL_pos
COc1ccc2c(c1)cc1n2CCNC1,1,ChEMBL_pos
COc1ccc2c(c1Cl)CCNCC2,1,ChEMBL_pos
COc1ccc2c(c1O)CN1CCc3cc4c(cc3C1C2)OCO4,1,ChEMBL_pos
COc1ccc2c(c1OC)C(=O)C(C)C2,1,ChEMBL_pos
COc1ccc2c(c1OC)CC(C)C2=O,1,ChEMBL_pos
COc1ccc2c(c1OC)CN1CCc3cc4c(cc3C1C2)OCO4,1,ChEMBL_pos
COc1ccc2c(n1)CNC1CCc3cc(O)c(O)cc3C21,1,ChEMBL_pos
COc1ccc2c(n1)N1C(C)CNCC1C2,1,ChEMBL_pos
COc1ccc2c3c1OC1CC(O)C=CC31CCN(C)C2,1,ChEMBL_pos
COc1ccc2cc(C(=O)CCC3CC[N+](C)(Cc4ccccc4)CC3)ccc2c1,1,ChEMBL_pos
COc1ccc2cc(C(C)C(=O)NCCCN3CCN(c4ccccc4OC)CC3)ccc2c1,1,ChEMBL_pos
COc1ccc2cc(CCC(C)=O)ccc2c1,1,ChEMBL_pos
COc1ccc2cccc(N3CCN(CCCCn4ncc(=O)n(C)c4=O)CC3)c2c1,1,ChEMBL_pos
COc1ccc2cnn(CC(C)N)c2c1,1,ChEMBL_pos
COc1ccc2onc(CCC3CCN(Cc4ccccc4)CC3)c2c1,1,ChEMBL_pos
COc1cccc(-c2c(C)c3c(n2-c2ccc(Cl)cc2Cl)CCN(C2CCCCC2)C3=O)c1,1,ChEMBL_pos
COc1cccc(-c2c[nH]c3ncc(-c4cccc(N)c4)cc23)c1,1,ChEMBL_pos
COc1cccc(-c2c[nH]c3ncnc(NC(C)c4nn5ccc(C)c5c(=O)n4-c4ccccc4)c23)c1O,1,ChEMBL_pos
COc1cccc(-c2cccc(C3(C)CC(=O)N(C)C(N)=N3)c2)c1,1,ChEMBL_pos
COc1cccc(-c2cccc(CCC3(C)CC(=O)N(C)C(N)=N3)c2)c1,1,ChEMBL_pos
COc1cccc(-c2cccc(CN3CCN(c4ncccn4)CC3)c2)c1,1,ChEMBL_pos
COc1cccc(-c2cnc3[nH]cc(-c4ccc(OC)c(OC)c4)c3c2)c1,1,ChEMBL_pos
COc1cccc(-c2csc(NN=C(C)c3cccnc3)n2)c1,1,ChEMBL_pos
COc1cccc(-c2csc(NN=C(C)c3ccco3)n2)c1,1,ChEMBL_pos
COc1cccc(-c2csc(NN=C(C)c3cccs3)n2)c1,1,ChEMBL_pos
COc1cccc(-c2csc(NN=C3CCC(C)CC3)n2)c1,1,ChEMBL_pos
COc1cccc(-c2csc(NN=C3CCCC(C)C3)n2)c1,1,ChEMBL_pos
COc1cccc(-c2csc(NN=C3CCCC3)n2)c1,1,ChEMBL_pos
COc1cccc(-c2csc(NN=C3CCCC3C)n2)c1,1,ChEMBL_pos
COc1cccc(-c2csc(NN=C3CCCCC3C)n2)c1,1,ChEMBL_pos
COc1cccc(-c2csc(NN=Cc3c[nH]c4ccccc34)n2)c1,1,ChEMBL_pos
COc1cccc(-c2csc(NN=Cc3cccc4c3OCO4)n2)c1,1,ChEMBL_pos
COc1cccc(-c2csc(NN=Cc3cccnc3)n2)c1,1,ChEMBL_pos
COc1cccc(-c2csc(NN=Cc3ccco3)n2)c1,1,ChEMBL_pos
COc1cccc(-c2csc(NN=Cc3cccs3)n2)c1,1,ChEMBL_pos
COc1cccc(-c2csc(NN=Cc3ccncc3)n2)c1,1,ChEMBL_pos
COc1cccc(-n2c(C(C)Nc3nc(N)nc(N)c3C#N)nc3cccc(Cl)c3c2=O)c1,1,ChEMBL_pos
COc1cccc(-n2ccc(C)c(-c3ccc4nc(N)ncc4c3)c2=O)c1,1,ChEMBL_pos
COc1cccc(C(=O)N2CCC(C(=O)Nc3ccc(Cl)cc3)CC2)c1,1,ChEMBL_pos
COc1cccc(C(=O)N2CCC(C(=O)Nc3cccc(Cl)c3)CC2)c1,1,ChEMBL_pos
COc1cccc(C(=O)N2CCc3c(nn(C)c3-c3cc(Cl)cc(C4(NS(C)(=O)=O)CC4)c3)C2C)c1Cl,1,ChEMBL_pos
COc1cccc(C(=O)N2CCc3c(nn(C)c3-c3cc(Cl)cc(CNS(C)(=O)=O)c3)C2C)c1Cl,1,ChEMBL_pos
COc1cccc(C(=O)N2CCc3c(nn(C)c3-c3cc(Cl)cc(CS(N)(=O)=O)c3)C2C)c1Cl,1,ChEMBL_pos
COc1cccc(C(=O)N=c2sc(C(C)(C)C)c(C)n2CC2CC2)c1,1,ChEMBL_pos
COc1cccc(C(=O)NN2c3ccc(Cl)cc3N=C(N3CCN(C)CC3)c3cc(Cl)ccc32)c1,1,ChEMBL_pos
COc1cccc(C(=O)NN2c3ccc(Cl)cc3N=C(N3CCN(C)CC3)c3ccccc32)c1,1,ChEMBL_pos
COc1cccc(C(=O)NN2c3ccccc3N=C(N3CCN(C)CC3)c3cc(Cl)ccc32)c1,1,ChEMBL_pos
COc1cccc(C(O)C2CCN(CCc3ccc(F)cc3)CC2)c1OC,1,ChEMBL_pos
COc1cccc(C2C(=O)N(C3CCN(C(=O)n4cncn4)CC3)C2c2ccc3c(c2)OCO3)c1,1,ChEMBL_pos
COc1cccc(C2C(=O)N(C3CCN(C(=O)n4cncn4)CC3)C2c2cccc(OC)c2)c1,1,ChEMBL_pos
COc1cccc(CC(=O)N2CCC(C)c3cccc(CCN4CCN(c5nsc6ccccc56)CC4)c32)c1,1,ChEMBL_pos
COc1cccc(CN2CCC(NC(=O)c3ccc(-c4cccs4)cc3)C2)c1,1,ChEMBL_pos
COc1cccc(CNC(=O)c2ccc(Br)c(S(=O)(=O)N3CCCCC3)c2)c1,1,ChEMBL_pos
COc1cccc(CNCC(O)C(CC(C)C)NC(=O)c2cc(C(=O)NC(C)c3ccccc3)cc(N(C)S(C)(=O)=O)c2)c1,1,ChEMBL_pos
COc1cccc(CNCC(O)C(Cc2ccccc2)NC(=O)c2cc(C(=O)NC(C)c3ccccc3)cc(N(C)S(C)(=O)=O)c2)c1,1,ChEMBL_pos
COc1cccc(CNCC(O)C(Cc2ccccc2)NC(=O)c2cc(C(=O)NC(C)c3nc(C)oc3C)cc(N(C)S(C)(=O)=O)c2)c1,1,ChEMBL_pos
COc1cccc(CNCC(O)C(Cc2ccccc2)NC(=O)c2cc(C(=O)NCc3nc(C)oc3C)cc(N(C)S(C)(=O)=O)c2)c1,1,ChEMBL_pos
COc1cccc(COc2nc3c(c(=O)n(C)c(=O)n3C)n2C)c1,1,ChEMBL_pos
COc1cccc(Cc2c(N)nc(SCCN3CCN(Cc4cccc(C(F)(F)F)c4)CC3)nc2N)c1,1,ChEMBL_pos
COc1cccc(N2CCN(CC3CC3c3ccccc3)CC2)c1,1,ChEMBL_pos
COc1cccc(N2CCN(CCC3CCC(NC(=O)c4cccs4)CC3)CC2)c1,1,ChEMBL_pos
COc1cccc(N2CCN(CCOC(=O)c3cc(Cl)c(N)cc3OC)CC2)c1,1,ChEMBL_pos
COc1cccc(N=C2SCC3(CCCCC3)CN2C(=S)SC)c1,1,ChEMBL_pos
COc1cccc(NC(=O)CCN2CCN(c3ccc(Cl)cc3)CC2)c1,1,ChEMBL_pos
COc1cccc(NC(=O)NCCCN2CCC(Cc3ccc(F)cc3)CC2)c1,1,ChEMBL_pos
COc1cccc(NC(=O)NCCCN2CCC(Cc3ccccc3)CC2)c1,1,ChEMBL_pos
COc1cccc(NC(=O)NCCCN2CCCC(CCc3ccccc3)C2)c1,1,ChEMBL_pos
COc1cccc(NC(=O)NCCCN2CCCC(Cc3ccccc3)C2)c1,1,ChEMBL_pos
COc1cccc(NC(=O)Nc2ccc(-c3c(C)sc4ncnc(N)c34)cc2)c1,1,ChEMBL_pos
COc1cccc(NC(=O)Nc2ccc(-c3cccc4onc(N)c34)cc2)c1,1,ChEMBL_pos
COc1cccc(NC(=O)c2ccc(C)c(C#Cc3cnc4ccnn4c3)c2)c1,1,ChEMBL_pos
COc1cccc(NC(=S)N2N=C(c3ccccc3)CC2c2ccc(O)cc2)c1,1,ChEMBL_pos
COc1cccc(NC(=S)N2N=C(c3ccccc3)CC2c2ccccc2O)c1,1,ChEMBL_pos
COc1cccc(Nc2nccc(N(C)c3ccc4c(C)n(C)nc4c3)n2)c1,1,ChEMBL_pos
COc1cccc(Nc2nccc(N(C)c3ccc4cn(C)nc4c3)n2)c1,1,ChEMBL_pos
COc1cccc(OC)c1C(=O)NN1c2ccc(Cl)cc2N=C(N2CCN(C)CC2)c2cc(Cl)ccc21,1,ChEMBL_pos
COc1cccc(OC)c1C(=O)NN1c2ccc(Cl)cc2N=C(N2CCN(C)CC2)c2ccccc21,1,ChEMBL_pos
COc1cccc(OC)c1C(=O)NN1c2ccccc2N=C(N2CCN(C)CC2)c2cc(Cl)ccc21,1,ChEMBL_pos
COc1cccc(OC)c1CC(=O)N1CCC(C)c2cccc(CCN3CCN(c4nsc5ccccc45)CC3)c21,1,ChEMBL_pos
COc1cccc(Oc2ccc(-c3nnn(C(=O)N(C)C)n3)cc2)c1,1,ChEMBL_pos
COc1cccc(Sc2ccc(C(=O)C3CCN(C(=O)c4cccc(O)c4)CC3)cc2)c1,1,ChEMBL_pos
COc1cccc2[nH]cc(C3CC3N)c12,1,ChEMBL_pos
COc1cccc2c(C(=O)C3C(C)(C)C3(C)C)cn(CC3CCOCC3)c12,1,ChEMBL_pos
COc1cccc2c(C(=O)N(Cc3c(F)cccc3Cl)C(C)C)nn(CCN3CCOCC3)c12,1,ChEMBL_pos
COc1cccc2c(C(=O)NC(C)Cc3ccccc3)c(C)n(CCN3CCOCC3)c12,1,ChEMBL_pos
COc1cccc2c(C(=O)NC(C)Cc3ccccc3)cn(CCN3CCOCC3)c12,1,ChEMBL_pos
COc1cccc2c(C(=O)NC(Cc3ccccc3)C(C)=O)c(C)n(CCN3CCOCC3)c12,1,ChEMBL_pos
COc1cccc2c(C(=O)NC(Cc3ccccc3)c3ccno3)c(C)n(CCN3CCOCC3)c12,1,ChEMBL_pos
COc1cccc2c(C(=O)NC(Cc3ccccc3)c3ccon3)c(C)n(CCN3CCOCC3)c12,1,ChEMBL_pos
COc1cccc2c(C(=O)NC(c3ccccc3)c3ccccn3)nn(CCN3CCOCC3)c12,1,ChEMBL_pos
COc1cccc2c(C(=O)NC3C4(C)CCC(C4)C3(C)C)c(C)n(CCCN3CCOCC3)c12,1,ChEMBL_pos
COc1cccc2c(C(=O)NC3C4(C)CCC(C4)C3(C)C)c(C)n(CCN(C)C)c12,1,ChEMBL_pos
COc1cccc2c(C(=O)NC3C4(C)CCC(C4)C3(C)C)c(C)n(CCN3CCCCC3)c12,1,ChEMBL_pos
COc1cccc2c(C(=O)NC3C4(C)CCC(C4)C3(C)C)c(C)n(CCN3CCOCC3)c12,1,ChEMBL_pos
COc1cccc2c(C(=O)NC3C4(C)CCC(C4)C3(C)C)cn(CCN3CCOCC3)c12,1,ChEMBL_pos
COc1cccc2c(C(=O)NC3C4(C)CCC(C4)C3(C)C)nn(CCN3CCOCC3)c12,1,ChEMBL_pos
COc1cccc2c(C(=O)NC3CC(C)(C)CCC3(C)C)c(C)n(CCN3CCOCC3)c12,1,ChEMBL_pos
COc1cccc2c(C(=O)NC3CC(C)(C)CCC3(C)C)cn(CCN3CCOCC3)c12,1,ChEMBL_pos
COc1cccc2c(C(=O)NC3CCCC3(C)C)c(C)n(CCN3CCOCC3)c12,1,ChEMBL_pos
COc1cccc2c(CCC3CCN(Cc4ccccc4)CC3)noc12,1,ChEMBL_pos
COc1cccc2c1CC(C)C2=O,1,ChEMBL_pos
COc1cccc2c1CCC1CN(CCn3c(=O)[nH]c4c(sc5cccnc54)c3=O)CC21,1,ChEMBL_pos
COc1cccc2c1Cc1ccccc1C2CN,1,ChEMBL_pos
COc1cccc2c1Cc1ccccc1CCN(C)CC2,1,ChEMBL_pos
COc1cccc2c1c(C(=O)C1C(C)(C)C1(C)C)cn2CC1CCOCC1,1,ChEMBL_pos
COc1cccc2c1nc(C(F)F)n2-c1cc(N2CCN(S(C)(=O)=O)CC2)nc(N2CCOCC2)n1,1,ChEMBL_pos
COc1cccc2c1nc(C(F)F)n2-c1cc(N2CCOCC2)nc(N2CCN(S(C)(=O)=O)CC2)n1,1,ChEMBL_pos
COc1cccc2c1nc(C(F)F)n2-c1nc(C2CCCN(S(C)(=O)=O)C2)nc(N2CCOCC2)n1,1,ChEMBL_pos
COc1cccc2c1nc(C(F)F)n2-c1nc(C2CCN(S(=O)(=O)CCN(C)C)CC2)nc(N2CCOCC2)n1,1,ChEMBL_pos
COc1cccc2c1nc(C(F)F)n2-c1nc(C2CCN(S(C)(=O)=O)CC2)nc(N2CCOCC2)n1,1,ChEMBL_pos
COc1cccc2c1nc(C(F)F)n2-c1nc(N2CCOCC2)c2[nH]c(=O)n(C3CCN(S(C)(=O)=O)CC3)c2n1,1,ChEMBL_pos
COc1cccc2c1nc(C(F)F)n2-c1nc(N2CCOCC2)c2cnn(C3CCN(S(C)(=O)=O)CC3)c2n1,1,ChEMBL_pos
COc1cccc2c1nc(C(F)F)n2-c1nc(N2CCOCC2)c2ncn(C3CCN(S(C)(=O)=O)CC3)c2n1,1,ChEMBL_pos
COc1cccc2c1nc(C(F)F)n2-c1nc(N2CCOCC2)c2nnn(C3CCN(S(C)(=O)=O)CC3)c2n1,1,ChEMBL_pos
COc1cccc2c1nc(C(F)F)n2-c1nc(N2CCOCC2)cc(N2CCN(S(C)(=O)=O)CC2)n1,1,ChEMBL_pos
COc1cccc2c1nc(C(F)F)n2-c1nc(N2CCOCC2)nc(N(C)C2CCCN(S(C)(=O)=O)C2)n1,1,ChEMBL_pos
COc1cccc2c1nc(C(F)F)n2-c1nc(N2CCOCC2)nc(N(C)C2CCN(S(C)(=O)=O)C2)n1,1,ChEMBL_pos
COc1cccc2c1nc(C(F)F)n2-c1nc(N2CCOCC2)nc(N(C)C2CCN(S(C)(=O)=O)CC2)n1,1,ChEMBL_pos
COc1cccc2c1nc(C(F)F)n2-c1nc(N2CCOCC2)nc(N(C)C2CN(S(C)(=O)=O)C2)n1,1,ChEMBL_pos
COc1cccc2c1nc(C(F)F)n2-c1nc(N2CCOCC2)nc(N(CCCN(C)C)C2CCCN(S(C)(=O)=O)C2)n1,1,ChEMBL_pos
COc1cccc2c1nc(C(F)F)n2-c1nc(N2CCOCC2)nc(N(CCCN(C)C)C2CCN(S(C)(=O)=O)CC2)n1,1,ChEMBL_pos
COc1cccc2c1nc(C(F)F)n2-c1nc(N2CCOCC2)nc(N(CCCN2CCN(S(C)(=O)=O)CC2)C2CCN(S(C)(=O)=O)CC2)n1,1,ChEMBL_pos
COc1cccc2c1nc(C(F)F)n2-c1nc(N2CCOCC2)nc(N(CCCN2CCOCC2)C2CCCN(S(C)(=O)=O)C2)n1,1,ChEMBL_pos
COc1cccc2c1nc(C(F)F)n2-c1nc(N2CCOCC2)nc(N(CCCN2CCOCC2)C2CCN(S(C)(=O)=O)CC2)n1,1,ChEMBL_pos
COc1cccc2c1nc(C(F)F)n2-c1nc(N2CCOCC2)nc(N2CC(N(C)S(=O)(=O)CCN(C)C)C2)n1,1,ChEMBL_pos
COc1cccc2c1nc(C(F)F)n2-c1nc(N2CCOCC2)nc(N2CC(N(C)S(C)(=O)=O)C2)n1,1,ChEMBL_pos
COc1cccc2c1nc(C(F)F)n2-c1nc(N2CCOCC2)nc(N2CC(NS(=O)(=O)CCN(C)C)C2)n1,1,ChEMBL_pos
COc1cccc2c1nc(C(F)F)n2-c1nc(N2CCOCC2)nc(N2CC(NS(C)(=O)=O)C2)n1,1,ChEMBL_pos
COc1cccc2c1nc(C(F)F)n2-c1nc(N2CCOCC2)nc(N2CCC(CNS(C)(=O)=O)CC2)n1,1,ChEMBL_pos
COc1cccc2c1nc(C(F)F)n2-c1nc(N2CCOCC2)nc(N2CCC(N(C)S(=O)(=O)CCN(C)C)CC2)n1,1,ChEMBL_pos
COc1cccc2c1nc(C(F)F)n2-c1nc(N2CCOCC2)nc(N2CCC(N(C)S(C)(=O)=O)C2)n1,1,ChEMBL_pos
COc1cccc2c1nc(C(F)F)n2-c1nc(N2CCOCC2)nc(N2CCC(N(C)S(C)(=O)=O)CC2)n1,1,ChEMBL_pos
COc1cccc2c1nc(C(F)F)n2-c1nc(N2CCOCC2)nc(N2CCC(N(CCCN(C)C)S(C)(=O)=O)CC2)n1,1,ChEMBL_pos
COc1cccc2c1nc(C(F)F)n2-c1nc(N2CCOCC2)nc(N2CCC(N(CCCN3CCOCC3)S(C)(=O)=O)CC2)n1,1,ChEMBL_pos
COc1cccc2c1nc(C(F)F)n2-c1nc(N2CCOCC2)nc(N2CCC(NS(=O)(=O)CCN(C)C)CC2)n1,1,ChEMBL_pos
COc1cccc2c1nc(C(F)F)n2-c1nc(N2CCOCC2)nc(N2CCC(NS(C)(=O)=O)C2)n1,1,ChEMBL_pos
COc1cccc2c1nc(C(F)F)n2-c1nc(N2CCOCC2)nc(N2CCC(NS(C)(=O)=O)CC2)n1,1,ChEMBL_pos
COc1cccc2c1nc(C(F)F)n2-c1nc(N2CCOCC2)nc(N2CCC(S(=O)(=O)N(C)C)CC2)n1,1,ChEMBL_pos
COc1cccc2c1nc(C(F)F)n2-c1nc(N2CCOCC2)nc(N2CCC(S(=O)(=O)NCCN(C)C)C2)n1,1,ChEMBL_pos
COc1cccc2c1nc(C(F)F)n2-c1nc(N2CCOCC2)nc(N2CCC(S(=O)(=O)NCCN(C)C)CC2)n1,1,ChEMBL_pos
COc1cccc2c1nc(C(F)F)n2-c1nc(N2CCOCC2)nc(N2CCCC(CNS(C)(=O)=O)C2)n1,1,ChEMBL_pos
COc1cccc2c1nc(C(F)F)n2-c1nc(N2CCOCC2)nc(N2CCCC(N(C)S(C)(=O)=O)C2)n1,1,ChEMBL_pos
COc1cccc2c1nc(C(F)F)n2-c1nc(N2CCOCC2)nc(N2CCCC(NS(C)(=O)=O)C2)n1,1,ChEMBL_pos
COc1cccc2c1nc(C(F)F)n2-c1nc(N2CCOCC2)nc(N2CCN(S(=O)(=O)CCCN(C)C)CC2)n1,1,ChEMBL_pos
COc1cccc2c1nc(C(F)F)n2-c1nc(N2CCOCC2)nc(N2CCN(S(=O)(=O)CCCN3CCOCC3)CC2)n1,1,ChEMBL_pos
COc1cccc2c1nc(C(F)F)n2-c1nc(N2CCOCC2)nc(N2CCN(S(=O)(=O)CCN(C)C)CC2)n1,1,ChEMBL_pos
COc1cccc2c1nc(C(F)F)n2-c1nc(N2CCOCC2)nc(N2CCN(S(=O)(=O)CCN)CC2)n1,1,ChEMBL_pos
COc1cccc2c1nc(C(F)F)n2-c1nc(N2CCOCC2)nc(N2CCN(S(=O)(=O)CCN3CC4CCC(C3)O4)CC2)n1,1,ChEMBL_pos
COc1cccc2c1nc(C(F)F)n2-c1nc(N2CCOCC2)nc(N2CCN(S(=O)(=O)CCN3CCCC3)CC2)n1,1,ChEMBL_pos
COc1cccc2c1nc(C(F)F)n2-c1nc(N2CCOCC2)nc(N2CCN(S(=O)(=O)CCN3CCCCC3)CC2)n1,1,ChEMBL_pos
COc1cccc2c1nc(C(F)F)n2-c1nc(N2CCOCC2)nc(N2CCN(S(=O)(=O)CCN3CCN(C)CC3)CC2)n1,1,ChEMBL_pos
COc1cccc2c1nc(C(F)F)n2-c1nc(N2CCOCC2)nc(N2CCN(S(=O)(=O)CCN3CCN(CCO)CC3)CC2)n1,1,ChEMBL_pos
COc1cccc2c1nc(C(F)F)n2-c1nc(N2CCOCC2)nc(N2CCN(S(=O)(=O)CCN3CCN(S(C)(=O)=O)CC3)CC2)n1,1,ChEMBL_pos
COc1cccc2c1nc(C(F)F)n2-c1nc(N2CCOCC2)nc(N2CCN(S(=O)(=O)CCN3CCOCC3)CC2)n1,1,ChEMBL_pos
COc1cccc2c1nc(C(F)F)n2-c1nc(N2CCOCC2)nc(N2CCN(S(=O)(=O)CCN3CCS(=O)(=O)CC3)CC2)n1,1,ChEMBL_pos
COc1cccc2c1nc(C(F)F)n2-c1nc(N2CCOCC2)nc(N2CCN(S(=O)(=O)CCN3CCSCC3)CC2)n1,1,ChEMBL_pos
COc1cccc2c1nc(C(F)F)n2-c1nc(N2CCOCC2)nc(N2CCN(S(=O)(=O)CCN3CC[S+]([O-])CC3)CC2)n1,1,ChEMBL_pos
COc1cccc2c1nc(C(F)F)n2-c1nc(N2CCOCC2)nc(N2CCN(S(=O)(=O)CCc3ccccn3)CC2)n1,1,ChEMBL_pos
COc1cccc2c1nc(C(F)F)n2-c1nc(N2CCOCC2)nc(N2CCN(S(=O)(=O)CCc3ccncc3)CC2)n1,1,ChEMBL_pos
COc1cccc2c1nc(C(F)F)n2-c1nc(N2CCOCC2)nc(N2CCN(S(=O)(=O)CCn3ccnc3)CC2)n1,1,ChEMBL_pos
COc1cccc2c1nc(C(F)F)n2-c1nc(N2CCOCC2)nc(N2CCN(S(=O)(=O)N(C)C)CC2)n1,1,ChEMBL_pos
COc1cccc2c1nc(C(F)F)n2-c1nc(N2CCOCC2)nc(N2CCN(S(=O)(=O)c3cccnc3)CC2)n1,1,ChEMBL_pos
COc1cccc2c1nc(C(F)F)n2-c1nc(N2CCOCC2)nc(N2CCN(S(C)(=O)=O)CC2)n1,1,ChEMBL_pos
COc1cccc2c1nc(C(F)F)n2-c1nc(NC2CCC(NS(C)(=O)=O)CC2)nc(N2CCOCC2)n1,1,ChEMBL_pos
COc1cccc2c1nc(C(F)F)n2-c1nc(NC2CCCN(S(C)(=O)=O)C2)nc(N2CCOCC2)n1,1,ChEMBL_pos
COc1cccc2c1nc(C(F)F)n2-c1nc(NC2CCN(S(C)(=O)=O)C2)nc(N2CCOCC2)n1,1,ChEMBL_pos
COc1cccc2c1nc(C(F)F)n2-c1nc(NC2CCN(S(C)(=O)=O)CC2)nc(N2CCOCC2)n1,1,ChEMBL_pos
COc1cccc2c1nc(C(F)F)n2-c1nc(NC2CN(S(C)(=O)=O)C2)nc(N2CCOCC2)n1,1,ChEMBL_pos
COc1cccc2c1nc(C(F)F)n2-c1nc(NCC2CCN(S(C)(=O)=O)CC2)nc(N2CCOCC2)n1,1,ChEMBL_pos
COc1cccc2c1nc(C(F)F)n2-c1nc(OC2CCN(S(=O)(=O)CCN(C)C)CC2)nc(N2CCOCC2)n1,1,ChEMBL_pos
COc1cccc2c1nc(C(F)F)n2-c1nc(OC2CCN(S(C)(=O)=O)CC2)nc(N2CCOCC2)n1,1,ChEMBL_pos
COc1cccc2c3c(=O)n(C4C5(C)CCC(C5)C4(C)C)ccc3n(CCN3CCOCC3)c12,1,ChEMBL_pos
COc1cccc2cc(C(=O)Nc3cc(Br)ccc3N3CCN(CCO)CC3)c(=O)oc12,1,ChEMBL_pos
COc1cccc2cc3n(c12)CCNC3,1,ChEMBL_pos
COc1cccc2nc3c(c(N)c12)CCCC3,1,ChEMBL_pos
COc1cccc2nc3c(c(N)c12)CCCO3,1,ChEMBL_pos
COc1cccc2oc3ccccc3c(=O)c12,1,ChEMBL_pos
COc1ccccc1-c1cccc(CN2CCN(c3ncccn3)CC2)c1,1,ChEMBL_pos
COc1ccccc1-c1nc(C(=O)NC2CCCCC2)cn1-c1ccc(Cl)cc1,1,ChEMBL_pos
COc1ccccc1C(=O)CCC1CCN(CC2CCCCC2)CC1,1,ChEMBL_pos
COc1ccccc1C(=O)CCCCCN1CCN(c2noc3ccccc23)CC1,1,ChEMBL_pos
COc1ccccc1C(=O)NN1c2ccc(Cl)cc2N=C(N2CCN(C)CC2)c2ccccc21,1,ChEMBL_pos
COc1ccccc1C1CC(c2ccc(O)cc2)=NN1C(C)=O,1,ChEMBL_pos
COc1ccccc1C1CC(c2ccc(O)cc2O)=NN1C(C)=O,1,ChEMBL_pos
COc1ccccc1C=CC(=O)NCCCCN1CCN(c2ccccc2OC)CC1,1,ChEMBL_pos
COc1ccccc1C=NNc1nc2ccccc2nc1Cc1ccccc1,1,ChEMBL_pos
COc1ccccc1CN(C)CCCCCC(=O)N(C)CCCCCCCCN(C)C(=O)CCCCCN(C)Cc1ccccc1OC,1,ChEMBL_pos
COc1ccccc1CN(C)CCCN(C)CCCNCCC[n+]1c(-c2ccccc2)c2cc(N)ccc2c2ccc(N)cc21,1,ChEMBL_pos
COc1ccccc1CNC(=O)c1nn(CCN2CCOCC2)c2c(OC)cccc12,1,ChEMBL_pos
COc1ccccc1CNN1c2ccc(Cl)cc2N=C(N2CCN(C)CC2)c2ccccc21,1,ChEMBL_pos
COc1ccccc1Cc1c(N)nc(SCCN2CCN(Cc3cccc(C(F)(F)F)c3)CC2)nc1N,1,ChEMBL_pos
COc1ccccc1Cc1c(N)nc(SCCN2CCN(Cc3ccccc3C(F)(F)F)CC2)nc1N,1,ChEMBL_pos
COc1ccccc1Cn1ccc2c(c1=O)c1cccc(OC)c1n2CCN1CCOCC1,1,ChEMBL_pos
COc1ccccc1N1CCN(C2CC3CC(N4CCN(c5ccccc5OC)CC4)CC3C2)CC1,1,ChEMBL_pos
COc1ccccc1N1CCN(C2CC3CC(NC4CC5CC(N6CCN(c7ccccc7OC)CC6)CC5C4)CC3C2)CC1,1,ChEMBL_pos
COc1ccccc1N1CCN(CC(O)CCNC(=O)c2ccc(-c3ccccn3)cc2)CC1,1,ChEMBL_pos
COc1ccccc1N1CCN(CC2CC2c2ccccc2)CC1,1,ChEMBL_pos
COc1ccccc1N1CCN(CC=CCNC(=O)c2cc3ccccc3o2)CC1,1,ChEMBL_pos
COc1ccccc1N1CCN(CC=CCNC(=O)c2cc3ccccc3s2)CC1,1,ChEMBL_pos
COc1ccccc1N1CCN(CC=CCNC(=O)c2ccc(-c3ccccn3)cc2)CC1,1,ChEMBL_pos
COc1ccccc1N1CCN(CC=CCNC(=O)c2ccc3c(c2)Cc2ccccc2-3)CC1,1,ChEMBL_pos
COc1ccccc1N1CCN(CCC2CCC(NC(=O)c3cccs3)CC2)CC1,1,ChEMBL_pos
COc1ccccc1N1CCN(CCC2CCC(Nc3ncccn3)CC2)CC1,1,ChEMBL_pos
COc1ccccc1N1CCN(CCCCCNC(=O)c2cc3ccccn3n2)CC1,1,ChEMBL_pos
COc1ccccc1N1CCN(CCCCCNC(=O)c2cnn3ccccc23)CC1,1,ChEMBL_pos
COc1ccccc1N1CCN(CCCCN2C(=O)C3C4C(=O)CC(C)(CC4C)C3C2=O)CC1,1,ChEMBL_pos
COc1ccccc1N1CCN(CCCCN2C(=O)C3C4C(=O)CC(OC(C)=O)(CC4(C)C)C3C2=O)CC1,1,ChEMBL_pos
COc1ccccc1N1CCN(CCCCN2C(=O)C3C4C(C)=CC(OC(C)=O)(CC4C)C3C2=O)CC1,1,ChEMBL_pos
COc1ccccc1N1CCN(CCCCN2C(=O)C=C(c3ccccc3)C2=O)CC1,1,ChEMBL_pos
COc1ccccc1N1CCN(CCCCN2C(=O)c3cc4ccccc4cc3C2=O)CC1,1,ChEMBL_pos
COc1ccccc1N1CCN(CCCCN2C(=O)c3ccccc3C2=O)CC1,1,ChEMBL_pos
COc1ccccc1N1CCN(CCCCNC(=O)C2(c3ccc(Cl)cc3)CCCC2)CC1,1,ChEMBL_pos
COc1ccccc1N1CCN(CCCCNC(=O)C2CC2c2ccccc2)CC1,1,ChEMBL_pos
COc1ccccc1N1CCN(CCCCNC(=O)C=Cc2ccc(-c3ccccc3)cc2)CC1,1,ChEMBL_pos
COc1ccccc1N1CCN(CCCCNC(=O)C=Cc2ccc(Br)cc2)CC1,1,ChEMBL_pos
COc1ccccc1N1CCN(CCCCNC(=O)C=Cc2ccc(C(C)(C)C)cc2)CC1,1,ChEMBL_pos
COc1ccccc1N1CCN(CCCCNC(=O)C=Cc2ccc(C(F)(F)F)cc2)CC1,1,ChEMBL_pos
COc1ccccc1N1CCN(CCCCNC(=O)C=Cc2ccc(C=CC(=O)NCCCCN3CCN(c4ccccc4OC)CC3)cc2)CC1,1,ChEMBL_pos
COc1ccccc1N1CCN(CCCCNC(=O)C=Cc2ccc(C=O)cc2)CC1,1,ChEMBL_pos
COc1ccccc1N1CCN(CCCCNC(=O)C=Cc2ccc(Cl)c(Cl)c2)CC1,1,ChEMBL_pos
COc1ccccc1N1CCN(CCCCNC(=O)C=Cc2ccc(Cl)cc2Cl)CC1,1,ChEMBL_pos
COc1ccccc1N1CCN(CCCCNC(=O)C=Cc2ccc(F)cc2)CC1,1,ChEMBL_pos
COc1ccccc1N1CCN(CCCCNC(=O)C=Cc2ccc(I)cc2)CC1,1,ChEMBL_pos
COc1ccccc1N1CCN(CCCCNC(=O)C=Cc2ccc(OCc3ccccc3)cc2)CC1,1,ChEMBL_pos
COc1ccccc1N1CCN(CCCCNC(=O)C=Cc2ccc(Oc3ccccc3)cc2)CC1,1,ChEMBL_pos
COc1ccccc1N1CCN(CCCCNC(=O)C=Cc2ccc([N+](=O)[O-])cc2)CC1,1,ChEMBL_pos
COc1ccccc1N1CCN(CCCCNC(=O)C=Cc2ccc3c(c2)OCO3)CC1,1,ChEMBL_pos
COc1ccccc1N1CCN(CCCCNC(=O)C=Cc2cccc(C(F)(F)F)c2)CC1,1,ChEMBL_pos
COc1ccccc1N1CCN(CCCCNC(=O)C=Cc2cccc(Cl)c2)CC1,1,ChEMBL_pos
COc1ccccc1N1CCN(CCCCNC(=O)C=Cc2cccc(I)c2)CC1,1,ChEMBL_pos
COc1ccccc1N1CCN(CCCCNC(=O)C=Cc2cccc(Oc3ccccc3)c2)CC1,1,ChEMBL_pos
COc1ccccc1N1CCN(CCCCNC(=O)C=Cc2cccc3c2OCO3)CC1,1,ChEMBL_pos
COc1ccccc1N1CCN(CCCCNC(=O)C=Cc2ccccc2)CC1,1,ChEMBL_pos
COc1ccccc1N1CCN(CCCCNC(=O)C=Cc2ccco2)CC1,1,ChEMBL_pos
COc1ccccc1N1CCN(CCCCNC(=O)C=Cc2cccs2)CC1,1,ChEMBL_pos
COc1ccccc1N1CCN(CCCCNC(=O)C=Cc2ccsc2)CC1,1,ChEMBL_pos
COc1ccccc1N1CCN(CCCCNC(=O)CCc2ccccc2)CC1,1,ChEMBL_pos
COc1ccccc1N1CCN(CCCCNC(=O)Cc2ccc3ccccc3c2)CC1,1,ChEMBL_pos
COc1ccccc1N1CCN(CCCCNC(=O)c2cc3c4ccc(c3o2)CCc2ccc(cc2)CC4)CC1,1,ChEMBL_pos
COc1ccccc1N1CCN(CCCCNC(=O)c2cc3cc(I)ccc3o2)CC1,1,ChEMBL_pos
COc1ccccc1N1CCN(CCCCNC(=O)c2cc3ccc2CCc2ccc(cc2)CC3)CC1,1,ChEMBL_pos
COc1ccccc1N1CCN(CCCCNC(=O)c2cc3ccccc3[te]2)CC1,1,ChEMBL_pos
COc1ccccc1N1CCN(CCCCNC(=O)c2cc3ccccc3o2)CC1,1,ChEMBL_pos
COc1ccccc1N1CCN(CCCCNC(=O)c2cc3ccccc3oc2=O)CC1,1,ChEMBL_pos
COc1ccccc1N1CCN(CCCCNC(=O)c2cc3ccccc3s2)CC1,1,ChEMBL_pos
COc1ccccc1N1CCN(CCCCNC(=O)c2cc3ccccn3n2)CC1,1,ChEMBL_pos
COc1ccccc1N1CCN(CCCCNC(=O)c2ccc(-c3ccc(Cl)cc3)o2)CC1,1,ChEMBL_pos
COc1ccccc1N1CCN(CCCCNC(=O)c2ccc(-c3ccccc3)cc2)CC1,1,ChEMBL_pos
COc1ccccc1N1CCN(CCCCNC(=O)c2ccc(-c3ccccn3)cc2)CC1,1,ChEMBL_pos
COc1ccccc1N1CCN(CCCCNC(=O)c2ccc(C(=O)c3ccccc3)cc2)CC1,1,ChEMBL_pos
COc1ccccc1N1CCN(CCCCNC(=O)c2ccc(C(C)=O)cc2)CC1,1,ChEMBL_pos
COc1ccccc1N1CCN(CCCCNC(=O)c2ccc(I)cc2)CC1,1,ChEMBL_pos
COc1ccccc1N1CCN(CCCCNC(=O)c2ccc3c(c2)Cc2ccccc2-3)CC1,1,ChEMBL_pos
COc1ccccc1N1CCN(CCCCNC(=O)c2ccc3ccccc3c2)CC1,1,ChEMBL_pos
COc1ccccc1N1CCN(CCCCNC(=O)c2ccc3ccccc3n2)CC1,1,ChEMBL_pos
COc1ccccc1N1CCN(CCCCNC(=O)c2ccc3ccnn3c2)CC1,1,ChEMBL_pos
COc1ccccc1N1CCN(CCCCNC(=O)c2cccc(I)c2)CC1,1,ChEMBL_pos
COc1ccccc1N1CCN(CCCCNC(=O)c2cccc3ccnn23)CC1,1,ChEMBL_pos
COc1ccccc1N1CCN(CCCCNC(=O)c2ccccc2I)CC1,1,ChEMBL_pos
COc1ccccc1N1CCN(CCCCNC(=O)c2cccn3nccc23)CC1,1,ChEMBL_pos
COc1ccccc1N1CCN(CCCCNC(=O)c2ccn3nccc3c2)CC1,1,ChEMBL_pos
COc1ccccc1N1CCN(CCCCNC(=O)c2cnn3ccccc23)CC1,1,ChEMBL_pos
COc1ccccc1N1CCN(CCCCNC(=O)c2coc3ccccc3c2=O)CC1,1,ChEMBL_pos
COc1ccccc1N1CCN(CCCCNC(=O)c2nccc3ccccc23)CC1,1,ChEMBL_pos
COc1ccccc1N1CCN(CCCCNC(=O)c2sc3ccccc3c2Cl)CC1,1,ChEMBL_pos
COc1ccccc1N1CCN(CCCCNS(=O)(=O)c2ccc(C)cc2)CC1,1,ChEMBL_pos
COc1ccccc1N1CCN(CCCCc2cc(-c3ccc(F)cc3)no2)CC1,1,ChEMBL_pos
COc1ccccc1N1CCN(CCCCc2cc(-c3cccc([N+](=O)[O-])c3)no2)CC1,1,ChEMBL_pos
COc1ccccc1N1CCN(CCCCc2cc(-c3cccs3)no2)CC1,1,ChEMBL_pos
COc1ccccc1N1CCN(CCCCc2cc(C=Cc3ccccc3)no2)CC1,1,ChEMBL_pos
COc1ccccc1N1CCN(CCCN2C(=O)C3C4C(=O)CC(C)(CC4C)C3C2=O)CC1,1,ChEMBL_pos
COc1ccccc1N1CCN(CCCN2C(=O)c3ccccc3C2=O)CC1,1,ChEMBL_pos
COc1ccccc1N1CCN(CCCNC(=O)Cc2ccc3ccccc3c2)CC1,1,ChEMBL_pos
COc1ccccc1N1CCN(CCCNC(=O)Cc2cccc3ccccc23)CC1,1,ChEMBL_pos
COc1ccccc1N1CCN(CCCNC(=O)c2cc3ccccn3n2)CC1,1,ChEMBL_pos
COc1ccccc1N1CCN(CCCNC(=O)c2cccc(I)c2)CC1,1,ChEMBL_pos
COc1ccccc1N1CCN(CCCNC(=O)c2ccccc2I)CC1,1,ChEMBL_pos
COc1ccccc1N1CCN(CCCNC(=O)c2cnn3ccccc23)CC1,1,ChEMBL_pos
COc1ccccc1N1CCN(CCCNC2=Nc3ccccc3OC2)CC1,1,ChEMBL_pos
COc1ccccc1N1CCN(CCCNS(=O)(=O)c2ccc3ccccc3c2)CC1,1,ChEMBL_pos
COc1ccccc1N1CCN(CCCON2C(=O)C3C4C(=O)CC(C)(CC4C)C3C2=O)CC1,1,ChEMBL_pos
COc1ccccc1N1CCN(CCCON2C(=O)C3C4C(C)=CC(OC(C)=O)(CC4C)C3C2=O)CC1,1,ChEMBL_pos
COc1ccccc1N1CCN(CCCOc2ccc(-c3nc4ccccc4[nH]3)cc2)CC1,1,ChEMBL_pos
COc1ccccc1N1CCN(CCCc2cn(CCCN3CCc4cc(O)c(O)cc4C(c4ccccc4C)C3)nn2)CC1,1,ChEMBL_pos
COc1ccccc1N1CCN(CCCn2cc(CCCCN3CCc4cc(O)c(O)cc4C(c4cccc(C)c4)C3)nn2)CC1,1,ChEMBL_pos
COc1ccccc1N1CCN(CCCn2cc(CCCN3CCc4cc(O)c(O)cc4C(c4cccc(C)c4)C3)nn2)CC1,1,ChEMBL_pos
COc1ccccc1N1CCN(CCCn2cc(CCCN3CCc4cc(O)c(O)cc4C(c4ccccc4C)C3)nn2)CC1,1,ChEMBL_pos
COc1ccccc1N1CCN(CCCn2cc(CN3CCc4cc(O)c(O)cc4C(c4cccc(C)c4)C3)nn2)CC1,1,ChEMBL_pos
COc1ccccc1N1CCN(CCNC(=O)c2cc(Br)c3ccccc3c2OC)CC1,1,ChEMBL_pos
COc1ccccc1N1CCN(CCNC(=O)c2cc3ccccn3n2)CC1,1,ChEMBL_pos
COc1ccccc1N1CCN(CCNC(=O)c2cnn3ccccc23)CC1,1,ChEMBL_pos
COc1ccccc1N1CCN(CCc2cn(-c3ccn4ncc(C=O)c4c3)nn2)CC1,1,ChEMBL_pos
COc1ccccc1N1CCN(CNC(=O)c2ccc(C)cc2)CC1,1,ChEMBL_pos
COc1ccccc1N1CCN(CNC(=O)c2ccc(Cl)cc2)CC1,1,ChEMBL_pos
COc1ccccc1N1CCN(CNC(=O)c2cccc(C)c2)CC1,1,ChEMBL_pos
COc1ccccc1N1CCN(CNC(=O)c2cccc(Cl)c2)CC1,1,ChEMBL_pos
COc1ccccc1N1CCN(Cc2cccc(CNC(=O)c3ccc4ccccc4c3)c2)CC1,1,ChEMBL_pos
COc1ccccc1N=C1SCC(C)(C)CN1C(=S)SC,1,ChEMBL_pos
COc1ccccc1N=C1SCC2(CCCCC2)CN1C(=S)SC,1,ChEMBL_pos
COc1ccccc1NC(=O)C1CCN(C(=O)c2cccc(O)c2)CC1,1,ChEMBL_pos
COc1ccccc1NC(=O)Nc1ccc(-c2c(C)sc3ncnc(N)c23)cc1,1,ChEMBL_pos
COc1ccccc1NC(=O)c1ccc(C)c(C#Cc2cnc3ccnn3c2)c1,1,ChEMBL_pos
COc1ccccc1NC(=S)N1N=C(c2ccccc2)CC1c1ccccc1O,1,ChEMBL_pos
COc1ccccc1Nc1nc(N)n(-c2cc(NCCN(C)C)ncn2)n1,1,ChEMBL_pos
COc1ccccc1Nc1nc(N)n(-c2ccccn2)n1,1,ChEMBL_pos
COc1ccccc1OCCNCC(O)COc1cccc2[nH]c3ccccc3c12,1,ChEMBL_pos
COc1ccccc1OCCNCC(O)c1ccc(O)c(O)c1,1,ChEMBL_pos
COc1ccccc1OCCNCCc1ccc(O)c(O)c1,1,ChEMBL_pos
COc1cncc(-n2c(C(C)Nc3nc(N)nc(N)c3C#N)nc3cccc(Cl)c3c2=O)c1,1,ChEMBL_pos
COc1cncc(Nc2ncc(CN3CCN(S(C)(=O)=O)CC3)cc2-c2nc(C)nc(N)n2)c1,1,ChEMBL_pos
COc1nc(NCCCN2CCOCC2)nc(OC)c1NC(=O)c1ccc(Oc2cc3c(cc2C)CCC3(C)C)o1,1,ChEMBL_pos
COc1ncc(-c2cc(N(C)C3CCN(C(=O)C4CCOCC4)C3)c3cnn(C)c3n2)cc1NS(C)(=O)=O,1,ChEMBL_pos
COc1ncc(-c2cc(NC(=O)c3coc(CN4CCN(C(C)C)CC4)n3)c3cnn(C)c3n2)cc1NS(C)(=O)=O,1,ChEMBL_pos
COc1ncc(-c2cc(NC(=O)c3coc(CN4CCN(CCN5CCOCC5)CC4)n3)c3cnn(C)c3n2)cc1NS(C)(=O)=O,1,ChEMBL_pos
COc1ncc(-c2cc(NC(=O)c3coc(CN4CCN(Cc5cccnc5)CC4)n3)c3cnn(C)c3n2)cc1NS(C)(=O)=O,1,ChEMBL_pos
COc1ncc(-c2cc(NC3CCN(C(=O)C4CCOCC4)C3)c3cnn(C)c3n2)cc1NS(C)(=O)=O,1,ChEMBL_pos
COc1ncc(-c2cc(OC3CCC(NC(=O)C4CCOCC4)CC3)c3cnn(C)c3n2)cc1NS(C)(=O)=O,1,ChEMBL_pos
COc1ncc(-c2cc(OC3CCN(C(=O)C4(C)CCOCC4)C3)c3cnn(C)c3n2)cc1NS(C)(=O)=O,1,ChEMBL_pos
COc1ncc(-c2cc(OC3CCN(C(=O)C4CCOCC4)C3)c3cnn(C)c3n2)cc1NS(C)(=O)=O,1,ChEMBL_pos
COc1ncc(-c2cc(OC3CCN(C(=O)CC4CCOCC4)C3)c3cnn(C)c3n2)cc1NS(C)(=O)=O,1,ChEMBL_pos
COc1ncc(-c2cc(OC3CCN(C(=O)c4ccccc4)C3)c3cnn(C)c3n2)cc1NS(C)(=O)=O,1,ChEMBL_pos
COc1ncc(-c2cc(OC3CCN(C4CCOCC4)C3)c3cnn(C)c3n2)cc1NS(C)(=O)=O,1,ChEMBL_pos
COc1ncc(-c2cc(OC3CCN(CC4CCOCC4)C3)c3cnn(C)c3n2)cc1NS(C)(=O)=O,1,ChEMBL_pos
COc1ncc(-c2cc(OC3CCN(Cc4c(C)nn(C)c4C)C3)c3cnn(C)c3n2)cc1NS(C)(=O)=O,1,ChEMBL_pos
COc1ncc(-c2cc(OC3CCN(Cc4ccccc4)C3)c3cnn(C)c3n2)cc1NS(C)(=O)=O,1,ChEMBL_pos
COc1ncc(-c2cc(OC3CCN(Cc4cnn(C)c4)C3)c3cnn(C)c3n2)cc1NS(C)(=O)=O,1,ChEMBL_pos
COc1ncc(-c2cc(OC3CCN(S(=O)(=O)C4CCOCC4)C3)c3cnn(C)c3n2)cc1NS(C)(=O)=O,1,ChEMBL_pos
COc1ncc(-c2cc(OC3CCOC3)c3ncnc(C)c3c2)cc1NS(=O)(=O)c1ccc(F)cc1F,1,ChEMBL_pos
COc1ncc(-c2cc(OC3CCOCC3)c3ncnc(C)c3c2)cc1NS(=O)(=O)c1ccc(F)cc1F,1,ChEMBL_pos
COc1ncc(-c2cc(OC3CN(C(=O)C4CCOCC4)C3)c3cnn(C)c3n2)cc1NS(C)(=O)=O,1,ChEMBL_pos
COc1ncc(-c2cc(OCC3(C)COC3)c3ncnc(C)c3c2)cc1NS(=O)(=O)c1ccc(F)cc1F,1,ChEMBL_pos
COc1ncc(-c2cc(OCC3CCCN(C(=O)C4CCN(C(C)=O)CC4)C3)c3cnn(C)c3n2)cc1NS(C)(=O)=O,1,ChEMBL_pos
COc1ncc(-c2cc(OCC3CCCN(C(=O)C4CCN(CCC(F)(F)F)CC4)C3)c3cnn(C)c3n2)cc1NS(C)(=O)=O,1,ChEMBL_pos
COc1ncc(-c2cc(OCC3CCCN(C(=O)C4CCOCC4)C3)c3cnn(C)c3n2)cc1NS(C)(=O)=O,1,ChEMBL_pos
COc1ncc(-c2cc(OCC3CCCN(C(=O)CC4CCOC4)C3)c3cnn(C)c3n2)cc1NS(C)(=O)=O,1,ChEMBL_pos
COc1ncc(-c2cc(OCC3CCCN(C(=O)c4cccnn4)C3)c3cnn(C)c3n2)cc1NS(C)(=O)=O,1,ChEMBL_pos
COc1ncc(-c2cc(OCC3CCCN(CC4(C)COC4)C3)c3cnn(C)c3n2)cc1NS(C)(=O)=O,1,ChEMBL_pos
COc1ncc(-c2cc(OCC3CCCN(CC4CCOCC4)C3)c3cnn(C)c3n2)cc1NS(C)(=O)=O,1,ChEMBL_pos
COc1ncc(-c2cc(OCC3CCCN(CCC4CCOCC4)C3)c3cnn(C)c3n2)cc1NS(C)(=O)=O,1,ChEMBL_pos
COc1ncc(-c2cc(OCC3CCCN(Cc4c(C)nn(C)c4C)C3)c3cnn(C)c3n2)cc1NS(C)(=O)=O,1,ChEMBL_pos
COc1ncc(-c2cc(OCC3CCCN(Cc4cn(C)nc4C)C3)c3cnn(C)c3n2)cc1NS(C)(=O)=O,1,ChEMBL_pos
COc1ncc(-c2cc(OCCCCCCC(=O)NO)c3ncnc(C)c3c2)cc1F,1,ChEMBL_pos
COc1ncc(-c2ccc3c(c2)N(C(C)C)C(=O)CO3)cc1NS(=O)(=O)c1ccc(F)cc1,1,ChEMBL_pos
COc1ncc(-c2ccc3c(c2)N(C2CC2)C(=O)CO3)cc1NS(=O)(=O)c1ccc(F)cc1,1,ChEMBL_pos
COc1ncc(-c2ccc3c(c2)N(C2CCCCC2)C(=O)CO3)cc1NS(=O)(=O)c1ccc(F)cc1,1,ChEMBL_pos
COc1ncc(-c2ccc3c(c2)N(c2ccc(C)cc2)C(=O)CO3)cc1NS(=O)(=O)c1ccc(F)cc1,1,ChEMBL_pos
COc1ncc(-c2ccc3c(c2)N(c2ccc(Cl)cc2)C(=O)CO3)cc1NS(=O)(=O)c1ccc(F)cc1,1,ChEMBL_pos
COc1ncc(-c2ccc3c(c2)N(c2ccc(F)cc2)C(=O)CO3)cc1NS(=O)(=O)c1ccc(F)cc1,1,ChEMBL_pos
COc1ncc(-c2ccc3c(c2)N(c2ccccc2)C(=O)CO3)cc1NS(=O)(=O)c1ccc(F)cc1,1,ChEMBL_pos
COc1ncc(-c2ccc3c(c2)NC(=O)CO3)cc1NS(=O)(=O)c1ccc(F)cc1,1,ChEMBL_pos
COc1ncc(-c2ccc3ncc(-c4nnc(CCN5CCN(C)CC5)o4)n3c2)cc1NS(=O)(=O)c1ccc(F)cc1F,1,ChEMBL_pos
COc1ncc(-c2ccc3ncc(C(=O)NCCCN4CCOCC4)n3c2)cc1NS(=O)(=O)c1ccc(F)cc1F,1,ChEMBL_pos
COc1ncc(-c2ccc3ncc(C(=O)NCCN4CCOCC4)n3c2)cc1NS(=O)(=O)c1ccc(F)cc1F,1,ChEMBL_pos
COc1ncc(-c2ccc3ncc(Cl)c(=O)n3c2)cc1NS(=O)(=O)c1ccc(F)cc1F,1,ChEMBL_pos
COc1ncc(-c2ccc3nccc(-c4ccnnc4)c3c2)cc1NS(=O)(=O)c1ccc(F)cc1F,1,ChEMBL_pos
COc1ncc(-c2ccc3ncn(C4CCN(C(=O)C5CC5)C4)c(=O)c3c2)cc1NS(=O)(=O)c1ccc(F)cc1,1,ChEMBL_pos
COc1ncc(-c2ccc3ncn(C4CCN(CC5CC5)C4)c(=O)c3c2)cc1NS(=O)(=O)c1ccc(F)cc1,1,ChEMBL_pos
COc1ncc(-c2ccc3ncn(CCCN4CCOCC4)c(=O)c3c2)cc1NS(=O)(=O)c1ccc(F)cc1F,1,ChEMBL_pos
COc1ncc(-c2ccc3ncnc(Nc4cccc(C(=O)N5CCOCC5)c4)c3c2)cc1C#N,1,ChEMBL_pos
COc1ncc(Nc2ncc(C(C)(C)N3CCN(S(C)(=O)=O)CC3)cc2-c2nc(C)nc(N)n2)cc1F,1,ChEMBL_pos
COc1ncc(Nc2ncc(C(C)N3CCN(S(C)(=O)=O)CC3)cc2-c2nc(C)nc(N)n2)cc1F,1,ChEMBL_pos
COc1ncc(Nc2ncc(C(C)N3CCN(S(C)(=O)=O)CC3C)cc2-c2nc(C)nc(N)n2)cc1F,1,ChEMBL_pos
COc1ncc(Nc2ncc(C(N3CCN(S(C)(=O)=O)CC3)C(F)(F)F)cc2-c2nc(C)nc(N)n2)cc1F,1,ChEMBL_pos
COc1ncc(Nc2ncc(CN3CCN(S(C)(=O)=O)CC3)cc2-c2nc(C)nc(N)n2)cc1F,1,ChEMBL_pos
COc1ncc(Nc2ncc(CN3CCN(S(C)(=O)=O)CC3)cc2-c2nc(C)nc(N)n2)cn1,1,ChEMBL_pos
COc1ncc(Nc2ncc(CN3CCN(S(C)(=O)=O)CC3C)cc2-c2nc(C)nc(N)n2)cc1F,1,ChEMBL_pos
COc1ncc2cc1NS(=O)(=O)c1ccc(F)c(c1)C(=O)NCc1ccc(s1)-c1ncnc3c(C)c-2sc13,1,ChEMBL_pos
COc1ncc2cc1NS(=O)(=O)c1cccc(c1)C(=O)NCc1ccc(s1)-c1ncnc3c(C)c-2sc13,1,ChEMBL_pos
COc1ncc2cc1NS(=O)(=O)c1cccc(c1)C(=O)NCc1cncc(c1)-c1cnc3ccc-2cn13,1,ChEMBL_pos
COc1nn(-c2ccc(NC(=O)OCc3ccccc3)c(C)c2)c(=O)o1,1,ChEMBL_pos
COc1nn(-c2ccc(Oc3ccccc3)cc2)c(=O)o1,1,ChEMBL_pos
COc1nn(-c2ccc(Oc3ccccc3)cc2C(F)(F)F)c(=O)o1,1,ChEMBL_pos
COc1nn(-c2cccc(Oc3ccccc3)c2)c(=O)o1,1,ChEMBL_pos
COc1nn(C(C)c2ccc(N(c3ccccc3)c3ccccc3)cc2)c(=O)o1,1,ChEMBL_pos
COc1nn(CC(C)N)c2c1ccc1occc12,1,ChEMBL_pos
COc1nn(Cc2ccc(N(c3ccccc3)c3ccccc3)cc2)c(=O)o1,1,ChEMBL_pos
COc1nn(Cc2ccc(NC(=O)c3ccccc3)cc2)c(=O)o1,1,ChEMBL_pos
COc1nn(Cc2ccc(OCc3ccccc3)cc2)c(=O)o1,1,ChEMBL_pos
COc1nn(Cc2ccc(Oc3ccccc3)cc2)c(=O)o1,1,ChEMBL_pos
CP(=O)(O)C(NCc1ccccc1)c1cc([N+](=O)[O-])cc2nc(O)c(O)nc12,1,ChEMBL_pos
CS(=O)(=O)C1(c2cc(-c3cnc(N)cc3C(F)(F)F)nc(N3CCOCC3)n2)CC1,1,ChEMBL_pos
CS(=O)(=O)CCN1CCC(c2ccc(NC(=O)c3nc(C#N)c[nH]3)c(C3=CCCCC3)c2)CC1,1,ChEMBL_pos
CS(=O)(=O)CCNC(=O)c1cc(CNc2ccccc2C(=O)Nc2ccc3c(c2)OC(F)(F)O3)ccn1,1,ChEMBL_pos
CS(=O)(=O)N1CCC(N2CCc3c(-c4cnc(N)nc4)nc(N4CCOCC4)nc32)C1,1,ChEMBL_pos
CS(=O)(=O)N1CCN(Cc2cc3nc(-c4cccc5[nH]ncc45)nc(N4CCOCC4)c3s2)CC1,1,ChEMBL_pos
CS(=O)(=O)N1CCN(c2nc(N3CCOCC3)nc(-n3c(C(F)F)nc4ccccc43)n2)CC1,1,ChEMBL_pos
CS(=O)(=O)NC(=O)c1nc2cc(Cl)c(Cl)cc2nc1O,1,ChEMBL_pos
CS(=O)(=O)Nc1cc(CNc2ccccc2C(=O)Nc2ccc3c(c2)OC(F)(F)O3)ccn1,1,ChEMBL_pos
CS(=O)(=O)Nc1cc(F)ccc1C(=O)CCCN1CCC2C(C1)c1cccc3c1N2CCCS3,1,ChEMBL_pos
CS(=O)(=O)Oc1cc(C(=O)NC(Cc2ccccc2)C(O)C(=O)Nc2cccc(-c3nn[nH]n3)c2)nc(C(=O)N2COCC2c2ccccc2)c1,1,ChEMBL_pos
CS(=O)(=O)c1ccc(CN2CCN(C(=O)OC(C(F)(F)F)C(F)(F)F)CC2)c(N2CCCC2)c1,1,ChEMBL_pos
CS(=O)(=O)c1ccc(NC(=O)NN=C(c2ccccc2)c2ccccc2)cc1,1,ChEMBL_pos
CS(=O)(=O)c1ccc(NC(=O)NN=C2C(=O)Nc3ccc(Cl)cc32)cc1,1,ChEMBL_pos
CS(=O)(=O)c1ccc(NC(=O)NN=C2C(=O)Nc3ccccc32)cc1,1,ChEMBL_pos
CS(=O)(=O)c1ccc(NC(=O)NN=Cc2c(Cl)cccc2Cl)cc1,1,ChEMBL_pos
CS(=O)(=O)c1ccc(NC(=O)NN=Cc2ccc(Cl)cc2)cc1,1,ChEMBL_pos
CS(=O)(=O)c1ccc(NC(=O)NN=Cc2ccc(Cl)cc2Cl)cc1,1,ChEMBL_pos
CS(=O)(=O)c1ccc(NC(=O)NN=Cc2ccc(F)cc2)cc1,1,ChEMBL_pos
CS(=O)(=O)c1ccc(NC(=O)NN=Cc2cccc(Cl)c2Cl)cc1,1,ChEMBL_pos
CS(=O)(=O)c1ccc(NC(=O)NN=Cc2ccccc2)cc1,1,ChEMBL_pos
CS(=O)(=O)c1ccc(NC(=O)NN=Cc2ccccc2Cl)cc1,1,ChEMBL_pos
CSC(=NS(=O)(=O)c1ccc(C(F)(F)F)cc1)N1CC(c2ccccc2)C(c2ccc(Cl)cc2)=N1,1,ChEMBL_pos
CSC(=S)N1CC(C)(C)CSC1=Nc1ccc(C(C)C)cc1,1,ChEMBL_pos
CSC(=S)N1CC(C)(C)CSC1=Nc1cccc(C(C)C)c1,1,ChEMBL_pos
CSC(=S)N1CC(C)(C)CSC1=Nc1ccccc1,1,ChEMBL_pos
CSC(=S)N1CC(C)(C)CSC1=Nc1ccccc1-c1ccccc1,1,ChEMBL_pos
CSC(=S)N1CC(C)(C)CSC1=Nc1ccccc1Br,1,ChEMBL_pos
CSC(=S)N1CC(C)(C)CSC1=Nc1ccccc1C,1,ChEMBL_pos
CSC(=S)N1CC(C)(C)CSC1=Nc1ccccc1C(C)(C)C,1,ChEMBL_pos
CSC(=S)N1CC(C)(C)CSC1=Nc1ccccc1C(C)C,1,ChEMBL_pos
CSC(=S)N1CC(C)(C)CSC1=Nc1ccccc1C(F)(F)F,1,ChEMBL_pos
CSC(=S)N1CC(C)(C)CSC1=Nc1ccccc1Cl,1,ChEMBL_pos
CSC(=S)N1CC(C)(C)CSC1=Nc1ccccc1F,1,ChEMBL_pos
CSC(=S)N1CC(C)CSC1=Nc1ccccc1C(C)C,1,ChEMBL_pos
CSC(=S)N1CC2(CC2)CSC1=Nc1ccccc1C(C)C,1,ChEMBL_pos
CSC(=S)N1CC2(CCCC2)CSC1=Nc1ccccc1C(C)C,1,ChEMBL_pos
CSC(=S)N1CC2(CCCCC2)CSC1=Nc1ccc(C#N)cc1,1,ChEMBL_pos
CSC(=S)N1CC2(CCCCC2)CSC1=Nc1ccc(C(C)C)cc1,1,ChEMBL_pos
CSC(=S)N1CC2(CCCCC2)CSC1=Nc1ccc(C(F)(F)F)cc1,1,ChEMBL_pos
CSC(=S)N1CC2(CCCCC2)CSC1=Nc1ccc(OC(F)(F)F)cc1,1,ChEMBL_pos
CSC(=S)N1CC2(CCCCC2)CSC1=Nc1ccc2c(c1)CCCC2,1,ChEMBL_pos
CSC(=S)N1CC2(CCCCC2)CSC1=Nc1cccc(C(C)C)c1,1,ChEMBL_pos
CSC(=S)N1CC2(CCCCC2)CSC1=Nc1cccc(C)c1C,1,ChEMBL_pos
CSC(=S)N1CC2(CCCCC2)CSC1=Nc1cccc2c1CCC2,1,ChEMBL_pos
CSC(=S)N1CC2(CCCCC2)CSC1=Nc1cccc2c1CCCC2,1,ChEMBL_pos
CSC(=S)N1CC2(CCCCC2)CSC1=Nc1cccc2c1CCCN2C,1,ChEMBL_pos
CSC(=S)N1CC2(CCCCC2)CSC1=Nc1cccc2ccccc12,1,ChEMBL_pos
CSC(=S)N1CC2(CCCCC2)CSC1=Nc1cccc2ncccc12,1,ChEMBL_pos
CSC(=S)N1CC2(CCCCC2)CSC1=Nc1cccc2nonc12,1,ChEMBL_pos
CSC(=S)N1CC2(CCCCC2)CSC1=Nc1cccc2nsnc12,1,ChEMBL_pos
CSC(=S)N1CC2(CCCCC2)CSC1=Nc1ccccc1C(C)C,1,ChEMBL_pos
CSC(=S)N1CC2(CCCCC2)CSC1=Nc1ccccc1C(F)(F)F,1,ChEMBL_pos
CSC(=S)N1CC2(CCCCC2)CSC1=Nc1ccccc1OC(F)(F)F,1,ChEMBL_pos
CSC1=NC(=O)C(=Cc2c[nH]c3c(Br)cccc23)N1,1,ChEMBL_pos
CSC1=NC(=O)C(=Cc2c[nH]c3cc(Br)ccc23)N1,1,ChEMBL_pos
CSC1=NC(=O)C(=Cc2c[nH]c3cccc(Br)c23)N1,1,ChEMBL_pos
CSCC(NC(=O)C(NC(=O)OC(C)(C)C)C(C)C)C(=O)NC(CC(C)C)C(O)CC(C)C(=O)NC(C(=O)NCc1ccccc1)C(C)C,1,ChEMBL_pos
CSCCC(NC(=O)C(CC(C)C)NC(C)=O)C(=O)NC(CC(C)C)C(O)C1CC(=O)CC1C(=O)NC(C)C(=O)O,1,ChEMBL_pos
CSCCC(NC(=O)C(CC(C)C)NC(C)=O)C(=O)NC(CC(C)C)C(O)C1CCCC1C(=O)NC(C(=O)O)C(C)C,1,ChEMBL_pos
CSCCC(NC(=O)C(CC(C)C)NC(C)=O)C(=O)NC(CC(C)C)C(O)C1CCCC1C(=O)NC(C)C(=O)O,1,ChEMBL_pos
CSCCC(NC(=O)C(CC(C)C)NC(C)=O)C(=O)NC(CC(C)C)C(O)CC(=O)NC(C(=O)NCc1cccc(C(=O)O)c1)C(C)C,1,ChEMBL_pos
CSCCC(NC(=O)C(CCCCN)NC(=O)C(CCC(N)=O)NC(=O)C(Cc1ccc(O)cc1)NC(=O)C(CCC(=O)O)NC(=O)C(CCC(=O)O)NC(=O)C(CCC(=O)O)NC(=O)CN)C(=O)NC(CC(C)C)C(=O)NC(CCC(=O)O)C(=O)N(C)C(CC(N)=O)C(=O)NC(CC(C)C)C(=O)NC(CCCN=C(N)N)C(=O)NC(CCC(=O)O)C(=O)NC(C)C(=O)NC(CCC(=O)O)C(=O)NC(C(=O)NC(CCCCN)C(=O)NC(CCCCN)C(=O)NC(CC(N)=O)C(=O)NC(C)C(N)=O)C(C)C,1,ChEMBL_pos
CSCCC(NC(=O)C(NC(=O)C(N)CCC(=O)O)C(C)C)C(=O)NC(CC(C)C)C(O)CC(=O)NC(C(=O)NC(C)C(=O)NC(CCC(=O)O)C(=O)NC(Cc1ccccc1)C(=O)O)C(C)C,1,ChEMBL_pos
CSCCC(NC(=O)C(NC(=O)C(N)CCC(=O)O)C(C)C)C(=O)NC(CC(C)C)C(O)CC(=O)NC(CC(C)C)C(=O)NC(C)C(=O)NC(CCC(=O)O)C(=O)NC(Cc1ccccc1)C(=O)O,1,ChEMBL_pos
CSCCC(NC(=O)C(NC(=O)OC(C)(C)C)C(C)C)C(=O)NC(CC(C)C)C(O)CC(=O)NC(C(=O)NC1CC(C(=O)O)CC(C(=O)O)C1)C(C)C,1,ChEMBL_pos
CSCCC(NC(=O)C(NC(=O)OC(C)(C)C)C(C)C)C(=O)NC(CC(C)C)C(O)CC(C)C(=O)NC(C(=O)NCc1ccccc1)C(C)C,1,ChEMBL_pos
CSCCC(NC(=O)C(NC(=O)OC(C)(C)C)C(C)C)C(=O)NC(Cc1ccccc1)C(O)CC(C)C(=O)NC(C(=O)NCc1ccccc1)C(C)C,1,ChEMBL_pos
CSCCC(NC(=O)C(NC(=O)OC(C)(C)C)C(C)C)C(=O)NC(Cc1ccccc1)C(O)CC(C)C(=O)NC(C(=O)NCc1ccncc1)C(C)C,1,ChEMBL_pos
CSCCC(NC(=O)C(NC(C)=O)C(C)C)C(=O)NC(CC(C)C)C(O)CC(=O)NC(C(=O)NC(C)C(=O)NC(CCC(=O)O)C(=O)NC(Cc1ccccc1)C(=O)O)C(C)C,1,ChEMBL_pos
CSCCC(NC(=O)C(NC(C)=O)C(C)C)C(=O)NC(CC(C)C)C(O)CC(=O)NC(C(=O)NC(C)C(=O)NC(CCC(=O)O)C(=O)O)C(C)C,1,ChEMBL_pos
CSCCC(NC(=O)C(NC(C)=O)C(C)C)C(=O)NC(CC(C)C)C(O)CC(C(=O)NC(C)C(=O)NC(CCC(=O)O)C(=O)NC(Cc1ccccc1)C(=O)O)C(C)C,1,ChEMBL_pos
CSCCC(NC(=O)C(NC(C)=O)C(C)C)C(=O)NC(Cc1ccccc1)C(O)CC(=O)NC(C(=O)NC(C)C(=O)NC(CCC(=O)O)C(=O)NC(Cc1ccccc1)C(=O)O)C(C)C,1,ChEMBL_pos
CSCCC(NC(=O)C(O)C(C)C)C(=O)NC(Cc1ccccc1)C(O)CC(C)C(=O)NC(C(=O)NCc1ccncc1)C(C)C,1,ChEMBL_pos
CSCCC(NC(=O)OC(C)(C)C)C(=O)NC(CC(C)C)C(O)CC(C)C(=O)NC(C(=O)NCc1ccccc1)C(C)C,1,ChEMBL_pos
CSc1cc2c(c(C(=O)NCC3CCCN3CCc3ccccc3)c1)OCC2,1,ChEMBL_pos
CSc1cc2c(cc1F)CCN2CC(C)N,1,ChEMBL_pos
CSc1ccc(CC(C)N)cc1,1,ChEMBL_pos
CSc1ccc(CSc2nc3ccccc3n2Cc2ccc(Cl)cc2)cc1,1,ChEMBL_pos
CSc1ccc(Cl)c(NC(=N)N(C)c2cccc([S+](C)[O-])c2)c1,1,ChEMBL_pos
CSc1ccc(Nc2nccc(N(C)c3ccc4c(C)n(C)nc4c3)n2)cc1,1,ChEMBL_pos
CSc1ccc2c(c1)N(CC(C)N)CC2,1,ChEMBL_pos
CSc1ccc2c(c1)N(CCC1CCCCN1C)c1ccccc1S2,1,ChEMBL_pos
CSc1cccc(N(C)C(=N)Nc2cc(SC)ccc2Cl)c1,1,ChEMBL_pos
CSc1cccc(N(C)C(=N)Nc2cc([S+](C)[O-])ccc2Cl)c1,1,ChEMBL_pos
CSc1cccc2c1C(=O)N1CCNCC21,1,ChEMBL_pos
CSc1nc(-c2ccc(-c3ccccc3)cc2)nn1C(=O)N(C)C,1,ChEMBL_pos
CSc1nc(-c2ccc(C(F)(F)F)cc2)nn1C(=O)N(C)C,1,ChEMBL_pos
CSc1nc(-c2ccc(C)cc2)nn1C(=O)N(C)C,1,ChEMBL_pos
CSc1nc(-c2ccc(Cl)cc2)nn1C(=O)N(C)C,1,ChEMBL_pos
CSc1nc(-c2ccc(Cl)cc2)nn1C(=O)N1CCCCC1,1,ChEMBL_pos
CSc1nc(-c2ccc(OC(F)(F)F)cc2)nn1C(=O)N(C)C,1,ChEMBL_pos
CSc1nc(-c2ccc3ccccc3c2)nn1C(=O)N(C)C,1,ChEMBL_pos
C[N+](C)(C)CCOC(=O)Sc1ccccc1,1,ChEMBL_pos
C[N+]1(Cc2ccccc2)CCC(CCC(=O)c2ccc3c(c2)CCCCO3)CC1,1,ChEMBL_pos
C[N+]1(Cc2ccccc2)CCC(CCC(=O)c2ccc3c(c2)CCO3)CC1,1,ChEMBL_pos
C[N+]1(Cc2ccccc2)CCC(CCC(=O)c2ccc3c(c2)OCCO3)CC1,1,ChEMBL_pos
C[N+]1(Cc2ccccc2)CCC(CCC(=O)c2ccc3c(c2)OCO3)CC1,1,ChEMBL_pos
Cc1[nH]c(C=C2C(=O)Nc3cc(NC(=O)Nc4ccccc4)ccc32)c(C)c1C(=O)O,1,ChEMBL_pos
Cc1[nH]c(C=C2C(=O)Nc3ccc(F)cc32)c(C)c1NC(=O)CCN1CCN(C)CC1,1,ChEMBL_pos
Cc1[nH]c2c(c1C(=O)N1CCC(N3CCCCC3)CC1)CCCC2=C1C(=O)Nc2ccc(F)cc21,1,ChEMBL_pos
Cc1[nH]c2c(c1C(=O)N1CCCC1CN1CCCC1)CCCC2=C1C(=O)Nc2ccc(F)cc21,1,ChEMBL_pos
Cc1[nH]c2c(c1C(=O)N1CCOCC1)CCCC2=C1C(=O)Nc2ccc(F)cc21,1,ChEMBL_pos
Cc1[nH]c2c(c1C(=O)NCCCN1CCCC1)CCCC2=C1C(=O)Nc2ccc(F)cc21,1,ChEMBL_pos
Cc1[nH]c2c(c1C(=O)NCCCN1CCOCC1)CCCC2=C1C(=O)Nc2ccc(F)cc21,1,ChEMBL_pos
Cc1[nH]c2c(c1C(=O)NCCN(C)C)CCCC2=C1C(=O)Nc2ccc(F)cc21,1,ChEMBL_pos
Cc1[nH]c2c(c1C(=O)NCCN1CCCC1)CCCC2=C1C(=O)Nc2ccc(F)cc21,1,ChEMBL_pos
Cc1[nH]c2c(c1C(=O)NCCN1CCCCC1)CCCC2=C1C(=O)Nc2ccc(F)cc21,1,ChEMBL_pos
Cc1[nH]c2c(c1C(=O)NCCN1CCOCC1)CCCC2=C1C(=O)Nc2ccc(F)cc21,1,ChEMBL_pos
Cc1[nH]c2c(c1C(=O)NCCO)CCCC2=C1C(=O)Nc2ccc(F)cc21,1,ChEMBL_pos
Cc1[nH]c2c(c1C(=O)NCCc1ccccn1)CCCC2=C1C(=O)Nc2ccc(F)cc21,1,ChEMBL_pos
Cc1[nH]c2ccc(Cl)cc2c1C1=CCNCC1,1,ChEMBL_pos
Cc1[nH]c2cccc(NC(=O)c3ccc(F)cc3)c2c1CCN(C)C,1,ChEMBL_pos
Cc1[nH]c2cccc(O)c2c1CCN(C)C,1,ChEMBL_pos
Cc1c(-c2ccccc2)cnn1C1CCN(Cc2cccc(Cl)c2)CC1,1,ChEMBL_pos
Cc1c(-c2ccccc2)cnn1C1CCN(Cc2ccccc2)CC1,1,ChEMBL_pos
Cc1c(-c2ccccn2)nc2cc(F)ccc2c1N1CC2(CCOCC2)c2ncc(N3CCOCC3)cc21,1,ChEMBL_pos
Cc1c(-c2nnnn2C2CCCCCC2)nn(-c2ccc(Cl)cc2Cl)c1-c1ccc(Cl)cc1,1,ChEMBL_pos
Cc1c(Br)cc2nc(O)c(O)nc2c1[N+](=O)[O-],1,ChEMBL_pos
Cc1c(C#N)cc2nc(O)c(O)nc2c1[N+](=O)[O-],1,ChEMBL_pos
Cc1c(C(=O)C2C(C)(C)C2(C)C)c2ccccc2n1CCN1CCOCC1,1,ChEMBL_pos
Cc1c(C(=O)N(C)C)sc(=NC(=O)c2cccc(C(F)(F)F)c2)n1CC1CC1,1,ChEMBL_pos
Cc1c(C(=O)N(C)C2CCCCC2)nn(-c2ccc(Cl)cc2Cl)c1-c1ccc(Cl)cc1,1,ChEMBL_pos
Cc1c(C(=O)N(C)CCc2ccccc2)oc2ccc(S(=O)(=O)N3CC(C)CC(C)C3)cc12,1,ChEMBL_pos
Cc1c(C(=O)N2CCC(O)CC2)nc(-c2ccc(Cl)cc2Cl)n1-c1ccc(Cl)cc1,1,ChEMBL_pos
Cc1c(C(=O)N2CCCCCC2)oc2ccc(S(=O)(=O)N3CC(C)CC(C)C3)cc12,1,ChEMBL_pos
Cc1c(C(=O)N2CCc3ccccc3C2)nc(-c2ccc(Cl)cc2Cl)n1-c1ccc(Cl)cc1,1,ChEMBL_pos
Cc1c(C(=O)N=c2cc(C(C)(C)C)n(C)n2CC2CC2)cccc1C(F)(F)F,1,ChEMBL_pos
Cc1c(C(=O)NC(C)C(C)C)nn(-c2ccc(Cl)cc2Cl)c1-c1ccc(Cl)cc1,1,ChEMBL_pos
Cc1c(C(=O)NC2CC3CCC2C3)nc(-c2ccc(Cl)cc2Cl)n1-c1ccc(Cl)cc1,1,ChEMBL_pos
Cc1c(C(=O)NC2CCC(O)CC2)nc(-c2ccc(Cl)cc2Cl)n1-c1ccc(Cl)cc1,1,ChEMBL_pos
Cc1c(C(=O)NC2CCCC2)nc(-c2ccc(Cl)cc2Cl)n1-c1ccc(Cl)cc1,1,ChEMBL_pos
Cc1c(C(=O)NC2CCCC2)oc2ccc(S(=O)(=O)N3CC(C)CC(C)C3)cc12,1,ChEMBL_pos
Cc1c(C(=O)NC2CCCCC2)nc(-c2ccc(Cl)cc2Cl)n1-c1ccc(Cl)cc1,1,ChEMBL_pos
Cc1c(C(=O)NC2CCCCC2)nn(-c2c(Cl)cc(Cl)cc2Cl)c1-n1c(C)ccc1C,1,ChEMBL_pos
Cc1c(C(=O)NC2CCCCC2)nn(-c2ccc(Cl)c(Cl)c2)c1-n1c(C)ccc1C,1,ChEMBL_pos
Cc1c(C(=O)NC2CCCCC2)nn(-c2ccc(Cl)c(Cl)c2)c1-n1cccc1,1,ChEMBL_pos
Cc1c(C(=O)NC2CCCCC2)nn(-c2ccc(Cl)cc2Cl)c1-c1ccc(Cl)cc1,1,ChEMBL_pos
Cc1c(C(=O)NC2CCCCC2)nn(-c2ccc(Cl)cc2Cl)c1-n1c(C)ccc1C,1,ChEMBL_pos
Cc1c(C(=O)NC2CCCCC2)nn(-c2ccc(Cl)cc2Cl)c1-n1cccc1,1,ChEMBL_pos
Cc1c(C(=O)NC2CCCCC2)nn(-c2ccc(F)cc2F)c1-n1c(C)ccc1C,1,ChEMBL_pos
Cc1c(C(=O)NC2CCCCC2)nn(-c2ccc(F)cc2F)c1-n1cccc1,1,ChEMBL_pos
Cc1c(C(=O)NC2CCCCC2)oc2ccc(S(=O)(=O)N3CC(C)CC(C)C3)cc12,1,ChEMBL_pos
Cc1c(C(=O)NC2CCCCC2O)nc(-c2ccccc2Cl)n1-c1ccc(Cl)cc1,1,ChEMBL_pos
Cc1c(C(=O)NC2CCCCCC2)nc(-c2ccc(Cl)cc2Cl)n1-c1ccc(Cl)cc1,1,ChEMBL_pos
Cc1c(C(=O)NCC(C)C)nn(-c2ccc(Cl)cc2Cl)c1-c1ccc(Cl)cc1,1,ChEMBL_pos
Cc1c(C(=O)NCC2CCCCC2)nn(-c2ccc(Cl)cc2)c1-n1cccc1,1,ChEMBL_pos
Cc1c(C(=O)NCCc2ccc(Cl)cc2)nc(-c2ccc(Cl)cc2Cl)n1-c1ccc(Cl)cc1,1,ChEMBL_pos
Cc1c(C(=O)NCCc2ccc(F)cc2)nn(-c2ccc(Cl)cc2Cl)c1-c1ccc(Cl)cc1,1,ChEMBL_pos
Cc1c(C(=O)NCCc2ccccc2)oc2ccc(S(=O)(=O)N3CC(C)CC(C)C3)cc12,1,ChEMBL_pos
Cc1c(C(=O)NCc2ccc(C(F)(F)F)cc2)nc(-c2ccc(Cl)cc2Cl)n1-c1ccc(Cl)cc1,1,ChEMBL_pos
Cc1c(C(=O)NCc2ccc(Cl)c(Cl)c2)nn(-c2ccc(Cl)c(Cl)c2)c1-n1cccc1,1,ChEMBL_pos
Cc1c(C(=O)NCc2ccc(Cl)c(Cl)c2)nn(-c2ccc(Cl)cc2Cl)c1-n1cccc1,1,ChEMBL_pos
Cc1c(C(=O)NCc2ccc(Cl)c(Cl)c2)nn(-c2ccc(F)cc2F)c1-n1cccc1,1,ChEMBL_pos
Cc1c(C(=O)NN2CC3CCCC3C2)nc(-c2ccc(Cl)cc2Cl)n1-c1ccc(Cl)cc1,1,ChEMBL_pos
Cc1c(C(=O)NN2CC3CCCC3C2)nn(-c2ccc(Cl)cc2Cl)c1-c1ccc(Cl)cc1,1,ChEMBL_pos
Cc1c(C(=O)NN2CCCC2)nc(-c2ccc(Cl)cc2Cl)n1-c1ccc(Cl)cc1,1,ChEMBL_pos
Cc1c(C(=O)NN2CCCCC2)nc(-c2ccc(Cl)cc2)n1-c1ccc(Cl)cc1Cl,1,ChEMBL_pos
Cc1c(C(=O)NN2CCCCC2)nc(-c2ccc(Cl)cc2Cl)n1-c1ccc(Br)cc1,1,ChEMBL_pos
Cc1c(C(=O)NN2CCCCC2)nc(-c2ccc(Cl)cc2Cl)n1-c1ccc(C(F)(F)F)cc1,1,ChEMBL_pos
Cc1c(C(=O)NN2CCCCC2)nc(-c2ccc(Cl)cc2Cl)n1-c1ccc(Cl)cc1,1,ChEMBL_pos
Cc1c(C(=O)NN2CCCCC2)nc(-c2ccc(Cl)cc2Cl)n1-c1ccc(Cl)cn1,1,ChEMBL_pos
Cc1c(C(=O)NN2CCCCC2)nc(-c2ccc(Cl)cc2Cl)n1-c1ccc(F)cc1,1,ChEMBL_pos
Cc1c(C(=O)NN2CCCCC2)nn(-c2ccc(Cl)c(Cl)c2)c1-n1c(C)ccc1C,1,ChEMBL_pos
Cc1c(C(=O)NN2CCCCC2)nn(-c2ccc(Cl)c(Cl)c2)c1-n1cccc1,1,ChEMBL_pos
Cc1c(C(=O)NN2CCCCC2)nn(-c2ccc(Cl)cc2Cl)c1-c1ccc(Cl)cc1,1,ChEMBL_pos
Cc1c(C(=O)NN2CCCCC2)nn(-c2ccc(Cl)cc2Cl)c1-c1ccc(I)cc1,1,ChEMBL_pos
Cc1c(C(=O)NN2CCCCC2)nn(-c2ccc(Cl)cc2Cl)c1-n1c(C)ccc1C,1,ChEMBL_pos
Cc1c(C(=O)NN2CCCCC2)nn(-c2ccc(Cl)cc2Cl)c1-n1cccc1,1,ChEMBL_pos
Cc1c(C(=O)NN2CCCCCC2)nc(-c2ccc(Cl)cc2Cl)n1-c1ccc(Cl)cc1,1,ChEMBL_pos
Cc1c(C(=O)NN2CCCCCC2)nn(-c2ccc(Cl)cc2Cl)c1-c1ccc(Cl)cc1,1,ChEMBL_pos
Cc1c(C(=O)NN2CCOCC2)nc(-c2ccc(Cl)cc2Cl)n1-c1ccc(Cl)cc1,1,ChEMBL_pos
Cc1c(C(=O)NOC(C)(C)C)nc(-c2ccc(Cl)cc2Cl)n1-c1ccc(Cl)cc1,1,ChEMBL_pos
Cc1c(C(=O)Nc2ccncc2)nn(-c2ccc(Cl)cc2Cl)c1-c1ccc(Cl)cc1,1,ChEMBL_pos
Cc1c(C(=O)OC(C)(C)C)nc(-c2ccc(Cl)cc2Cl)n1-c1ccc(Cl)cc1,1,ChEMBL_pos
Cc1c(C(=O)c2cccc3ccccc23)c2cccc3c2n1C(CN1CCOCC1)CO3,1,ChEMBL_pos
Cc1c(C(=O)c2cccc3ccccc23)c2ccccc2n1CCN1CCOCC1,1,ChEMBL_pos
Cc1c(C(C)(C)C)sc(=NC(=O)c2cc(C(F)(F)F)ccc2Cl)n1CC1CC1,1,ChEMBL_pos
Cc1c(C(C)(C)C)sc(=NC(=O)c2cc(C(F)(F)F)ccc2F)n1CC1CC1,1,ChEMBL_pos
Cc1c(C(C)(C)C)sc(=NC(=O)c2cc(C(F)(F)F)ccc2N(C)C)n1CC1CC1,1,ChEMBL_pos
Cc1c(C(C)(C)C)sc(=NC(=O)c2ccc(Cl)c(C(F)(F)F)c2)n1CC1CC1,1,ChEMBL_pos
Cc1c(C(C)(C)C)sc(=NC(=O)c2cccc(Br)c2)n1CC1CC1,1,ChEMBL_pos
Cc1c(C(C)(C)C)sc(=NC(=O)c2cccc(C(F)(F)F)c2)n1C,1,ChEMBL_pos
Cc1c(C(C)(C)C)sc(=NC(=O)c2cccc(C(F)(F)F)c2)n1CC1CC1,1,ChEMBL_pos
Cc1c(C(C)(C)C)sc(=NC(=O)c2cccc(C(F)(F)F)c2Cl)n1CC1CC1,1,ChEMBL_pos
Cc1c(C(C)(C)C)sc(=NC(=O)c2cccc(Cl)c2)n1CC1CC1,1,ChEMBL_pos
Cc1c(C(C)(C)C)sc(=NC(=O)c2cccc(N(C)C)c2)n1CC1CC1,1,ChEMBL_pos
Cc1c(C(C)(C)C)sc(=NC(=O)c2cccc(OC(F)(F)F)c2)n1CC1CC1,1,ChEMBL_pos
Cc1c(C(C)(C)C)sc(=NC(=O)c2ccccc2)n1CC1CC1,1,ChEMBL_pos
Cc1c(C(C)(C)C)sc(=NC(=O)c2ccccc2C(F)(F)F)n1CC1CC1,1,ChEMBL_pos
Cc1c(C(C)(C)C)sc(=NS(=O)(=O)c2ccc3ccccc3c2)n1CC1CC1,1,ChEMBL_pos
Cc1c(C(C)(C)C)sc(=NS(=O)(=O)c2cccc3ccccc23)n1CC1CC1,1,ChEMBL_pos
Cc1c(C(C)(C)C)sc(=NS(=O)(=O)c2ccccc2)n1C,1,ChEMBL_pos
Cc1c(C(C)(C)C)sc(=NS(=O)(=O)c2ccccc2)n1CC1CC1,1,ChEMBL_pos
Cc1c(C(C)C)oc(=NC(=O)c2cccc(C(F)(F)F)c2)n1CC1CC1,1,ChEMBL_pos
Cc1c(C(C)C)sc(=NC(=O)c2cccc(C(F)(F)F)c2)n1CC1CC1,1,ChEMBL_pos
Cc1c(C2CCN(Cc3ccccc3)CC2)n[nH]c1-c1ccccc1,1,ChEMBL_pos
Cc1c(C=C2C(=O)Nc3ccc(F)cc32)[nH]c2c1C(=O)N(CC(O)CN1CCOCC1)CC2,1,ChEMBL_pos
Cc1c(C=C2C(=O)Nc3ccc(F)cc32)[nH]c2c1C(=O)N(CC(O)CN1CCOCC1)CCC2,1,ChEMBL_pos
Cc1c(C=C2C(=O)Nc3ccc(F)cc32)[nH]c2c1C(=O)N(CCN(C)C)CC2,1,ChEMBL_pos
Cc1c(C=C2C(=O)Nc3ccc(F)cc32)[nH]c2c1C(=O)N(CCN1CCCC1)CC2,1,ChEMBL_pos
Cc1c(C=C2C(=O)Nc3ccc(F)cc32)[nH]c2c1C(=O)N(CCN1CCOCC1)CC2,1,ChEMBL_pos
Cc1c(C=C2C(=O)Nc3ccc(F)cc32)[nH]c2c1C(=O)N(CCN1CCOCC1)CCC2,1,ChEMBL_pos
Cc1c(C=CC2CCCCC2)nn(-c2ccc(Cl)cc2Cl)c1-c1ccc(Cl)cc1,1,ChEMBL_pos
Cc1c(C=CN2CCCCC2)nn(-c2ccc(Cl)cc2Cl)c1-c1ccc(Cl)cc1,1,ChEMBL_pos
Cc1c(C=NN2CCCCC2)nn(-c2ccc(Cl)cc2Cl)c1-c1ccc(Cl)cc1,1,ChEMBL_pos
Cc1c(CCN)c2cc(F)cc3c2n1C(C)CC3,1,ChEMBL_pos
Cc1c(CCN)c2cccc3c2n1CCC3,1,ChEMBL_pos
Cc1c(CCN2CCOCC2)c2ccccc2n1C(=O)c1cccc(Cl)c1Cl,1,ChEMBL_pos
Cc1c(CCN2CCOCC2)c2ccccc2n1C(=O)c1cccc2ccccc12,1,ChEMBL_pos
Cc1c(CN2CCOCC2)c2ccccc2n1C(=O)c1cccc2ccccc12,1,ChEMBL_pos
Cc1c(Cl)cc2nc(O)c(O)nc2c1N,1,ChEMBL_pos
Cc1c(Cl)cc2nc(O)c(O)nc2c1[N+](=O)[O-],1,ChEMBL_pos
Cc1c(Cl)ccc2c1N1C(C)CNCC1C2,1,ChEMBL_pos
Cc1c(Cl)ccc2c1N1CCNCC1C2,1,ChEMBL_pos
Cc1c(Cl)nc2ccccc2c1C(=O)NCCCCCCCNc1c2c(nc3ccccc13)CCCC2,1,ChEMBL_pos
Cc1c(Cn2c(C)nc3c(C(=O)O)cc(N4CCOCC4)cc32)cccc1C(F)(F)F,1,ChEMBL_pos
Cc1c(F)cc2nc(O)c(O)nc2c1[N+](=O)[O-],1,ChEMBL_pos
Cc1c(F)cncc1-n1c(C(C)Nc2nc(N)nc(N)c2C#N)nc2cccc(Cl)c2c1=O,1,ChEMBL_pos
Cc1c(N)ncnc1NC(C)c1nc2cccc(Cl)c2c(=O)n1-c1ccccc1,1,ChEMBL_pos
Cc1c(N2CCN(C)CC2)nc2ccccc2c1C(=O)NCCCCCCCNc1c2c(nc3ccccc13)CCCC2,1,ChEMBL_pos
Cc1c(O)ccc2cnn(CC(C)N)c12,1,ChEMBL_pos
Cc1c2c(n(-c3c(Cl)cccc3Cl)c1-c1ccc(Cl)cc1)CCN(C1CCCCC1)C2=O,1,ChEMBL_pos
Cc1c2c(n(-c3ccc(Cl)cc3Cl)c1-c1cc3ccccc3s1)CCN(C1CCCCC1)C2=O,1,ChEMBL_pos
Cc1c2c(n(-c3ccc(Cl)cc3Cl)c1-c1ccc(C(F)(F)F)cc1)CCN(C1CCCCC1)C2=O,1,ChEMBL_pos
Cc1c2c(n(-c3ccc(Cl)cc3Cl)c1-c1ccc(Cl)cc1)CCN(C1CCCCC1)C2=O,1,ChEMBL_pos
Cc1c2c(n(-c3ccc(Cl)cc3Cl)c1-c1ccc(Cl)cc1)CCN(N1CCCCC1)C2=O,1,ChEMBL_pos
Cc1c2c(n(-c3ccc(Cl)cc3Cl)c1-c1ccc(F)cc1)CCN(C1CCCCC1)C2=O,1,ChEMBL_pos
Cc1c2c(n(-c3ccc(Cl)cc3Cl)c1-c1ccc(N)cc1)CCN(C1CCCCC1)C2=O,1,ChEMBL_pos
Cc1c2c(n(-c3ccc(Cl)cc3Cl)c1-c1ccc3c(c1)OCO3)CCN(C1CCCCC1)C2=O,1,ChEMBL_pos
Cc1c2c(n(-c3ccc(Cl)cc3Cl)c1-c1cccc(C(F)(F)F)c1)CCN(C1CCCCC1)C2=O,1,ChEMBL_pos
Cc1c2c(n(-c3ccc(Cl)cc3Cl)c1-c1cccc(N)c1)CCN(C1CCCCC1)C2=O,1,ChEMBL_pos
Cc1c2c(n(-c3ccc(Cl)cc3Cl)c1-c1ccccc1)CCN(C1CCCCC1)C2=O,1,ChEMBL_pos
Cc1c2c(n(-c3ccc(Cl)cc3Cl)c1-c1cccnc1)CCN(C1CCCCC1)C2=O,1,ChEMBL_pos
Cc1c2c(n(-c3ccc(Cl)cc3Cl)c1-c1ccco1)CCN(C1CCCCC1)C2=O,1,ChEMBL_pos
Cc1c2c(n(-c3ccc(Cl)cc3Cl)c1-c1cccs1)CCN(C1CCCCC1)C2=O,1,ChEMBL_pos
Cc1c2c(n(-c3ccc(Cl)cc3Cl)c1-c1ccsc1)CCN(C1CCCCC1)C2=O,1,ChEMBL_pos
Cc1c2c(n(-c3ccccc3Cl)c1-c1ccc(Cl)cc1)CCN(C1CCCCC1)C2=O,1,ChEMBL_pos
Cc1c2c(n(-c3ccccc3Cl)c1-c1ccc(Cl)cc1)CCN(N1CCCCC1)C2=O,1,ChEMBL_pos
Cc1c2cc[n+](C)cc2c(C)c2c1[nH]c1ccc(O)cc12,1,ChEMBL_pos
Cc1c2ccc(N(C)c3ccnc(Nc4ccc(OC(F)(F)F)cc4)n3)cc2nn1C,1,ChEMBL_pos
Cc1c2ccc(N(C)c3ccnc(Nc4cccc(Br)c4)n3)cc2nn1C,1,ChEMBL_pos
Cc1c2ccc(N(C)c3ccnc(Nc4cccc(Cl)c4)n3)cc2nn1C,1,ChEMBL_pos
Cc1c2ccc(N(C)c3ccnc(Nc4cccc(F)c4)n3)cc2nn1C,1,ChEMBL_pos
Cc1c2ccncc2c(C)c2c1[nH]c1ccc(O)cc12,1,ChEMBL_pos
Cc1c2n(c3ccccc13)CCNCC2,1,ChEMBL_pos
Cc1cc(-c2cc(-c3nnc[nH]3)c3nc(C)n(-c4ccnc5c(F)ccc(F)c45)c3c2)ccn1,1,ChEMBL_pos
Cc1cc(-c2ccc(N3CC(CNc4ccon4)OC3=O)cc2F)on1,1,ChEMBL_pos
Cc1cc(-c2ccc(N3CC(Cn4ccnn4)OC3=O)cc2F)on1,1,ChEMBL_pos
Cc1cc(-c2ccccc2)n(C2CCN(Cc3ccccc3)CC2)n1,1,ChEMBL_pos
Cc1cc(-n2ccc(C)c(-c3ccc4nc(N)ncc4c3)c2=O)ccc1F,1,ChEMBL_pos
Cc1cc(-n2ccc3cc(C(=O)N4CC(N5CCN(C(=O)c6nccs6)CC5)C4)ccc32)cc(F)n1,1,ChEMBL_pos
Cc1cc(=NCCC2CCN(Cc3ccccc3)CC2)[nH]nc1-c1ccccc1,1,ChEMBL_pos
Cc1cc(=O)oc2c(C)c(OC3CCCC3=O)ccc12,1,ChEMBL_pos
Cc1cc(=O)oc2c(C)c(OC3CCCCC3=O)ccc12,1,ChEMBL_pos
Cc1cc(=O)oc2cc(OC3CCCC3=O)ccc12,1,ChEMBL_pos
Cc1cc(C#N)cc(OC(=O)N2CCC(C(c3ccccc3)c3ccccc3)CC2)c1,1,ChEMBL_pos
Cc1cc(C(=O)C(C)(C)C)c(C)n1-c1ccc(-c2nnn(C(=O)N(C)C)n2)cc1,1,ChEMBL_pos
Cc1cc(C(=O)CCC2CC[N+](C)(Cc3ccccc3)CC2)nn1-c1ccccc1,1,ChEMBL_pos
Cc1cc(C(=O)Nc2cc(Oc3ccc4nc(NC(=O)C5CC5)nn4c3)ccc2F)n(C)n1,1,ChEMBL_pos
Cc1cc(C(=O)Nc2cccc(Oc3ccc4nc(NC(=O)C5CC5)cn4c3)c2)n(C)n1,1,ChEMBL_pos
Cc1cc(C(=O)Nc2cccc(Oc3ccc4nc(NC(=O)C5CC5)cn4n3)c2)n(C)n1,1,ChEMBL_pos
Cc1cc(C(=O)Nc2cccc(Oc3ccc4nc(NC(=O)C5CC5)nn4c3)c2)n(C)n1,1,ChEMBL_pos
Cc1cc(C(=O)Nc2cccc(Oc3ccc4nc(NC(=O)C5CC5)sc4c3)c2)n(C)n1,1,ChEMBL_pos
Cc1cc(C(=O)Nc2cccc(Oc3ccc4nc(NC(=O)C5CC5)sc4n3)c2)n(C)n1,1,ChEMBL_pos
Cc1cc(C(=O)Nc2cccc3c2Cc2c-3n[nH]c2-c2ccsc2)no1,1,ChEMBL_pos
Cc1cc(C(=O)c2ccc(-c3ccccc3)cc2)c(C)n1-c1ccc(-c2nnn(C(=O)N(C)C)n2)cc1,1,ChEMBL_pos
Cc1cc(C(=O)c2ccccc2)c(C)n1-c1ccc(-c2nnn(C(=O)N(C)C)n2)cc1,1,ChEMBL_pos
Cc1cc(C(C)(O)C#Cc2cc3c(cc2F)OCCn2cc(C(N)=O)nc2-3)no1,1,ChEMBL_pos
Cc1cc(C(C)Nc2ccccc2)c2nc(N3CCOCC3)cc(=O)n2c1,1,ChEMBL_pos
Cc1cc(C)c(C=C2C(=O)Nc3ccccc32)[nH]1,1,ChEMBL_pos
Cc1cc(C)c(S(=O)(=O)NC(=N)N2CC(c3ccccc3)C(c3ccc(Cl)cc3)=N2)c(C)c1,1,ChEMBL_pos
Cc1cc(C)c2c(O)c(N=O)c(O)nc2c1,1,ChEMBL_pos
Cc1cc(C)c2c(O)c([N+](=O)[O-])c(O)nc2c1,1,ChEMBL_pos
Cc1cc(C)cc(-c2ccc(C(C)(C)CCCCCO)cc2O)c1,1,ChEMBL_pos
Cc1cc(C)cc(-c2ccc(C(C)(C)CCCO)cc2O)c1,1,ChEMBL_pos
Cc1cc(C)cc(-c2ccc(C(C)(C)CO)cc2O)c1,1,ChEMBL_pos
Cc1cc(C)cc(NC(=O)C2CC(=O)N(CCc3c[nH]c4ccc(F)cc34)C2)c1,1,ChEMBL_pos
Cc1cc(C)cc(NC(=O)NCc2ccc(-c3n[nH]c4c3Cc3cc(CN5CCN(C)CC5)ccc3-4)s2)c1,1,ChEMBL_pos
Cc1cc(C)cc(NC(=O)Nc2ccc(-c3c(C)sc4ncnc(N)c34)cc2)c1,1,ChEMBL_pos
Cc1cc(C)cc(NC(=O)Nc2ccc(-c3cccc4onc(N)c34)cc2)c1,1,ChEMBL_pos
Cc1cc(C)cc(NC(=O)Oc2ccc3c(c2)C2(C)CCN(C)C2N3C)c1,1,ChEMBL_pos
Cc1cc(C)cc(NC(=O)c2ccc(C)c(C#Cc3cnc4ccnn4c3)c2)c1,1,ChEMBL_pos
Cc1cc(C)cc(Nc2nccc(N(C)c3ccc4c(C)n(C)nc4c3)n2)c1,1,ChEMBL_pos
Cc1cc(C)cc(Nc2nccc(N(C)c3ccc4cn(C)nc4c3)n2)c1,1,ChEMBL_pos
Cc1cc(C)n(CC(=O)Nc2ccc(-c3nc4ccccc4s3)cc2)n1,1,ChEMBL_pos
Cc1cc(C2CC(N(C)C(=O)C3CC4(COC(=O)N4)C3)C2)ccc1C1CC1,1,ChEMBL_pos
Cc1cc(C2CC2)cc(C2CC(N(C)C(=O)C3CC4(COC(=O)N4)C3)C2)c1,1,ChEMBL_pos
Cc1cc(C2CC2)ccc1C12CC1CN(C(=O)C1CC3(COC(=O)N3)C1)C2,1,ChEMBL_pos
Cc1cc(C=C2C(=O)Nc3ccc(F)cc32)c2ccccc(OCCN3CCCC3CO)c1-2,1,ChEMBL_pos
Cc1cc(CCN2CCN(c3noc4ccccc34)CC2)c2c(c1)C(C)CC(=O)N2,1,ChEMBL_pos
Cc1cc(CN2CCCC23CCN(C(=O)OC(C(F)(F)F)C(F)(F)F)CC3)cc(C(=O)O)c1,1,ChEMBL_pos
Cc1cc(CN2CCN(C)CC2)cc(NC(=O)c2ccc(C)c(C#Cc3cnc4ccnn4c3)c2)c1,1,ChEMBL_pos
Cc1cc(COC2CN(C(=O)C3CC4(COC(=O)N4)C3)C2)ccc1C(F)(F)F,1,ChEMBL_pos
Cc1cc(COC2CN(C(=O)C3CC4(COC(=O)N4)C3)C2)ccc1Cl,1,ChEMBL_pos
Cc1cc(Cl)ccc1C(c1ccc(Cl)cc1C)N1CCN(C(=O)OC(C(F)(F)F)C(F)(F)F)CC1,1,ChEMBL_pos
Cc1cc(Cl)ccc1N1CCN(CC2CC2c2ccccc2)CC1,1,ChEMBL_pos
Cc1cc(F)ccc1C=Cc1ccc(S(=O)(=O)c2ccccc2F)cn1,1,ChEMBL_pos
Cc1cc(F)ccc1N1CCN(CC2CC2c2ccccc2)CC1,1,ChEMBL_pos
Cc1cc(N(C)CCN(C)C)nc2ccc(NC(=O)C=Cc3ccc(OC(F)(F)F)cc3)cc12,1,ChEMBL_pos
Cc1cc(N)cc(N2CCc3ccccc3C2)n1,1,ChEMBL_pos
Cc1cc(N)nc(N2CCc3ccccc3C2)c1,1,ChEMBL_pos
Cc1cc(NC(=O)Nc2ccc(-c3cccc4[nH]nc(N)c34)cc2)ccc1F,1,ChEMBL_pos
Cc1cc(NC(=O)c2ccc(C)c(Nc3nccc(-c4cccnc4)n3)c2)cc(-n2cnc(C)c2)c1,1,ChEMBL_pos
Cc1cc(NCCO)cc(N2CCc3ccccc3C2)n1,1,ChEMBL_pos
Cc1cc(Nc2cc(N3CCN(C)CC3)nc(C=Cc3ccccc3)n2)n[nH]1,1,ChEMBL_pos
Cc1cc(OCCN(C)C)nc2ccc(NC(=O)COc3ccc(Cl)cc3Cl)cc12,1,ChEMBL_pos
Cc1cc(Oc2nccc3[nH]ccc23)ccc1-c1c(C)cnn1C,1,ChEMBL_pos
Cc1cc(Oc2nccc3[nH]ccc23)ccc1-c1c(C)cnnc1C,1,ChEMBL_pos
Cc1cc(Oc2nccc3[nH]ccc23)ccc1-c1c(C)n[nH]c(=O)c1C,1,ChEMBL_pos
Cc1cc(Oc2nccc3[nH]ccc23)ccc1-c1c(C)ncc(=O)n1C,1,ChEMBL_pos
Cc1cc(Oc2nccc3[nH]ccc23)ccc1-c1c(C)ncc2nccn12,1,ChEMBL_pos
Cc1cc(Oc2nccc3[nH]ccc23)ccc1-c1c(C)ncnc1C,1,ChEMBL_pos
Cc1cc(Oc2nccc3[nH]ccc23)ccc1-c1c(C)ncnc1C#N,1,ChEMBL_pos
Cc1cc(Oc2nccc3[nH]ccc23)ccc1-c1cc(=O)[nH]nc1C,1,ChEMBL_pos
Cc1cc(Oc2nccc3[nH]ccc23)ccc1-c1cn[nH]c(=O)c1C,1,ChEMBL_pos
Cc1cc(Oc2nccc3[nH]ccc23)ccc1-c1cncc2nccn12,1,ChEMBL_pos
Cc1cc(Oc2nccc3n[nH]cc23)c(F)cc1-c1c(C)ncnc1C,1,ChEMBL_pos
Cc1cc(Oc2nccc3n[nH]cc23)ccc1-c1c(C)c(=O)[nH]c(=O)n1C,1,ChEMBL_pos
Cc1cc(Oc2nccc3n[nH]cc23)ccc1-c1c(C)n[nH]c(=O)c1C,1,ChEMBL_pos
Cc1cc(Oc2nccc3n[nH]cc23)ccc1-c1c(C)nc[n+]([O-])c1C,1,ChEMBL_pos
Cc1cc(Oc2nccc3n[nH]cc23)ccc1-c1c(C)ncc(=O)n1C,1,ChEMBL_pos
Cc1cc(Oc2nccc3n[nH]cc23)ccc1-c1c(C)ncnc1C,1,ChEMBL_pos
Cc1cc(Oc2nccc3n[nH]cc23)ccc1-c1cc(=O)[nH]nc1C,1,ChEMBL_pos
Cc1cc(Oc2nccc3n[nH]cc23)ccc1-c1cn[nH]c(=O)c1C,1,ChEMBL_pos
Cc1cc(Oc2nccc3n[nH]cc23)ccc1-n1c(C)nc2cnccc21,1,ChEMBL_pos
Cc1cc2c(c(C(F)(F)F)c1)C(=O)N1CCNCC21,1,ChEMBL_pos
Cc1cc2c(cc1N1CCN(C3COC3)CC1)C(C)(C)c1[nH]c3cc(C#N)ccc3c1C2=O,1,ChEMBL_pos
Cc1cc2c(cc1O)C1CC(O)(c3ccc(Cl)cc3)CCN1CC2,1,ChEMBL_pos
Cc1cc2c(cc1OC(=O)Nc1ccccc1)C1(C)CCN(C)C1N2C,1,ChEMBL_pos
Cc1cc2c(ccc3cnn(CC(C)N)c32)o1,1,ChEMBL_pos
Cc1cc2c(nc1C)CNC1CCc3cc(O)c(O)cc3C21,1,ChEMBL_pos
Cc1cc2c(s1)Nc1ccccc1N=C2N1CCN(C)CC1,1,ChEMBL_pos
Cc1cc2c(s1)Nc1ccccc1N=C2N1CCNCC1,1,ChEMBL_pos
Cc1cc2c(s1)Nc1ccccc1N=C2N1CC[N+](C)([O-])CC1,1,ChEMBL_pos
Cc1cc2cc3c(C)cc(=O)oc3c(C)c2o1,1,ChEMBL_pos
Cc1cc2nc(O)c(O)nc2c([N+](=O)[O-])c1C,1,ChEMBL_pos
Cc1cc2nc(O)c(O)nc2c([N+](=O)[O-])c1Cl,1,ChEMBL_pos
Cc1cc2nc(O)c(O)nc2cc1Cl,1,ChEMBL_pos
Cc1cc2onc(CCC3CCN(Cc4ccccc4)CC3)c2cc1C,1,ChEMBL_pos
Cc1ccc(-c2c(C)c3c(n2-c2ccc(Cl)cc2Cl)CCN(C2CCCCC2)C3=O)cc1,1,ChEMBL_pos
Cc1ccc(-c2cc(C#N)c(OCc3ccc(F)c(F)c3)nc2-c2ccc(Cl)cc2Cl)cc1,1,ChEMBL_pos
Cc1ccc(-c2cc3c(=O)n(CCN4CCN(c5ccccc5Cl)CC4)c(=O)[nH]c3[nH]2)cc1,1,ChEMBL_pos
Cc1ccc(-c2ccc(Cc3nnn(C(=O)N(C)C)n3)cc2)cc1,1,ChEMBL_pos
Cc1ccc(-c2ccnc(Nc3cc(NC(=O)c4ccc(CN5CCN(C)CC5)cc4)ccc3C)n2)cn1,1,ChEMBL_pos
Cc1ccc(-c2nc(C(=O)NC3CCCCC3)cn2-c2ccc(Cl)cc2)c(C)c1,1,ChEMBL_pos
Cc1ccc(-c2nc(C(=O)NC3CCCCC3)n(C)c2-c2ccc(C)cc2)cc1,1,ChEMBL_pos
Cc1ccc(-c2nc(C(=O)NN3CCCCC3)n(C)c2-c2ccc(C)cc2)cc1,1,ChEMBL_pos
Cc1ccc(-c2nc(C3CCCC3)nc3c2CCNCC3)cc1,1,ChEMBL_pos
Cc1ccc(-c2nc(Cc3ccccc3)nc3c2CCNCC3)cc1,1,ChEMBL_pos
Cc1ccc(-c2nc(SCC(F)(F)F)n(C(=O)N(C)C)n2)cc1,1,ChEMBL_pos
Cc1ccc(-c2ncc(C(=O)N(C)Cc3ccccc3)nc2-c2ccc(C)cc2)cc1,1,ChEMBL_pos
Cc1ccc(-c2ncc(C(=O)NC(C(N)=O)c3ccccc3)nc2-c2ccc(C)cc2)cc1,1,ChEMBL_pos
Cc1ccc(-c2ncc(C(=O)NC(C)C)nc2-c2ccc(C)cc2)cc1,1,ChEMBL_pos
Cc1ccc(-c2ncc(C(=O)NC(C)CCc3ccccc3)nc2-c2ccc(C)cc2)cc1,1,ChEMBL_pos
Cc1ccc(-c2ncc(C(=O)NC(C)COc3c(C)cccc3C)nc2-c2ccc(C)cc2)cc1,1,ChEMBL_pos
Cc1ccc(-c2ncc(C(=O)NC(CC(C)C)C(N)=O)nc2-c2ccc(C)cc2)cc1,1,ChEMBL_pos
Cc1ccc(-c2ncc(C(=O)NC(CO)C(C)C)nc2-c2ccc(C)cc2)cc1,1,ChEMBL_pos
Cc1ccc(-c2ncc(C(=O)NC(CO)CC(C)C)nc2-c2ccc(C)cc2)cc1,1,ChEMBL_pos
Cc1ccc(-c2ncc(C(=O)NC3CCCCC3CO)nc2-c2ccc(C)cc2)cc1,1,ChEMBL_pos
Cc1ccc(-c2ncc(C(=O)NC3CCCCC3O)nc2-c2ccc(C)cc2)cc1,1,ChEMBL_pos
Cc1ccc(-c2ncc(C(=O)NC3Cc4ccccc4C3O)nc2-c2ccc(C)cc2)cc1,1,ChEMBL_pos
Cc1ccc(-c2ncc(C(=O)NCC3CC3)nc2-c2ccc(C)cc2)cc1,1,ChEMBL_pos
Cc1ccc(-c2ncc(C(=O)NCC3CCCCC3)nc2-c2ccc(C)cc2)cc1,1,ChEMBL_pos
Cc1ccc(-c2ncc(C(=O)NCCC(C)C)nc2-c2ccc(C)cc2)cc1,1,ChEMBL_pos
Cc1ccc(-c2ncc(C(=O)NCCCN(C)c3ccccc3)nc2-c2ccc(C)cc2)cc1,1,ChEMBL_pos
Cc1ccc(-c2ncc(C(=O)NCCCc3ccccc3)nc2-c2ccc(C)cc2)cc1,1,ChEMBL_pos
Cc1ccc(-c2ncc(C(=O)NCCOc3ccccc3)nc2-c2ccc(C)cc2)cc1,1,ChEMBL_pos
Cc1ccc(-c2ncc(C(=O)NN3CCCCC3)nc2-c2ccc(C)cc2)cc1,1,ChEMBL_pos
Cc1ccc(-c2ncc(C(=O)Nc3ccccc3)nc2-c2ccc(C)cc2)cc1,1,ChEMBL_pos
Cc1ccc(-n2cc(C(=O)NC3CCCCC3)nc2-c2ccc(Cl)cc2Cl)cc1,1,ChEMBL_pos
Cc1ccc(-n2cc(C(=O)NC3CCCCC3)nc2-c2ccccc2Cl)cc1,1,ChEMBL_pos
Cc1ccc(-n2ccc(C)c(-c3ccc4nc(N)ncc4c3)c2=O)cc1F,1,ChEMBL_pos
Cc1ccc(C(=O)C2CCN(C(=O)c3cccc(O)c3)CC2)cc1,1,ChEMBL_pos
Cc1ccc(C(=O)N2CCC(Oc3cc(NC(=O)c4ccc(CN5CCN(C)CC5)c(C(F)(F)F)c4)ccc3C)CC2)cn1,1,ChEMBL_pos
Cc1ccc(C(=O)NC(C(C)(C)C)C(C)(C)C)cc1S(=O)(=O)N1CCOCC1,1,ChEMBL_pos
Cc1ccc(C(=O)NC(C)C(C)(C)C)cc1S(=O)(=O)N1CCOCC1,1,ChEMBL_pos
Cc1ccc(C(=O)NC(C)C)cc1C#Cc1cnc2ccnn2c1,1,ChEMBL_pos
Cc1ccc(C(=O)NC(C)C23CC4CC(CC(C4)C2)C3)cc1S(=O)(=O)N1CCOCC1,1,ChEMBL_pos
Cc1ccc(C(=O)NC23CC4CC(CC(C4)C2)C3)cc1S(=O)(=O)N1CCOCC1,1,ChEMBL_pos
Cc1ccc(C(=O)NC2C(C)CCCC2C)cc1S(=O)(=O)N1CCOCC1,1,ChEMBL_pos
Cc1ccc(C(=O)NC2C3(C)CCC(C3)C2(C)C)cc1S(=O)(=O)N1CCOCC1,1,ChEMBL_pos
Cc1ccc(C(=O)NC2C3CC4CC(C3)CC2C4)cc1S(=O)(=O)N1CCOCC1,1,ChEMBL_pos
Cc1ccc(C(=O)NC2CC2)cc1-c1ccc2c(-c3ccccc3)nncc2c1,1,ChEMBL_pos
Cc1ccc(C(=O)NC2CC2)cc1-c1ccc2c(N3CCOCC3)nncc2c1,1,ChEMBL_pos
Cc1ccc(C(=O)NC2CC2)cc1-c1ccc2c(OC(C)C)cncc2c1,1,ChEMBL_pos
Cc1ccc(C(=O)NC2CC2)cc1-c1ccc2c(OC(C)C)nncc2c1,1,ChEMBL_pos
Cc1ccc(C(=O)NC2CC2)cc1-c1ccc2nc(NCCN3CCOCC3)ncc2c1,1,ChEMBL_pos
Cc1ccc(C(=O)NC2CC3CCC2(C)C3(C)C)cc1S(=O)(=O)N1CCOCC1,1,ChEMBL_pos
Cc1ccc(C(=O)NC2CCC(CCN3CCN(c4cccc(Cl)c4Cl)CC3)CC2)s1,1,ChEMBL_pos
Cc1ccc(C(=O)NC2CCCC2)cc1C#Cc1cnc2ccnn2c1,1,ChEMBL_pos
Cc1ccc(C(=O)NC2CCCCC2)cc1C#Cc1cnc2ccnn2c1,1,ChEMBL_pos
Cc1ccc(C(=O)NC2CCc3ccc(CCN4CCN(c5nsc6ccccc56)CC4)cc32)cc1,1,ChEMBL_pos
Cc1ccc(C(=O)NCC(C)(C)C)cc1S(=O)(=O)N1CCOCC1,1,ChEMBL_pos
Cc1ccc(C(=O)NCC(C)C)cc1C#Cc1cnc2ccnn2c1,1,ChEMBL_pos
Cc1ccc(C(=O)NCC23CC4CC(CC(C4)C2)C3)cc1S(=O)(=O)N1CCOCC1,1,ChEMBL_pos
Cc1ccc(C(=O)NCCC2CCCC2)cc1C(=O)Nc1ccc(N)nc1,1,ChEMBL_pos
Cc1ccc(C(=O)NCCC2CCCCC2)cc1C(=O)Nc1ccc(N)nc1,1,ChEMBL_pos
Cc1ccc(C(=O)NCCCC2CCCCC2)cc1C(=O)Nc1ccc(N)nc1,1,ChEMBL_pos
Cc1ccc(C(=O)NCN2CCN(c3ccccc3Cl)CC2)cc1,1,ChEMBL_pos
Cc1ccc(C(=O)NN2c3ccc(Cl)cc3N=C(N3CCN(C)CC3)c3ccccc32)cc1,1,ChEMBL_pos
Cc1ccc(C(=O)Nc2cc(CN3CCCC3)cc(C(F)(F)F)c2)cc1C#Cc1cnc2ccnn2c1,1,ChEMBL_pos
Cc1ccc(C(=O)Nc2cc(CN3CCN(C)CC3)cc(C(F)(F)F)c2)cc1C#Cc1cnc2ccnn2c1,1,ChEMBL_pos
Cc1ccc(C(=O)Nc2cc(Cl)cc(CN3CCN(C)CC3)c2)cc1C#Cc1cnc2ccnn2c1,1,ChEMBL_pos
Cc1ccc(C(=O)Nc2ccc(C(F)(F)F)cc2)cc1C(=O)Nc1ccc(N)nc1,1,ChEMBL_pos
Cc1ccc(C(=O)Nc2ccc(CN3CCN(C)CC3)c(C(F)(F)F)c2)cc1C#Cc1cnc2cccnn12,1,ChEMBL_pos
Cc1ccc(C(=O)Nc2ccc(Cl)cc2)cc1C#Cc1cnc2ccnn2c1,1,ChEMBL_pos
Cc1ccc(C(=O)Nc2cccc(-n3ccnc3)c2)cc1C#Cc1cnc2ccnn2c1,1,ChEMBL_pos
Cc1ccc(C(=O)Nc2cccc(Br)c2)cc1C#Cc1cnc2ccnn2c1,1,ChEMBL_pos
Cc1ccc(C(=O)Nc2cccc(C(F)(F)F)c2)cc1C#Cc1cnc2ccnn2c1,1,ChEMBL_pos
Cc1ccc(C(=O)Nc2cccc(C(F)(F)F)c2)cc1C(=O)Nc1ccc(N)nc1,1,ChEMBL_pos
Cc1ccc(C(=O)Nc2cccc(C(F)(F)F)c2)cc1C(=O)Nc1cccnc1,1,ChEMBL_pos
Cc1ccc(C(=O)Nc2cccc(C(F)(F)F)c2)cc1C(=O)Nc1cnc(N)nc1,1,ChEMBL_pos
Cc1ccc(C(=O)Nc2cccc(C(F)(F)F)c2)cc1C(=O)Nc1cncnc1,1,ChEMBL_pos
Cc1ccc(C(=O)Nc2cccc(C(F)(F)F)c2)cc1NC(=O)c1cncnc1,1,ChEMBL_pos
Cc1ccc(C(=O)Nc2cccc(CN3CCN(C)CC3)c2)cc1C#Cc1cnc2ccnn2c1,1,ChEMBL_pos
Cc1ccc(C(=O)Nc2cccc(Cl)c2)cc1C#Cc1cnc2ccnn2c1,1,ChEMBL_pos
Cc1ccc(C(=O)Nc2cccc(I)c2)cc1C#Cc1cnc2ccnn2c1,1,ChEMBL_pos
Cc1ccc(C(=O)Nc2cccc(N(C)C)c2)cc1C#Cc1cnc2ccnn2c1,1,ChEMBL_pos
Cc1ccc(C(=O)Nc2cccc(OC(C)C)c2)cc1C#Cc1cnc2ccnn2c1,1,ChEMBL_pos
Cc1ccc(C(=O)Nc2ccccc2)cc1C#Cc1cnc2ccnn2c1,1,ChEMBL_pos
Cc1ccc(C(=O)Oc2cccc3cccnc23)cc1S(=O)(=O)N1CCCCC1,1,ChEMBL_pos
Cc1ccc(C(C)NC(=O)Nc2cccc(F)c2)cc1NC(=O)c1cnc2ccccn12,1,ChEMBL_pos
Cc1ccc(C(C)NC(=O)Nc2ccccc2)cc1NC(=O)c1cnc2ccccn12,1,ChEMBL_pos
Cc1ccc(C(C)Nc2nc3cc(F)ccc3o2)cc1NC(=O)c1cnc2ccccn12,1,ChEMBL_pos
Cc1ccc(C(F)(F)F)cc1C(=O)N=c1cc(C(C)(C)C)n(C)n1CC1CC1,1,ChEMBL_pos
Cc1ccc(C(F)(F)F)cc1C(=O)N=c1sc(C(C)(C)C)c(C)n1CC1CC1,1,ChEMBL_pos
Cc1ccc(C(c2ccccc2)C2CCN(C(=O)N3CCC4OCC(=O)NC4C3)CC2)cc1,1,ChEMBL_pos
Cc1ccc(C)c(NC(=O)Oc2ccc3c(c2)C2(C)CCN(C)C2N3C)c1,1,ChEMBL_pos
Cc1ccc(C)n1-c1ccc(-c2nnn(C(=O)N(C)C)n2)cc1,1,ChEMBL_pos
Cc1ccc(C)n1Cc1ccc(-c2nnn(C(=O)N(C)C)n2)cc1,1,ChEMBL_pos
Cc1ccc(C23CC2CN(C(=O)C2CC4(COC(=O)N4)C2)C3)cc1,1,ChEMBL_pos
Cc1ccc(C23CCN(C(=O)C4CC5(COC(=O)N5)C4)CC2C3)cc1Cl,1,ChEMBL_pos
Cc1ccc(C2=CC(NC(C)(C)C)=NCCN2)c(C)c1,1,ChEMBL_pos
Cc1ccc(C2=CC(NC(C)(C)C)=NCCN2)c(F)c1,1,ChEMBL_pos
Cc1ccc(C2=CC(NC(C)(C)C)=NCCN2)cc1,1,ChEMBL_pos
Cc1ccc(C2=CC(NC(C)(C)Cc3ccccc3)=NCCN2)cc1,1,ChEMBL_pos
Cc1ccc(C2=Nc3c(N)ncnc3NCC2)cc1NC(=O)Nc1cccc(C(F)(F)F)c1,1,ChEMBL_pos
Cc1ccc(C2C(c3ccc(F)cc3)C(=O)N2C2CCN(C(=O)n3cncn3)CC2)cc1,1,ChEMBL_pos
Cc1ccc(C2CC(c3c4ccccc4cc4ccccc34)=NN2)cc1,1,ChEMBL_pos
Cc1ccc(C2CC(c3ccccc3)=NN2C(=N)N)cc1,1,ChEMBL_pos
Cc1ccc(C2CC(c3ccccc3)=NN2C(N)=O)cc1,1,ChEMBL_pos
Cc1ccc(C2CC(c3ccccc3)=NN2C(N)=S)cc1,1,ChEMBL_pos
Cc1ccc(C2CN(C)CCc3cc(Cl)c(O)cc32)cc1,1,ChEMBL_pos
Cc1ccc(CC2(O)CCN(CC(O)Cc3ccc(O)cc3)CC2)cc1,1,ChEMBL_pos
Cc1ccc(CC2(O)CCN(CCOc3ccc(O)cc3)CC2)cc1,1,ChEMBL_pos
Cc1ccc(CC2CCN(C(=O)C(=O)Nc3ccc4c(c3)CC(=O)N4)CC2)cc1,1,ChEMBL_pos
Cc1ccc(CC2CCN(C(=O)C(=O)Nc3ccc4c(c3)OCC(=O)N4)CC2)cc1,1,ChEMBL_pos
Cc1ccc(CCCN(C)C)cc1Nc1ncc2c(n1)-c1ccc(Cl)cc1NC(=S)C2,1,ChEMBL_pos
Cc1ccc(CCCNCCCOc2ccccc2)cc1,1,ChEMBL_pos
Cc1ccc(CCN2CCN(c3nsc4ccccc34)CC2)c2c1C(C)CC(=O)N2,1,ChEMBL_pos
Cc1ccc(CN2CCC(NC(=O)c3cccc(-c4cccs4)c3)C2)cc1,1,ChEMBL_pos
Cc1ccc(CN2CCN(C3=Nc4cc(Cl)ccc4Nc4ccccc43)CC2)c(C)c1,1,ChEMBL_pos
Cc1ccc(CN2CCN(C3CCc4cccc5c4N(C3=O)C(C)(C)C5)CC2)cc1,1,ChEMBL_pos
Cc1ccc(CN2CCN(C3CCc4cccc5c4N(C3=O)C(C)C5)CC2)cc1,1,ChEMBL_pos
Cc1ccc(CN2CCN(C3CCc4cccc5c4N(CC5)C3=O)CC2)cc1,1,ChEMBL_pos
Cc1ccc(CNC(=O)Nc2cccc(F)c2)cc1NC(=O)c1cnc2ccccn12,1,ChEMBL_pos
Cc1ccc(CNC(=O)Nc2ccccc2)cc1NC(=O)c1cnc2ccccn12,1,ChEMBL_pos
Cc1ccc(CNc2cc3c(cc2O)C(c2ccccc2)CN(C)CC3)cc1,1,ChEMBL_pos
Cc1ccc(COC2CN(C(=O)C3CC4(COC(=O)N4)C3)C2)c(Cl)c1,1,ChEMBL_pos
Cc1ccc(COC2CN(C(=O)C3CC4(COC(=O)N4)C3)C2)cc1C(F)(F)F,1,ChEMBL_pos
Cc1ccc(COC2CN(C(=O)C3CC4(COC(=O)N4)C3)C2)cc1Cl,1,ChEMBL_pos
Cc1ccc(COC2CN(C(=O)N3CCC4OCC(=O)NC4C3)C2C)cc1C(F)(F)F,1,ChEMBL_pos
Cc1ccc(Cn2nc(C(=O)NC3C4(C)CCC(C4)C3(C)C)cc2-c2ccc(Cl)c(C)c2)cc1,1,ChEMBL_pos
Cc1ccc(F)c(NC(=O)Nc2ccc(-c3ccc(C)c4onc(N)c34)cc2)c1,1,ChEMBL_pos
Cc1ccc(F)c(NC(=O)Nc2ccc(-c3ccc(CN4CCOCC4)c4onc(N)c34)cc2)c1,1,ChEMBL_pos
Cc1ccc(F)c(NC(=O)Nc2ccc(-c3ccc(F)c4onc(N)c34)cc2)c1,1,ChEMBL_pos
Cc1ccc(F)c(NC(=O)Nc2ccc(-c3ccc(OC(F)(F)F)c4onc(N)c34)cc2)c1,1,ChEMBL_pos
Cc1ccc(F)c(NC(=O)Nc2ccc(-c3ccc(OCCN4CCOCC4)c4onc(N)c34)cc2)c1,1,ChEMBL_pos
Cc1ccc(F)c(NC(=O)Nc2ccc(-c3cccc4[nH]nc(N)c34)cc2)c1,1,ChEMBL_pos
Cc1ccc(F)c(NC(=O)Nc2ccc(-c3cccc4onc(N)c34)cc2)c1,1,ChEMBL_pos
Cc1ccc(F)c(NC(=O)Nc2ccc(-c3cccc4snc(N)c34)cc2)c1,1,ChEMBL_pos
Cc1ccc(F)c(NC(=O)Nc2ccc(-c3nsc4ncnc(N)c34)cc2)c1,1,ChEMBL_pos
Cc1ccc(F)c(NC(=O)Nc2ccc(C3=Nc4c(N)ncnc4NCC3)cc2)c1,1,ChEMBL_pos
Cc1ccc(N2C(=O)COc3ccc(-c4cnc(Cl)c(NS(=O)(=O)c5ccc(F)cc5)c4)cc32)cc1,1,ChEMBL_pos
Cc1ccc(N2CCN(CC3CC3c3ccccc3)CC2)c(C)c1,1,ChEMBL_pos
Cc1ccc(N2CCN(CCC3CCC(NC(=O)C4CCCCC4)CC3)CC2)cc1C,1,ChEMBL_pos
Cc1ccc(N2CCN(CCC3CCC(NC(=O)c4cccs4)CC3)CC2)cc1,1,ChEMBL_pos
Cc1ccc(N2CCN(CCCCc3ccc(F)cc3)CC2)nc1,1,ChEMBL_pos
Cc1ccc(N2CCN(CCCOc3ccc(F)cc3)CC2)nc1,1,ChEMBL_pos
Cc1ccc(N2CCN(CCCSc3ccc(F)cc3)CC2)nc1,1,ChEMBL_pos
Cc1ccc(NC(=O)NCc2ccc(-c3n[nH]c4c3Cc3cc(CN5CCN(C)CC5)ccc3-4)s2)cc1,1,ChEMBL_pos
Cc1ccc(NC(=O)NCc2ccc(-c3n[nH]c4c3Cc3ccc(CN5CCN(C)CC5)cc3-4)s2)cc1,1,ChEMBL_pos
Cc1ccc(NC(=O)Nc2cc(C(F)(F)F)ccc2F)cc1Nc1ccc2c(c1)NC(=O)C2=Cc1ccc[nH]1,1,ChEMBL_pos
Cc1ccc(NC(=O)Nc2ccc(-c3c(C)sc4ncnc(N)c34)cc2)cc1,1,ChEMBL_pos
Cc1ccc(NC(=O)Nc2ccc(-c3cccc4[nH]nc(N)c34)cc2)cc1,1,ChEMBL_pos
Cc1ccc(NC(=O)Nc2ccc(-c3cccc4[nH]nc(N)c34)cc2)cc1F,1,ChEMBL_pos
Cc1ccc(NC(=O)Nc2ccc(-c3cccc4onc(N)c34)cc2)cc1,1,ChEMBL_pos
Cc1ccc(NC(=O)Nc2ccc(-c3cccc4onc(N)c34)cc2)cc1Cl,1,ChEMBL_pos
Cc1ccc(NC(=O)Nc2ccc(-c3cccc4onc(N)c34)cc2)cc1F,1,ChEMBL_pos
Cc1ccc(NC(=O)Nc2ccc3c(c2)NC(=O)C3=Cc2ccc[nH]2)cc1,1,ChEMBL_pos
Cc1ccc(NC(=O)Oc2ccc3c(c2)C2(C)CCN(C)C2N3C)c(C)c1,1,ChEMBL_pos
Cc1ccc(NC(=O)Oc2ccc3c(c2)C2(C)CCN(C)C2N3C)cc1,1,ChEMBL_pos
Cc1ccc(NC(=O)Oc2ccc3c(c2)C2(C)CCN(C)C2N3C)cc1C,1,ChEMBL_pos
Cc1ccc(NC(=O)c2ccc(C)c(C#Cc3cnc4ccnn4c3)c2)cc1,1,ChEMBL_pos
Cc1ccc(NC(=O)c2ccc(CCl)cc2)cc1Nc1nccc(-c2cccnc2)n1,1,ChEMBL_pos
Cc1ccc(NC(=O)c2ccc(CN)cc2)cc1Nc1nccc(-c2cccnc2)n1,1,ChEMBL_pos
Cc1ccc(NC(=O)c2ccc(CN3CCN(C)CC3)c(C(F)(F)F)c2)cc1OC1CCN(C(=O)c2ccccn2)CC1,1,ChEMBL_pos
Cc1ccc(NC(=O)c2ccc(CN3CCN(C)CC3)c(C(F)(F)F)c2)cc1OC1CCN(C(=O)c2ccncc2)CC1,1,ChEMBL_pos
Cc1ccc(NC(=O)c2ccc(CN3CCN(C)CC3)c(C(F)(F)F)c2)cc1OC1CCN(C(=O)c2cnccc2C)CC1,1,ChEMBL_pos
Cc1ccc(NC(=O)c2ccc(CN3CCN(C)CC3)cc2)cc1Nc1nccc(-c2cccnc2)n1,1,ChEMBL_pos
Cc1ccc(NC(=O)c2ccc(CN3CCNCC3)cc2)cc1Nc1nccc(-c2cccnc2)n1,1,ChEMBL_pos
Cc1ccc(NC(=O)c2ccc(CNC(=O)CCl)cc2)cc1Nc1nccc(-c2cccnc2)n1,1,ChEMBL_pos
Cc1ccc(NC(=O)c2ccc3c(c2)CCC3N2CCC(N(C)C)C2)cc1Nc1nccc(-c2cccnc2)n1,1,ChEMBL_pos
Cc1ccc(NC(=O)c2ccc3c(c2)CCC3N2CCN(C(C)C)CC2)cc1Nc1nccc(-c2cccnc2)n1,1,ChEMBL_pos
Cc1ccc(NC(=O)c2ccc3c(c2)CCC3N2CCN(C)CC2)cc1Nc1nccc(-c2cccnc2)n1,1,ChEMBL_pos
Cc1ccc(NC(=O)c2ccc3c(c2)CCC3N2CCN(C)CC2)cc1Nc1nccc(-c2ccncc2)n1,1,ChEMBL_pos
Cc1ccc(NC(=O)c2ccc3c(c2)CCC3N2CCN(C)CC2)cc1Nc1nccc(-c2cncnc2)n1,1,ChEMBL_pos
Cc1ccc(NC(=O)c2ccc3c(c2)CCC3N2CCN(CCO)CC2)cc1Nc1nccc(-c2cccnc2)n1,1,ChEMBL_pos
Cc1ccc(NC(=O)c2ccc3c(c2)CCC3N2CCNCC2)cc1Nc1nccc(-c2cccnc2)n1,1,ChEMBL_pos
Cc1ccc(NC(=O)c2cccc(C(F)(F)F)c2)cc1C(=O)Nc1cncnc1,1,ChEMBL_pos
Cc1ccc(NC(=O)c2cccc(C(F)(F)F)c2)cc1OC1CCN(C(=O)c2ccncc2)CC1,1,ChEMBL_pos
Cc1ccc(NC(=S)N2N=C(c3ccccc3)CC2c2ccc(O)cc2)cc1,1,ChEMBL_pos
Cc1ccc(NC(=S)N2N=C(c3ccccc3)CC2c2ccccc2O)cc1,1,ChEMBL_pos
Cc1ccc(Nc2ncc(CN3CCN(S(C)(=O)=O)CC3)cc2-c2nc(C)nc(N)n2)cn1,1,ChEMBL_pos
Cc1ccc(Nc2nccc(N(C)c3ccc4c(C)n(C)nc4c3)n2)cc1S(N)(=O)=O,1,ChEMBL_pos
Cc1ccc(OC(C)(C)C(=O)NC(C)C(Cc2ccc(OCCF)cc2)c2cccc(C#N)c2)nc1,1,ChEMBL_pos
Cc1ccc(OC2CCN(C(=O)C(=O)Nc3ccc4[nH]c(S)nc4c3)CC2)cc1,1,ChEMBL_pos
Cc1ccc(OC2CCN(C(=O)C(=O)Nc3ccc4nc(O)sc4c3)CC2)cc1,1,ChEMBL_pos
Cc1ccc(OCCCNCCOc2ccc(C)cc2)cc1,1,ChEMBL_pos
Cc1ccc(OCCCNCCOc2ccccc2)cc1,1,ChEMBL_pos
Cc1ccc(OCCNCCCOc2ccc(F)cc2)cc1,1,ChEMBL_pos
Cc1ccc(OCCNCCCOc2cccc(C)c2)cc1,1,ChEMBL_pos
Cc1ccc(OCCNCCCOc2ccccc2)cc1,1,ChEMBL_pos
Cc1ccc(OCCNCCCOc2ccccc2)cc1C,1,ChEMBL_pos
Cc1ccc(OCCNCCCOc2ccccc2)cc1Cl,1,ChEMBL_pos
Cc1ccc(OCCNCCCOc2ccccc2C)cc1,1,ChEMBL_pos
Cc1ccc(OCCNCCCSc2ccccc2)cc1,1,ChEMBL_pos
Cc1ccc(Oc2ccc(-c3nnn(C(=O)N(C)C)n3)cc2)cc1,1,ChEMBL_pos
Cc1ccc(S(=O)(=O)N2c3ccc(Cl)cc3N=C(N3CCN(C)CC3)c3ccccc32)cc1,1,ChEMBL_pos
Cc1ccc(S(=O)(=O)NC(=N)N2CC(c3ccccc3)C(c3ccc(Cl)cc3)=N2)cc1,1,ChEMBL_pos
Cc1ccc(S(=O)(=O)c2ccc(C(C)NS(=O)(=O)C(F)(F)F)cc2)c(S(=O)(=O)c2ccccc2F)c1,1,ChEMBL_pos
Cc1ccc(S(=O)(=O)c2ccc(C(C)NS(C)(=O)=O)cc2)c(S(=O)(=O)c2ccccc2F)c1,1,ChEMBL_pos
Cc1ccc(SCCNCCCOc2ccccc2)cc1,1,ChEMBL_pos
Cc1ccc(Sc2ccc(C(=O)C3CCN(C(=O)c4cccc(O)c4)CC3)cc2)cc1,1,ChEMBL_pos
Cc1ccc2c(=O)n(-c3ccccc3)c(C(C)Nc3ncnc(N)c3C#N)nn12,1,ChEMBL_pos
Cc1ccc2c(C(=O)C3C(C)(C)C3(C)C)cn(CC3CCOCC3)c2c1,1,ChEMBL_pos
Cc1ccc2c(N)c3c(nc2c1)CCCC3,1,ChEMBL_pos
Cc1ccc2c(NCc3ccccc3)c3c(nc2c1)CCCC3,1,ChEMBL_pos
Cc1ccc2c(c1)C(=O)C(C)C2,1,ChEMBL_pos
Cc1ccc2c(c1)C(N1CCN(CCc3ccccc3)CC1)=Nc1cccnc1N2,1,ChEMBL_pos
Cc1ccc2c(c1)C(NC1CC3CCC(C1)N3Cc1ccccc1)=Nc1cccnc1N2,1,ChEMBL_pos
Cc1ccc2c(c1)C(NC1CCN(Cc3ccccc3)CC1)=Nc1cccnc1N2,1,ChEMBL_pos
Cc1ccc2c(c1)C1c3cc(O)c(O)cc3CCC1NC2,1,ChEMBL_pos
Cc1ccc2c(c1)N1C(C)CNCC1C2,1,ChEMBL_pos
Cc1ccc2c(c1C)N1C(C)CNCC1C2,1,ChEMBL_pos
Cc1ccc2c(n1)CNC1CCc3cc(O)c(O)cc3C21,1,ChEMBL_pos
Cc1ccc2c(n1)N1C(C)CNCC1C2,1,ChEMBL_pos
Cc1ccc2c3c1-c1c(ccc(O)c1O)CC3N(C)CC2,1,ChEMBL_pos
Cc1ccc2on(CC3CC4c5ccccc5Oc5ccc(Br)cc5C4O3)c2c1,1,ChEMBL_pos
Cc1ccc2onc(CCC3CCN(Cc4ccccc4)CC3)c2c1,1,ChEMBL_pos
Cc1cccc(-c2c(C)c3c(n2-c2ccc(Cl)cc2Cl)CCN(C2CCCCC2)C3=O)c1,1,ChEMBL_pos
Cc1cccc(-c2c(O)c(O)cc3c2CCN(C)CC3c2cccc(C)c2)c1,1,ChEMBL_pos
Cc1cccc(-c2c(O)c(O)cc3c2CCNCC3c2ccccc2)c1,1,ChEMBL_pos
Cc1cccc(-c2cc3c(cc2O)C(c2ccccc2)CN(C)CC3)c1,1,ChEMBL_pos
Cc1cccc(-c2ccc(C(=O)NCC=CCN3CCN(c4cccc(Cl)c4Cl)CC3)cc2)n1,1,ChEMBL_pos
Cc1cccc(-c2ccc(Cc3nnn(C(=O)N(C)C)n3)cc2)c1,1,ChEMBL_pos
Cc1cccc(C(=O)N=c2sc(C(C)(C)C)c(C)n2CC2CC2)c1,1,ChEMBL_pos
Cc1cccc(C(=O)NN2c3ccc(Cl)cc3N=C(N3CCN(C)CC3)c3ccccc32)c1,1,ChEMBL_pos
Cc1cccc(C)c1-n1c(=O)c2cnc(Nc3ccc(N4CCN(C)CC4)cc3)nc2n2c3ccccc3nc12,1,ChEMBL_pos
Cc1cccc(C)c1C(=O)NN1c2ccc(Cl)cc2N=C(N2CCN(C)CC2)c2ccccc21,1,ChEMBL_pos
Cc1cccc(C)c1C=Cn1cnc2c(Nc3ccc(P(C)(C)=O)cc3)ncnc21,1,ChEMBL_pos
Cc1cccc(C)c1NC(=O)Oc1ccc2c(c1)C1(C)CCN(C)C1N2C,1,ChEMBL_pos
Cc1cccc(C2CN(C)CCc3c2cc(O)c(O)c3-c2ccc3ccccc3c2)c1,1,ChEMBL_pos
Cc1cccc(C2CN(C)CCc3c2cc(O)c(O)c3Cl)c1,1,ChEMBL_pos
Cc1cccc(C2CN(C)CCc3cc(Cl)c(O)cc32)c1,1,ChEMBL_pos
Cc1cccc(C2CN(CCCc3cn(CCCN4CCN(c5ncccn5)CC4)nn3)CCc3cc(O)c(O)cc32)c1,1,ChEMBL_pos
Cc1cccc(C2CN(CCCc3cn(CCCN4CCN(c5nsc6ccccc56)CC4)nn3)CCc3cc(O)c(O)cc32)c1,1,ChEMBL_pos
Cc1cccc(CN2CC(C(=O)NC(Cc3cc(F)cc(F)c3)C(O)C3CC(OCc4ccccc4)CN3)CC2=O)c1,1,ChEMBL_pos
Cc1cccc(CNc2cc3c(cc2O)C(c2ccccc2)CN(C)CC3)c1,1,ChEMBL_pos
Cc1cccc(COc2nc3c(c(=O)n(C)c(=O)n3C)n2C)c1,1,ChEMBL_pos
Cc1cccc(Cn2nc(C(=O)N3CCC(Cc4ccccc4)CC3)cc2-c2ccc(O)cc2)c1,1,ChEMBL_pos
Cc1cccc(N(C)C(=O)NCc2ccc(-c3[nH]nc4c3Cc3cc(CN5CCN(C)CC5)ccc3-4)s2)c1,1,ChEMBL_pos
Cc1cccc(N)c1C(=O)NN1c2ccc(Cl)cc2N=C(N2CCN(C)CC2)c2ccccc21,1,ChEMBL_pos
Cc1cccc(N2CCN(CCC3CCC(NC(=O)c4cccs4)CC3)CC2)c1,1,ChEMBL_pos
Cc1cccc(N2CCN(CCCC(=O)NCc3nc4ccc(F)cc4c(=O)n3-c3ccccc3)CC2)c1C,1,ChEMBL_pos
Cc1cccc(NC(=N)Nc2cccc(C)c2)c1,1,ChEMBL_pos
Cc1cccc(NC(=O)N(C)Cc2ccc(-c3n[nH]c4c3Cc3ccc(CN5CCN(C)CC5)cc3-4)s2)c1,1,ChEMBL_pos
Cc1cccc(NC(=O)N(Cc2ccc(-c3n[nH]c4c3Cc3cc(CN5CCN(C)CC5)ccc3-4)s2)C2CC2)c1,1,ChEMBL_pos
Cc1cccc(NC(=O)NCc2ccc(-c3n[nH]c4c3Cc3cc(CN5CCN(C)CC5)ccc3-4)s2)c1,1,ChEMBL_pos
Cc1cccc(NC(=O)NCc2ccc(-c3n[nH]c4c3Cc3ccc(CN5CCN(C)CC5)cc3-4)s2)c1,1,ChEMBL_pos
Cc1cccc(NC(=O)Nc2ccc(-c3c(C)sc4ncnc(N)c34)cc2)c1,1,ChEMBL_pos
Cc1cccc(NC(=O)Nc2ccc(-c3c(CCC(=O)N(C)C)sc4ncnc(N)c34)cc2)c1,1,ChEMBL_pos
Cc1cccc(NC(=O)Nc2ccc(-c3c(CCC(N)=O)sc4ncnc(N)c34)cc2)c1,1,ChEMBL_pos
Cc1cccc(NC(=O)Nc2ccc(-c3c(CCCO)sc4ncnc(N)c34)cc2)c1,1,ChEMBL_pos
Cc1cccc(NC(=O)Nc2ccc(-c3c(CCN(C)C)sc4ncnc(N)c34)cc2)c1,1,ChEMBL_pos
Cc1cccc(NC(=O)Nc2ccc(-c3c(CCO)sc4ncnc(N)c34)cc2)c1,1,ChEMBL_pos
Cc1cccc(NC(=O)Nc2ccc(-c3c(CN4CCN(C)CC4)sc4ncnc(N)c34)cc2)c1,1,ChEMBL_pos
Cc1cccc(NC(=O)Nc2ccc(-c3c(CN4CCOCC4)sc4ncnc(N)c34)cc2)c1,1,ChEMBL_pos
Cc1cccc(NC(=O)Nc2ccc(-c3c(Cc4cccnc4)sc4ncnc(N)c34)cc2)c1,1,ChEMBL_pos
Cc1cccc(NC(=O)Nc2ccc(-c3c(Cc4ccncc4)sc4ncnc(N)c34)cc2)c1,1,ChEMBL_pos
Cc1cccc(NC(=O)Nc2ccc(-c3ccc(Br)c4[nH]nc(N)c34)cc2)c1,1,ChEMBL_pos
Cc1cccc(NC(=O)Nc2ccc(-c3ccc(C)c4[nH]nc(N)c34)cc2)c1,1,ChEMBL_pos
Cc1cccc(NC(=O)Nc2ccc(-c3ccc(CN4CCN(C)CC4)c4[nH]nc(N)c34)cc2)c1,1,ChEMBL_pos
Cc1cccc(NC(=O)Nc2ccc(-c3ccc(CN4CCOCC4)c4[nH]nc(N)c34)cc2)c1,1,ChEMBL_pos
Cc1cccc(NC(=O)Nc2ccc(-c3ccc(F)c4[nH]nc(N)c34)cc2)c1,1,ChEMBL_pos
Cc1cccc(NC(=O)Nc2ccc(-c3ccc(OCCN(C)C)c4[nH]nc(N)c34)cc2)c1,1,ChEMBL_pos
Cc1cccc(NC(=O)Nc2ccc(-c3ccc(OCCN4CCCC4)c4[nH]nc(N)c34)cc2)c1,1,ChEMBL_pos
Cc1cccc(NC(=O)Nc2ccc(-c3ccc(OCCN4CCCC4=O)c4[nH]nc(N)c34)cc2)c1,1,ChEMBL_pos
Cc1cccc(NC(=O)Nc2ccc(-c3ccc(OCCN4CCOCC4)c4[nH]nc(N)c34)cc2)c1,1,ChEMBL_pos
Cc1cccc(NC(=O)Nc2ccc(-c3cccc4[nH]nc(N)c34)cc2)c1,1,ChEMBL_pos
Cc1cccc(NC(=O)Nc2ccc(-c3cccc4onc(N)c34)cc2)c1,1,ChEMBL_pos
Cc1cccc(NC(=O)Nc2ccc(-c3cnc4c(-c5cnn(C)c5)ccn4c3N)cc2)c1,1,ChEMBL_pos
Cc1cccc(NC(=O)Nc2ccc(-c3cncc4c3c(N)nn4C)cc2)c1,1,ChEMBL_pos
Cc1cccc(NC(=O)Nc2ccc(-c3csc4c(-c5cn[nH]c5)cnc(N)c34)cc2)c1,1,ChEMBL_pos
Cc1cccc(NC(=O)Nc2ccc(-c3csc4c(-c5cnn(CC(C)O)c5)cnc(N)c34)cc2)c1,1,ChEMBL_pos
Cc1cccc(NC(=O)Nc2ccc(-c3csc4ncnc(N)c34)c(Cl)c2)c1,1,ChEMBL_pos
Cc1cccc(NC(=O)Nc2ccc(-c3csc4ncnc(N)c34)c(F)c2)c1,1,ChEMBL_pos
Cc1cccc(NC(=O)Nc2ccc(-c3csc4ncnc(N)c34)cc2)c1,1,ChEMBL_pos
Cc1cccc(NC(=O)Nc2ccc(-c3csc4ncnc(N)c34)cc2Cl)c1,1,ChEMBL_pos
Cc1cccc(NC(=O)Nc2ccc(-c3csc4ncnc(N)c34)cc2F)c1,1,ChEMBL_pos
Cc1cccc(NC(=O)Nc2ccc(-c3nsc4ncnc(N)c34)cc2)c1,1,ChEMBL_pos
Cc1cccc(NC(=O)Oc2ccc3c(c2)C2(C)CCN(C)C2N3C)c1,1,ChEMBL_pos
Cc1cccc(NC(=O)Oc2ccc3c(c2)C2(C)CCN(C)C2N3C)c1C,1,ChEMBL_pos
Cc1cccc(NC(=O)c2ccc(C)c(C#Cc3cnc4ccnn4c3)c2)c1,1,ChEMBL_pos
Cc1cccc(NC(=S)N2N=C(c3ccccc3)CC2c2ccc(O)cc2)c1,1,ChEMBL_pos
Cc1cccc(NC(=S)N2N=C(c3ccccc3)CC2c2ccccc2O)c1,1,ChEMBL_pos
Cc1cccc(Nc2nccc(N(C)c3ccc4c(C)n(C)nc4c3)n2)c1,1,ChEMBL_pos
Cc1cccc(OCCNCCCOc2ccccc2)c1,1,ChEMBL_pos
Cc1cccc(Oc2ccc(-c3nnn(C(=O)N(C)C)n3)cc2)c1,1,ChEMBL_pos
Cc1cccc(Sc2ccc(C(=O)C3CCN(C(=O)c4cccc(O)c4)CC3)cc2)c1,1,ChEMBL_pos
Cc1cccc2c1-c1cccc3c1C(C2)N(C)CC3,1,ChEMBL_pos
Cc1cccc2c1CC(C)C2=O,1,ChEMBL_pos
Cc1cccc2c1N1C(C)CNCC1C2,1,ChEMBL_pos
Cc1cccc2nc(C(Nc3ncnc4nc[nH]c34)C3CC3)n(-c3ccccc3)c(=O)c12,1,ChEMBL_pos
Cc1cccc2nc(C3CC4(CC4)CN3c3ncnc4[nH]cnc34)n(-c3ccccc3)c(=O)c12,1,ChEMBL_pos
Cc1cccc2nc3c(c(N)c12)CCCC3,1,ChEMBL_pos
Cc1cccc2nc3c(c(N)c12)CCCO3,1,ChEMBL_pos
Cc1ccccc1-c1cc(Cl)cc2c1N1CCNCCC1C2,1,ChEMBL_pos
Cc1ccccc1-c1cc2c(cc1O)C(c1ccccc1)CN(C)CC2,1,ChEMBL_pos
Cc1ccccc1-c1ccc(Cc2nnn(C(=O)N(C)C)n2)cc1,1,ChEMBL_pos
Cc1ccccc1-c1cccc(N2CC(N3CCN(C(=O)c4nccs4)CC3)CC2=O)c1,1,ChEMBL_pos
Cc1ccccc1-c1cccc2c1N1CCNCCC1C2,1,ChEMBL_pos
Cc1ccccc1-c1nc(C(=O)NC2CCCCC2)cn1-c1ccc(Cl)cc1,1,ChEMBL_pos
Cc1ccccc1-n1c(Cn2cnc3c(N)ncnc32)nc2cccc(C)c2c1=O,1,ChEMBL_pos
Cc1ccccc1-n1c(Cn2cnc3c(N)ncnc32)nn2ccc(C)c2c1=O,1,ChEMBL_pos
Cc1ccccc1-n1c2c(c(C)c1-c1ccc(C(F)(F)F)cc1)C(=O)N(C1CCCCC1)CC2,1,ChEMBL_pos
Cc1ccccc1-n1c2c(c(C)c1-c1ccc(F)cc1)C(=O)N(C1CCCCC1)CC2,1,ChEMBL_pos
Cc1ccccc1C(=O)NN1c2ccc(Cl)cc2N=C(N2CCN(C)CC2)c2cc(Cl)ccc21,1,ChEMBL_pos
Cc1ccccc1C(=O)NN1c2ccccc2N=C(N2CCN(C)CC2)c2cc(Cl)ccc21,1,ChEMBL_pos
Cc1ccccc1C12CCN(C(=O)C3CC4(COC(=O)N4)C3)CC1C2,1,ChEMBL_pos
Cc1ccccc1C1=CC(NC(C)(C)C)=NCCN1,1,ChEMBL_pos
Cc1ccccc1C1CN(C)CCc2cc(Cl)c(O)cc21,1,ChEMBL_pos
Cc1ccccc1CN1CCC(C)CC1,1,ChEMBL_pos
Cc1ccccc1CNc1cc2c(cc1O)C(c1ccccc1)CN(C)CC2,1,ChEMBL_pos
Cc1ccccc1N1CCN(C(=O)n2nnc3ccccc32)CC1,1,ChEMBL_pos
Cc1ccccc1N1CCN(CCC2CCC(NC(=O)c3cccs3)CC2)CC1,1,ChEMBL_pos
Cc1ccccc1NC(=O)NCc1ccc(-c2n[nH]c3c2Cc2ccc(CN4CCN(C)CC4)cc2-3)s1,1,ChEMBL_pos
Cc1ccccc1NC(=O)Nc1ccc(-c2c(C)sc3ncnc(N)c23)c(Cl)c1,1,ChEMBL_pos
Cc1ccccc1NC(=O)Nc1ccc(-c2c(C)sc3ncnc(N)c23)cc1,1,ChEMBL_pos
Cc1ccccc1NC(=O)Nc1ccc(-c2cccc3[nH]nc(N)c23)cc1,1,ChEMBL_pos
Cc1ccccc1NC(=O)Oc1ccc2c(c1)C1(C)CCN(C)C1N2,1,ChEMBL_pos
Cc1ccccc1NC(=O)Oc1ccc2c(c1)C1(C)CCN(C)C1N2C,1,ChEMBL_pos
Cc1ccccc1NC(=O)Oc1ccc2c(c1)C1(C)CCN(C)C1N2Cc1ccccc1,1,ChEMBL_pos
Cc1ccccc1NC(=O)Oc1ccc2c(c1)C1(C)CCN(C)OC1N2C,1,ChEMBL_pos
Cc1ccccc1NC(=O)Oc1ccc2c(c1)C1(C)CCN(CCc3ccccc3)C1N2C,1,ChEMBL_pos
Cc1ccccc1NC(=O)Oc1ccc2c(c1)C1(C)CCNC1N2,1,ChEMBL_pos
Cc1ccccc1NC(=O)Oc1ccc2c(c1)C1(C)CCNC1N2C,1,ChEMBL_pos
Cc1ccccc1NC(=O)Oc1ccc2c(c1)C1(C)CCOC1N2C,1,ChEMBL_pos
Cc1ccccc1NC(=O)Oc1ccc2c(c1)C1(C)CCOC1O2,1,ChEMBL_pos
Cc1ccccc1NC(=O)Oc1ccc2c(c1)C1(C)CC[N+](C)([O-])C1N2C,1,ChEMBL_pos
Cc1ccccc1NC(=O)Oc1ccc2c(c1)C1(C)COC(C1)O2,1,ChEMBL_pos
Cc1ccccc1NC(=S)N1N=C(c2ccccc2)CC1c1ccc(O)cc1,1,ChEMBL_pos
Cc1ccccc1NC(=S)N1N=C(c2ccccc2)CC1c1ccccc1O,1,ChEMBL_pos
Cc1ccccc1OCCNCCCOc1ccccc1,1,ChEMBL_pos
Cc1ccccc1S(=O)(=O)N1c2ccc(Cl)cc2N=C(N2CCN(C)CC2)c2ccccc21,1,ChEMBL_pos
Cc1cccnc1-c1ccc(C(=O)NCC=CCN2CCN(c3cccc(Cl)c3Cl)CC2)cc1,1,ChEMBL_pos
Cc1cccnc1-c1cccc(N2CC(N3CCN(C(=O)c4nccs4)CC3)CC2=O)c1,1,ChEMBL_pos
Cc1ccn(-c2ccc(-c3ncco3)cc2)c(=O)c1-c1ccc2nc(N)ncc2c1,1,ChEMBL_pos
Cc1ccn(-c2ccc(-n3cccn3)cc2)c(=O)c1-c1ccc2nc(N)ncc2c1,1,ChEMBL_pos
Cc1ccn(-c2ccc(C(C)(C)C)cc2)c(=O)c1-c1ccc2nc(N)ncc2c1,1,ChEMBL_pos
Cc1ccn(-c2ccc(C(F)(F)F)cc2)c(=O)c1-c1ccc2nc(N)ncc2c1,1,ChEMBL_pos
Cc1ccn(-c2ccc(Cl)c(F)c2)c(=O)c1-c1ccc2nc(N)ncc2c1,1,ChEMBL_pos
Cc1ccn(-c2ccc(Cl)cc2)c(=O)c1-c1ccc2nc(N)ncc2c1,1,ChEMBL_pos
Cc1ccn(-c2ccc(N3CCOCC3)cc2)c(=O)c1-c1ccc2nc(N)ncc2c1,1,ChEMBL_pos
Cc1ccn(-c2ccc3c(c2)NCC3(C)C)c(=O)c1-c1ccc2nc(N)ncc2c1,1,ChEMBL_pos
Cc1ccn(-c2cccc(C(F)(F)F)c2)c(=O)c1-c1ccc2nc(N)ncc2c1,1,ChEMBL_pos
Cc1ccn(-c2ccccc2)c(=O)c1-c1ccc2nc(N)ncc2c1,1,ChEMBL_pos
Cc1ccn(CCC2CCCC2)c(=O)c1-c1ccc2nc(N)ncc2c1,1,ChEMBL_pos
Cc1ccn2nc(C(C)Nc3ncnc(N)c3-c3cc(O)cc(C(F)(F)F)c3)n(-c3ccccc3)c(=O)c12,1,ChEMBL_pos
Cc1ccn2nc(C(C)Nc3ncnc(N)c3-c3cc(O)cc(Cl)c3)n(-c3ccccc3)c(=O)c12,1,ChEMBL_pos
Cc1ccn2nc(C(C)Nc3ncnc(N)c3-c3cc(O)cc(F)c3)n(-c3ccccc3)c(=O)c12,1,ChEMBL_pos
Cc1ccn2nc(C(C)Nc3ncnc(N)c3-c3cc(O)cc(NS(C)(=O)=O)c3)n(-c3ccccc3)c(=O)c12,1,ChEMBL_pos
Cc1ccn2nc(C(C)Nc3ncnc(N)c3-c3ccc(O)c(F)c3)n(-c3ccccc3)c(=O)c12,1,ChEMBL_pos
Cc1ccn2nc(C(C)Nc3ncnc(N)c3-c3ccc(O)cc3)n(-c3ccccc3)c(=O)c12,1,ChEMBL_pos
Cc1ccn2nc(C(C)Nc3ncnc(N)c3-c3ccc4cc[nH]c4c3)n(-c3ccccc3)c(=O)c12,1,ChEMBL_pos
Cc1ccn2nc(C(C)Nc3ncnc(N)c3-c3ccc4oc(=O)[nH]c4c3)n(-c3ccccc3)c(=O)c12,1,ChEMBL_pos
Cc1ccn2nc(C(C)Nc3ncnc(N)c3-c3cccc(NS(C)(=O)=O)c3)n(-c3ccccc3)c(=O)c12,1,ChEMBL_pos
Cc1ccn2nc(C(C)Nc3ncnc(N)c3-c3cnc(N)nc3)n(-c3ccccc3)c(=O)c12,1,ChEMBL_pos
Cc1ccn2nc(C(C)Nc3ncnc(N)c3C#N)n(-c3ccccc3)c(=O)c12,1,ChEMBL_pos
Cc1ccn2nc(C(C)Nc3ncnc(N)c3C(=O)Nc3cccc(O)c3)n(-c3ccccc3)c(=O)c12,1,ChEMBL_pos
Cc1ccn2nc(C(C)Nc3ncnc(N)c3Cc3cccc(O)c3)n(-c3ccccc3)c(=O)c12,1,ChEMBL_pos
Cc1ccn2nc(C(C)Nc3ncnc(N)c3Sc3cccc(O)c3)n(-c3ccccc3)c(=O)c12,1,ChEMBL_pos
Cc1ccn2nc(C(C)Nc3ncnc4[nH]cc(-c5cc(C(F)(F)F)ccc5O)c34)n(-c3ccccc3)c(=O)c12,1,ChEMBL_pos
Cc1ccn2nc(C(C)Nc3ncnc4[nH]cc(-c5cc(NS(C)(=O)=O)cc6[nH]ccc56)c34)n(-c3ccccc3)c(=O)c12,1,ChEMBL_pos
Cc1ccn2nc(C(C)Nc3ncnc4[nH]cc(-c5cc(O)cc(F)c5)c34)n(-c3ccccc3)c(=O)c12,1,ChEMBL_pos
Cc1ccn2nc(C(C)Nc3ncnc4[nH]cc(-c5cc(O)cc(NS(C)(=O)=O)c5)c34)n(-c3ccccc3)c(=O)c12,1,ChEMBL_pos
Cc1ccn2nc(C(C)Nc3ncnc4[nH]cc(-c5ccc(O)cc5)c34)n(-c3ccccc3)c(=O)c12,1,ChEMBL_pos
Cc1ccn2nc(C(C)Nc3ncnc4[nH]cc(-c5cccc(F)c5O)c34)n(-c3ccccc3)c(=O)c12,1,ChEMBL_pos
Cc1ccn2nc(C(C)Nc3ncnc4[nH]cc(-c5cccc(NS(C)(=O)=O)c5)c34)n(-c3ccccc3)c(=O)c12,1,ChEMBL_pos
Cc1ccn2nc(C(C)Nc3ncnc4[nH]cc(-c5cccc6[nH]ccc56)c34)n(-c3ccccc3)c(=O)c12,1,ChEMBL_pos
Cc1ccn2nc(C(C)Nc3ncnc4[nH]cc(-c5cccc6cc[nH]c56)c34)n(-c3ccccc3)c(=O)c12,1,ChEMBL_pos
Cc1ccn2nc(C(C)Nc3ncnc4[nH]cc(-c5ccccc5O)c34)n(-c3ccccc3)c(=O)c12,1,ChEMBL_pos
Cc1ccn2nc(C(C)Nc3ncnc4[nH]cc(-c5cn[nH]c5)c34)n(-c3ccccc3)c(=O)c12,1,ChEMBL_pos
Cc1ccn2nc(C(C)Nc3ncnc4[nH]cc(-c5cnn(C)c5)c34)n(-c3ccccc3)c(=O)c12,1,ChEMBL_pos
Cc1ccn2nc(C(C)Nc3ncnc4[nH]cc(C(=O)Nc5cccc(O)c5)c34)n(-c3ccccc3)c(=O)c12,1,ChEMBL_pos
Cc1ccn2nc(C(C)Nc3ncnc4[nH]cc(Cc5cccc(O)c5)c34)n(-c3ccccc3)c(=O)c12,1,ChEMBL_pos
Cc1ccn2nc(C(C)Nc3ncnc4[nH]cc(Sc5cccc(O)c5)c34)n(-c3ccccc3)c(=O)c12,1,ChEMBL_pos
Cc1ccn2nc(C(C)n3cnc4c(N)ncnc43)n(-c3ccccc3)c(=O)c12,1,ChEMBL_pos
Cc1ccnc(N2CCc3ccccc3C2)c1,1,ChEMBL_pos
Cc1ccnc(OC(C)(C)C(=O)NC(C)C(Cc2ccc(OCCF)cc2)c2cccc(C#N)c2)c1,1,ChEMBL_pos
Cc1ccncc1-n1c(C(C)Nc2nc(N)nc(N)c2C#N)nc2cccc(Cl)c2c1=O,1,ChEMBL_pos
Cc1ccsc1C(=O)NC1CCC(CCN2CCN(c3cccc(Cl)c3Cl)CC2)CC1,1,ChEMBL_pos
Cc1ccsc1C=NNc1nc2ccccc2nc1Cc1ccccc1,1,ChEMBL_pos
Cc1cn(-c2cc(F)cc(NC(=O)c3ccc(C)c(Nc4nccc(-c5cccnc5)n4)c3)c2)cn1,1,ChEMBL_pos
Cc1cn(-c2cc(NC(=O)c3ccc(C)c(Nc4nccc(-c5cccnc5)n4)c3)cc(C(F)(F)F)c2)cn1,1,ChEMBL_pos
Cc1cn(-c2ccc(Cl)cc2Cl)c2c1C(=O)N(C1CCCCC1)CC2,1,ChEMBL_pos
Cc1cn(-c2cccc(NC(=O)c3ccc(C)c(C#Cc4cnc5ccnn5c4)c3)c2)cn1,1,ChEMBL_pos
Cc1cn(-c2cccc(NC(=O)c3ccc(C)c(Nc4nccc(-c5cccnc5)n4)c3)c2)cn1,1,ChEMBL_pos
Cc1cn(CC2CN(c3ccc(-c4cc(C)no4)c(F)c3)C(=O)O2)nn1,1,ChEMBL_pos
Cc1cn2c(N)c(Cl)cc(C(=O)NCC3CCNCC3)c2n1,1,ChEMBL_pos
Cc1cnc(N2CCc3ccccc3C2)cc1N,1,ChEMBL_pos
Cc1cnc(N2CCc3ccccc3C2)cc1NCCO,1,ChEMBL_pos
Cc1cnc2c(c1)C1c3cc(O)c(O)cc3CCC1NC2,1,ChEMBL_pos
Cc1cncc(C(=O)N2CCC(Oc3cc(NC(=O)c4ccc(CN5CCN(C)CC5)c(C(F)(F)F)c4)ccc3C)CC2)c1,1,ChEMBL_pos
Cc1csc(C(=O)NC2CCC(CCN3CCN(c4cccc(Cl)c4Cl)CC3)CC2)c1,1,ChEMBL_pos
Cc1csc(CNC(N)=NC(=O)Cn2c(-c3ccccc3)ccc2C23CC4CC(CC(C4)C2)C3)n1,1,ChEMBL_pos
Cc1n[nH]c(=O)c(C)c1-c1ccc(Oc2nccc3[nH]ccc23)cc1,1,ChEMBL_pos
Cc1n[nH]c(=O)c(C)c1-c1ccc(Oc2nccc3n[nH]cc23)cc1,1,ChEMBL_pos
Cc1nc(-c2ccc(CSc3nc4ccccc4n3Cc3ccc(Cl)cc3)cc2)no1,1,ChEMBL_pos
Cc1nc(C(C)NC(=O)c2cc(C(=O)NC(CC(C)C)C(O)CC(C)C(=O)NC(C(=O)NC(C)C)C(C)C)cc(N(C)S(C)(=O)=O)c2)c(C)o1,1,ChEMBL_pos
Cc1nc(CNC(=O)c2cc(C(=O)NC(CC(C)C)C(O)CC(C)C(=O)NC(C(=O)NC(C)C)C(C)C)cc(N(C)S(C)(=O)=O)c2)c(C)o1,1,ChEMBL_pos
Cc1nc(COC(=O)NC(CS(C)(=O)=O)C(=O)NC(CC(C)C)C(O)CC(C)C(=O)NC(C(=O)NC(C)(C)C)C(C)C)c(C)o1,1,ChEMBL_pos
Cc1nc(Cl)c(Sc2ccc(Cl)cc2)c(N2CCN(C)CC2)n1,1,ChEMBL_pos
Cc1nc(Cl)c(Sc2ccc(Cl)cc2)c(NC2CCN(Cc3ccccc3)CC2)n1,1,ChEMBL_pos
Cc1nc(N)nc(-c2cc(CN3CCN(S(C)(=O)=O)CC3)cnc2Nc2ccc(C(F)(F)F)nc2)n1,1,ChEMBL_pos
Cc1nc(N)nc(-c2cc(CN3CCN(S(C)(=O)=O)CC3)cnc2Nc2ccc(Cl)nc2)n1,1,ChEMBL_pos
Cc1nc(N)nc(-c2cc(CN3CCN(S(C)(=O)=O)CC3)cnc2Nc2cncc(F)c2)n1,1,ChEMBL_pos
Cc1nc(N)nc(N2CC3(CC3)CC2c2nc3cccc(Cl)c3c(=O)n2-c2ccccc2)c1C#N,1,ChEMBL_pos
Cc1nc(N)nc(N2CC3(CC3)CC2c2nc3cccc(F)c3c(=O)n2-c2ccccc2)c1C#N,1,ChEMBL_pos
Cc1nc(N)nc(NC(C)c2nc3cccc(Cl)c3c(=O)n2-c2ccccc2)c1C#N,1,ChEMBL_pos
Cc1nc(N)nc(NC(c2nc3cccc(Cl)c3c(=O)n2-c2cc[nH]n2)C2CC2)c1C#N,1,ChEMBL_pos
Cc1nc(NC(=O)N2CCCC2C(N)=O)sc1-c1ccnc(C(C)(C)C(F)(F)F)c1,1,ChEMBL_pos
Cc1nc(Nc2ncc(C(=O)Nc3c(C)cccc3Cl)s2)cc(N2CCN(CCO)CC2)n1,1,ChEMBL_pos
Cc1nc2c(-c3ccc(Cl)cc3)n(-c3ccccc3Cl)nc2c(=O)n1CC(F)(F)F,1,ChEMBL_pos
Cc1nc2c(-c3nnc[nH]3)cc(-c3cc(N)ncc3F)cc2n1-c1ccnc2c(F)ccc(F)c12,1,ChEMBL_pos
Cc1nc2c(-c3nnc[nH]3)cc(-c3ccnc(C#N)c3)cc2n1-c1ccnc2c(F)ccc(F)c12,1,ChEMBL_pos
Cc1nc2c(-c3nnc[nH]3)cc(-c3ccnc(C(F)F)c3)cc2n1-c1ccnc2c(F)ccc(F)c12,1,ChEMBL_pos
Cc1nc2c(-c3nnc[nH]3)cc(-c3ccnc(Cl)c3)cc2n1-c1ccnc2c(F)ccc(F)c12,1,ChEMBL_pos
Cc1nc2c(-c3nnc[nH]3)cc(-c3ccnc(N)c3)cc2n1-c1ccnc2c(F)ccc(F)c12,1,ChEMBL_pos
Cc1nc2c(-c3nnc[nH]3)cc(-c3ccnc(N)c3Cl)cc2n1-c1ccnc2c(F)ccc(F)c12,1,ChEMBL_pos
Cc1nc2c(-c3nnc[nH]3)cc(-c3ccnc(N)c3F)cc2n1-c1ccnc2c(F)ccc(F)c12,1,ChEMBL_pos
Cc1nc2c(-c3nnc[nH]3)cc(-c3ccncc3)cc2n1-c1ccnc2c(F)ccc(F)c12,1,ChEMBL_pos
Cc1nc2c(OCCNCc3ccccc3)cccc2[nH]1,1,ChEMBL_pos
Cc1nc2cc(C(=O)CCC3CCN(Cc4ccccc4)CC3)ccc2[nH]1,1,ChEMBL_pos
Cc1nc2ccc(C(=O)CCC3CCN(Cc4ccccc4)CC3)cc2s1,1,ChEMBL_pos
Cc1nc2n(c(=O)c1CCN1CCC(c3noc4cc(F)ccc34)CC1)CCCC2,1,ChEMBL_pos
Cc1ncc(-c2ccn3ncc(-c4ccc5c(c4)C(C)(CC4CC4)C(=O)N5)c3n2)cn1,1,ChEMBL_pos
Cc1ncc(-c2ccn3ncc(-c4ccc5c(c4)C(C)(Cc4ccccc4)C(=O)N5)c3n2)cn1,1,ChEMBL_pos
Cc1ncc(-c2nc3c(-c4ccc5c(c4)C(C)(CC4CC4)C(=O)N5)ncnc3n2C)cn1,1,ChEMBL_pos
Cc1ncc(-c2nc3c(-c4ccc5c(c4)C4(CCCN4C(=O)C4CC4)C(=O)N5)ncnc3n2C)cn1,1,ChEMBL_pos
Cc1ncc(-c2nc3c(-c4ccc5c(c4)C4(CCCN4C(=O)C4CC4)C(=O)N5C)ncnc3n2C)cn1,1,ChEMBL_pos
Cc1ncc(-c2nc3c(-c4ccc5c(c4)C4(CCCN4S(C)(=O)=O)C(=O)N5)ncnc3n2C)cn1,1,ChEMBL_pos
Cc1ncc(-c2nc3c(-c4cnc5c(c4)C(C)(NC4CCOC4)C(=O)N5)ncnc3n2C)cn1,1,ChEMBL_pos
Cc1ncc(CCCN(C)C)cc1Nc1ncc2c(n1)-c1ccc(Cl)cc1NC(=S)C2,1,ChEMBL_pos
Cc1ncc2nccn2c1-c1ccc(Oc2nccc3[nH]ccc23)cc1,1,ChEMBL_pos
Cc1ncc2nccn2c1-c1ccc(Oc2nccc3[nH]ccc23)cc1F,1,ChEMBL_pos
Cc1nccc(-c2cc(-c3nnc[nH]3)c3nc(C)n(-c4ccnc5c(F)ccc(F)c45)c3c2)n1,1,ChEMBL_pos
Cc1nccc2c1[nH]c1cc(OCC(C)C)ccc12,1,ChEMBL_pos
Cc1nccc2c1[nH]c1cc(OCC3CCCCC3)ccc12,1,ChEMBL_pos
Cc1nccc2c1[nH]c1cc(OCCCC(F)(F)F)ccc12,1,ChEMBL_pos
Cc1nccc2c1[nH]c1cc(OCCCN(C)C)ccc12,1,ChEMBL_pos
Cc1nccc2c1[nH]c1cc(OCCN3CCOCC3)ccc12,1,ChEMBL_pos
Cc1nccc2c1[nH]c1cc(OCCO)ccc12,1,ChEMBL_pos
Cc1nccc2c1[nH]c1cc(OCCc3ccccc3)ccc12,1,ChEMBL_pos
Cc1nccc2c1[nH]c1cc(OCc3ccc4ccccc4c3)ccc12,1,ChEMBL_pos
Cc1nccc2c1[nH]c1cc(OCc3ccccc3)ccc12,1,ChEMBL_pos
Cc1nccc2c1[nH]c1cc(OCc3ccccn3)ccc12,1,ChEMBL_pos
Cc1nccc2c1[nH]c1cc(OCc3cccnc3)ccc12,1,ChEMBL_pos
Cc1nccc2c1[nH]c1cc(OCc3ccncc3)ccc12,1,ChEMBL_pos
Cc1ncccc1-c1cc(F)cc(N2CC(N3CCN(C(=O)c4nccs4)CC3)CC2=O)c1,1,ChEMBL_pos
Cc1ncccc1-c1cc(F)cc(N2CC(N3CCN(c4ncccn4)CC3)CC2=O)c1,1,ChEMBL_pos
Cc1ncccc1-c1cc(N2CC(N3CCN(C(=O)c4nccs4)CC3)CC2=O)ccc1F,1,ChEMBL_pos
Cc1ncccc1-c1cccc(N2CC(N3CCN(C(=O)c4nccs4)CC3)CC2=O)c1,1,ChEMBL_pos
Cc1ncccc1-n1c(C(C)Nc2nc(N)nc(N)c2C#N)nc2cccc(Cl)c2c1=O,1,ChEMBL_pos
Cc1ncnc(C#N)c1-c1ccc(Oc2nccc3[nH]ccc23)cc1F,1,ChEMBL_pos
Cc1ncnc(C#N)c1-c1ccc(Oc2nccc3n[nH]cc23)cc1F,1,ChEMBL_pos
Cc1ncnc(C)c1-c1cc(F)c(Oc2nccc3[nH]ccc23)cc1F,1,ChEMBL_pos
Cc1ncnc(C)c1-c1ccc(Oc2nccc3[nH]ccc23)c(F)c1F,1,ChEMBL_pos
Cc1ncnc(C)c1-c1ccc(Oc2nccc3[nH]ccc23)cc1,1,ChEMBL_pos
Cc1ncnc(C)c1-c1ccc(Oc2nccc3[nH]ccc23)cc1C#N,1,ChEMBL_pos
Cc1ncnc(C)c1-c1ccc(Oc2nccc3[nH]ccc23)cc1Cl,1,ChEMBL_pos
Cc1ncnc(C)c1-c1ccc(Oc2nccc3[nH]ccc23)cc1F,1,ChEMBL_pos
Cc1ncnc(C)c1-c1ccc(Oc2nccc3n[nH]cc23)cc1,1,ChEMBL_pos
Cc1ncnc(C)c1-c1ccc(Oc2nccc3n[nH]cc23)cc1C#N,1,ChEMBL_pos
Cc1ncnc(C)c1-c1ccc(Oc2nccc3n[nH]cc23)cc1Cl,1,ChEMBL_pos
Cc1ncnc(C)c1-c1ccc(Oc2nccc3n[nH]cc23)cc1F,1,ChEMBL_pos
Cc1ncnc(N2CC(F)C2)c1-c1ccc(Oc2nccc3[nH]ccc23)cc1F,1,ChEMBL_pos
Cc1nn(-c2ccccc2)cc1CN1CCN(C(=O)OC(C(F)(F)F)C(F)(F)F)CC1,1,ChEMBL_pos
Cc1nn(C2CCN(Cc3cccc(C#N)c3)CC2)cc1-c1ccccc1,1,ChEMBL_pos
Cc1nn(C2CCN(Cc3cccc(Cl)c3)CC2)cc1-c1ccccc1,1,ChEMBL_pos
Cc1nn(C2CCN(Cc3ccccc3)CC2)cc1-c1ccccc1,1,ChEMBL_pos
Cc1nn(CC(C)N)c2c1ccc1occc12,1,ChEMBL_pos
Cc1nnc(CNC(N)=NC(=O)Cn2c(-c3ccccc3)ccc2C23CC4CC(CC(C4)C2)C3)o1,1,ChEMBL_pos
Cc1noc(-c2c(N)ncnc2NC(C)c2cc3cccc(C#CCO)c3c(=O)n2C)n1,1,ChEMBL_pos
Cc1noc(-c2c(N)ncnc2NC(C)c2cc3cccc(C#CCO)c3c(=O)n2C2CC2)n1,1,ChEMBL_pos
Cc1noc(-c2c(N)ncnc2NC(C)c2nc3ccc(F)c(C#CCO)c3c(=O)n2-c2ccccc2)n1,1,ChEMBL_pos
Cc1noc(-c2c(N)ncnc2NC(C)c2nc3cccc(C#CC(C)O)c3c(=O)n2-c2ccccc2)n1,1,ChEMBL_pos
Cc1noc(-c2c(N)ncnc2NC(C)c2nc3cccc(C#CCO)c3c(=O)n2-c2ccccc2)n1,1,ChEMBL_pos
Cc1noc(-c2ccc(CSc3nc4ccccc4n3Cc3ccc(Cl)cc3)cc2)n1,1,ChEMBL_pos
Cc1oc(C)c2c1CCCc1cnn(C)c1-2,1,ChEMBL_pos
Cc1occc1S(=O)(=O)c1cc(Cl)ccc1S(=O)(=O)c1ccc(C(C)NS(C)(=O)=O)cc1,1,ChEMBL_pos
Cc1sc(=NC(=O)c2cccc(C(F)(F)F)c2)n(CC2CC2)c1C,1,ChEMBL_pos
Cc1sc(C)c2c1CCCc1cn(C)nc1-2,1,ChEMBL_pos
Cc1sc(C)c2c1CCCc1cnn(C(C)C)c1-2,1,ChEMBL_pos
Cc1sc(C)c2c1CCCc1cnn(C)c1-2,1,ChEMBL_pos
Cc1sc(C)c2c1CCc1cnn(C)c1-2,1,ChEMBL_pos
Cc1sc(C)c2c1SCc1cnn(C)c1-2,1,ChEMBL_pos
Cc1sc2ncnc(N)c2c1-c1ccc(NC(=O)Nc2cc(C(F)(F)F)ccc2F)cc1,1,ChEMBL_pos
Cc1sc2ncnc(N)c2c1-c1ccc(NC(=O)Nc2cc(Cl)cc(Cl)c2)cc1,1,ChEMBL_pos
Cc1sc2ncnc(N)c2c1-c1ccc(NC(=O)Nc2ccc(Br)cc2)cc1,1,ChEMBL_pos
Cc1sc2ncnc(N)c2c1-c1ccc(NC(=O)Nc2ccc(Cl)cc2)cc1,1,ChEMBL_pos
Cc1sc2ncnc(N)c2c1-c1ccc(NC(=O)Nc2ccc(F)cc2)cc1,1,ChEMBL_pos
Cc1sc2ncnc(N)c2c1-c1ccc(NC(=O)Nc2cccc(Br)c2)cc1,1,ChEMBL_pos
Cc1sc2ncnc(N)c2c1-c1ccc(NC(=O)Nc2cccc(C(F)(F)F)c2)cc1,1,ChEMBL_pos
Cc1sc2ncnc(N)c2c1-c1ccc(NC(=O)Nc2cccc(Cl)c2)cc1,1,ChEMBL_pos
Cc1sc2ncnc(N)c2c1-c1ccc(NC(=O)Nc2cccc(F)c2)cc1,1,ChEMBL_pos
Cc1sc2ncnc(N)c2c1-c1ccc(NC(=O)Nc2ccccc2)cc1,1,ChEMBL_pos
Cc1sc2ncnc(N)c2c1-c1ccc(NC(=O)Nc2ccccc2Cl)cc1,1,ChEMBL_pos
Clc1c(Br)ccc2c1CCNCC2,1,ChEMBL_pos
Clc1c2n(c3ccccc13)CCNCC2,1,ChEMBL_pos
Clc1cc(Cl)c(OCC#CI)cc1Cl,1,ChEMBL_pos
Clc1cc(Cl)cc(N2CCN(CC3CC3c3ccccc3)CC2)c1,1,ChEMBL_pos
Clc1cc2c(c(-c3ccccc3Cl)c1)N1CCNCCC1C2,1,ChEMBL_pos
Clc1ccc(-c2cc(Cl)cc3c2N2CCNCCC2C3)c(Cl)c1,1,ChEMBL_pos
Clc1ccc(C2CC(c3c4ccccc4cc4ccccc34)=NN2)cc1,1,ChEMBL_pos
Clc1ccc(C=NNc2nc3ccccc3nc2Cc2ccccc2)cc1,1,ChEMBL_pos
Clc1ccc(CN2CC=C(c3nc4cc(Cl)ccc4[nH]3)CC2)cc1,1,ChEMBL_pos
Clc1ccc(CN2CC=C(c3nc4ccccc4[nH]3)CC2)cc1,1,ChEMBL_pos
Clc1ccc(Cl)c(-c2cc(Cl)cc3c2N2CCNCCC2C3)c1,1,ChEMBL_pos
Clc1ccc(N2CCCN(CCCc3cc4ccccc4o3)CC2)cc1,1,ChEMBL_pos
Clc1ccc(N2CCN(CC3CC3c3ccccc3)CC2)c(Cl)c1,1,ChEMBL_pos
Clc1ccc(N2CCN(CC3CC3c3ccccc3)CC2)cc1,1,ChEMBL_pos
Clc1ccc(N2CCN(CC3CC3c3ccccc3)CC2)cc1Cl,1,ChEMBL_pos
Clc1ccc(N2CCN(CCCOc3ccc(-c4nc5ccccc5[nH]4)cc3)CC2)cc1,1,ChEMBL_pos
Clc1ccc(N2CCN(Cc3c[nH]c4ncccc34)CC2)cc1,1,ChEMBL_pos
Clc1ccc(Nc2nnc(Cc3ccncc3)c3ccccc23)cc1,1,ChEMBL_pos
Clc1ccc(Nc2nnc(Cc3ccncc3)c3ccccc23)cc1Cl,1,ChEMBL_pos
Clc1ccc(OCCCN2CC=CCC2)c(Cl)c1,1,ChEMBL_pos
Clc1ccc(OCCNCCCOc2ccccc2)cc1,1,ChEMBL_pos
Clc1ccc(OCCNCCCSc2ccccc2)cc1,1,ChEMBL_pos
Clc1ccc(SCCNCCCOc2ccccc2)cc1,1,ChEMBL_pos
Clc1ccc2[nH]c(C3=CCN(Cc4ccccc4)CC3)nc2c1,1,ChEMBL_pos
Clc1ccc2[nH]ccc2c1N1CCN(Cc2ccccc2)CC1,1,ChEMBL_pos
Clc1ccc2c(NCc3ccccc3)c3c(nc2c1)CCCC3,1,ChEMBL_pos
Clc1ccc2c(c1)C(N1CCN(C3CCCCC3)CC1)=Nc1cccnc1N2,1,ChEMBL_pos
Clc1ccc2c(c1)C(N1CCN(CCc3ccccc3)CC1)=Nc1cccnc1N2,1,ChEMBL_pos
Clc1ccc2c(c1)C(N1CCNCC1)=Nc1ccccc1O2,1,ChEMBL_pos
Clc1ccc2c(c1)C(NC1CC3CCC(C1)N3Cc1ccccc1)=Nc1cccnc1N2,1,ChEMBL_pos
Clc1ccc2c(c1)C(NC1CCN(Cc3ccccc3)CC1)=Nc1cccnc1N2,1,ChEMBL_pos
Clc1ccc2c(c1)CN1CCCCCC1=N2,1,ChEMBL_pos
Clc1ccc2c(c1)N1CCNCC1C2,1,ChEMBL_pos
Clc1ccc2c(c1)N=C(N1CCN(Cc3ccc(OCCCN4CCCCC4)cc3)CC1)c1ccccc1N2,1,ChEMBL_pos
Clc1ccc2c(c1)N=C(N1CCN(Cc3ccc4c(c3)OCCO4)CC1)c1ccccc1N2,1,ChEMBL_pos
Clc1ccc2c(c1)N=C(N1CCN(Cc3cccc4c3OCO4)CC1)c1ccccc1N2,1,ChEMBL_pos
Clc1ccc2c(c1)N=C1CCCCCN1C2,1,ChEMBL_pos
Clc1ccc2c(c1)cc1n2CCNC1,1,ChEMBL_pos
Clc1ccc2c(c1Cl)CCNCC2,1,ChEMBL_pos
Clc1ccc2c(n1)N1CCNCC1C2,1,ChEMBL_pos
Clc1ccc2cc3n(c2c1)CCNC3,1,ChEMBL_pos
Clc1cccc(C(OC2CC3CCC(C2)N3CCCc2ccccc2)c2ccccc2)c1,1,ChEMBL_pos
Clc1cccc(CN2CC=C(c3nc4ccccc4s3)CC2)c1,1,ChEMBL_pos
Clc1cccc(N2CCN(CC3CC3c3ccccc3)CC2)c1,1,ChEMBL_pos
Clc1cccc(N2CCN(CC3CC3c3ccccc3)CC2)c1Cl,1,ChEMBL_pos
Clc1cccc(N2CCN(CC3CC4c5ccccc5Cc5ccccc5C4O3)CC2)c1,1,ChEMBL_pos
Clc1cccc(N2CCN(CCC3CCC(Nc4ncccn4)CC3)CC2)c1Cl,1,ChEMBL_pos
Clc1cccc(N2CCN(CCCCc3cn(-c4ccn5nccc5c4)nn3)CC2)c1Cl,1,ChEMBL_pos
Clc1cccc(N2CCN(CCCc3cn(-c4ccn5nccc5c4)nn3)CC2)c1Cl,1,ChEMBL_pos
Clc1cccc(N2CCN(CCc3cn(-c4ccn5nccc5c4)nn3)CC2)c1Cl,1,ChEMBL_pos
Clc1cccc(N2CCNCC2)c1,1,ChEMBL_pos
Clc1cccc(OCCNCCCOc2ccccc2)c1,1,ChEMBL_pos
Clc1cccc2c(-n3cnc4c(-c5nnc[nH]5)cc(-c5ccncc5)cc43)ccnc12,1,ChEMBL_pos
Clc1cccc2c(-n3cnc4c(-c5nnc[nH]5)cc(N5CCOCC5)cc43)ccnc12,1,ChEMBL_pos
Clc1cccc2cc3n(c12)CCNC3,1,ChEMBL_pos
Clc1ccccc1-c1cccc2c1N1CCNCCC1C2,1,ChEMBL_pos
Clc1ccccc1-c1nnc2c(Cc3ccccc3)nc3ccccc3n12,1,ChEMBL_pos
Clc1ccccc1C=NNc1nc2ccccc2nc1Cc1ccccc1,1,ChEMBL_pos
Clc1ccccc1N1CCN(CC2CC2c2ccccc2)CC1,1,ChEMBL_pos
Clc1ccccc1N1CCN(CCCOc2ccc(-c3nc4ccccc4[nH]3)cc2)CC1,1,ChEMBL_pos
Clc1ccccc1OCCNCCCOc1ccccc1,1,ChEMBL_pos
Clc1sc(Cl)c2c1CCCc1c[nH]nc1-2,1,ChEMBL_pos
Cn1c(=O)c(-c2c(Cl)cccc2Cl)cc2cnc(Nc3ccc(F)cc3)nc21,1,ChEMBL_pos
Cn1c(=O)c(-c2c(Cl)cccc2Cl)cc2cnc(Nc3ccc(I)cc3)nc21,1,ChEMBL_pos
Cn1c(=O)c(-c2c(Cl)cccc2Cl)cc2cnc(Nc3ccc(N)cc3)nc21,1,ChEMBL_pos
Cn1c(=O)c(-c2c(Cl)cccc2Cl)cc2cnc(Nc3ccc(NC(=O)CCN)cc3)nc21,1,ChEMBL_pos
Cn1c(=O)c(-c2c(Cl)cccc2Cl)cc2cnc(Nc3ccc(NCC(O)CO)cc3)nc21,1,ChEMBL_pos
Cn1c(=O)c(-c2c(Cl)cccc2Cl)cc2cnc(Nc3ccc(OC4OC(CO)C(O)C(O)C4O)cc3)nc21,1,ChEMBL_pos
Cn1c(=O)c(-c2c(Cl)cccc2Cl)cc2cnc(Nc3cccc(CO)c3)nc21,1,ChEMBL_pos
Cn1c(=O)c2c(nc(OCCOc3ccc(Br)cc3)n2C)n(C)c1=O,1,ChEMBL_pos
Cn1c(=O)c2c(nc(OCCOc3ccc(Cl)cc3)n2C)n(C)c1=O,1,ChEMBL_pos
Cn1c(=O)c2c(nc(OCc3ccc(Br)cc3)n2C)n(C)c1=O,1,ChEMBL_pos
Cn1c(=O)c2c(nc(OCc3ccc(Cl)cc3)n2C)n(C)c1=O,1,ChEMBL_pos
Cn1c(=O)c2c(nc(OCc3cccc(Br)c3)n2C)n(C)c1=O,1,ChEMBL_pos
Cn1c(=O)c2c(nc(OCc3cccc(C(F)(F)F)c3)n2C)n(C)c1=O,1,ChEMBL_pos
Cn1c(=O)c2c(nc(OCc3cccc(Cl)c3)n2C)n(C)c1=O,1,ChEMBL_pos
Cn1c(=O)c2c(nc(OCc3cccc(F)c3)n2C)n(C)c1=O,1,ChEMBL_pos
Cn1c(=O)c2c(nc(OCc3ccccc3)n2C)n(C)c1=O,1,ChEMBL_pos
Cn1c(=O)c2c(ncn2CCCN2CCN(C(c3ccc(F)cc3)c3ccc(F)cc3)CC2)n(C)c1=O,1,ChEMBL_pos
Cn1c(=O)n(-c2ccc(C(C)(C)C#N)cc2)c2c3cc(-c4cnc5ccccc5c4)ccc3ncc21,1,ChEMBL_pos
Cn1c(C(=O)NC(C)(C)C)nc(-c2ccc(Cl)cc2)c1-c1ccc(Cl)cc1,1,ChEMBL_pos
Cn1c(C(=O)NC2CCCC2)nc(-c2ccc(Cl)cc2Cl)c1-c1ccc(Cl)cc1,1,ChEMBL_pos
Cn1c(C(=O)NC2CCCCC2)nc(-c2ccc(Cl)cc2)c1-c1ccc(Cl)cc1,1,ChEMBL_pos
Cn1c(C(=O)NC2CCCCC2)nc(-c2ccc(Cl)cc2)c1-c1ccc(Cl)cc1Cl,1,ChEMBL_pos
Cn1c(C(=O)NC2CCCCC2)nc(-c2ccc(Cl)cc2Cl)c1-c1ccc(Cl)cc1,1,ChEMBL_pos
Cn1c(C(=O)NC2CCCCC2)nc(-c2ccc(Cl)cc2Cl)c1-c1ccc(Cl)cc1Cl,1,ChEMBL_pos
Cn1c(C(=O)NC2CCCCCC2)nc(-c2ccc(Cl)cc2Cl)c1-c1ccc(Cl)cc1,1,ChEMBL_pos
Cn1c(C(=O)NCC2CC2)nc2c(N3CCC(n4c(=O)[nH]c5ccccc54)CC3)ncnc21,1,ChEMBL_pos
Cn1c(C(=O)NN2CCCCC2)nc(-c2ccc(Cl)cc2)c1-c1ccc(Cl)cc1,1,ChEMBL_pos
Cn1c(C(=O)NN2CCCCC2)nc(-c2ccc(Cl)cc2)c1-c1ccc(Cl)cc1Cl,1,ChEMBL_pos
Cn1c(C(=O)NN2CCCCC2)nc(-c2ccc(Cl)cc2Cl)c1-c1ccc(Cl)cc1,1,ChEMBL_pos
Cn1c(C(=O)NN2CCCCC2)nc(-c2ccc(Cl)cc2Cl)c1-c1ccc(Cl)cc1Cl,1,ChEMBL_pos
Cn1c(C(=O)NN2CCOCC2)nc(-c2ccc(Cl)cc2Cl)c1-c1ccc(Cl)cc1,1,ChEMBL_pos
Cn1c(C(=O)Nc2ccccc2)nc(-c2ccc(Cl)cc2Cl)c1-c1ccc(Cl)cc1,1,ChEMBL_pos
Cn1c(C(C)(C)C)cc(=NC(=O)c2cc(C(F)(F)F)ccc2F)n1CC1CC1,1,ChEMBL_pos
Cn1c(C(C)(C)C)cc(=NC(=O)c2cccc(C(F)(F)F)c2)n1CC1CC1,1,ChEMBL_pos
Cn1c(C(C)(C)C)cc(=NC(=O)c2cccc(C(F)(F)F)c2Cl)n1CC1CC1,1,ChEMBL_pos
Cn1c(C(C)(C)C)cc(=NC(=O)c2cccc(C(F)(F)F)c2F)n1CC1CC1,1,ChEMBL_pos
Cn1c(C(C)(C)C)cc(=NC(=O)c2cccc(C(F)(F)F)c2F)n1CC1CCC1,1,ChEMBL_pos
Cn1c(C(C)(C)C)cc(=NC(=O)c2cccc(C(F)(F)F)c2F)n1CC1CCCC1,1,ChEMBL_pos
Cn1c(Nc2ccc(C(F)(F)F)cc2)nc2cc(Oc3ccnc(-c4ncc(C(F)(F)F)[nH]4)c3)ccc21,1,ChEMBL_pos
Cn1c(Nc2cccc(C(C)(C)C)c2)nc2cc(Oc3ccnc(-c4ncc(C(F)(F)F)[nH]4)c3)ccc21,1,ChEMBL_pos
Cn1c(Nc2cccc(C(C)(C)C)c2)nc2cc(Oc3ccnc(-c4ncc[nH]4)c3)ccc21,1,ChEMBL_pos
Cn1c2c(c3ccccc31)CCNCC2,1,ChEMBL_pos
Cn1cc(-c2ccc3c(c2)CCN3C(=O)Cc2cccc(C(F)(F)F)c2)c2c(N)ncnc21,1,ChEMBL_pos
Cn1cc(-c2nc(-c3ccccc3Cl)c(-c3ccc(Cl)cc3)cc2C#N)cn1,1,ChEMBL_pos
Cn1cc(-c2nc(N3CCOCC3)c3sc(CN4CCC(C(C)(C)O)CC4)cc3n2)c2cc[nH]c2c1=O,1,ChEMBL_pos
Cn1cc(-c2nc(N3CCOCC3)c3sc(CN4CCN(CC5CC5)CC4)cc3n2)c2cc[nH]c2c1=O,1,ChEMBL_pos
Cn1cc(-c2nc(N3CCOCC3)c3sc(CN4CCN(S(C)(=O)=O)CC4)cc3n2)c2cc[nH]c2c1=O,1,ChEMBL_pos
Cn1cc(-c2ncc(C#N)c(N3CC4CC3CN4C(=O)C3CC3)n2)cn1,1,ChEMBL_pos
Cn1cc(-c2ncc(C#N)c(N3CC4CC3CN4c3cccc(F)c3)n2)cn1,1,ChEMBL_pos
Cn1cc(C(=O)OCC2CCN(CCNS(C)(=O)=O)CC2)c2ccccc21,1,ChEMBL_pos
Cn1cc(CCN)c2c3c(ccc21)OCCC3,1,ChEMBL_pos
Cn1cc(CN2CCN(C(=O)OC(C(F)(F)F)C(F)(F)F)CC2)c(-c2ccccc2)n1,1,ChEMBL_pos
Cn1cc(CN2CCN(C(=O)OC(C(F)(F)F)C(F)(F)F)CC2)c(-c2ccccc2Cl)n1,1,ChEMBL_pos
Cn1ccc(C2CN(C(=O)OC(C(F)(F)F)C(F)(F)F)C2)n1,1,ChEMBL_pos
Cn1ccc2ncnc(Oc3ccc(NC(=O)Nc4cccc(C(F)(F)F)c4)c(F)c3)c21,1,ChEMBL_pos
Cn1cnc2c(-c3ccc4c(c3)C(C)(CC3CC3)C(=O)N4)ncnc21,1,ChEMBL_pos
Cn1cnc2c(-c3ccc4c(c3)C(C)(Cc3ccccc3)C(=O)N4)ncnc21,1,ChEMBL_pos
Cn1nc(-c2ccccc2)cc1CN1CCN(C(=O)OC(C(F)(F)F)C(F)(F)F)CC1,1,ChEMBL_pos
Cn1nc(-c2cnc(N)c(-c3ccc(C(N)=O)c(F)c3)n2)nc1C1(c2ccccc2)CC1,1,ChEMBL_pos
Cn1nc(-c2cnc(N)c(-c3ccc(C(N)=O)cc3)n2)nc1C1(c2ccccc2)CC1,1,ChEMBL_pos
Cn1nc(-c2cnc(N)c(-c3cn[nH]c3)n2)nc1C1(c2ccccc2)CC1,1,ChEMBL_pos
Cn1nc(-c2cnc(N)c(-c3nnc(C(C)(C)C)o3)n2)nc1C1(c2ccccc2)CC1,1,ChEMBL_pos
Cn1nc(-c2cnc(N)c(-n3nnc4ccccc43)n2)nc1C1(c2ccccc2)CC1,1,ChEMBL_pos
Cn1nc(C2(c3ccccc3)CC2)nc1-c1cnc(N)c(-n2nnc3ccccc32)n1,1,ChEMBL_pos
Cn1ncc2c1-c1c(Cl)sc(Cl)c1CCC2,1,ChEMBL_pos
Cn1ncc2cc(C(c3ccc4c(cnn4C)c3)N3CCN(C(=O)OC(C(F)(F)F)C(F)(F)F)CC3)ccc21,1,ChEMBL_pos
FC(F)(F)c1ccc(-c2nc(Cc3ccccc3)nc3c2CCNCC3)cc1,1,ChEMBL_pos
FC(F)(F)c1cccc(N2CCN(CCC3CCC(Nc4ncccn4)CC3)CC2)c1,1,ChEMBL_pos
FC(F)(F)c1ccccc1-c1cccc2c1N1CCNCCC1C2,1,ChEMBL_pos
FC(F)(F)c1nc2c(N3CCN(Cc4ccccc4)CC3)cccc2[nH]1,1,ChEMBL_pos
FC(F)(F)c1nc2c(OCCNCc3ccccc3)cc(Cl)cc2[nH]1,1,ChEMBL_pos
FC(F)(F)c1nc2c(OCCNCc3ccccc3)cccc2[nH]1,1,ChEMBL_pos
FC(F)c1nc2c(OCCCN3CCOCC3)cccc2n1-c1nc(N2CCOCC2)nc(N2CCOCC2)n1,1,ChEMBL_pos
FC(F)c1nc2c(OCCN3CCOCC3)cccc2n1-c1nc(N2CCOCC2)nc(N2CCOCC2)n1,1,ChEMBL_pos
FC(F)c1nc2ccccc2n1-c1nc(N2CCNCC2)nc(N2CCOCC2)n1,1,ChEMBL_pos
FC(F)c1nc2ccccc2n1-c1nc(N2CCOCC2)nc(N2CCOCC2)n1,1,ChEMBL_pos
FC1CCNCC1c1c(-c2ccccc2)[nH]c2c(Cl)cccc12,1,ChEMBL_pos
FC1CCNCC1c1c(-c2ccccc2)[nH]c2cc(Cl)ccc12,1,ChEMBL_pos
FC1CCNCC1c1c(-c2ccccc2)[nH]c2ccc(Cl)cc12,1,ChEMBL_pos
FC1CCNCC1c1c(-c2ccccc2)[nH]c2ccccc12,1,ChEMBL_pos
Fc1ccc(-c2[nH]c3cc(F)ccc3c2C2CCCNC2)cc1,1,ChEMBL_pos
Fc1ccc(-c2[nH]c3cc(F)ccc3c2C2CNCCC2F)cc1,1,ChEMBL_pos
Fc1ccc(-c2cc(Cl)cc3c2N2CCNCCC2C3)cc1,1,ChEMBL_pos
Fc1ccc(-c2cccc(CN3CCN(c4ncccn4)CC3)c2)cc1,1,ChEMBL_pos
Fc1ccc(-c2cncc(CN3CCN(c4ccc(F)cc4)CC3)c2)cc1,1,ChEMBL_pos
Fc1ccc(-c2cncc(CN3CCN(c4ccccc4)CC3)c2)cc1,1,ChEMBL_pos
Fc1ccc(-c2cncc(CN3CCN(c4ccccc4F)CC3)c2)cc1,1,ChEMBL_pos
Fc1ccc(-c2cncc(CN3CCN(c4ccccn4)CC3)c2)cc1,1,ChEMBL_pos
Fc1ccc(-c2cncc(CN3CCN(c4cnccn4)CC3)c2)cc1,1,ChEMBL_pos
Fc1ccc(-c2cncc(CN3CCN(c4ncccn4)CC3)c2)cc1,1,ChEMBL_pos
Fc1ccc(-c2nc(-c3ccccc3)nc3c2CNCC3)cc1,1,ChEMBL_pos
Fc1ccc(-c2nc(C3CC3)nc3c2CNCC3)cc1,1,ChEMBL_pos
Fc1ccc(-c2nc(C3CCC3)nc3c2CNCC3)cc1,1,ChEMBL_pos
Fc1ccc(-c2nc(C3CCCC3)nc3c2CCNCC3)cc1,1,ChEMBL_pos
Fc1ccc(-c2nc(C3CCCC3)nc3c2CNCC3)cc1,1,ChEMBL_pos
Fc1ccc(-c2nc(Cc3ccccc3)nc3c2CCCNC3)cc1,1,ChEMBL_pos
Fc1ccc(-c2nc(Cc3ccccc3)nc3c2CCNC3)cc1,1,ChEMBL_pos
Fc1ccc(-c2nc(Cc3ccccc3)nc3c2CCNCC3)cc1,1,ChEMBL_pos
Fc1ccc(-c2nc(Cc3ccccc3)nc3c2CNCC3)cc1,1,ChEMBL_pos
Fc1ccc(-c2nc(Cc3ccccc3)nc3c2CNCCC3)cc1,1,ChEMBL_pos
Fc1ccc(C(OC2CC3CCC(C2)N3CCCCc2ccccc2)c2ccc(F)cc2)cc1,1,ChEMBL_pos
Fc1ccc(C(OC2CC3CCC(C2)N3Cc2cc3ccccc3[nH]2)c2ccc(F)cc2)cc1,1,ChEMBL_pos
Fc1ccc(C(OC2CC3CCC(C2)N3Cc2ccc(Cl)c(Cl)c2)c2ccc(F)cc2)cc1,1,ChEMBL_pos
Fc1ccc(C(OC2CC3CCC(C2)N3Cc2cccc3ccccc23)c2ccc(F)cc2)cc1,1,ChEMBL_pos
Fc1ccc(C(OC2CC3CCC(C2)N3Cc2ccccc2)c2ccc(F)cc2)cc1,1,ChEMBL_pos
Fc1ccc(C(OCCN2C3CCC2CC(OC(c2ccc(F)cc2)c2ccc(F)cc2)C3)c2ccc(F)cc2)cc1,1,ChEMBL_pos
Fc1ccc(C2CC2CN2CCN(c3ccc(Cl)cc3)CC2)cc1,1,ChEMBL_pos
Fc1ccc(C2CC2CN2CCN(c3cccc(Cl)c3)CC2)cc1,1,ChEMBL_pos
Fc1ccc(C2CC2CN2CCN(c3ccccc3Cl)CC2)cc1,1,ChEMBL_pos
Fc1ccc(CCCCN2CCN(c3ccc(Cl)cc3)CC2)cc1,1,ChEMBL_pos
Fc1ccc(CCCCN2CCN(c3ccccn3)CC2)cc1,1,ChEMBL_pos
Fc1ccc(CCCCN2CCN(c3ncccn3)CC2)cc1,1,ChEMBL_pos
Fc1ccc(CCN2CCC3(C=Cc4cc(F)ccc4O3)CC2)c(F)c1,1,ChEMBL_pos
Fc1ccc(CCN2CCC3(CCc4c(F)cccc4O3)CC2)c(F)c1,1,ChEMBL_pos
Fc1ccc(CCN2CCC3(CCc4ccc(F)cc4O3)CC2)c(F)c1,1,ChEMBL_pos
Fc1ccc(CCN2CCC3(CCc4cccc(F)c4O3)CC2)c(F)c1,1,ChEMBL_pos
Fc1ccc(CCN2CCC3(CCc4ccccc4C3)CC2)c(F)c1,1,ChEMBL_pos
Fc1ccc(CCN2CCC3(CCc4ccccc4O3)CC2)c(F)c1,1,ChEMBL_pos
Fc1ccc(CN2CCN(C3=Nc4cc(Cl)ccc4Nc4ccccc43)CC2)c(F)c1,1,ChEMBL_pos
Fc1ccc(Cc2nc3c(c(-c4ccc(F)cc4)n2)CCNCC3)cc1,1,ChEMBL_pos
Fc1ccc(Cc2nc3c(c(-c4ccc(F)cc4)n2)CNCC3)cc1,1,ChEMBL_pos
Fc1ccc(N2CCN(CCC3CCC(Nc4ncccn4)CC3)CC2)cc1,1,ChEMBL_pos
Fc1ccc(N2CCN(Cc3c[nH]c4ncccc34)CC2)cc1,1,ChEMBL_pos
Fc1ccc(OCC2CCC3CN(c4ncc(F)cn4)CCN3C2)cc1,1,ChEMBL_pos
Fc1ccc(OCCCN2CCC(c3ccc(Cl)cc3)CC2)cc1,1,ChEMBL_pos
Fc1ccc(OCCCN2CCN(c3ccc(Cl)cc3)CC2)cc1,1,ChEMBL_pos
Fc1ccc(OCCCN2CCN(c3ccccn3)CC2)cc1,1,ChEMBL_pos
Fc1ccc(OCCCN2CCN(c3ncccn3)CC2)cc1,1,ChEMBL_pos
Fc1ccc(OCCCNCCOc2ccc(Cl)cc2)cc1,1,ChEMBL_pos
Fc1ccc(SCCCN2CCN(c3ccc(Cl)cc3)CC2)cc1,1,ChEMBL_pos
Fc1ccc(SCCCN2CCN(c3ccccn3)CC2)cc1,1,ChEMBL_pos
Fc1ccc(SCCCN2CCN(c3ncccn3)CC2)cc1,1,ChEMBL_pos
Fc1ccc2[nH]c(-c3ccccc3)c(C3CNCCC3F)c2c1,1,ChEMBL_pos
Fc1ccc2[nH]ccc2c1-c1nc(N2CCOCC2)c2sc(CN3CCN(CC4CC4)CC3)cc2n1,1,ChEMBL_pos
Fc1ccc2c(C3CNCCC3F)c(-c3ccc4ccccc4c3)[nH]c2c1,1,ChEMBL_pos
Fc1ccc2c(C3CNCCC3F)c(-c3cccc4ccccc34)[nH]c2c1,1,ChEMBL_pos
Fc1ccc2c(C3CNCCC3F)c(-c3ccccc3)[nH]c2c1,1,ChEMBL_pos
Fc1ccc2c(C3CNCCC3F)c(-c3cccnc3)[nH]c2c1,1,ChEMBL_pos
Fc1ccc2c(C3CNCCC3F)c(-c3ccoc3)[nH]c2c1,1,ChEMBL_pos
Fc1ccc2c(C3CNCCC3F)c(-c3ccsc3)[nH]c2c1,1,ChEMBL_pos
Fc1ccc2c(C3CNCCC3F)c(C3CCCCC3)[nH]c2c1,1,ChEMBL_pos
Fc1ccc2c(C3CNCCC3F)c[nH]c2c1,1,ChEMBL_pos
Fc1ccc2c(c1)CC(CCN1CCN(c3ccc(Cl)cc3)CC1)C2,1,ChEMBL_pos
Fc1ccc2c(c1)CCC1(CCN(C3CCc4ccccc4C3)CC1)O2,1,ChEMBL_pos
Fc1ccc2c(c1Cl)CCNCC2,1,ChEMBL_pos
Fc1cccc(-c2cccc(CN3CCN(c4ncccn4)CC3)c2)c1,1,ChEMBL_pos
Fc1cccc(CCN2CCN(CCCc3c[nH]c4ccc(-n5cnnc5)cc34)CC2)c1,1,ChEMBL_pos
Fc1cccc2c(C3CNCCC3F)c(-c3ccccc3)[nH]c12,1,ChEMBL_pos
Fc1cccc2c1CCC(NCc1ccccc1)C2,1,ChEMBL_pos
Fc1cccc2c1nc(OCC1CCN(CCC(F)(F)F)CC1)c1cccnc12,1,ChEMBL_pos
Fc1cccc2c1nc(OCC1CCN(CCCC(F)(F)F)CC1)c1cccnc12,1,ChEMBL_pos
Fc1cccc2c1nc(OCC1CCN(CCCc3ccc(I)cc3)CC1)c1cccnc12,1,ChEMBL_pos
Fc1ccccc1-c1cc(Cl)cc2c1N1CCNCCC1C2,1,ChEMBL_pos
Fc1ccccc1-c1cccc(CN2CCN(c3ncccn3)CC2)c1,1,ChEMBL_pos
Fc1ccccc1N1CCN(CCCCc2cc(C=Cc3ccccc3)no2)CC1,1,ChEMBL_pos
Fc1ccccc1N1CCN(Cc2c[nH]c3ncccc23)CC1,1,ChEMBL_pos
N#CC(C#N)=C1NCCN1CCNCc1ccc(CN2CC=CCC2)o1,1,ChEMBL_pos
N#CC(C#N)=C1NCCN1CCNCc1ccc(CN2CCC(O)CC2)o1,1,ChEMBL_pos
N#CC(C#N)=C1NCCN1CCNCc1ccc(CN2CCCC(O)C2)o1,1,ChEMBL_pos
N#CC(C#N)=C1NCCN1CCNCc1ccc(CN2CCCC2)o1,1,ChEMBL_pos
N#CC(C#N)=C1NCCN1CCNCc1ccc(CN2CCCCC2)o1,1,ChEMBL_pos
N#CC(C#N)=C1NCCN1CCNCc1ccc(CN2CCCCCC2)o1,1,ChEMBL_pos
N#CC(C#N)=C1Nc2ccccc2N1CCNCc1ccc(CN2CCCCC2)o1,1,ChEMBL_pos
N#CCCCN(CCCN1CCN(c2ccccc2)CC1)C1CCc2ccc(O)cc2C1,1,ChEMBL_pos
N#CCCCNC(N)=NC(=O)Cn1c(-c2ccccc2)ccc1C12CC3CC(CC(C3)C1)C2,1,ChEMBL_pos
N#CCCCOc1ccc(-c2ccc(-c3ccccc3)n2CC(=O)NC(=N)N)cc1,1,ChEMBL_pos
N#CCCNC(N)=NC(=O)Cn1c(-c2ccccc2)ccc1C12CC3CC(CC(C3)C1)C2,1,ChEMBL_pos
N#Cc1c(C(=O)NN2CC3CCCC3C2)nc(-c2ccc(Cl)cc2Cl)n1-c1ccc(Cl)cc1,1,ChEMBL_pos
N#Cc1c(C(=O)NN2CCCCC2)nc(-c2ccc(Cl)cc2Cl)n1-c1ccc(Cl)cc1,1,ChEMBL_pos
N#Cc1c(Cl)nc(N)nc1NC(c1nc2cccc(Cl)c2c(=O)n1-c1cc[nH]n1)C1CC1,1,ChEMBL_pos
N#Cc1c(N)nc(N)nc1N1CC2(CC2)CC1c1nc2cccc(Cl)c2c(=O)n1-c1ccccc1,1,ChEMBL_pos
N#Cc1c(N)nc(N)nc1N1CC2(CC2)CC1c1nc2cccc(F)c2c(=O)n1-c1ccccc1,1,ChEMBL_pos
N#Cc1c(N)nc(N)nc1NC(c1nc2c(Cl)cc(F)cc2c(=O)n1-c1cc[nH]n1)C1CC1,1,ChEMBL_pos
N#Cc1c(N)nc(N)nc1NC(c1nc2c(F)ccc(Cl)c2c(=O)n1-c1cccnc1)C1CC1,1,ChEMBL_pos
N#Cc1c(N)nc(N)nc1NC(c1nc2cccc(Cl)c2c(=O)n1-c1cc[nH]n1)C1CC1,1,ChEMBL_pos
N#Cc1c(N)ncnc1N1CC(F)(F)CC1c1nn2cccc2c(=O)n1-c1ccccc1,1,ChEMBL_pos
N#Cc1c(N)ncnc1N1CC2(CC2)CC1c1nc2ccc(F)cc2c(=O)n1-c1ccccc1,1,ChEMBL_pos
N#Cc1c(N)ncnc1N1CC2(CC2)CC1c1nc2cccc(Cl)c2c(=O)n1-c1ccccc1,1,ChEMBL_pos
N#Cc1c(N)ncnc1N1CC2(CC2)CC1c1nc2cccc(F)c2c(=O)n1-c1ccccc1,1,ChEMBL_pos
N#Cc1c(N)ncnc1N1CCCC1c1nn2cccc2c(=O)n1-c1ccccc1,1,ChEMBL_pos
N#Cc1c(N)ncnc1NC(CC(F)(F)F)c1nn2cccc2c(=O)n1-c1ccccc1,1,ChEMBL_pos
N#Cc1c(N)ncnc1NC(CCO)c1nn2cccc2c(=O)n1-c1ccccc1,1,ChEMBL_pos
N#Cc1c(N)ncnc1NC(CO)c1nn2cccc2c(=O)n1-c1ccccc1,1,ChEMBL_pos
N#Cc1c(NC(c2nc3c(Cl)cc(F)cc3c(=O)n2-c2cc[nH]n2)C2CC2)nc(N)nc1C(F)F,1,ChEMBL_pos
N#Cc1c(NC(c2nc3cccc(Cl)c3c(=O)n2-c2cc[nH]n2)C2CC2)nc(N)nc1C(F)F,1,ChEMBL_pos
N#Cc1c2n(c3ccccc13)CCNCC2,1,ChEMBL_pos
N#Cc1c[nH]c2c(C(=O)N3CCN(CCc4ccc(F)cc4F)CC3)cccc12,1,ChEMBL_pos
N#Cc1c[nH]c2ncnc(N3CC(F)CC3c3nn4ccc(Cl)c4c(=O)n3-c3ccccc3)c12,1,ChEMBL_pos
N#Cc1c[nH]c2ncnc(N3CCC3c3nn4ccc(Cl)c4c(=O)n3-c3ccccc3)c12,1,ChEMBL_pos
N#Cc1c[nH]c2ncnc(N3CCCC3c3nn4ccc(Cl)c4c(=O)n3-c3ccccc3)c12,1,ChEMBL_pos
N#Cc1c[nH]c2ncnc(N3CCCC3c3nn4cccc4c(=O)n3-c3ccccc3)c12,1,ChEMBL_pos
N#Cc1cc(-c2ccc(Cl)cc2)c(-c2ccc(Cl)cc2)nc1OCc1ccc(F)c(F)c1,1,ChEMBL_pos
N#Cc1cc(-c2ccc(Cl)cc2)c(-c2ccc(Cl)cc2Cl)nc1-n1ccnc1,1,ChEMBL_pos
N#Cc1cc(-c2ccc(Cl)cc2)c(-c2ccc(Cl)cc2Cl)nc1-n1nnc2ccccc21,1,ChEMBL_pos
N#Cc1cc(-c2ccc(Cl)cc2)c(-c2ccc(Cl)cc2Cl)nc1N1CCCCC1,1,ChEMBL_pos
N#Cc1cc(-c2ccc(Cl)cc2)c(-c2ccc(Cl)cc2Cl)nc1NC(=O)c1ccc(F)c(F)c1,1,ChEMBL_pos
N#Cc1cc(-c2ccc(Cl)cc2)c(-c2ccc(Cl)cc2Cl)nc1Nc1ccc(F)cc1,1,ChEMBL_pos
N#Cc1cc(-c2ccc(Cl)cc2)c(-c2ccc(Cl)cc2Cl)nc1OC1CCOC1,1,ChEMBL_pos
N#Cc1cc(-c2ccc(Cl)cc2)c(-c2ccc(Cl)cc2Cl)nc1OCC1CCOC1,1,ChEMBL_pos
N#Cc1cc(-c2ccc(Cl)cc2)c(-c2ccc(Cl)cc2Cl)nc1OCCNC(=O)C1CCC1,1,ChEMBL_pos
N#Cc1cc(-c2ccc(Cl)cc2)c(-c2ccc(Cl)cc2Cl)nc1OCc1cc(F)cc(F)c1,1,ChEMBL_pos
N#Cc1cc(-c2ccc(Cl)cc2)c(-c2ccc(Cl)cc2Cl)nc1OCc1ccc(C(F)(F)F)cc1,1,ChEMBL_pos
N#Cc1cc(-c2ccc(Cl)cc2)c(-c2ccc(Cl)cc2Cl)nc1OCc1ccc(F)c(F)c1,1,ChEMBL_pos
N#Cc1cc(-c2ccc(Cl)cc2)c(-c2ccc(Cl)cc2Cl)nc1OCc1ccc(F)cc1,1,ChEMBL_pos
N#Cc1cc(-c2ccc(Cl)cc2)c(-c2ccc(Cl)cc2Cl)nc1OCc1ccc(F)cc1F,1,ChEMBL_pos
N#Cc1cc(-c2ccc(Cl)cc2)c(-c2ccc(Cl)cc2Cl)nc1OCc1cccc(Cl)c1,1,ChEMBL_pos
N#Cc1cc(-c2ccc(Cl)cc2)c(-c2ccc(Cl)cc2Cl)nc1OCc1ccccc1,1,ChEMBL_pos
N#Cc1cc(-c2ccc(Cl)cc2)c(-c2ccc(Cl)cc2Cl)nc1Oc1cc(Cl)cc(Cl)c1,1,ChEMBL_pos
N#Cc1cc(-c2ccc(Cl)cc2)c(-c2ccc(Cl)cc2Cl)nc1Oc1cc(F)cc(F)c1,1,ChEMBL_pos
N#Cc1cc(-c2ccc(Cl)cc2)c(-c2ccc(Cl)cc2Cl)nc1Oc1ccc(Cl)cc1,1,ChEMBL_pos
N#Cc1cc(-c2ccc(Cl)cc2)c(-c2ccc(Cl)cc2Cl)nc1Oc1ccc(F)c(F)c1,1,ChEMBL_pos
N#Cc1cc(-c2ccc(Cl)cc2)c(-c2ccc(Cl)cc2Cl)nc1Oc1ccc(F)cc1,1,ChEMBL_pos
N#Cc1cc(-c2ccc(Cl)cc2)c(-c2ccc(Cl)cc2Cl)nc1Oc1cccc(Cl)c1,1,ChEMBL_pos
N#Cc1cc(-c2ccc(Cl)cc2)c(-c2ccc(Cl)cc2Cl)nc1Oc1cccc(F)c1,1,ChEMBL_pos
N#Cc1cc(-c2ccc(Cl)cc2)c(-c2ccc(Cl)cc2Cl)nc1Sc1ccc(F)cc1,1,ChEMBL_pos
N#Cc1cc(-c2ccc(Cl)cc2)c(-c2ccccc2Cl)nc1-c1cccnc1,1,ChEMBL_pos
N#Cc1cc(-c2ccc(Cl)cc2)c(-c2ccccc2Cl)nc1-c1cncnc1,1,ChEMBL_pos
N#Cc1cc(-c2ccc(Cl)cc2)c(-c2ccccc2Cl)nc1N1CCN(S(=O)(=O)c2cc(F)cc(F)c2)CC1,1,ChEMBL_pos
N#Cc1cc(-c2ccc(Cl)cc2)c(-c2ccccc2Cl)nc1OCc1ccc(F)c(F)c1,1,ChEMBL_pos
N#Cc1cc(-c2ccc(Cl)cc2)c(-c2ccccc2Cl)nc1Oc1ccc(F)c(F)c1,1,ChEMBL_pos
N#Cc1cc(-c2ccc(F)cc2)c(-c2ccc(Cl)cc2Cl)nc1OCc1ccc(F)c(F)c1,1,ChEMBL_pos
N#Cc1cc(-c2ccc(F)cc2)c(-c2ccc(F)cc2F)nc1OCc1ccc(F)c(F)c1,1,ChEMBL_pos
N#Cc1cc(CNc2ccccc2C(=O)Nc2ccc3c(c2)OC(F)(F)O3)ccn1,1,ChEMBL_pos
N#Cc1cc(F)cc(OC(=O)N2CCC(C(c3ccccc3)c3ccccc3)CC2)c1,1,ChEMBL_pos
N#Cc1cc(F)ccc1C=Cc1ccc(S(=O)(=O)c2ccccc2F)cn1,1,ChEMBL_pos
N#Cc1cc(O)cc(OC(=O)N2CCC(C(c3ccccc3)c3ccccc3)CC2)c1,1,ChEMBL_pos
N#Cc1ccc(-c2csc(NN=C3CCCC3)n2)cc1,1,ChEMBL_pos
N#Cc1ccc(-c2nc(C3CCCC3)nc3c2CCNCC3)cc1,1,ChEMBL_pos
N#Cc1ccc(-n2ccc3cc(C(=O)N4CC(N5CCN(C(=O)c6ccccc6)CC5)C4)ccc32)cc1,1,ChEMBL_pos
N#Cc1ccc(-n2ccc3cc(C(=O)N4CC(N5CCN(C(=O)c6cscn6)CC5)C4)ccc32)cc1,1,ChEMBL_pos
N#Cc1ccc(-n2ccc3cc(C(=O)N4CC(N5CCN(C(=O)c6nccs6)CC5)C4)ccc32)cc1,1,ChEMBL_pos
N#Cc1ccc(CCOC(=O)N2CCN(CCCC(c3ccc(F)cc3)c3ccc(F)cc3)CC2)cc1,1,ChEMBL_pos
N#Cc1ccc(CCOC(=O)N2CCN(CCCc3ccccc3)CC2)cc1,1,ChEMBL_pos
N#Cc1ccc(CCOC(=O)NC2CCN(CCCC(c3ccc(F)cc3)c3ccc(F)cc3)CC2)cc1,1,ChEMBL_pos
N#Cc1ccc(COc2ccc3occc(=O)c3c2)cc1,1,ChEMBL_pos
N#Cc1ccc(F)c(OC(=O)N2CCC(C(c3ccccc3)c3ccccc3)CC2)c1,1,ChEMBL_pos
N#Cc1ccc(S(=O)(=O)C2(F)CCN(CCc3ccc(F)cc3F)CC2)cc1,1,ChEMBL_pos
N#Cc1ccc(S(=O)(=O)C2CCN(CCc3ccc(F)cc3F)CC2)cc1,1,ChEMBL_pos
N#Cc1ccc2[nH]c(CN3CCN(c4ccccc4)CC3)cc2c1,1,ChEMBL_pos
N#Cc1ccc2[nH]c(CN3CCN(c4ccccc4Cl)CC3)cc2c1,1,ChEMBL_pos
N#Cc1ccc2[nH]cc(CN3CCN(c4ccc(Cl)c(Cl)c4)CC3)c2c1,1,ChEMBL_pos
N#Cc1ccc2[nH]cc(CN3CCN(c4ccccc4Cl)CC3)c2c1,1,ChEMBL_pos
N#Cc1ccc2c(CCC3CCN(Cc4ccccc4)CC3)noc2c1,1,ChEMBL_pos
N#Cc1ccc2c(c1)C(=O)CC1(CCN(CCc3ccc(F)cc3F)CC1)O2,1,ChEMBL_pos
N#Cc1ccc2c(c1Cl)CCNCC2,1,ChEMBL_pos
N#Cc1ccc2cc(CN3CCN(c4ccccc4Cl)CC3)[nH]c2c1,1,ChEMBL_pos
N#Cc1ccc2on(CC3CC4c5ccccc5Oc5ccc(Br)cc5C4O3)c2c1,1,ChEMBL_pos
N#Cc1cccc(-c2ccc(-c3ccc(Oc4ccccc4)cc3)n2CC(=O)NC(=N)N)c1,1,ChEMBL_pos
N#Cc1cccc(C2CCCN(CC3CC3)C2)c1,1,ChEMBL_pos
N#Cc1cccc(C2CCCN(CCCc3ccccc3)C2)c1,1,ChEMBL_pos
N#Cc1cccc(C2CCCN(CCc3ccccc3)C2)c1,1,ChEMBL_pos
N#Cc1cccc(C2CCCNC2)c1,1,ChEMBL_pos
N#Cc1cccc(COc2ccc3occc(=O)c3c2)c1,1,ChEMBL_pos
N#Cc1cccc(Cl)c1-c1ccc(C2CN(C(=O)N3CCC4OCC(=O)NC4C3)C2)cc1,1,ChEMBL_pos
N#Cc1cccc(NC(=O)NCCCN2CCC(Cc3ccc(F)cc3)C2)c1,1,ChEMBL_pos
N#Cc1cccc(NC(=O)NCCCN2CCC(Cc3ccc(F)cc3)CC2)c1,1,ChEMBL_pos
N#Cc1cccc(NC(=O)NCCCN2CCC(Cc3ccccc3)CC2)c1,1,ChEMBL_pos
N#Cc1cccc(Nc2noc3c(C(=O)Nc4cncnc4)c(Cl)ccc23)c1,1,ChEMBL_pos
N#Cc1cccc(OC(=O)N2CCC(C(c3ccc(Cl)cc3)c3ccc(Cl)cc3)CC2)c1,1,ChEMBL_pos
N#Cc1cccc(OC(=O)N2CCC(C(c3ccccc3)c3ccccc3)CC2)c1,1,ChEMBL_pos
N#Cc1cccc(OC(=O)N2CCC(C(c3ccccc3)c3ccccc3)CC2)n1,1,ChEMBL_pos
N#Cc1cccc(OC(=O)N2CCC(Cc3ccccc3)CC2)c1,1,ChEMBL_pos
N#Cc1cccc(OC(=O)N2CCC(NC(c3ccccc3)c3ccccc3)CC2)c1,1,ChEMBL_pos
N#Cc1cccc(OC(=O)N2CCC(OC(c3ccccc3)c3ccccc3)CC2)c1,1,ChEMBL_pos
N#Cc1cccc(OC(=O)N2CCC(S(=O)(=O)C(c3ccccc3)c3ccccc3)CC2)c1,1,ChEMBL_pos
N#Cc1cccc(OC(=O)N2CCN(C(c3ccc(F)cc3)c3ccc(F)cc3)CC2)c1,1,ChEMBL_pos
N#Cc1cccc(OC(=O)N2CCN(C(c3ccccc3)c3ccccc3)CC2)c1,1,ChEMBL_pos
N#Cc1cccc(OC(=O)N2CCN(C(c3ccccc3)c3cccnc3)CC2)c1,1,ChEMBL_pos
N#Cc1cccc(OC(=O)N2CCN(C3CC3)CC2)c1,1,ChEMBL_pos
N#Cc1cccc(OC(=O)N2CCN(C3CCCC3)CC2)c1,1,ChEMBL_pos
N#Cc1cccc(OC(=O)N2CCN(C3CCCCC3)CC2)c1,1,ChEMBL_pos
N#Cc1cccc(OC(=O)N2CCN(C3c4ccccc4-c4ccccc43)CC2)c1,1,ChEMBL_pos
N#Cc1cccc(S(=O)(=O)C2CCN(CCc3ccc(F)cc3F)CC2)c1,1,ChEMBL_pos
N#Cc1ccccc1N1CCN(CNC(=O)c2ccc(Cl)cc2)CC1,1,ChEMBL_pos
N#Cc1ccccc1N1CCN(CNC(=O)c2cccc(Cl)c2)CC1,1,ChEMBL_pos
N#Cc1ccccc1S(=O)(=O)C1CCN(CCc2ccc(F)cc2F)CC1,1,ChEMBL_pos
N#Cc1ccccc1S(=O)(=O)N1CCC(CCc2ccc(F)cc2F)CC1,1,ChEMBL_pos
N#Cc1ccnc(OC(=O)N2CCC(C(c3ccccc3)c3ccccc3)CC2)c1,1,ChEMBL_pos
N#Cc1cnc(-c2cccnc2)nc1N1CC2CC1CN2c1cccc(Cl)c1,1,ChEMBL_pos
N#Cc1cnc(-c2cccnc2)nc1N1CC2CC1CN2c1cccc(F)c1,1,ChEMBL_pos
N#Cc1cnc(-c2ccnc3[nH]ccc23)nc1N1CC2CC1CN2c1cccc(F)c1,1,ChEMBL_pos
N#Cc1cnc(-c2cnc3[nH]ccc3c2)nc1N1CC2CC1CN2c1cccc(F)c1,1,ChEMBL_pos
N#Cc1cnc(C(=O)Nc2ccc(C3CCN(CCN4CCOCC4)CC3)cc2C2=CCCCC2)[nH]1,1,ChEMBL_pos
N#Cc1cnc(C(=O)Nc2ccc(CCN3CCOCC3)cc2C2=CCCCC2)[nH]1,1,ChEMBL_pos
N#Cc1cnc(C(=O)Nc2ccc(CN3CCOCC3)cc2C2=CCCCC2)[nH]1,1,ChEMBL_pos
N#Cc1cnc(N)nc1N1CCC1c1nn2ccc(Cl)c2c(=O)n1-c1ccccc1,1,ChEMBL_pos
N#Cc1cnc(N)nc1N1CCCC1c1nn2ccc(Cl)c2c(=O)n1-c1ccccc1,1,ChEMBL_pos
N#Cc1cnc(N2Cc3cn[nH]c3C2)nc1N1CC2CC1CN2c1cccc(F)c1,1,ChEMBL_pos
N#Cc1cnn2ccc(OCCCCN3CCN(c4cccc(Cl)c4Cl)CC3)cc12,1,ChEMBL_pos
N=C(N)N1N=C(c2ccccc2)CC1c1ccc(Cl)cc1,1,ChEMBL_pos
N=C(N)N1N=C(c2ccccc2)CC1c1ccncc1,1,ChEMBL_pos
N=C(N)NC(=O)Cn1c(-c2ccc(Oc3ccccc3)cc2)ccc1-c1ccc(C(F)(F)F)cc1,1,ChEMBL_pos
N=C(N)NC(=O)Cn1c(-c2ccc(Oc3ccccc3)cc2)ccc1-c1csc2ccccc12,1,ChEMBL_pos
N=C(N)NC(=O)Cn1c(-c2ccccc2)ccc1-c1ccc(NC(=O)c2cccc(Br)c2)cc1,1,ChEMBL_pos
N=C(N)c1ccc(OCCCCCOc2ccc(C(=N)N)cc2)cc1,1,ChEMBL_pos
N=C(NS(=O)(=O)c1ccc(Cl)cc1)N1CC(c2ccccc2)C(c2ccc(Cl)cc2)=N1,1,ChEMBL_pos
N=C(NS(=O)(=O)c1ccc(F)cc1)N1CC(c2ccccc2)C(c2ccc(Cl)cc2)=N1,1,ChEMBL_pos
N=C(Nc1cccc2ccccc12)Nc1cccc2ccccc12,1,ChEMBL_pos
N=C(Nc1ccccc1I)Nc1ccccc1I,1,ChEMBL_pos
NC(=NC(=O)Cc1c(-c2ccccc2Cl)csc1-c1ccc(C(=O)NCC(F)(F)F)cc1)NCCCO,1,ChEMBL_pos
NC(=NC(=O)Cc1c(-c2ccccc2Cl)csc1-c1ccc(C(=O)NCC2CC2)cc1)NCCCO,1,ChEMBL_pos
NC(=NC(=O)Cn1c(-c2ccccc2)ccc1C12CC3CC(CC(C3)C1)C2)NC1CCC(O)CC1,1,ChEMBL_pos
NC(=NC(=O)Cn1c(-c2ccccc2)ccc1C12CC3CC(CC(C3)C1)C2)NCC(O)CO,1,ChEMBL_pos
NC(=NC(=O)Cn1c(-c2ccccc2)ccc1C12CC3CC(CC(C3)C1)C2)NCCCCO,1,ChEMBL_pos
NC(=NC(=O)Cn1c(-c2ccccc2)ccc1C12CC3CC(CC(C3)C1)C2)NCCCO,1,ChEMBL_pos
NC(=NC(=O)Cn1c(-c2ccccc2)ccc1C12CC3CC(CC(C3)C1)C2)NCCO,1,ChEMBL_pos
NC(=NC(=O)Cn1c(-c2ccccc2)ccc1C12CC3CC(CC(C3)C1)C2)NCCc1cccs1,1,ChEMBL_pos
NC(=NC(=O)Cn1c(-c2ccccc2)ccc1C12CC3CC(CC(C3)C1)C2)NCCc1ccsc1,1,ChEMBL_pos
NC(=NC(=O)Cn1c(-c2ccccc2)ccc1C12CC3CC(CC(C3)C1)C2)NCc1cccc(N)c1,1,ChEMBL_pos
NC(=NS(=O)(=O)c1ccc(Cl)cc1)N1CC(O)(c2ccccc2)C(c2ccc(Cl)cc2)=N1,1,ChEMBL_pos
NC(=O)C(=O)c1c2n(c3ccccc13)CCNCC2,1,ChEMBL_pos
NC(=O)C1CCN(CCCN2c3ccccc3Sc3ccc(Cl)cc32)CC1,1,ChEMBL_pos
NC(=O)C1CCSC2CC3(CCCN3C(=O)C3CCCN3)C(=O)N21,1,ChEMBL_pos
NC(=O)C1CSC2CCC3(CCCN3C(=O)C3CCCN3)C(=O)N21,1,ChEMBL_pos
NC(=O)N1N=C(c2ccccc2)CC1c1ccc(Cl)cc1,1,ChEMBL_pos
NC(=O)c1c2n(c3ccccc13)CCNCC2,1,ChEMBL_pos
NC(=O)c1cc(-c2ccc(Cl)cc2)c(-c2ccc(Cl)cc2Cl)nc1OCc1ccccc1,1,ChEMBL_pos
NC(=O)c1cc(-c2ccc(Cl)cc2)c(-c2ccc(Cl)cc2Cl)nc1Oc1ccc(F)c(F)c1,1,ChEMBL_pos
NC(=O)c1cc(-c2ccc3ncnc(Nc4cccc(C(=O)N5CCOCC5)c4)c3c2)cc(C(F)(F)F)c1,1,ChEMBL_pos
NC(=O)c1cc(CNc2ccccc2C(=O)Nc2ccc3c(c2)OC(F)(F)O3)ccn1,1,ChEMBL_pos
NC(=O)c1ccc(S(=O)(=O)C2CCN(CCc3ccc(F)cc3F)CC2)cc1,1,ChEMBL_pos
NC(=O)c1ccc2c(CCC3CCN(Cc4ccccc4)CC3)noc2c1,1,ChEMBL_pos
NC(=O)c1cccc(S(=O)(=O)C2CCN(CCc3ccc(F)cc3F)CC2)c1,1,ChEMBL_pos
NC(=O)c1cn(-c2cccc(OC(=O)NCCCCCCc3ccccc3)c2)nn1,1,ChEMBL_pos
NC(=S)N1N=C(c2ccccc2)CC1c1ccc(Cl)cc1,1,ChEMBL_pos
NC(=S)N1N=C(c2ccccc2)CC1c1ccncc1,1,ChEMBL_pos
NC(=S)c1cc(CNc2ccccc2C(=O)Nc2ccc3c(c2)OC(F)(F)O3)ccn1,1,ChEMBL_pos
NC(CC1CCCCC1CCP(=O)(O)O)C(=O)O,1,ChEMBL_pos
NC(CCC(=O)O)C(=O)O,1,ChEMBL_pos
NC(CCCCCP(=O)(O)O)C(=O)O,1,ChEMBL_pos
NC(CCCP(=O)(O)O)C(=O)O,1,ChEMBL_pos
NC(CCc1nnn[nH]1)C(=O)O,1,ChEMBL_pos
NC(CNc1ncc(-c2ccc3c(c2)CC(=O)N3)s1)Cc1ccc(C(F)(F)F)cc1,1,ChEMBL_pos
NC(Cc1ccccn1)c1ccccc1,1,ChEMBL_pos
NC(Cc1nnn[nH]1)C(=O)O,1,ChEMBL_pos
NC(N)=NC(=O)Cn1c(-c2ccccc2)ccc1C12CC3CC(CC(C3)C1)C2,1,ChEMBL_pos
NC(c1cc([N+](=O)[O-])cc2nc(O)c(O)nc12)P(=O)(O)O,1,ChEMBL_pos
NC1=Nc2ccc(Cl)c(Cl)c2CN1,1,ChEMBL_pos
NC1CC1(F)c1ccc(C(F)(F)F)cc1,1,ChEMBL_pos
NC1CC1c1c[nH]c2ccc(F)cc12,1,ChEMBL_pos
NC1CC1c1c[nH]c2ccccc12,1,ChEMBL_pos
NC1CCCCC1NC(=O)c1cn(-c2ccc(Cl)cc2)c(-c2ccc(Cl)cc2Cl)n1,1,ChEMBL_pos
NC1CCc2c(F)cccc2C1,1,ChEMBL_pos
NC1CCc2ccc(CCN3CCN(c4nsc5ccccc45)CC3)cc21,1,ChEMBL_pos
NCC(=O)Nc1cccc2c1nc(C(F)F)n2-c1nc(N2CCOCC2)nc(N2CCOCC2)n1,1,ChEMBL_pos
NCC12CCC(c3ccccc31)c1ccccc12,1,ChEMBL_pos
NCC1CC1c1ccc(F)cc1Cl,1,ChEMBL_pos
NCC1CC1c1ccccc1Br,1,ChEMBL_pos
NCC1Cc2ccccc2-c2ccccc21,1,ChEMBL_pos
NCC1OC(C23CC4CC(CC(C4)C2)C3)Cc2c1ccc(O)c2O,1,ChEMBL_pos
NCC1c2ccccc2CCc2ccccc21,1,ChEMBL_pos
NCC1c2ccccc2Cc2ccccc21,1,ChEMBL_pos
NCCC(=O)Nc1cccc2c1nc(C(F)F)n2-c1nc(N2CCOCC2)nc(N2CCOCC2)n1,1,ChEMBL_pos
NCCC1c2ccccc2Cc2ccccc21,1,ChEMBL_pos
NCCCC1c2ccccc2Cc2ccccc21,1,ChEMBL_pos
NCCCCCCNC1(c2ccccc2)CCCCC1,1,ChEMBL_pos
NCCCCCN1CCN(c2ccc(-c3ccccc3)cc2NC(=O)c2cccc3ccccc23)CC1,1,ChEMBL_pos
NCCCN1c2ccccc2CCc2ccccc21,1,ChEMBL_pos
NCCCNc1c2c(nc3cc(Cl)ccc13)CCCC2,1,ChEMBL_pos
NCCCOc1cccc2c1nc(C(F)F)n2-c1nc(N2CCOCC2)nc(N2CCOCC2)n1,1,ChEMBL_pos
NCCOc1cccc2c1nc(C(F)F)n2-c1nc(N2CCOCC2)nc(N2CCOCC2)n1,1,ChEMBL_pos
NCCc1c[nH]c2ccc(O)cc12,1,ChEMBL_pos
NCCc1c[nH]c2ccc3c(c12)CCCO3,1,ChEMBL_pos
NCCc1ccc(O)c(O)c1,1,ChEMBL_pos
NCCc1cn2c3c(cc(Cl)cc13)SCC2,1,ChEMBL_pos
NCCc1cn2c3c(cccc13)CCC2,1,ChEMBL_pos
NCCn1ncc2ccc(O)cc21,1,ChEMBL_pos
NCc1cn(-c2ccccc2)nn1,1,ChEMBL_pos
NCc1cn(-c2ccncc2)nn1,1,ChEMBL_pos
NNCCc1ccccc1,1,ChEMBL_pos
NOCCOCCOCCOCCC(=O)N1CCN(c2nc(N3CCOCC3)nc(-n3c(C(F)F)nc4ccccc43)n2)CC1,1,ChEMBL_pos
NS(=O)(=O)c1ccc(NCC(=O)Nc2ccc(-c3nc4ccccc4s3)cc2)cc1,1,ChEMBL_pos
Nc1c(Cl)cc(C(=O)NC2CCN(CCC(=O)NCCOCCOCCNC(=O)NCCCCNC(=O)NCCOCCOCCNC(=O)CCN3CCC(NC(=O)c4cc(Cl)c(N)c5c4OCC5)CC3)CC2)c2c1CCO2,1,ChEMBL_pos
Nc1c(Cl)cc(C(=O)NC2CCN(CCCC(=O)NCCOCCNC(=O)NCCOCCNC(=O)CCCN3CCC(NC(=O)c4cc(Cl)c(N)c5c4OCC5)CC3)CC2)c2c1CCO2,1,ChEMBL_pos
Nc1c(Cl)cc(C(=O)NCC2CCN(CCC(=O)NCCOCCOCCNC(=O)NCCCCNC(=O)NCCOCCOCCNC(=O)CCN3CCC(CNC(=O)c4cc(Cl)c(N)c5c4OCC5)CC3)CC2)c2c1CCO2,1,ChEMBL_pos
Nc1c(Cl)cc(C(=O)NCC2CCN(CCCCCC(=O)NCCOCCOCCNC(=O)NCCCCNC(=O)NCCOCCOCCNC(=O)CCCCCN3CCC(CNC(=O)c4cc(Cl)c(N)c5c4OCC5)CC3)CC2)c2c1CCO2,1,ChEMBL_pos
Nc1c(Cl)cc(C(=O)NCC2CCN(CCCCCNC(=O)CCOCCOCCNC(=O)NCCCCNC(=O)NCCOCCOCCC(=O)NCCCCCN3CCC(CNC(=O)c4cc(Cl)c(N)c5c4OCC5)CC3)CC2)c2c1CCO2,1,ChEMBL_pos
Nc1c(F)cccc1C(=O)CCCN1CCC2C(C1)c1cccc3c1N2CCCS3,1,ChEMBL_pos
Nc1c(NCCCP(=O)(O)O)c(=O)c1=O,1,ChEMBL_pos
Nc1c(NCCP(=O)(O)O)c(=O)c1=O,1,ChEMBL_pos
Nc1c2c(nc3c(Cl)cccc13)C1CCC2C1,1,ChEMBL_pos
Nc1c2c(nc3c(Cl)cccc13)CCCC2,1,ChEMBL_pos
Nc1c2c(nc3c1CCC3)CCCC2,1,ChEMBL_pos
Nc1c2c(nc3c1CCCC3)CCCC2,1,ChEMBL_pos
Nc1c2c(nc3c1CCCO3)CCCC2,1,ChEMBL_pos
Nc1c2c(nc3cc(Br)ccc13)CCCC2,1,ChEMBL_pos
Nc1c2c(nc3cc(Cl)c(Cl)cc13)CCCC2,1,ChEMBL_pos
Nc1c2c(nc3cc(Cl)ccc13)C1CCC2C1,1,ChEMBL_pos
Nc1c2c(nc3cc(Cl)ccc13)CCCC2,1,ChEMBL_pos
Nc1c2c(nc3cc(F)ccc13)CCCC2,1,ChEMBL_pos
Nc1c2c(nc3cc([N+](=O)[O-])ccc13)CCCC2,1,ChEMBL_pos
Nc1c2c(nc3ccc(Cl)cc13)CCCC2,1,ChEMBL_pos
Nc1c2c(nc3cccc(Cl)c13)C1CCC2C1,1,ChEMBL_pos
Nc1c2c(nc3cccc(Cl)c13)CCCC2,1,ChEMBL_pos
Nc1c2c(nc3cccc(Cl)c13)OCCC2,1,ChEMBL_pos
Nc1c2c(nc3cccc(F)c13)CCCC2,1,ChEMBL_pos
Nc1c2c(nc3cccc(F)c13)OCCC2,1,ChEMBL_pos
Nc1c2c(nc3ccccc13)-c1ccccc1C2,1,ChEMBL_pos
Nc1c2c(nc3ccccc13)C(O)CCC2,1,ChEMBL_pos
Nc1c2c(nc3ccccc13)C1CCC2C1,1,ChEMBL_pos
Nc1c2c(nc3ccccc13)CC(O)CC2,1,ChEMBL_pos
Nc1c2c(nc3ccccc13)CCCC2,1,ChEMBL_pos
Nc1c2c(nc3ccccc13)CCCC2O,1,ChEMBL_pos
Nc1c2c(nc3ccccc13)OCCC2,1,ChEMBL_pos
Nc1c2c(nc3cnccc13)OCCC2,1,ChEMBL_pos
Nc1c2c(nc3ncccc13)CCCC2,1,ChEMBL_pos
Nc1cc(Br)ccc1C(=O)CCCN1CCC2C(C1)c1cccc3c1N2CCCS3,1,ChEMBL_pos
Nc1cc(C(F)(F)F)c(-c2cc(N3CCOCC3)nc(N3CCOCC3)n2)cn1,1,ChEMBL_pos
Nc1cc(CNc2ccccc2C(=O)Nc2ccc3c(c2)OC(F)(F)O3)ccn1,1,ChEMBL_pos
Nc1cc(CO)nc(N2CCc3ccccc3C2)c1,1,ChEMBL_pos
Nc1cc(Cl)ccc1C(=O)CCCN1CCC2C(C1)c1cccc3c1N2CCCS3,1,ChEMBL_pos
Nc1cc(F)ccc1C(=O)CCCN1CCC2C(C1)c1cccc3c1N2CCC3,1,ChEMBL_pos
Nc1cc(F)ccc1C(=O)CCCN1CCC2C(C1)c1cccc3c1N2CCCC3,1,ChEMBL_pos
Nc1cc(F)ccc1C(=O)CCCN1CCC2C(C1)c1cccc3c1N2CCCS3,1,ChEMBL_pos
Nc1cc(F)ccc1C(=O)CCCN1CCC2C(C1)c1cccc3c1N2CCO3,1,ChEMBL_pos
Nc1cc(F)ccc1C(=O)CCCN1CCC2C(C1)c1cccc3c1N2CCS3,1,ChEMBL_pos
Nc1cc(N2CCc3ccccc3C2)nc2c1CCC2,1,ChEMBL_pos
Nc1cc(NS(=O)(=O)c2cccc(C(F)(F)F)c2)cc(-c2cnc3[nH]cc(-c4ccncc4)c3c2)c1,1,ChEMBL_pos
Nc1cc(O)c(C(=O)CCC2CCN(CC3CCCCC3)CC2)cc1Cl,1,ChEMBL_pos
Nc1cc(O)ccc1C(=O)CCCN1CCC2C(C1)c1cccc3c1N2CCCS3,1,ChEMBL_pos
Nc1cc(OCCF)c(C(=O)CCC2CCN(CC3CCCCC3)CC2)cc1Cl,1,ChEMBL_pos
Nc1cc(OCCF)c(C(=O)CCC2CCN(CC3CCCCC3)CC2)cc1I,1,ChEMBL_pos
Nc1ccc(-c2ccc3ncc4ccc(=O)n(-c5cccc(C(F)(F)F)c5)c4c3c2)cn1,1,ChEMBL_pos
Nc1ccc(C(=O)CCC2CCN(CC3CCCCC3)CC2)c(OCCF)c1,1,ChEMBL_pos
Nc1ccc(F)cc1C(=O)CCCN1CCC2C(C1)c1cccc3c1N2CCCS3,1,ChEMBL_pos
Nc1ccc(NC(=O)c2c(Cl)ccc3c(Nc4cccc(C(F)(F)F)c4)noc23)cn1,1,ChEMBL_pos
Nc1ccc2c(CCC3CCN(Cc4ccccc4)CC3)noc2c1,1,ChEMBL_pos
Nc1ccc2c(c1)c(-c1ccccc1)[n+](CCCNCCCNCCCNc1c3c(nc4ccccc14)CCCC3)c1cc(N)ccc21,1,ChEMBL_pos
Nc1ccc2ncnc(Nc3ccc(NC(=O)Nc4ccc(Cl)c(C(F)(F)F)c4)cc3)c2c1,1,ChEMBL_pos
Nc1ccc2on(CC3CC4c5ccccc5Oc5ccc(Br)cc5C4O3)c2c1,1,ChEMBL_pos
Nc1cccc(-c2ccc(CCN3CCN(c4cccc5cccnc45)CC3)cc2)n1,1,ChEMBL_pos
Nc1cccc(-c2cnc3[nH]cc(-c4cccc(N)c4)c3c2)c1,1,ChEMBL_pos
Nc1cccc(N2CCc3ccccc3C2)n1,1,ChEMBL_pos
Nc1cccc2nc(C(Nc3ncnc4nc[nH]c34)C3CC3)n(-c3ccccc3)c(=O)c12,1,ChEMBL_pos
Nc1ccccc1C(=O)CCCN1CCC2C(C1)c1cccc3c1N2CCC3,1,ChEMBL_pos
Nc1ccccc1C(=O)CCCN1CCC2C(C1)c1cccc3c1N2CCCC3,1,ChEMBL_pos
Nc1ccccc1C(=O)CCCN1CCC2C(C1)c1cccc3c1N2CCCS3,1,ChEMBL_pos
Nc1ccccc1C(=O)CCCN1CCC2C(C1)c1cccc3c1N2CCO3,1,ChEMBL_pos
Nc1ccccc1C(=O)CCCN1CCC2C(C1)c1cccc3c1N2CCS3,1,ChEMBL_pos
Nc1cccnc1N1CCc2ccccc2C1,1,ChEMBL_pos
Nc1ccnc(N2CCc3ccccc3C2)c1,1,ChEMBL_pos
Nc1n[nH]c2cccc(-c3ccc(NC(=O)C4CCCCC4)cc3)c12,1,ChEMBL_pos
Nc1n[nH]c2cccc(-c3ccc(NC(=O)NC4CCCC4)cc3)c12,1,ChEMBL_pos
Nc1n[nH]c2cccc(-c3ccc(NC(=O)Nc4cc(C(F)(F)F)ccc4F)cc3)c12,1,ChEMBL_pos
Nc1n[nH]c2cccc(-c3ccc(NC(=O)Nc4ccc(F)cc4)cc3)c12,1,ChEMBL_pos
Nc1n[nH]c2cccc(-c3ccc(NC(=O)Nc4cccc(Br)c4)cc3)c12,1,ChEMBL_pos
Nc1n[nH]c2cccc(-c3ccc(NC(=O)Nc4cccc(C(F)(F)F)c4)cc3)c12,1,ChEMBL_pos
Nc1n[nH]c2cccc(-c3ccc(NC(=O)Nc4cccc(Cl)c4)cc3)c12,1,ChEMBL_pos
Nc1n[nH]c2cccc(-c3ccc(NC(=O)Nc4cccc(F)c4)cc3)c12,1,ChEMBL_pos
Nc1n[nH]c2cccc(-c3ccc(NC(=O)Nc4cccc(O)c4)cc3)c12,1,ChEMBL_pos
Nc1n[nH]c2cccc(-c3ccc(NC(=O)Nc4ccccc4)cc3)c12,1,ChEMBL_pos
Nc1n[nH]c2cccc(-c3ccc(NC(=O)Nc4ccccc4F)cc3)c12,1,ChEMBL_pos
Nc1n[nH]c2cccc(-c3ccc(NC(=O)Nc4ccsc4)cc3)c12,1,ChEMBL_pos
Nc1n[nH]c2nccc(-c3ccc(NC(=O)Nc4cccc(C(F)(F)F)c4)cc3)c12,1,ChEMBL_pos
Nc1nc(-c2ccc(F)cc2)c(C2CCN(CCCC(=O)c3ccc(F)cc3)C2)s1,1,ChEMBL_pos
Nc1nc(N)c(Cl)c(NC(c2nc3c(Cl)cc(F)cc3c(=O)n2-c2cc[nH]n2)C2CC2)n1,1,ChEMBL_pos
Nc1nc(N)c(Cl)c(NC(c2nc3cccc(Cl)c3c(=O)n2-c2cc[nH]n2)C2CC2)n1,1,ChEMBL_pos
Nc1nc(Nc2cc(N3CCOCC3)ccc2F)nn1-c1ccccn1,1,ChEMBL_pos
Nc1nc(Nc2ccc(C(=O)N3CCOCC3)cc2)nn1-c1ccccn1,1,ChEMBL_pos
Nc1nc(Nc2ccc(C(=O)NCCN3CCOCC3)cc2)nn1-c1ccccn1,1,ChEMBL_pos
Nc1nc(Nc2ccc(C3CCC(N4CCOCC4)CC3)cc2)nn1-c1ccccn1,1,ChEMBL_pos
Nc1nc(Nc2ccc(N3CCOCC3)cc2)nn1-c1ccccn1,1,ChEMBL_pos
Nc1nc(Nc2cccc(C(=O)N3CCOCC3)c2)nn1-c1ccccn1,1,ChEMBL_pos
Nc1nc(SCCN2CCN(Cc3cccc(C(F)(F)F)c3)CC2)nc(N)c1Cc1ccccc1O,1,ChEMBL_pos
Nc1nc(SCCN2CCN(Cc3ccccc3C(F)(F)F)CC2)nc(N)c1Cc1ccccc1,1,ChEMBL_pos
Nc1nc(SCCN2CCN(Cc3ccccc3Cl)CC2)nc(N)c1Cc1ccccc1,1,ChEMBL_pos
Nc1nc(SCCN2CCN(Cc3ccccc3Cl)CC2)nc(N)c1Cc1ccccc1Cl,1,ChEMBL_pos
Nc1nc(SCCN2CCN(Cc3ccccc3Cl)CC2)nc(N)c1Cc1ccccc1O,1,ChEMBL_pos
Nc1ncc(-c2ccnc(N3CCOCC3)n2)cn1,1,ChEMBL_pos
Nc1ncc(-c2cnn(CCO)c2)c2scc(-c3ccc(NC(=O)Nc4cccc(F)c4)cc3)c12,1,ChEMBL_pos
Nc1ncc(-c2n[nH]c(C3(c4ccccc4)CC3)n2)nc1-n1nnc2ccccc21,1,ChEMBL_pos
Nc1ncc(-c2nc(N3CCOCC3)nc3c2CCN3C2CCNC2)cn1,1,ChEMBL_pos
Nc1ncc(C(=O)C(F)(F)F)c(N2CCC2c2nn3ccc(Cl)c3c(=O)n2-c2ccccc2)n1,1,ChEMBL_pos
Nc1ncc(Cl)c(N2CCC2c2nn3ccc(Cl)c3c(=O)n2-c2ccccc2)n1,1,ChEMBL_pos
Nc1ncc(NC(=O)c2c(Cl)ccc3c(Nc4cccc(C(F)(F)F)c4)noc23)cn1,1,ChEMBL_pos
Nc1nccc(-c2cc(-c3nnc[nH]3)c3ncn(-c4ccnc5c(F)ccc(F)c45)c3c2)c1F,1,ChEMBL_pos
Nc1ncccc1NCc1cc(-c2ccc3cc[nH]c3c2)ccc1OCc1ccccc1,1,ChEMBL_pos
Nc1ncnc2c1N=C(c1ccc(NC(=O)Nc3cc(C(F)(F)F)ccc3F)cc1)CCN2,1,ChEMBL_pos
Nc1ncnc2c1N=C(c1ccc(NC(=O)Nc3ccc(C(F)(F)F)cc3)cc1)CCN2,1,ChEMBL_pos
Nc1ncnc2c1N=C(c1ccc(NC(=O)Nc3ccc(Cl)c(C(F)(F)F)c3)cc1)CCN2,1,ChEMBL_pos
Nc1ncnc2c1N=C(c1ccc(NC(=O)Nc3ccc(F)c(C(F)(F)F)c3)cc1)CCN2,1,ChEMBL_pos
Nc1ncnc2c1N=C(c1ccc(NC(=O)Nc3cccc(C(F)(F)F)c3)cc1)CCN2,1,ChEMBL_pos
Nc1ncnc2c1N=C(c1ccc(NC(=O)Nc3cccc(C(F)(F)F)c3F)cc1)CCN2,1,ChEMBL_pos
Nc1ncnc2c1N=C(c1ccc(NC(=O)Nc3cccc(Cl)c3)cc1)CCN2,1,ChEMBL_pos
Nc1ncnc2c1N=C(c1cccc(NC(=O)Nc3cccc(C(F)(F)F)c3)c1)CCN2,1,ChEMBL_pos
Nc1ncnc2c1c(-c1cccc(O)c1)cn2C1CC(CN2CCC2)C1,1,ChEMBL_pos
Nc1ncnc2snc(-c3ccc(NC(=O)Nc4cc(C(F)(F)F)ccc4F)cc3)c12,1,ChEMBL_pos
Nc1ncnc2snc(-c3ccc(NC(=O)Nc4cccc(C(F)(F)F)c4)cc3)c12,1,ChEMBL_pos
Nc1noc2cccc(-c3ccc(NC(=O)Nc4cc(C(F)(F)F)ccc4F)cc3)c12,1,ChEMBL_pos
Nc1noc2cccc(-c3ccc(NC(=O)Nc4cc(F)cc(F)c4)cc3)c12,1,ChEMBL_pos
Nc1noc2cccc(-c3ccc(NC(=O)Nc4ccc(C(F)(F)F)cc4)cc3)c12,1,ChEMBL_pos
Nc1noc2cccc(-c3ccc(NC(=O)Nc4ccc(F)c(C(F)(F)F)c4)cc3)c12,1,ChEMBL_pos
Nc1noc2cccc(-c3ccc(NC(=O)Nc4ccc(F)c(Cl)c4)cc3)c12,1,ChEMBL_pos
Nc1noc2cccc(-c3ccc(NC(=O)Nc4ccc(F)cc4)cc3)c12,1,ChEMBL_pos
Nc1noc2cccc(-c3ccc(NC(=O)Nc4ccc(OC(F)(F)F)cc4)cc3)c12,1,ChEMBL_pos
Nc1noc2cccc(-c3ccc(NC(=O)Nc4cccc(Br)c4)cc3)c12,1,ChEMBL_pos
Nc1noc2cccc(-c3ccc(NC(=O)Nc4cccc(C(F)(F)F)c4)cc3)c12,1,ChEMBL_pos
Nc1noc2cccc(-c3ccc(NC(=O)Nc4cccc(Cl)c4)cc3)c12,1,ChEMBL_pos
Nc1noc2cccc(-c3ccc(NC(=O)Nc4cccc(F)c4)cc3)c12,1,ChEMBL_pos
Nc1noc2cccc(-c3ccc(NC(=O)Nc4cccc([N+](=O)[O-])c4)cc3)c12,1,ChEMBL_pos
Nc1noc2cccc(-c3ccc(NC(=O)Nc4ccccc4)cc3)c12,1,ChEMBL_pos
Nc1noc2cccc(-c3ccc(NC(=O)Nc4ccccc4F)cc3)c12,1,ChEMBL_pos
Nc1noc2cccc(-c3ccc(NC(=O)Nc4ccccc4OC(F)(F)F)cc3)c12,1,ChEMBL_pos
O=C(C=Cc1ccc(-c2ccccc2)cc1)OCC1CCCCO1,1,ChEMBL_pos
O=C(C=Cc1ccc(O)cc1)N1CCC(Cc2ccccc2)CC1,1,ChEMBL_pos
O=C(CC1CCc2cc(Br)cc3[nH]c(=O)c(=O)n1c23)Nc1ccccc1,1,ChEMBL_pos
O=C(CC1CCc2cc(Cl)cc3[nH]c(=O)c(=O)n1c23)Nc1ccccc1,1,ChEMBL_pos
O=C(CCC1CCN(CC2CCCC2)CC1)c1ccc2[nH]ccc2c1,1,ChEMBL_pos
O=C(CCC1CCN(CC2CCCCC2)CC1)c1cc(Cl)c2[nH]ccc2c1,1,ChEMBL_pos
O=C(CCC1CCN(CC2CCCCC2)CC1)c1ccc(O)cc1,1,ChEMBL_pos
O=C(CCC1CCN(CC2CCCCC2)CC1)c1ccc2[nH]ccc2c1,1,ChEMBL_pos
O=C(CCC1CCN(Cc2ccccc2)CC1)c1ccc2[nH]c(-c3ccccc3)nc2c1,1,ChEMBL_pos
O=C(CCC1CCN(Cc2ccccc2)CC1)c1ccc2[nH]ccc2c1,1,ChEMBL_pos
O=C(CCC1CCN(Cc2ccccc2)CC1)c1ccc2c(c1)OCCO2,1,ChEMBL_pos
O=C(CCC1CCN(Cc2ccccc2)CC1)c1ccccc1,1,ChEMBL_pos
O=C(CCCCC1CCSS1)NCCCCCCCNc1c2c(nc3ccccc13)CCCC2,1,ChEMBL_pos
O=C(CCCCC1CCSS1)NCCCCCCNc1c2c(nc3ccccc13)CCCC2,1,ChEMBL_pos
O=C(CCCCC1CCSS1)NCCCCCNc1c2c(nc3ccccc13)CCCC2,1,ChEMBL_pos
O=C(CCCCC1CCSS1)NCCCCNc1c2c(nc3ccccc13)CCCC2,1,ChEMBL_pos
O=C(CCCCC1CCSS1)NCCCNc1c2c(nc3cc(Cl)ccc13)CCCC2,1,ChEMBL_pos
O=C(CCCCC1CCSS1)NCCCNc1c2c(nc3ccccc13)CCCC2,1,ChEMBL_pos
O=C(CCCCC1CCSS1)NCCNc1c2c(nc3ccccc13)CCCC2,1,ChEMBL_pos
O=C(CCCCCN1CCN(c2noc3ccccc23)CC1)c1ccccc1O,1,ChEMBL_pos
O=C(CCCN1C2C3C4CC5C6C4C2C6C1(O)C53)c1ccc(F)cc1,1,ChEMBL_pos
O=C(CCCN1C2CCC1CC(O)(c1ccc(Cl)cc1)C2)c1ccc(F)cc1,1,ChEMBL_pos
O=C(CCCN1CC=C(n2c(=O)[nH]c3ccccc32)CC1)c1ccc(F)cc1,1,ChEMBL_pos
O=C(CCCN1CCC(O)(c2ccc(Cl)cc2)C1)c1ccc(F)cc1,1,ChEMBL_pos
O=C(CCCN1CCC(O)(c2ccc(Cl)cc2)CC1)c1ccc(F)cc1,1,ChEMBL_pos
O=C(CCCN1CCC(S(=O)(=O)c2ccccc2)CC1)c1ccc(F)cc1,1,ChEMBL_pos
O=C(CCCN1CCC2(CC1)C(=O)N(CCc1ccc(Nc3ccc([N+](=O)[O-])c4nonc34)cc1)CN2c1ccccc1)c1ccc(F)cc1,1,ChEMBL_pos
O=C(CCCN1CCC2(CC1)C(=O)NCN2c1ccccc1)c1ccc(F)cc1,1,ChEMBL_pos
O=C(CCCN1CCC2C(C1)c1cccc3c1N2CCCS3)c1ccc(F)cc1,1,ChEMBL_pos
O=C(CCCN1CCC2C(C1)c1cccc3c1N2CCCS3)c1ccccc1,1,ChEMBL_pos
O=C(CCCN1CCC2C(C1)c1cccc3c1N2CCN3)c1ccc(F)cc1,1,ChEMBL_pos
O=C(CCCN1CCCN(c2ccc(Cl)cc2)CC1)c1ccc(F)cc1,1,ChEMBL_pos
O=C(CCCN1CCN(c2cccc(C(F)(F)F)c2)CC1)NCc1nc2cc(F)ccc2c(=O)n1-c1ccccc1,1,ChEMBL_pos
O=C(CCCN1CC[Si](O)(c2ccc(Cl)cc2)CC1)c1ccc(F)cc1,1,ChEMBL_pos
O=C(CCCc1ccccc1)N1CCN(CCCC(c2ccc(F)cc2)c2ccc(F)cc2)CC1,1,ChEMBL_pos
O=C(CCN1CCC(Cc2ccc(F)cc2)CC1)c1ccc2nc(O)oc2c1,1,ChEMBL_pos
O=C(CCc1cc[n+](Cc2ccccc2)cc1)c1ccc2c(c1)OCO2,1,ChEMBL_pos
O=C(CCc1ccccc1)NC1CCc2ccc(CCN3CCN(c4nsc5ccccc45)CC3)cc21,1,ChEMBL_pos
O=C(CN1CCC(S(=O)(=O)c2ccccc2)CC1)c1ccc(F)cc1,1,ChEMBL_pos
O=C(CN1CCC(S(=O)(=O)c2ccccc2)CC1)c1ccc(F)cc1F,1,ChEMBL_pos
O=C(CN1CCCCC1)Nc1ccc(-c2nc3ccccc3s2)cc1,1,ChEMBL_pos
O=C(CN1CCN(Cc2ccc(Cl)cc2)CC1)N1CCc2ccccc21,1,ChEMBL_pos
O=C(CN1CCOCC1)Nc1ccc(-c2nc3ccccc3s2)cc1,1,ChEMBL_pos
O=C(CNC1CCCCC1)Nc1ccc(-c2nc3ccccc3s2)cc1,1,ChEMBL_pos
O=C(CNCc1ccccc1)Nc1ccc(-c2nc3ccccc3s2)cc1,1,ChEMBL_pos
O=C(CNc1c(Cl)cccc1Cl)Nc1ccc(-c2nc3ccccc3s2)cc1,1,ChEMBL_pos
O=C(CNc1ccc(Br)cc1)Nc1ccc(-c2nc3ccccc3s2)cc1,1,ChEMBL_pos
O=C(CNc1ccc(Cl)cc1)Nc1ccc(-c2nc3ccccc3s2)cc1,1,ChEMBL_pos
O=C(CNc1ccc(F)c(Cl)c1)Nc1ccc(-c2nc3ccccc3s2)cc1,1,ChEMBL_pos
O=C(CNc1ccc(F)cc1)Nc1ccc(-c2nc3ccccc3s2)cc1,1,ChEMBL_pos
O=C(CNc1ccccc1)Nc1ccc(-c2nc3ccccc3s2)cc1,1,ChEMBL_pos
O=C(Cc1ccc(O)cc1)CN1CCC(Cc2ccccc2)CC1,1,ChEMBL_pos
O=C(Cc1ccccc1)NC1CCc2ccc(CCN3CCN(c4nsc5ccccc45)CC3)cc21,1,ChEMBL_pos
O=C(Cc1ccsc1)NCc1cc(Br)cc2nc(O)c(O)nc12,1,ChEMBL_pos
O=C(Cn1cc(Nc2nncc3cc(OCCCN4CCCC4CO)ccc23)cn1)Nc1cccc(F)c1F,1,ChEMBL_pos
O=C(Cn1ccc2ccccc21)Nc1ccc(-c2nc3ccccc3s2)cc1,1,ChEMBL_pos
O=C(Cn1ccnc1)Nc1ccc(-c2nc3ccccc3s2)cc1,1,ChEMBL_pos
O=C(Cn1cnc2ccccc21)Nc1ccc(-c2nc3ccccc3s2)cc1,1,ChEMBL_pos
O=C(Cn1cncn1)Nc1ccc(-c2nc3ccccc3s2)cc1,1,ChEMBL_pos
O=C(Cn1nnc2ccccc21)Nc1ccc(-c2nc3ccccc3s2)cc1,1,ChEMBL_pos
O=C(N1CC2(CC(Cc3cc(C(F)(F)F)nn3CC(F)(F)F)C2)C1)N1CC2(CC(n3cnc(C4CC4)n3)C2)C1,1,ChEMBL_pos
O=C(N1CC2(CC(Cc3cc(C4(C(F)(F)F)CC4)[nH]n3)C2)C1)N1CC2(CC(n3cnc(C4CC4)n3)C2)C1,1,ChEMBL_pos
O=C(N1CC2(CC(Cc3cc(C4CC4)n[nH]3)C2)C1)N1CC2(CC(n3cnc(C4CC4)n3)C2)C1,1,ChEMBL_pos
O=C(N1CC2(CC(Cc3cn[nH]c3C(F)(F)F)C2)C1)N1CC2(CC(n3cnc(C4CC4)n3)C2)C1,1,ChEMBL_pos
O=C(N1CC2(CC(Cc3n[nH]cc3C(F)(F)F)C2)C1)N1CC2(CC(n3cnc(C4CC4)n3)C2)C1,1,ChEMBL_pos
O=C(N1CC2(CC(Cn3cc(S(=O)(=O)C(F)(F)F)cn3)C2)C1)N1CC2(CC(n3cnc(C4CC4)n3)C2)C1,1,ChEMBL_pos
O=C(N1CCC(=C(c2ccc3c(c2)OCO3)c2ccc3c(c2)OCO3)CC1)n1cncn1,1,ChEMBL_pos
O=C(N1CCC(=C2c3ccc(Cl)cc3CCc3cccnc32)CC1)n1cncn1,1,ChEMBL_pos
O=C(N1CCC(=C2c3ccc(Cl)cc3CCc3cccnc32)CC1)n1nnc2ccccc21,1,ChEMBL_pos
O=C(N1CCC(=C2c3ccc(Cl)cc3CCc3cccnc32)CC1)n1nnc2ncccc21,1,ChEMBL_pos
O=C(N1CCC(=C2c3ccccc3C=Cc3ccccc32)CC1)n1cncn1,1,ChEMBL_pos
O=C(N1CCC(C(c2ccc3c(c2)OCO3)c2ccc3c(c2)OCO3)CC1)n1cncn1,1,ChEMBL_pos
O=C(N1CCC(Cc2ccccc2)CC1)n1nnc2ccccc21,1,ChEMBL_pos
O=C(N1CCC(N2C(=S)C(c3ccc(F)cc3)C2c2ccc3c(c2)OCO3)CC1)n1cncn1,1,ChEMBL_pos
O=C(N1CCC(N2C(c3ccc4c(c3)OCO4)C(c3ccccc3)S2(=O)=O)CC1)n1cncn1,1,ChEMBL_pos
O=C(N1CCC(N2CC(c3ccc(F)cc3)C2c2ccc3c(c2)OCO3)CC1)n1cncn1,1,ChEMBL_pos
O=C(N1CCCCC1)n1nc(-c2ccc(Cl)cc2)nc1SCC(F)(F)F,1,ChEMBL_pos
O=C(N1CCCCC1)n1nc(-c2ccc(Cl)cc2)nc1SCC1CC1,1,ChEMBL_pos
O=C(N1CCCCC1)n1nnc(Cc2ccc(-c3ccccc3)cc2)n1,1,ChEMBL_pos
O=C(N1CCN(C(c2ccc(F)cc2)c2ccc(F)cc2)CC1)n1cncn1,1,ChEMBL_pos
O=C(N1CCN(C(c2ccccc2)c2ccccc2)CC1)n1ccnc1,1,ChEMBL_pos
O=C(N1CCN(C(c2ccccc2)c2ccccc2)CC1)n1cncn1,1,ChEMBL_pos
O=C(N1CCN(C(c2ccccc2)c2ccccc2)CC1)n1nnc2ccccc21,1,ChEMBL_pos
O=C(N1CCN(C(c2ccccc2)c2ccccc2)CC1)n1nnc2cccnc21,1,ChEMBL_pos
O=C(N1CCN(C(c2ccccc2)c2ccccc2)CC1)n1nnc2ncccc21,1,ChEMBL_pos
O=C(N1CCN(CC=Cc2ccccc2)CC1)n1nnc2ccccc21,1,ChEMBL_pos
O=C(N1CCN(Cc2ccc(-c3ccccc3)cc2)CC1)n1nnc2ccccc21,1,ChEMBL_pos
O=C(N1CCN(Cc2ccc(Br)cc2)CC1)n1nnc2ccccc21,1,ChEMBL_pos
O=C(N1CCN(Cc2ccc(Cl)cc2)CC1)n1nnc2ccccc21,1,ChEMBL_pos
O=C(N1CCN(Cc2ccc(F)cc2)CC1)n1nnc2ccccc21,1,ChEMBL_pos
O=C(N1CCN(Cc2ccc(Oc3ccccc3)cc2)CC1)n1ccnc1,1,ChEMBL_pos
O=C(N1CCN(Cc2ccc(Oc3ccccc3)cc2)CC1)n1nnc2ccccc21,1,ChEMBL_pos
O=C(N1CCN(Cc2ccc([N+](=O)[O-])cc2)CC1)n1nnc2ccccc21,1,ChEMBL_pos
O=C(N1CCN(Cc2ccc3ccccc3c2)CC1)n1nnc2ccccc21,1,ChEMBL_pos
O=C(N1CCN(Cc2cccc(-c3ccccc3)c2)CC1)n1nnc2ccccc21,1,ChEMBL_pos
O=C(N1CCN(Cc2cccc(Cl)c2)CC1)n1nnc2ccccc21,1,ChEMBL_pos
O=C(N1CCN(Cc2cccc(Oc3ccccc3)c2)CC1)n1cncn1,1,ChEMBL_pos
O=C(N1CCN(Cc2cccc(Oc3ccccc3)c2)CC1)n1nnc2ccccc21,1,ChEMBL_pos
O=C(N1CCN(Cc2cccc(Oc3ccccc3)c2)CC1)n1nnc2cccnc21,1,ChEMBL_pos
O=C(N1CCN(Cc2cccc([N+](=O)[O-])c2)CC1)n1nnc2ccccc21,1,ChEMBL_pos
O=C(N1CCN(Cc2cccc3ccccc23)CC1)n1nnc2ccccc21,1,ChEMBL_pos
O=C(N1CCN(Cc2ccccc2)CC1)n1nnc2ccccc21,1,ChEMBL_pos
O=C(N1CCN(Cc2ccccc2-c2ccccc2)CC1)n1nnc2ccccc21,1,ChEMBL_pos
O=C(N1CCN(c2ccc([N+](=O)[O-])cc2)CC1)n1nnc2ccccc21,1,ChEMBL_pos
O=C(N1CCN(c2ccccc2)CC1)n1cncn1,1,ChEMBL_pos
O=C(N1CCN(c2ccccc2)CC1)n1nnc2ccccc21,1,ChEMBL_pos
O=C(N1CCN(c2ccccc2)CC1)n1nnc2cccnc21,1,ChEMBL_pos
O=C(N1CCN(c2ccccc2F)CC1)n1nnc2ccccc21,1,ChEMBL_pos
O=C(N1CCN(c2ccccc2[N+](=O)[O-])CC1)n1nnc2ccccc21,1,ChEMBL_pos
O=C(NC(Cc1cc(F)cc(F)c1)C(O)C1CC(OCc2ccccc2)CN1)C1CC(=O)N(CC2CC2)C1,1,ChEMBL_pos
O=C(NC(Cc1cc(F)cc(F)c1)C(O)C1CC(OCc2ccccc2)CN1)C1CC(=O)N(Cc2cccc(F)c2)C1,1,ChEMBL_pos
O=C(NC(Cc1cc(F)cc(F)c1)C(O)C1CC(OCc2ccccc2)CN1)C1CC(=O)N(Cc2ccccc2)C1,1,ChEMBL_pos
O=C(NC(Cc1cc(F)cc(F)c1)C(O)C1CC(OCc2ccccc2)CN1)C1CC(=O)N(Cc2ccccc2F)C1,1,ChEMBL_pos
O=C(NC(Cc1cc(F)cc(F)c1)C(O)C1CC(OCc2ccccc2)CN1)C1CC(=O)N(Cc2ccccn2)C1,1,ChEMBL_pos
O=C(NC(Cc1cc(F)cc(F)c1)C(O)C1CC(OCc2ccccc2)CN1)C1CC(=O)N(Cc2cccnc2)C1,1,ChEMBL_pos
O=C(NC(Cc1cc(F)cc(F)c1)C(O)C1CC(OCc2ccccc2)CN1)C1CC(=O)N(Cc2ccco2)C1,1,ChEMBL_pos
O=C(NC(Cc1cc(F)cc(F)c1)C(O)C1CC(OCc2ccccc2)CN1)C1CC(=O)N(Cc2cccs2)C1,1,ChEMBL_pos
O=C(NC(Cc1ccccc1)C(O)C(=O)Nc1cccc(-c2nn[nH]n2)c1)c1cc(=O)cc(C(=O)N2COCC2c2ccccc2)[nH]1,1,ChEMBL_pos
O=C(NC(Cc1ccccc1)C(O)C(=O)Nc1cccc(-c2nn[nH]n2)c1)c1cc(=O)cc(C(=O)N2COCC2c2ccccc2)o1,1,ChEMBL_pos
O=C(NC(Cc1ccccc1)C(O)C(=O)Nc1cccc(-c2nn[nH]n2)c1)c1cccc(C(=O)N2COCC2c2ccccc2)n1,1,ChEMBL_pos
O=C(NC(c1ccccn1)C1CC1)c1ccc2[nH]nc(-c3ccc(N4C5CCC4CC(O)C5)cc3)c2c1,1,ChEMBL_pos
O=C(NC12CC3CC(CC(C3)C1)C2)c1cn(CCN2CCOCC2)c2ccccc2c1=O,1,ChEMBL_pos
O=C(NC1CC1)c1cc(CNc2ccccc2C(=O)Nc2ccc3c(c2)OC(F)(F)O3)ccn1,1,ChEMBL_pos
O=C(NC1CC1)c1cc(NCc2cnc(Nc3ccccn3)s2)c(F)cc1F,1,ChEMBL_pos
O=C(NC1CCC(CCN2CCN(c3ccc(Cl)cc3)CC2)CC1)C1CCCCC1,1,ChEMBL_pos
O=C(NC1CCC(CCN2CCN(c3ccc(Cl)cc3)CC2)CC1)c1cccs1,1,ChEMBL_pos
O=C(NC1CCC(CCN2CCN(c3cccc(Cl)c3)CC2)CC1)C1CCCCC1,1,ChEMBL_pos
O=C(NC1CCC(CCN2CCN(c3cccc(Cl)c3)CC2)CC1)c1cccs1,1,ChEMBL_pos
O=C(NC1CCC(CCN2CCN(c3cccc(Cl)c3Cl)CC2)CC1)C12CC3CC(CC(C3)C1)C2,1,ChEMBL_pos
O=C(NC1CCC(CCN2CCN(c3cccc(Cl)c3Cl)CC2)CC1)C1CCCC1,1,ChEMBL_pos
O=C(NC1CCC(CCN2CCN(c3cccc(Cl)c3Cl)CC2)CC1)C1CCCCC1,1,ChEMBL_pos
O=C(NC1CCC(CCN2CCN(c3cccc(Cl)c3Cl)CC2)CC1)C1CCCCCC1,1,ChEMBL_pos
O=C(NC1CCC(CCN2CCN(c3cccc(Cl)c3Cl)CC2)CC1)c1ccccc1,1,ChEMBL_pos
O=C(NC1CCC(CCN2CCN(c3cccc(Cl)c3Cl)CC2)CC1)c1ccco1,1,ChEMBL_pos
O=C(NC1CCC(CCN2CCN(c3cccc(Cl)c3Cl)CC2)CC1)c1cccs1,1,ChEMBL_pos
O=C(NC1CCC(CCN2CCN(c3cccc(Cl)c3Cl)CC2)CC1)c1ccsc1,1,ChEMBL_pos
O=C(NC1CCC(CCN2CCN(c3ccccc3)CC2)CC1)C1CCCCC1,1,ChEMBL_pos
O=C(NC1CCC(CCN2CCN(c3ccccc3)CC2)CC1)c1cccs1,1,ChEMBL_pos
O=C(NC1CCC(CCN2CCN(c3ccccc3Cl)CC2)CC1)C1CCCCC1,1,ChEMBL_pos
O=C(NC1CCC(CCN2CCN(c3ccccc3Cl)CC2)CC1)c1cccs1,1,ChEMBL_pos
O=C(NC1CCC(CCN2CCN(c3ccccn3)CC2)CC1)c1cccs1,1,ChEMBL_pos
O=C(NC1CCCC1)c1cc(-c2ccc(Cl)cc2)c(-c2ccc(Cl)cc2Cl)nc1OCc1ccccc1,1,ChEMBL_pos
O=C(NC1CCCC1)c1ccc(-c2ccc(Cl)cc2)c(-c2ccc(Cl)cc2Cl)n1,1,ChEMBL_pos
O=C(NC1CCCC1O)c1cn(-c2ccc(Cl)cc2)c(-c2ccccc2Cl)n1,1,ChEMBL_pos
O=C(NC1CCCCC1)c1cc(N2CCN(C(=O)n3nnc4ccccc43)CC2)ccc1[N+](=O)[O-],1,ChEMBL_pos
O=C(NC1CCCCC1)c1ccc(-c2ccc(Cl)cc2)c(-c2ccc(Cl)cc2Cl)n1,1,ChEMBL_pos
O=C(NC1CCCCC1)c1cccc(CN2CCN(C(=O)n3nnc4ccccc43)CC2)c1,1,ChEMBL_pos
O=C(NC1CCCCC1)c1cn(-c2ccc(Cl)cc2)c(-c2cc(Cl)ccc2Cl)n1,1,ChEMBL_pos
O=C(NC1CCCCC1)c1cn(-c2ccc(Cl)cc2)c(-c2ccc(Cl)cc2Cl)n1,1,ChEMBL_pos
O=C(NC1CCCCC1)c1cn(-c2ccc(Cl)cc2)c(-c2ccc(F)cc2F)n1,1,ChEMBL_pos
O=C(NC1CCCCC1)c1cn(-c2ccc(Cl)cc2)c(-c2ccccc2)n1,1,ChEMBL_pos
O=C(NC1CCCCC1)c1cn(-c2ccc(Cl)cc2)c(-c2ccccc2Cl)n1,1,ChEMBL_pos
O=C(NC1CCCCC1)c1cn(-c2ccc(F)cc2)c(-c2ccc(Cl)cc2Cl)n1,1,ChEMBL_pos
O=C(NC1CCCCC1)c1cn(-c2ccc(F)cc2)c(-c2ccccc2Cl)n1,1,ChEMBL_pos
O=C(NC1CCCCC1)c1cnc(-c2ccc(Cl)cc2Cl)c(-c2ccc(Cl)cc2)c1,1,ChEMBL_pos
O=C(NC1CCCCC1)c1nc(-c2ccc(Cl)cc2)c(-c2ccc(Cl)cc2)o1,1,ChEMBL_pos
O=C(NC1CCCCC1)c1nc(-c2ccc(Cl)cc2)c(-c2ccc(Cl)cc2Cl)o1,1,ChEMBL_pos
O=C(NC1CCCCC1)c1nc(-c2ccc(Cl)cc2Cl)c(-c2ccc(Cl)cc2)o1,1,ChEMBL_pos
O=C(NC1CCCCC1)c1nc(-c2ccc(Cl)cc2Cl)c(-c2ccc(Cl)cc2Cl)o1,1,ChEMBL_pos
O=C(NC1CCCCC1O)c1cn(-c2ccc(Cl)cc2)c(-c2ccc(Cl)cc2Cl)n1,1,ChEMBL_pos
O=C(NC1CCCCC1O)c1cn(-c2ccc(Cl)cc2)c(-c2ccccc2Cl)n1,1,ChEMBL_pos
O=C(NC1CCCCC1O)c1nc(-c2ccccc2Cl)n(-c2ccc(Cl)cc2)c1Br,1,ChEMBL_pos
O=C(NC1CCCCCC1)c1ccc(-c2ccc(Cl)cc2)c(-c2ccc(Cl)cc2Cl)n1,1,ChEMBL_pos
O=C(NC1CCCCCC1)c1cn(CCN2CCOCC2)c2ccccc2c1=O,1,ChEMBL_pos
O=C(NC1CCCCCC1)c1cn(Cc2ccccc2)c2ccccc2c1=O,1,ChEMBL_pos
O=C(NC1CCN(Cc2ccc(C(F)(F)F)cc2)C1)c1ccc(-c2cccs2)cc1,1,ChEMBL_pos
O=C(NC1CCN(Cc2ccc(C(F)(F)F)cc2)C1)c1cccc(-c2cccs2)c1,1,ChEMBL_pos
O=C(NC1CCN(Cc2ccc(Cl)c(Cl)c2)C1)c1ccc(-c2cccs2)cc1,1,ChEMBL_pos
O=C(NC1CCN(Cc2ccc(F)c(F)c2)C1)c1ccc(-c2cccs2)cc1,1,ChEMBL_pos
O=C(NC1CCN(Cc2ccc(F)cc2)C1)c1ccc(-c2cccs2)cc1,1,ChEMBL_pos
O=C(NC1CCN(Cc2ccc(OC(F)(F)F)cc2)C1)c1ccc(-c2cccs2)cc1,1,ChEMBL_pos
O=C(NC1CCN(Cc2ccccc2)C1)c1ccc(-c2cccs2)cc1,1,ChEMBL_pos
O=C(NC1CCN(Cc2ccccc2)C1)c1cccc(-c2cccs2)c1,1,ChEMBL_pos
O=C(NC1CCN(Cc2ccccc2)C1)c1nc(-c2ccc(Cl)cc2Cl)n(-c2ccc(Cl)cc2)n1,1,ChEMBL_pos
O=C(NC1CCc2cc(CCN3CCN(c4nsc5ccccc45)CC3)ccc21)C(F)(F)F,1,ChEMBL_pos
O=C(NC1CCc2cc(CCN3CCN(c4nsc5ccccc45)CC3)ccc21)C1CC1,1,ChEMBL_pos
O=C(NC1CCc2cc(CCN3CCN(c4nsc5ccccc45)CC3)ccc21)c1ccc(F)cc1,1,ChEMBL_pos
O=C(NC1CCc2cc(CCN3CCN(c4nsc5ccccc45)CC3)ccc21)c1cccnc1,1,ChEMBL_pos
O=C(NC1CCc2ccc(CCN3CCN(c4nsc5ccccc45)CC3)cc21)C1CC1,1,ChEMBL_pos
O=C(NC1CCc2ccc(CCN3CCN(c4nsc5ccccc45)CC3)cc21)c1ccc(Cl)cc1,1,ChEMBL_pos
O=C(NC1CCc2ccc(CCN3CCN(c4nsc5ccccc45)CC3)cc21)c1ccc(F)cc1,1,ChEMBL_pos
O=C(NC1CCc2ccc(CCN3CCN(c4nsc5ccccc45)CC3)cc21)c1ccccc1,1,ChEMBL_pos
O=C(NC1CCc2ccc(CCN3CCN(c4nsc5ccccc45)CC3)cc21)c1cccnc1,1,ChEMBL_pos
O=C(NC1CCc2ccc(CCN3CCN(c4nsc5ccccc45)CC3)cc21)c1ccco1,1,ChEMBL_pos
O=C(NC1CCc2ccc(CCN3CCN(c4nsc5ccccc45)CC3)cc21)c1ccno1,1,ChEMBL_pos
O=C(NC1CCc2ccccc21)c1nc(-c2ccc(Cl)cc2Cl)n(-c2ccc(Cl)cc2)n1,1,ChEMBL_pos
O=C(NC1CN(C2CN(C(=O)c3ccc4c(ccn4-c4ccc(F)cc4)c3)C2)C1)c1nccs1,1,ChEMBL_pos
O=C(NC1Cc2ccccc2C1O)c1cn(-c2ccc(Cl)cc2)c(-c2ccccc2Cl)n1,1,ChEMBL_pos
O=C(NC1c2ccccc2CC1O)c1cn(-c2ccc(Cl)cc2)c(-c2ccccc2Cl)n1,1,ChEMBL_pos
O=C(NCC(O)CCN1CCN(c2cccc(Cl)c2Cl)CC1)c1ccc(-c2ccccn2)cc1,1,ChEMBL_pos
O=C(NCC1CC1CN1CCN(c2cccc(Cl)c2Cl)CC1)c1ccc(-c2ccccn2)cc1,1,ChEMBL_pos
O=C(NCC=CCN1CCN(c2cccc(Cl)c2Cl)CC1)c1cc2ccccc2[nH]1,1,ChEMBL_pos
O=C(NCC=CCN1CCN(c2cccc(Cl)c2Cl)CC1)c1ccc(-c2cccc(=O)[nH]2)cc1,1,ChEMBL_pos
O=C(NCC=CCN1CCN(c2cccc(Cl)c2Cl)CC1)c1ccc(-c2cccc[n+]2[O-])cc1,1,ChEMBL_pos
O=C(NCC=CCN1CCN(c2cccc(Cl)c2Cl)CC1)c1ccc(-c2ccccn2)cc1,1,ChEMBL_pos
O=C(NCC=CCN1CCN(c2cccc(Cl)c2Cl)CC1)c1ccc2c(c1)Cc1ccccc1-2,1,ChEMBL_pos
O=C(NCC=CC[N+]1([O-])CCN(c2cccc(Cl)c2Cl)CC1)c1ccc(-c2ccccn2)cc1,1,ChEMBL_pos
O=C(NCCC(O)CN1CCN(c2cccc(Cl)c2Cl)CC1)c1ccc(-c2ccccn2)cc1,1,ChEMBL_pos
O=C(NCCC(O)CN1CCN(c2cccc(Cl)c2Cl)CC1)c1ccc2c(c1)Cc1ccccc1-2,1,ChEMBL_pos
O=C(NCCCCCCn1ccc2ccccc21)Oc1cccnc1,1,ChEMBL_pos
O=C(NCCCCCN1CCN(c2cccc(Cl)c2Cl)CC1)c1cccc2c1-c1ccccc1C2=O,1,ChEMBL_pos
O=C(NCCCCCn1ccc2ccccc21)Oc1cccnc1,1,ChEMBL_pos
O=C(NCCCCN(CCCN1CCN(c2ccccc2)CC1)C1CCc2ccc(O)cc2C1)c1ccccc1,1,ChEMBL_pos
O=C(NCCCCN1CCCC2c3cccc(O)c3CCC21)c1ccc(-c2ccccc2)cc1,1,ChEMBL_pos
O=C(NCCCCN1CCN(c2cccc(Cl)c2Cl)CC1)C1c2ccccc2-c2ccccc21,1,ChEMBL_pos
O=C(NCCCCN1CCN(c2cccc(Cl)c2Cl)CC1)c1cc2ccccc2[te]1,1,ChEMBL_pos
O=C(NCCCCN1CCN(c2cccc(Cl)c2Cl)CC1)c1cc2ccccc2o1,1,ChEMBL_pos
O=C(NCCCCN1CCN(c2cccc(Cl)c2Cl)CC1)c1ccc(-c2ccccn2)cc1,1,ChEMBL_pos
O=C(NCCCCN1CCN(c2cccc(Cl)c2Cl)CC1)c1ccc2c(c1)-c1ccccc1-2,1,ChEMBL_pos
O=C(NCCCCN1CCN(c2cccc(Cl)c2Cl)CC1)c1ccc2c(c1)-c1ccccc1C2,1,ChEMBL_pos
O=C(NCCCCN1CCN(c2cccc(Cl)c2Cl)CC1)c1ccc2c(c1)Cc1ccccc1-2,1,ChEMBL_pos
O=C(NCCCCN1CCN(c2cccc(Cl)c2Cl)CC1)c1cccc2c1-c1ccccc1C2=O,1,ChEMBL_pos
O=C(NCCCCN1CCN(c2cccc(F)c2F)CC1)c1cc2ccc1CCc1ccc(cc1)CC2,1,ChEMBL_pos
O=C(NCCCN1CCN(c2cccc(Cl)c2Cl)CC1)C1c2ccccc2-c2ccccc21,1,ChEMBL_pos
O=C(NCCCN1CCN(c2cccc(Cl)c2Cl)CC1)c1cccc2c1-c1ccccc1C2=O,1,ChEMBL_pos
O=C(NCCCN1CCN(c2ccccc2)CC1)C1c2ccccc2-c2ccccc21,1,ChEMBL_pos
O=C(NCCCN1CCN(c2ccccc2)CC1)c1ccc2c(c1)Cc1ccccc1-2,1,ChEMBL_pos
O=C(NCCCN1CCN(c2ccccc2)CC1)c1cccc2c1-c1ccccc1C2=O,1,ChEMBL_pos
O=C(NCCCN1CCN(c2ccccc2)CC1)c1cccc2c1Cc1ccccc1-2,1,ChEMBL_pos
O=C(NCCCN1CCOCC1)c1cc(CNc2ccccc2C(=O)Nc2ccc3c(c2)OC(F)(F)O3)ccn1,1,ChEMBL_pos
O=C(NCCF)c1cc(-c2ccc(Cl)cc2)c(-c2ccc(Cl)cc2Cl)nc1OCc1ccc(F)c(F)c1,1,ChEMBL_pos
O=C(NCCN(CCCN1CCN(c2ccccc2)CC1)C1CCc2ccc(O)cc2C1)c1ccccc1,1,ChEMBL_pos
O=C(NCCN1CCOCC1)c1ccc(Cl)cc1,1,ChEMBL_pos
O=C(NCCO)c1cc(CNc2ccccc2C(=O)Nc2ccc3c(c2)OC(F)(F)O3)ccn1,1,ChEMBL_pos
O=C(NCN1CCN(c2ccccc2Cl)CC1)c1ccc(Cl)cc1,1,ChEMBL_pos
O=C(NCc1cc(Br)cc2nc(O)c(O)nc12)c1cccs1,1,ChEMBL_pos
O=C(NCc1cc(Br)cc2nc(O)c(O)nc12)c1ccsc1,1,ChEMBL_pos
O=C(NCc1cccc(NC(=O)c2cnc3ccccn23)c1)Nc1ccccc1,1,ChEMBL_pos
O=C(NCc1ccccc1)Nc1cc(CNc2ccccc2C(=O)Nc2ccc3c(c2)OC(F)(F)O3)ccn1,1,ChEMBL_pos
O=C(NCc1ccccc1)c1ccc(-c2ccc(Cl)cc2)c(-c2ccc(Cl)cc2Cl)n1,1,ChEMBL_pos
O=C(NCc1ccccc1)c1ccc(Br)c(S(=O)(=O)N2CCCCC2)c1,1,ChEMBL_pos
O=C(NCc1cccnc1)c1ccc(Br)c(S(=O)(=O)N2CCCCC2)c1,1,ChEMBL_pos
O=C(NN1CC2CCCC2C1)c1cn(-c2ccc(Cl)cc2)c(-c2ccc(Cl)cc2Cl)n1,1,ChEMBL_pos
O=C(NN1CC2CCCC2C1)c1nc(-c2ccc(Cl)cc2)n(-c2ccc(Cl)cc2Cl)n1,1,ChEMBL_pos
O=C(NN1CC2CCCC2C1)c1nc(-c2ccc(Cl)cc2Cl)n(-c2ccc(Cl)cc2)c1Br,1,ChEMBL_pos
O=C(NN1CC2CCCC2C1)c1nc(-c2ccc(Cl)cc2Cl)n(-c2ccc(Cl)cc2)n1,1,ChEMBL_pos
O=C(NN1CCCCC1)c1cc(-c2ccc(Cl)cc2)c(-c2ccc(Cl)cc2Cl)nc1Cl,1,ChEMBL_pos
O=C(NN1CCCCC1)c1cc(-c2ccc(Cl)cc2)c(-c2ccc(Cl)cc2Cl)nc1OCc1ccccc1,1,ChEMBL_pos
O=C(NN1CCCCC1)c1cc(-c2ccc(Cl)cc2)n(-c2ccc(Cl)cc2Cl)n1,1,ChEMBL_pos
O=C(NN1CCCCC1)c1ccc(-c2ccc(Cl)cc2)c(-c2ccc(Cl)cc2Cl)n1,1,ChEMBL_pos
O=C(NN1CCCCC1)c1cn(-c2ccc(Cl)cc2)c(-c2ccc(Cl)cc2Cl)n1,1,ChEMBL_pos
O=C(NN1CCCCC1)c1cnc(-c2ccc(Cl)cc2Cl)c(-c2ccc(Cl)cc2)c1,1,ChEMBL_pos
O=C(NN1CCCCC1)c1nc(-c2ccc(Cl)cc2)c(-c2ccc(Cl)cc2Cl)o1,1,ChEMBL_pos
O=C(NN1CCCCC1)c1nc(-c2ccc(Cl)cc2)n(-c2ccc(Cl)cc2Cl)n1,1,ChEMBL_pos
O=C(NN1CCCCC1)c1nc(-c2ccc(Cl)cc2Cl)c(-c2ccc(Cl)cc2)o1,1,ChEMBL_pos
O=C(NN1CCCCC1)c1nc(-c2ccc(Cl)cc2Cl)c(-c2ccc(Cl)cc2)s1,1,ChEMBL_pos
O=C(NN1CCCCC1)c1nc(-c2ccc(Cl)cc2Cl)c(-c2ccc(Cl)cc2Cl)o1,1,ChEMBL_pos
O=C(NN1CCCCC1)c1nc(-c2ccc(Cl)cc2Cl)n(-c2ccc(Cl)cc2)c1Br,1,ChEMBL_pos
O=C(NN1CCCCC1)c1nc(-c2ccc(Cl)cc2Cl)n(-c2ccc(Cl)cc2)c1CF,1,ChEMBL_pos
O=C(NN1CCCCC1)c1nc(-c2ccc(Cl)cc2Cl)n(-c2ccc(Cl)cc2)c1Cl,1,ChEMBL_pos
O=C(NN1CCCCC1)c1nc(-c2ccc(Cl)cc2Cl)n(-c2ccc(Cl)cc2)n1,1,ChEMBL_pos
O=C(NN1CCCCC1)c1nn(-c2ccc(Cl)cc2Cl)c2c1CCCc1cc(Cl)ccc1-2,1,ChEMBL_pos
O=C(NN1CCCCCC1)c1cn(-c2ccc(Cl)cc2)c(-c2ccc(Cl)cc2Cl)n1,1,ChEMBL_pos
O=C(NN1CCOCC1)C1=NN(c2ccc(Cl)cc2Cl)C(c2ccc(Cl)cc2)C1,1,ChEMBL_pos
O=C(NN1c2ccc(Cl)cc2N=C(N2CCN(CC3CCCCC3)CC2)c2ccccc21)c1ccccc1Cl,1,ChEMBL_pos
O=C(NN1c2ccc(Cl)cc2N=C(N2CCN(Cc3ccc(F)cc3F)CC2)c2ccccc21)c1ccccc1Cl,1,ChEMBL_pos
O=C(NN1c2ccc(Cl)cc2N=C(N2CCN(Cc3ccc4c(c3)OCCO4)CC2)c2ccccc21)c1ccccc1Cl,1,ChEMBL_pos
O=C(NN1c2ccc(Cl)cc2N=C(N2CCN(Cc3cccc4c3OCO4)CC2)c2ccccc21)c1ccccc1Cl,1,ChEMBL_pos
O=C(NN1c2ccc(Cl)cc2N=C(N2CCN(Cc3ccccc3F)CC2)c2ccccc21)c1ccccc1Cl,1,ChEMBL_pos
O=C(NNC(=S)Nc1ccc(Cl)c(Cl)c1)c1ccccc1O,1,ChEMBL_pos
O=C(NOCCOCCOCCOCCC(=O)N1CCN(c2nc(N3CCOCC3)nc(-n3c(C(F)F)nc4ccccc43)n2)CC1)c1ccc(F)c(F)c1Nc1ccc(I)cc1F,1,ChEMBL_pos
O=C(NOCCOCCOCCOCCN1CCN(c2nc(N3CCOCC3)nc(-n3c(C(F)F)nc4ccccc43)n2)CC1)c1ccc(F)c(F)c1Nc1ccc(I)cc1F,1,ChEMBL_pos
O=C(NS(=O)(=O)c1ccccc1)c1nc2cc(Cl)c(Cl)cc2nc1O,1,ChEMBL_pos
O=C(Nc1cc(-c2ccccc2)ccc1N1CCN(C(=O)c2ccccc2)CC1)c1cccc2ccccc12,1,ChEMBL_pos
O=C(Nc1cc(-c2ccccc2)ccc1N1CCN(CCC(O)c2ccccc2)CC1)c1cccc2ccccc12,1,ChEMBL_pos
O=C(Nc1cc(-c2ccccc2)ccc1N1CCN(CCCCCN2C(=O)c3ccccc3C2=O)CC1)c1cccc2ccccc12,1,ChEMBL_pos
O=C(Nc1cc(-c2ccccc2)ccc1N1CCN(CCO)CC1)c1cccc2ccccc12,1,ChEMBL_pos
O=C(Nc1cc(-c2ccccc2)ccc1N1CCN(Cc2ccccc2)CC1)c1cc2ccccc2oc1=O,1,ChEMBL_pos
O=C(Nc1cc(-c2ccccc2)ccc1N1CCNCC1)c1cc2ccccc2oc1=O,1,ChEMBL_pos
O=C(Nc1cc(-c2ccccc2)ccc1N1CCNCC1)c1cccc2ccccc12,1,ChEMBL_pos
O=C(Nc1cc(-c2ccncc2)c[nH]c1=O)c1ccc(N2CCCCC2)cc1,1,ChEMBL_pos
O=C(Nc1cc(Br)ccc1N1CCN(CCO)CC1)c1cc2ccccc2oc1=O,1,ChEMBL_pos
O=C(Nc1cc(Br)ccc1N1CCN(CCO)CC1)c1cccc2ccccc12,1,ChEMBL_pos
O=C(Nc1cc(Br)ccc1N1CCN(Cc2ccccc2)CC1)c1cc2ccccc2oc1=O,1,ChEMBL_pos
O=C(Nc1cc(Br)ccc1N1CCNCC1)c1cc2ccccc2oc1=O,1,ChEMBL_pos
O=C(Nc1cc(Br)ccc1N1CCNCC1)c1cccc2ccccc12,1,ChEMBL_pos
O=C(Nc1cc(O)cc(C(=O)N2CCC(Cc3cccc(Sc4cc(C(F)(F)F)ccn4)c3)CC2)c1)c1ccccc1,1,ChEMBL_pos
O=C(Nc1cc(Oc2cccc3[nH]c(=O)[nH]c23)c(F)c(F)c1F)c1cccc(OC(F)(F)F)c1,1,ChEMBL_pos
O=C(Nc1ccc(-c2ccccc2)cc1)Nc1ccc2c(c1)NC(=O)C2=Cc1ccc[nH]1,1,ChEMBL_pos
O=C(Nc1ccc(-c2ccnc(Nc3ccc(N4CCOCC4)cc3)n2)cc1)C1CCCN1,1,ChEMBL_pos
O=C(Nc1ccc(Br)cc1)NC(c1ccc(Br)cc1)c1ccc(Br)cc1,1,ChEMBL_pos
O=C(Nc1ccc(Br)cc1)NC(c1ccc(I)cc1)c1ccc(I)cc1,1,ChEMBL_pos
O=C(Nc1ccc(Cl)cc1)C1CCN(C(=O)c2ccc(O)cc2)CC1,1,ChEMBL_pos
O=C(Nc1ccc(Cl)cc1)NC(c1ccc(Br)cc1)c1ccc(Br)cc1,1,ChEMBL_pos
O=C(Nc1ccc(Cl)cc1)Nc1ccc2c(c1)NC(=O)C2=Cc1ccc[nH]1,1,ChEMBL_pos
O=C(Nc1ccc(Cl)cc1)c1ccccc1NCc1ccncc1,1,ChEMBL_pos
O=C(Nc1ccc(Nc2ncnc3ccc([N+](=O)[O-])cc23)cc1)Nc1ccc(Cl)c(C(F)(F)F)c1,1,ChEMBL_pos
O=C(Nc1ccc(Nc2ncnc3ccccc23)cc1)Nc1cccc(Br)c1,1,ChEMBL_pos
O=C(Nc1ccc(Nc2ncnc3sc4c(c23)CCCC4)cc1)Nc1cccc(Br)c1,1,ChEMBL_pos
O=C(Nc1ccc(Nc2ncnc3sccc23)cc1)Nc1cccc(Br)c1,1,ChEMBL_pos
O=C(Nc1ccc(O)c(O)c1)c1cc(=O)c2ccccc2o1,1,ChEMBL_pos
O=C(Nc1ccc(O)c(O)c1)c1coc2ccccc2c1=O,1,ChEMBL_pos
O=C(Nc1ccc(O)cc1)C(=O)N1CCC(Cc2ccccc2)CC1,1,ChEMBL_pos
O=C(Nc1ccc(O)cc1C(=O)N1CCC(Cc2cccc(Sc3cc(C(F)(F)F)ccn3)c2)CC1)c1ccccc1,1,ChEMBL_pos
O=C(Nc1ccc(OC(F)(F)F)cc1)c1sccc1NCc1ccnc2ccccc12,1,ChEMBL_pos
O=C(Nc1ccc(Oc2ccccc2)cc1)Nc1ccc2c(c1)NC(=O)C2=Cc1ccc[nH]1,1,ChEMBL_pos
O=C(Nc1ccc(Oc2ccnc3[nH]ccc23)c(F)c1)c1cccn(-c2ccc(F)cc2)c1=O,1,ChEMBL_pos
O=C(Nc1ccc(Oc2ccnc3[nH]ccc23)c(F)c1)c1nnn(-c2ccc(F)cc2)c1C(F)(F)F,1,ChEMBL_pos
O=C(Nc1ccc(Oc2ncnc3[nH]ncc23)cc1)Nc1ccc(Cl)c(C(F)(F)F)c1,1,ChEMBL_pos
O=C(Nc1ccc(Oc2ncnc3ccccc23)cc1)Nc1cccc(Br)c1,1,ChEMBL_pos
O=C(Nc1ccc(Oc2ncnc3sc4c(c23)CCCC4)cc1)Nc1cccc(Br)c1,1,ChEMBL_pos
O=C(Nc1ccc(Oc2ncnc3sccc23)cc1)Nc1cccc(Br)c1,1,ChEMBL_pos
O=C(Nc1ccc2[nH]c(O)nc2c1)C(=O)N1CCC(Cc2ccc(F)cc2)CC1,1,ChEMBL_pos
O=C(Nc1ccc2[nH]c(O)nc2c1)C(=O)N1CCC(Cc2ccccc2)CC1,1,ChEMBL_pos
O=C(Nc1ccc2[nH]c(O)nc2c1)C(=O)N1CCC(Oc2ccc(Cl)cc2)CC1,1,ChEMBL_pos
O=C(Nc1ccc2c(CCC3CCN(Cc4ccccc4)CC3)noc2c1)c1ccccc1,1,ChEMBL_pos
O=C(Nc1ccc2c(c1)CCC2)Nc1cc(CNc2ccccc2C(=O)Nc2ccc3c(c2)OC(F)(F)O3)ccn1,1,ChEMBL_pos
O=C(Nc1ccc2c(c1)OC(F)(F)C(F)(F)O2)c1ccccc1NCc1ccncc1,1,ChEMBL_pos
O=C(Nc1ccc2c(c1)OC(F)(F)C(F)(F)O2)c1ncsc1NCc1ccncc1,1,ChEMBL_pos
O=C(Nc1ccc2c(c1)OC(F)(F)O2)c1ccccc1NCc1ccnc(C2=NCCN2)c1,1,ChEMBL_pos
O=C(Nc1ccc2c(c1)OC(F)(F)O2)c1ccccc1NCc1ccnc(NCCCO)c1,1,ChEMBL_pos
O=C(Nc1ccc2c(c1)OC(F)(F)O2)c1ccccc1NCc1ccnc(NCCCn2ccnc2)c1,1,ChEMBL_pos
O=C(Nc1ccc2c(c1)OC(F)(F)O2)c1ccccc1NCc1ccnc(NCCO)c1,1,ChEMBL_pos
O=C(Nc1ccc2c(c1)OC(F)(F)O2)c1ccccc1NCc1ccnc(NCCOCCO)c1,1,ChEMBL_pos
O=C(Nc1ccc2c(c1)OC(F)(F)O2)c1ccccc1NCc1ccnc(NCCc2cnc[nH]2)c1,1,ChEMBL_pos
O=C(Nc1ccc2nc(O)oc2c1)C(=O)N1CCC(Cc2ccc(F)cc2)CC1,1,ChEMBL_pos
O=C(Nc1ccc2nc(O)oc2c1)C(=O)N1CCC(Cc2ccccc2)CC1,1,ChEMBL_pos
O=C(Nc1ccc2nc(O)oc2c1)C(=O)N1CCC(Oc2ccc(Cl)cc2)CC1,1,ChEMBL_pos
O=C(Nc1ccc2nc(O)sc2c1)C(=O)N1CCC(Cc2ccccc2)CC1,1,ChEMBL_pos
O=C(Nc1cccc(-c2cncc3ccccc23)c1)c1ccccc1NCc1ccncc1,1,ChEMBL_pos
O=C(Nc1cccc(C(F)(F)F)c1)c1ccccc1NCc1ccncc1,1,ChEMBL_pos
O=C(Nc1cccc(Cl)c1)C1CCN(C(=O)c2ccc3ccccc3c2)CC1,1,ChEMBL_pos
O=C(Nc1cccc(Oc2ccc3nccn3n2)c1)c1cccc(C(F)(F)F)c1,1,ChEMBL_pos
O=C(Nc1cccc2c1Cc1c-2n[nH]c1-c1ccsc1)c1ccccc1,1,ChEMBL_pos
O=C(Nc1ccccc1)Nc1cc(CNc2ccccc2C(=O)Nc2ccc3c(c2)OC(F)(F)O3)ccn1,1,ChEMBL_pos
O=C(Nc1ccccc1)Nc1ccc2c(c1)NC(=O)C2=Cc1ccc[nH]1,1,ChEMBL_pos
O=C(Nc1ccccc1)c1[nH]c2cc(F)ccc2c1C1CNCCC1F,1,ChEMBL_pos
O=C(Nc1ccccc1)c1cc(N2CCN(C(=O)n3nnc4ccccc43)CC2)ccc1[N+](=O)[O-],1,ChEMBL_pos
O=C(Nc1ccccc1)c1ccc(-c2ccc(Cl)cc2)c(-c2ccc(Cl)cc2Cl)n1,1,ChEMBL_pos
O=C(Nc1ccccc1)c1cccc(CN2CCN(C(=O)n3nnc4ccccc43)CC2)c1,1,ChEMBL_pos
O=C(Nc1cccnc1)c1c(Cl)ccc2c(Nc3cccc(C(F)(F)F)c3)noc12,1,ChEMBL_pos
O=C(Nc1cnc(Cl)nc1)c1c(Cl)ccc2c(Nc3cccc(C(F)(F)F)c3)noc12,1,ChEMBL_pos
O=C(Nc1cncnc1)c1c(Cl)ccc2c(Nc3ccc(C(F)(F)F)cc3)noc12,1,ChEMBL_pos
O=C(Nc1cncnc1)c1c(Cl)ccc2c(Nc3ccc(F)c(C(F)(F)F)c3)noc12,1,ChEMBL_pos
O=C(Nc1cncnc1)c1c(Cl)ccc2c(Nc3ccc(OC(F)(F)F)cc3)noc12,1,ChEMBL_pos
O=C(Nc1cncnc1)c1c(Cl)ccc2c(Nc3cccc(C(F)(F)F)c3)noc12,1,ChEMBL_pos
O=C(Nc1cncnc1)c1c(Cl)ccc2c(Nc3cccc(OC(F)(F)F)c3)noc12,1,ChEMBL_pos
O=C(Nc1n[nH]c2cc(C(=O)NC(CN3CCCC3)c3ccccc3)sc12)c1ccc(N2CCOCC2)cc1,1,ChEMBL_pos
O=C(O)C1CC(CP(=O)(O)O)CCN1,1,ChEMBL_pos
O=C(O)C1CC(Cc2nnn[nH]2)CCN1,1,ChEMBL_pos
O=C(O)C1CCN(Cc2cc(CN3CCC4(CCN(C(=O)OC(C(F)(F)F)C(F)(F)F)CC4)C3)ccc2Cl)CC1,1,ChEMBL_pos
O=C(O)C1CCN(c2cc(Cl)ccc2CN2CCC3(CCN(C(=O)OC(C(F)(F)F)C(F)(F)F)CC3)C2)CC1,1,ChEMBL_pos
O=C(O)C1CCN(c2cc(F)ccc2CN2CCC3(CCN(C(=O)OC(C(F)(F)F)C(F)(F)F)CC3)C2)CC1,1,ChEMBL_pos
O=C(O)C1CN(CCCP(=O)(O)O)CCN1,1,ChEMBL_pos
O=C(O)C1CN(CCc2nnn[nH]2)CCN1,1,ChEMBL_pos
O=C(O)CC1CCc2cc(Br)cc3[nH]c(=O)c(=O)n1c23,1,ChEMBL_pos
O=C(O)CC1CCc2cc(Cl)cc3[nH]c(=O)c(=O)n1c23,1,ChEMBL_pos
O=C(O)CN1CCN(c2cc(-c3cnc4ccc(N5CCCC5c5cccc(F)c5)nn34)ccn2)CC1,1,ChEMBL_pos
O=C(O)COc1cccc2c1nc(C(F)F)n2-c1nc(N2CCOCC2)nc(N2CCOCC2)n1,1,ChEMBL_pos
O=C(O)Cc1cccc2nc(O)c(O)nc12,1,ChEMBL_pos
O=C(O)Cn1c(=O)c(=O)[nH]c2cc(Cl)c(Cl)cc21,1,ChEMBL_pos
O=C(O)c1cc(CN2CCC3(CCN(C(=O)OC(C(F)(F)F)C(F)(F)F)CC3)C2)ccc1C(F)(F)F,1,ChEMBL_pos
O=C(O)c1cc(CN2CCCC23CCN(C(=O)OC(C(F)(F)F)C(F)(F)F)CC3)ccc1Cl,1,ChEMBL_pos
O=C(O)c1cc(O)c2c(Cl)cc(Cl)cc2n1,1,ChEMBL_pos
O=C(O)c1cc2c3cc(Cl)c(Cl)cc3nc(O)n2n1,1,ChEMBL_pos
O=C(O)c1ccc(CN2CCCC23CCN(C(=O)OC(C(F)(F)F)C(F)(F)F)CC3)cc1C(F)(F)F,1,ChEMBL_pos
O=C(O)c1cccc(CN2CCN(C(=O)n3nnc4ccccc43)CC2)c1,1,ChEMBL_pos
O=C(O)c1nc2cc(Cl)c(Cl)cc2nc1O,1,ChEMBL_pos
O=C(OC(C(F)(F)F)C(F)(F)F)N1CC(N2CCN(c3ncccn3)CC2)C1,1,ChEMBL_pos
O=C(OC(C(F)(F)F)C(F)(F)F)N1CC(c2cc(-c3ccccc3)n(-c3ccccc3)n2)C1,1,ChEMBL_pos
O=C(OC(C(F)(F)F)C(F)(F)F)N1CC(c2ccn(-c3ccc(F)c(F)c3)n2)C1,1,ChEMBL_pos
O=C(OC(C(F)(F)F)C(F)(F)F)N1CC(c2ccn(-c3ccccc3)n2)C1,1,ChEMBL_pos
O=C(OC(C(F)(F)F)C(F)(F)F)N1CC(c2ccn(-c3cnccn3)n2)C1,1,ChEMBL_pos
O=C(OC(C(F)(F)F)C(F)(F)F)N1CC(c2ccn(C3CCOCC3)n2)C1,1,ChEMBL_pos
O=C(OC(C(F)(F)F)C(F)(F)F)N1CC(c2ccn(Cc3ccccc3)n2)C1,1,ChEMBL_pos
O=C(OC(C(F)(F)F)C(F)(F)F)N1CC(c2ccnc(N3CCOCC3)n2)C1,1,ChEMBL_pos
O=C(OC(C(F)(F)F)C(F)(F)F)N1CC(c2nc(-c3ccccc3)no2)C1,1,ChEMBL_pos
O=C(OC(C(F)(F)F)C(F)(F)F)N1CC2C(C1)C2c1ccn(-c2ccc(F)cc2)n1,1,ChEMBL_pos
O=C(OC(C(F)(F)F)C(F)(F)F)N1CCC(=C2c3ccc(Cl)cc3CCc3cccnc32)CC1,1,ChEMBL_pos
O=C(OC(C(F)(F)F)C(F)(F)F)N1CCC(C(O)(c2ccc3c(c2)OCO3)c2ccc3c(c2)OCO3)CC1,1,ChEMBL_pos
O=C(OC(C(F)(F)F)C(F)(F)F)N1CCC(CNS(=O)(=O)c2ccc(Cl)cc2)CC1,1,ChEMBL_pos
O=C(OC(C(F)(F)F)C(F)(F)F)N1CCC(N2C(=O)C(c3ccc(F)cc3)C2c2ccc3c(c2)OCO3)CC1,1,ChEMBL_pos
O=C(OC(C(F)(F)F)C(F)(F)F)N1CCC(c2ccn(-c3ccccc3)n2)CC1,1,ChEMBL_pos
O=C(OC(C(F)(F)F)C(F)(F)F)N1CCN(C(c2ccc(Cl)cc2)c2ccc(Cl)cc2)CC1,1,ChEMBL_pos
O=C(OC(C(F)(F)F)C(F)(F)F)N1CCN(C(c2cccnc2)c2cccnc2)CC1,1,ChEMBL_pos
O=C(OC(C(F)(F)F)C(F)(F)F)N1CCN(C(c2cocn2)c2cocn2)CC1,1,ChEMBL_pos
O=C(OC(C(F)(F)F)C(F)(F)F)N1CCN(Cc2cc(Cl)ccc2N2CCOCC2)CC1,1,ChEMBL_pos
O=C(OC(C(F)(F)F)C(F)(F)F)N1CCN(Cc2ccc(Br)cc2N2CCCC2)CC1,1,ChEMBL_pos
O=C(OC(C(F)(F)F)C(F)(F)F)N1CCN(Cc2ccc(C(F)(F)F)cc2N2C3CCC2COC3)CC1,1,ChEMBL_pos
O=C(OC(C(F)(F)F)C(F)(F)F)N1CCN(Cc2ccc(C(F)(F)F)cc2N2CC3CCC(C2)O3)CC1,1,ChEMBL_pos
O=C(OC(C(F)(F)F)C(F)(F)F)N1CCN(Cc2ccc(C(F)(F)F)cc2N2CC3COCC3C2)CC1,1,ChEMBL_pos
O=C(OC(C(F)(F)F)C(F)(F)F)N1CCN(Cc2ccc(C(F)(F)F)cc2N2CCC(O)C2)CC1,1,ChEMBL_pos
O=C(OC(C(F)(F)F)C(F)(F)F)N1CCN(Cc2ccc(C(F)(F)F)cc2N2CCC3(CCOCC3)C2)CC1,1,ChEMBL_pos
O=C(OC(C(F)(F)F)C(F)(F)F)N1CCN(Cc2ccc(C(F)(F)F)cc2N2CCCC2)CC1,1,ChEMBL_pos
O=C(OC(C(F)(F)F)C(F)(F)F)N1CCN(Cc2ccc(C(F)(F)F)cc2N2CCCCC2)CC1,1,ChEMBL_pos
O=C(OC(C(F)(F)F)C(F)(F)F)N1CCN(Cc2ccc(C(F)(F)F)cc2N2CCOCC2)CC1,1,ChEMBL_pos
O=C(OC(C(F)(F)F)C(F)(F)F)N1CCN(Cc2ccc(Cl)cc2)CC1,1,ChEMBL_pos
O=C(OC(C(F)(F)F)C(F)(F)F)N1CCN(Cc2ccc(Cl)cc2N2CC3CCC(C2)O3)CC1,1,ChEMBL_pos
O=C(OC(C(F)(F)F)C(F)(F)F)N1CCN(Cc2ccc(Cl)cc2N2CCC3CCCN3C2)CC1,1,ChEMBL_pos
O=C(OC(C(F)(F)F)C(F)(F)F)N1CCN(Cc2ccc(Cl)cc2N2CCCC2)CC1,1,ChEMBL_pos
O=C(OC(C(F)(F)F)C(F)(F)F)N1CCN(Cc2ccc(Cl)cc2N2CCCCC2)CC1,1,ChEMBL_pos
O=C(OC(C(F)(F)F)C(F)(F)F)N1CCN(Cc2ccc(Cl)cc2N2CCN(CCF)CC2)CC1,1,ChEMBL_pos
O=C(OC(C(F)(F)F)C(F)(F)F)N1CCN(Cc2ccc(Cl)cc2N2CCOCC2)CC1,1,ChEMBL_pos
O=C(OC(C(F)(F)F)C(F)(F)F)N1CCN(Cc2cccc(Cl)c2N2CCOCC2)CC1,1,ChEMBL_pos
O=C(OC(C(F)(F)F)C(F)(F)F)N1CCN(Cc2cccc(Oc3ccccc3)c2)CC1,1,ChEMBL_pos
O=C(OC(C(F)(F)F)C(F)(F)F)N1CCN(Cc2ccccc2N2CCCC2)CC1,1,ChEMBL_pos
O=C(OC(CCO)C(F)(F)F)N1CC2C(C1)C2c1ccn(-c2ccc(F)cc2)n1,1,ChEMBL_pos
O=C(OC(CF)C(F)(F)F)N1CC2C(C1)C2c1ccn(-c2ccc(F)cc2)n1,1,ChEMBL_pos
O=C(OC(CO)C(F)(F)F)N1CC2C(C1)C2c1ccn(-c2ccc(F)cc2)n1,1,ChEMBL_pos
O=C(OC1Cc2c(O)cc(O)cc2OC1c1cc(O)c(O)c(O)c1)c1cc(O)c(O)c(O)c1,1,ChEMBL_pos
O=C(OC1Cc2c(O)cc(O)cc2OC1c1ccc(O)c(O)c1)c1cc(O)c(O)c(O)c1,1,ChEMBL_pos
O=C(OCC(F)(F)F)N1CC2C(C1)C2c1ccn(-c2ccc(F)cc2)n1,1,ChEMBL_pos
O=C(OCC(O)C(F)(F)F)N1CC2C(C1)C2c1ccn(-c2ccc(F)cc2)n1,1,ChEMBL_pos
O=C(OCCN1CCN(CCCN2c3ccccc3Sc3ccc(C(F)(F)F)cc32)CC1)c1ccc(OCCCN2CCCCC2)cc1,1,ChEMBL_pos
O=C(ON1C(=O)CCC1=O)N1CC2C(C1)C2c1ccn(-c2ccc(F)cc2)n1,1,ChEMBL_pos
O=C(ON1C(=O)CCC1=O)N1CCN(C(c2ccc(Cl)cc2)c2ccc(Cl)cc2)CC1,1,ChEMBL_pos
O=C(Oc1ccc([N+](=O)[O-])cc1)N1CC2C(C1)C2c1ccn(-c2ccc(F)cc2)n1,1,ChEMBL_pos
O=C(Oc1ccc([N+](=O)[O-])cc1)N1CCC(C(O)(c2ccc3c(c2)OCO3)c2ccc3c(c2)OCO3)CC1,1,ChEMBL_pos
O=C(Oc1ccc([N+](=O)[O-])cc1)N1CCC(C(c2ccc3c(c2)OCO3)c2ccc3c(c2)OCO3)CC1,1,ChEMBL_pos
O=C(Oc1ccc([N+](=O)[O-])cc1)N1CCC(N2C(=O)C(c3ccc(F)cc3)C2c2ccc3c(c2)OCO3)CC1,1,ChEMBL_pos
O=C(Oc1ccc([N+](=O)[O-])cc1)N1CCN(C(c2ccc(F)cc2)c2ccc(F)cc2)CC1,1,ChEMBL_pos
O=C(Oc1ccc([N+](=O)[O-])cc1)N1CCN(C(c2ccccc2)c2ccccc2)CC1,1,ChEMBL_pos
O=C(Oc1ccc([N+](=O)[O-])cc1)N1CCN(Cc2cccc(Oc3ccccc3)c2)CC1,1,ChEMBL_pos
O=C(Oc1ccc([N+](=O)[O-])cc1)N1CCN(S(=O)(=O)c2ccc3ccccc3c2)CC1,1,ChEMBL_pos
O=C(Oc1ccccc1)N1CCN(C(c2ccccc2)c2ccccc2)CC1,1,ChEMBL_pos
O=C(c1c2n(c3ccccc13)CCNCC2)C(F)(F)F,1,ChEMBL_pos
O=C(c1cc(-c2ccc(O)cc2)n(Cc2ccccc2)n1)N1CCC(Cc2ccccc2)CC1,1,ChEMBL_pos
O=C(c1cc(N2CCN(C(=O)n3nnc4ccccc43)CC2)ccc1[N+](=O)[O-])N1CCCCC1,1,ChEMBL_pos
O=C(c1cc(N2CCN(C(=O)n3nnc4ccccc43)CC2)ccc1[N+](=O)[O-])N1CCOCC1,1,ChEMBL_pos
O=C(c1cc(O)cc(Sc2ccccc2)c1)N1CCC(Cc2cccc(Sc3cc(C(F)(F)F)ccn3)c2)CC1,1,ChEMBL_pos
O=C(c1cc(O)ccc1Cl)N1CCC(Cc2cccc(Oc3ccc(C(F)(F)F)cn3)c2)CC1,1,ChEMBL_pos
O=C(c1cc(O)ccc1F)N1CCC(Cc2cccc(Oc3cc(C(F)(F)F)ccn3)c2)CC1,1,ChEMBL_pos
O=C(c1cc(O)ccc1F)N1CCC(Cc2cccc(Oc3ccc(C(F)(F)F)cn3)c2)CC1,1,ChEMBL_pos
O=C(c1cc(O)ccc1F)N1CCC(Cc2cccc(Sc3cc(C(F)(F)F)ccn3)c2)CC1,1,ChEMBL_pos
O=C(c1cc(O)ccc1F)N1CCN(Cc2cccc(Sc3cc(C(F)(F)F)ccn3)c2)CC1,1,ChEMBL_pos
O=C(c1cc(O)ccc1Sc1ccccc1)N1CCC(Cc2cccc(Sc3cc(C(F)(F)F)ccn3)c2)CC1,1,ChEMBL_pos
O=C(c1cc2c(O)cc(O)cc2[nH]1)N1CCC(Cc2ccccc2)CC1,1,ChEMBL_pos
O=C(c1cc2c(O)cccc2[nH]1)N1CCC(Cc2ccccc2)CC1,1,ChEMBL_pos
O=C(c1cc2cc(O)cc(O)c2[nH]1)N1CCC(Cc2ccccc2)CC1,1,ChEMBL_pos
O=C(c1cc2cc(O)ccc2[nH]1)N1CCC(Cc2ccccc2)CC1,1,ChEMBL_pos
O=C(c1cc2ccc(O)cc2[nH]1)N1CCC(CCc2ccccc2)CC1,1,ChEMBL_pos
O=C(c1cc2ccc(O)cc2[nH]1)N1CCC(COc2ccccc2)CC1,1,ChEMBL_pos
O=C(c1cc2ccc(O)cc2[nH]1)N1CCC(Cc2ccccc2)CC1,1,ChEMBL_pos
O=C(c1cc2ccc(O)cc2[nH]1)N1CCC(OCc2ccccc2)CC1,1,ChEMBL_pos
O=C(c1cc2cccc(O)c2[nH]1)N1CCC(Cc2ccccc2)CC1,1,ChEMBL_pos
O=C(c1ccc(-c2ccc(Cl)cc2)c(-c2ccc(Cl)cc2Cl)n1)N1CCCCC1,1,ChEMBL_pos
O=C(c1ccc(-c2ccccc2)cc1)C1CCN(C(=O)c2cccc(O)c2)CC1,1,ChEMBL_pos
O=C(c1ccc(-c2cn(-c3ccccc3)nn2)cc1)C1CCN(C(=O)c2cccc(O)c2)CC1,1,ChEMBL_pos
O=C(c1ccc(Br)c(O)c1)N1CCC(Cc2cccc(Oc3ccc(C(F)(F)F)cn3)c2)CC1,1,ChEMBL_pos
O=C(c1ccc(C2CC2)cc1)C1CCN(C(=O)c2cccc(O)c2)CC1,1,ChEMBL_pos
O=C(c1ccc(C2CCCCC2)cc1)C1CCN(C(=O)c2cccc(O)c2)CC1,1,ChEMBL_pos
O=C(c1ccc(Cc2ccccc2)cc1)C1CCN(C(=O)c2cc(O)c(F)cc2F)CC1,1,ChEMBL_pos
O=C(c1ccc(Cc2ccccc2)cc1)C1CCN(C(=O)c2cc(O)ccc2F)CC1,1,ChEMBL_pos
O=C(c1ccc(Cc2ccccc2)cc1)C1CCN(C(=O)c2cccc(O)c2)CC1,1,ChEMBL_pos
O=C(c1ccc(Cl)c(O)c1)N1CCC(Cc2cccc(Oc3ccc(C(F)(F)F)cn3)c2)CC1,1,ChEMBL_pos
O=C(c1ccc(Cl)cc1)C1CCN(C(=O)c2cc(O)ccc2Cl)CC1,1,ChEMBL_pos
O=C(c1ccc(Cl)cc1)C1CCN(C(=O)c2cc(O)ccc2F)CC1,1,ChEMBL_pos
O=C(c1ccc(Cl)cc1)C1CCN(C(=O)c2ccc(Br)c(O)c2)CC1,1,ChEMBL_pos
O=C(c1ccc(Cl)cc1)C1CCN(C(=O)c2ccc(Cl)c(O)c2)CC1,1,ChEMBL_pos
O=C(c1ccc(Cl)cc1)C1CCN(C(=O)c2ccc(F)c(O)c2)CC1,1,ChEMBL_pos
O=C(c1ccc(Cl)cc1)C1CCN(C(=O)c2cccc(O)c2)CC1,1,ChEMBL_pos
O=C(c1ccc(F)c(O)c1)N1CCC(Cc2cccc(Oc3ccc(C(F)(F)F)cn3)c2)CC1,1,ChEMBL_pos
O=C(c1ccc(F)cc1)C1CCN(CC2CC3c4ccccc4Cc4ccccc4C3O2)CC1,1,ChEMBL_pos
O=C(c1ccc(F)cc1)C1CCN(CCCCc2ccccc2)CC1,1,ChEMBL_pos
O=C(c1ccc(F)cc1)C1CCN(CCc2ccc(F)cc2)CC1,1,ChEMBL_pos
O=C(c1ccc(F)cc1)C1CCN(CCc2ccc(I)cc2)CC1,1,ChEMBL_pos
O=C(c1ccc(F)cc1)C1CCN(CCc2cccc(I)c2)CC1,1,ChEMBL_pos
O=C(c1ccc(F)cc1)C1CCN(CCc2ccccc2I)CC1,1,ChEMBL_pos
O=C(c1ccc(F)cc1)C1CCN(CCn2c(=O)[nH]c3ccccc3c2=O)CC1,1,ChEMBL_pos
O=C(c1ccc(F)cc1)C1CCN(CCn2c(=S)[nH]c3ccccc3c2=O)CC1,1,ChEMBL_pos
O=C(c1ccc(F)cc1)C1CCN(Cc2ccc(I)cc2)CC1,1,ChEMBL_pos
O=C(c1ccc(F)cc1)C1CCN(Cc2cccc(I)c2)CC1,1,ChEMBL_pos
O=C(c1ccc(F)cc1)C1CCN(Cc2ccccc2I)CC1,1,ChEMBL_pos
O=C(c1ccc(N2CCN(C(=O)n3nnc4ccccc43)CC2)c([N+](=O)[O-])c1)N1CCOCC1,1,ChEMBL_pos
O=C(c1ccc(Nc2ccccc2)cc1)C1CCN(C(=O)c2cccc(O)c2)CC1,1,ChEMBL_pos
O=C(c1ccc(Oc2ccccc2)cc1)C1CCN(C(=O)c2cccc(O)c2)CC1,1,ChEMBL_pos
O=C(c1ccc(Sc2ccc(C(F)(F)F)cc2)cc1)C1CCN(C(=O)c2cccc(O)c2)CC1,1,ChEMBL_pos
O=C(c1ccc(Sc2ccc(Cl)cc2)cc1)C1CCN(C(=O)c2cccc(O)c2)CC1,1,ChEMBL_pos
O=C(c1ccc(Sc2ccc(F)c(F)c2)cc1)C1CCN(C(=O)c2cccc(O)c2)CC1,1,ChEMBL_pos
O=C(c1ccc(Sc2ccc(F)cc2)cc1)C1CCN(C(=O)c2cccc(O)c2)CC1,1,ChEMBL_pos
O=C(c1ccc(Sc2ccc(O)cc2)cc1)C1CCN(C(=O)c2cccc(O)c2)CC1,1,ChEMBL_pos
O=C(c1ccc(Sc2ccc(OC(F)(F)F)cc2)cc1)C1CCN(C(=O)c2cccc(O)c2)CC1,1,ChEMBL_pos
O=C(c1ccc(Sc2cccc(C(F)(F)F)c2)cc1)C1CCN(C(=O)c2cc(O)ccc2F)CC1,1,ChEMBL_pos
O=C(c1ccc(Sc2cccc(C(F)(F)F)c2)cc1)C1CCN(C(=O)c2cccc(O)c2)CC1,1,ChEMBL_pos
O=C(c1ccc(Sc2cccc(Cl)c2)cc1)C1CCN(C(=O)c2cc(O)ccc2F)CC1,1,ChEMBL_pos
O=C(c1ccc(Sc2cccc(Cl)c2)cc1)C1CCN(C(=O)c2cccc(O)c2)CC1,1,ChEMBL_pos
O=C(c1ccc(Sc2cccc(F)c2)cc1)C1CCN(C(=O)c2cccc(O)c2)CC1,1,ChEMBL_pos
O=C(c1ccc(Sc2cccc(O)c2)cc1)C1CCN(C(=O)c2cccc(O)c2)CC1,1,ChEMBL_pos
O=C(c1ccc(Sc2cccc(OC(F)(F)F)c2)cc1)C1CCN(C(=O)c2cc(O)ccc2F)CC1,1,ChEMBL_pos
O=C(c1ccc(Sc2cccc(OC(F)(F)F)c2)cc1)C1CCN(C(=O)c2cccc(O)c2)CC1,1,ChEMBL_pos
O=C(c1ccc(Sc2ccccc2)c(O)c1)N1CCC(Cc2cccc(Sc3cc(C(F)(F)F)ccn3)c2)CC1,1,ChEMBL_pos
O=C(c1ccc(Sc2ccccc2)cc1)C1CCN(C(=O)c2cc(O)c(F)cc2F)CC1,1,ChEMBL_pos
O=C(c1ccc(Sc2ccccc2)cc1)C1CCN(C(=O)c2cc(O)ccc2F)CC1,1,ChEMBL_pos
O=C(c1ccc(Sc2ccccc2)cc1)C1CCN(C(=O)c2cccc(O)c2)CC1,1,ChEMBL_pos
O=C(c1ccc([N+](=O)[O-])cc1)C1CCN(CCc2ccccc2)CC1,1,ChEMBL_pos
O=C(c1ccc2c(c1)OCCO2)C1CCN(C(=O)c2cccc(O)c2)CC1,1,ChEMBL_pos
O=C(c1ccc2c(c1)ncn2-c1ccc(F)cc1)N1CC(N2CCN(C(=O)c3nccs3)CC2)C1,1,ChEMBL_pos
O=C(c1ccc2c(ccn2-c2ccc(F)cc2)c1)N1CC(N2CC(N3Cc4ccccc4C3=O)C2)C1,1,ChEMBL_pos
O=C(c1ccc2c(ccn2-c2ccc(F)cc2)c1)N1CC(N2CCN(C(=O)c3nccs3)CC2)C1,1,ChEMBL_pos
O=C(c1ccc2c(ccn2-c2ccc(F)cc2)c1)N1CC(N2CCN(c3ncccn3)CC2)C1,1,ChEMBL_pos
O=C(c1ccc2c(ccn2-c2nccc(F)n2)c1)N1CC(N2CCN(C(=O)c3cscn3)CC2)C1,1,ChEMBL_pos
O=C(c1ccc2c(ccn2-c2nccc(F)n2)c1)N1CC(N2CCN(C(=O)c3nccs3)CC2)C1,1,ChEMBL_pos
O=C(c1ccc2c(cnn2-c2ccc(F)c(F)c2)c1)N1CC(N2CCN(C(=O)c3cscn3)CC2)C1,1,ChEMBL_pos
O=C(c1ccc2c(cnn2-c2ccc(F)cc2)c1)N1CC(N2CCN(C(=O)c3nccs3)CC2)C1,1,ChEMBL_pos
O=C(c1ccc2ccc(=O)[nH]c2c1)N1CCN(c2cc(-c3cc(F)cc(Cl)c3)ccn2)CC1,1,ChEMBL_pos
O=C(c1ccc2ccc(=O)[nH]c2c1)N1CCN(c2cc(-c3ccc(Cl)cc3F)ccn2)CC1,1,ChEMBL_pos
O=C(c1ccc2ccc(=O)[nH]c2c1)N1CCN(c2cc(-c3ccc(O)cc3)ccn2)CC1,1,ChEMBL_pos
O=C(c1ccc2ccc(=O)[nH]c2c1)N1CCN(c2ccc(-c3cc(F)cc(Cl)c3)cn2)CC1,1,ChEMBL_pos
O=C(c1ccc2ccc(=O)[nH]c2c1)N1CCN(c2ccc(-c3ccc(C(F)(F)F)cc3)cn2)CC1,1,ChEMBL_pos
O=C(c1ccc2ccc(=O)[nH]c2c1)N1CCN(c2ccc(-c3ccc(Cl)c(Cl)c3)cn2)CC1,1,ChEMBL_pos
O=C(c1ccc2ccc(=O)[nH]c2c1)N1CCN(c2ccc(-c3ccc(Cl)cc3)cn2)CC1,1,ChEMBL_pos
O=C(c1ccc2ccc(=O)[nH]c2c1)N1CCN(c2ccc(-c3ccc(Cl)cc3F)cn2)CC1,1,ChEMBL_pos
O=C(c1ccc2ccc(=O)[nH]c2c1)N1CCN(c2ccc(-c3ccc(F)c(Cl)c3)cn2)CC1,1,ChEMBL_pos
O=C(c1ccc2ccc(=O)[nH]c2c1)N1CCN(c2ccc(-c3ccc(F)cc3F)cn2)CC1,1,ChEMBL_pos
O=C(c1ccc2ccc(=O)[nH]c2c1)N1CCN(c2ccc(-c3ccc([N+](=O)[O-])cc3)cn2)CC1,1,ChEMBL_pos
O=C(c1ccc2ccc(=O)[nH]c2c1)N1CCN(c2ccc(-c3cccc(C(F)(F)F)c3)cn2)CC1,1,ChEMBL_pos
O=C(c1ccc2ccc(=O)[nH]c2c1)N1CCN(c2ccc(-c3cccc(Cl)c3)cn2)CC1,1,ChEMBL_pos
O=C(c1ccc2ccc(=O)[nH]c2c1)N1CCN(c2ccc(-c3ccccc3)cn2)CC1,1,ChEMBL_pos
O=C(c1ccc2nc(-c3ccccc3)oc2c1)N1CC(N2CCN(C(=O)c3cscn3)CC2)C1,1,ChEMBL_pos
O=C(c1ccc2nc(-c3ccccc3)oc2c1)N1CC(N2CCN(C(=O)c3nccs3)CC2)C1,1,ChEMBL_pos
O=C(c1ccc2nc(C3CCCCC3)oc2c1)N1CC(N2CCN(c3ncccn3)CC2)C1,1,ChEMBL_pos
O=C(c1cccc(CN2CCN(C(=O)n3nnc4ccccc43)CC2)c1)N1CCCCC1,1,ChEMBL_pos
O=C(c1cccc(O)c1)N1CCC(Cc2cc(Sc3cc(C(F)(F)F)ccn3)ccc2F)CC1,1,ChEMBL_pos
O=C(c1cccc(O)c1)N1CCC(Cc2cc(Sc3cc(C(F)(F)F)ccn3)ccc2O)CC1,1,ChEMBL_pos
O=C(c1cccc(O)c1)N1CCC(Cc2ccc(F)c(Sc3cc(C(F)(F)F)ccn3)c2)CC1,1,ChEMBL_pos
O=C(c1cccc(O)c1)N1CCC(Cc2ccc(O)c(Sc3cc(C(F)(F)F)ccn3)c2)CC1,1,ChEMBL_pos
O=C(c1cccc(O)c1)N1CCC(Cc2ccc(Oc3ccc(C(F)(F)F)cn3)cc2)CC1,1,ChEMBL_pos
O=C(c1cccc(O)c1)N1CCC(Cc2cccc(Oc3cc(C(F)(F)F)ccn3)c2)CC1,1,ChEMBL_pos
O=C(c1cccc(O)c1)N1CCC(Cc2cccc(Oc3ccc(C(F)(F)F)cn3)c2)CC1,1,ChEMBL_pos
O=C(c1cccc(O)c1)N1CCC(Cc2cccc(Oc3cccc(C(F)(F)F)n3)c2)CC1,1,ChEMBL_pos
O=C(c1cccc(O)c1)N1CCC(Cc2cccc(Oc3ccccc3)c2)CC1,1,ChEMBL_pos
O=C(c1cccc(O)c1)N1CCC(Cc2cccc(Oc3ccccn3)c2)CC1,1,ChEMBL_pos
O=C(c1cccc(O)c1)N1CCC(Cc2cccc(Oc3ncccc3C(F)(F)F)c2)CC1,1,ChEMBL_pos
O=C(c1cccc(O)c1)N1CCC(Cc2cccc(Sc3cc(C(F)(F)F)ccn3)c2)CC1,1,ChEMBL_pos
O=C(c1cccc(O)c1)N1CCC(Cc2cccc(Sc3ccc(C(F)(F)F)cn3)c2)CC1,1,ChEMBL_pos
O=C(c1cccc(O)c1)N1CCC(Cc2cccc(Sc3cccc(C(F)(F)F)n3)c2)CC1,1,ChEMBL_pos
O=C(c1cccc(O)c1)N1CCC(Cc2cccc(Sc3ncccc3C(F)(F)F)c2)CC1,1,ChEMBL_pos
O=C(c1cccc2ccccc12)c1ccc(OCCc2ccccc2)c2ccccc12,1,ChEMBL_pos
O=C(c1cccc2cccnc12)N1CCC(CCc2ccc(F)cc2F)CC1,1,ChEMBL_pos
O=C(c1ccccc1)C1CCN(CCc2ccccc2)CC1,1,ChEMBL_pos
O=C(c1ccccc1)N1CCN(C2CN(C(=O)c3ccc4c(ccn4-c4ccc(C(F)(F)F)cc4)c3)C2)CC1,1,ChEMBL_pos
O=C(c1ccccc1)N1CCN(C2CN(C(=O)c3ccc4c(ccn4-c4ccc(F)cc4)c3)C2)CC1,1,ChEMBL_pos
O=C(c1ccccc1)N1CCN(C2CN(C(=O)c3ccc4c(ccn4-c4nccc(F)n4)c3)C2)CC1,1,ChEMBL_pos
O=C(c1ccccc1)N1CCN(C2CN(C(=O)c3ccc4c(cnn4-c4ccccc4)c3)C2)CC1,1,ChEMBL_pos
O=C(c1ccccc1)c1nc2ccccc2n2c(-c3ccc([N+](=O)[O-])cc3)nnc12,1,ChEMBL_pos
O=C(c1ccccc1)c1nc2ccccc2n2c(-c3ccccc3)nnc12,1,ChEMBL_pos
O=C(c1ccccc1)c1nc2ccccc2n2c(-c3ccccc3Cl)nnc12,1,ChEMBL_pos
O=C(c1ccccc1)c1nc2ccccc2n2cnnc12,1,ChEMBL_pos
O=C(c1ccccc1F)N1CCC(CCc2ccc(F)cc2F)CC1,1,ChEMBL_pos
O=C(c1ccco1)N1CCN(C2CC(=O)N(c3ccc(-c4ccc(F)cc4)cc3)C2)CC1,1,ChEMBL_pos
O=C(c1cccs1)N1CCN(C2CC(=O)N(c3ccc(Oc4ccccc4)cc3)C2)CC1,1,ChEMBL_pos
O=C(c1cn(Cc2ccc(Br)cc2)c2ccccc2c1=O)c1cccc2ccccc12,1,ChEMBL_pos
O=C(c1cn(Cc2ccc(F)cc2)c2ccccc2c1=O)c1cccc2ccccc12,1,ChEMBL_pos
O=C(c1cn(Cc2ccccc2)c2ccccc2c1=O)c1cccc2ccccc12,1,ChEMBL_pos
O=C(c1cnc(-c2ccc(Cl)cc2Cl)c(-c2ccc(Cl)cc2)c1)N1CCCCC1,1,ChEMBL_pos
O=C(c1cscn1)N1CCN(C2CN(C(=O)c3sc4cc(C(F)(F)F)ccc4c3Cl)C2)CC1,1,ChEMBL_pos
O=C(c1nc(-c2ccc(Cl)cc2)n(-c2ccc(Cl)cc2Cl)n1)N1CCN(c2cccc(C(F)(F)F)c2)CC1,1,ChEMBL_pos
O=C(c1ncco1)N1CCN(C2CC(=O)N(c3ccc(Oc4ccccc4)cc3)C2)CC1,1,ChEMBL_pos
O=C(c1nccs1)N1CCN(C2CC(=O)N(c3ccc(Oc4ccccc4)cc3)C2)CC1,1,ChEMBL_pos
O=C(c1nccs1)N1CCN(C2CC(=O)N(c3cccc(-c4ccc(Cl)cc4)c3)C2)CC1,1,ChEMBL_pos
O=C(c1nccs1)N1CCN(C2CC(=O)N(c3cccc(-c4cccc(Cl)c4)c3)C2)CC1,1,ChEMBL_pos
O=C(c1nccs1)N1CCN(C2CC(=O)N(c3cccc(-c4ccccc4)c3)C2)CC1,1,ChEMBL_pos
O=C(c1nccs1)N1CCN(C2CC(=O)N(c3cccc(-c4ccccc4Cl)c3)C2)CC1,1,ChEMBL_pos
O=C(c1nccs1)N1CCN(C2CC(=O)N(c3cccc(OCc4ccccc4)c3)C2)CC1,1,ChEMBL_pos
O=C(c1nccs1)N1CCN(C2CC(=O)N(c3cccc(Oc4ccccc4)c3)C2)CC1,1,ChEMBL_pos
O=C1C(=Cc2ccc(Cl)cc2)Oc2ccccc21,1,ChEMBL_pos
O=C1C(=Nc2cccc(C(F)(F)F)c2)c2ccccc2N1c1ccccc1,1,ChEMBL_pos
O=C1C(Cl)=C(Cl)C(=O)C(Cl)=C1Cl,1,ChEMBL_pos
O=C1C(N2CCN(Cc3ccc(Cl)cc3)CC2)CCc2cccc3c2N1CC3,1,ChEMBL_pos
O=C1C(c2ccc(Br)cc2)N(c2ccc(Cl)cc2)C(=O)N1c1ccc(Cl)cc1,1,ChEMBL_pos
O=C1C(c2ccc(F)cc2)C(c2ccc(C(F)(F)F)cc2)N1C1CCN(C(=O)n2cncn2)CC1,1,ChEMBL_pos
O=C1C(c2ccc(F)cc2)C(c2ccc(F)cc2)N1C1CCN(C(=O)n2cncn2)CC1,1,ChEMBL_pos
O=C1C(c2ccc(F)cc2)C(c2ccc3c(c2)OCO3)N1C1CCN(C(=O)n2ccnn2)CC1,1,ChEMBL_pos
O=C1C(c2ccc(F)cc2)C(c2ccc3c(c2)OCO3)N1C1CCN(C(=O)n2cncn2)CC1,1,ChEMBL_pos
O=C1C(c2ccc(F)cc2)C(c2ccc3c(c2)OCO3)N1C1CCN(C(=O)n2nnc3ccccc32)CC1,1,ChEMBL_pos
O=C1C(c2ccc(F)cc2)C(c2cccnc2)N1C1CCN(C(=O)n2nnc3ccccc32)CC1,1,ChEMBL_pos
O=C1C(c2ccc3c(c2)OCO3)C(c2ccc(F)cc2)N1C1CCN(C(=O)n2cncn2)CC1,1,ChEMBL_pos
O=C1C(c2ccc3c(c2)OCO3)C(c2ccc3c(c2)OCO3)N1C1CCN(C(=O)n2cncn2)CC1,1,ChEMBL_pos
O=C1C(c2ccc3c(c2)OCO3)C(c2cccnc2)N1C1CCN(C(=O)n2cncn2)CC1,1,ChEMBL_pos
O=C1C(c2ccc3c(c2)OCO3)C(c2cccnc2)N1C1CCN(C(=O)n2nnc3ccccc32)CC1,1,ChEMBL_pos
O=C1C(c2cccc(F)c2)C(c2ccc3c(c2)OCO3)N1C1CCN(C(=O)n2cncn2)CC1,1,ChEMBL_pos
O=C1C(c2cccc(F)c2)C(c2ccc3c(c2)OCO3)N1C1CCN(C(=O)n2nnc3ccccc32)CC1,1,ChEMBL_pos
O=C1C(c2ccccc2)C(c2ccc3c(c2)OCO3)N1C1CCN(C(=O)n2cncn2)CC1,1,ChEMBL_pos
O=C1C(c2ccccc2)C(c2ccccc2)N1C1CCN(C(=O)n2cncn2)CC1,1,ChEMBL_pos
O=C1C(c2ccccc2)N(c2ccc(Br)cc2)C(=O)N1c1ccc(Br)cc1,1,ChEMBL_pos
O=C1C(c2ccccc2)N(c2ccc(Cl)cc2)C(=O)N1c1ccc(Cl)cc1,1,ChEMBL_pos
O=C1C(c2ccccc2)N(c2cccc(I)c2)C(=S)N1c1cccc(I)c1,1,ChEMBL_pos
O=C1C(c2cccnc2)C(c2ccc3c(c2)OCO3)N1C1CCN(C(=O)n2cncn2)CC1,1,ChEMBL_pos
O=C1C2C3CCC(C3)C2C(=O)N1CCCCN1CCN(c2ncccn2)CC1,1,ChEMBL_pos
O=C1C2N=C(c3ccccc3Cl)N(c3ccc(Cl)cc3)C2N=CN1CC(F)(F)F,1,ChEMBL_pos
O=C1C=CC(=O)C=C1,1,ChEMBL_pos
O=C1C=CC(=O)N1Cc1ccc(-c2ccccc2)cc1,1,ChEMBL_pos
O=C1CC(N2CCN(c3ncccn3)CC2)CN1c1ccc(Oc2ccccc2)cc1,1,ChEMBL_pos
O=C1CC(c2ccccc2)c2cccc(CCN3CCN(c4nsc5ccccc45)CC3)c2N1,1,ChEMBL_pos
O=C1CC2(CCCC2)CC(=O)N1CCCCN1CCN(c2ncccn2)CC1,1,ChEMBL_pos
O=C1CC2(CCCC2)CC(=O)N1CCCCNC1CCc2c(F)cccc2C1,1,ChEMBL_pos
O=C1CCC(CCC(=O)N2CCC(COc3ccc(F)cc3Cl)CC2)N1,1,ChEMBL_pos
O=C1CCC(COC(=O)N2CCC(COc3ccc(F)cc3Cl)CC2)N1,1,ChEMBL_pos
O=C1CCC2(CC(C(=O)N3CCC(COc4ccc(F)cc4Cl)CC3)C2)N1,1,ChEMBL_pos
O=C1CCC2(CCN(C(=O)N3CCC(COc4ccc(F)cc4Cl)CC3)C2)N1,1,ChEMBL_pos
O=C1CCC2(CN(C(=O)N3CCC(COc4ccc(F)cc4Cl)CC3)C2)N1,1,ChEMBL_pos
O=C1CCN1c1ccc2on(CC3CC4c5ccccc5Oc5ccc(Br)cc5C4O3)c2c1,1,ChEMBL_pos
O=C1CCc2cc3c(CCC4CCN(Cc5ccccc5)CC4)noc3cc2N1,1,ChEMBL_pos
O=C1CCc2ccc(OCCCCN3CCN(c4cccc(Cl)c4Cl)CC3)cc2N1,1,ChEMBL_pos
O=C1CCc2cccc(CCN3CCN(c4nsc5ccccc45)CC3)c2N1,1,ChEMBL_pos
O=C1COC2CCN(C(=O)N3CC(CCc4c(F)cccc4C(F)(F)F)C3)CC2N1,1,ChEMBL_pos
O=C1COC2CCN(C(=O)N3CC(CCc4ccc(C(F)(F)F)cc4Br)C3)CC2N1,1,ChEMBL_pos
O=C1COC2CCN(C(=O)N3CC(CCc4ccc(C(F)(F)F)cc4F)C3)CC2N1,1,ChEMBL_pos
O=C1COC2CCN(C(=O)N3CC(OCc4ccc(C(F)(F)F)c(Cl)c4)C3)CC2N1,1,ChEMBL_pos
O=C1COC2CCN(C(=O)N3CC(OCc4ccc(Cl)cc4Oc4ccccc4)C3)CC2N1,1,ChEMBL_pos
O=C1COC2CCN(C(=O)N3CC(c4ccc(-c5ccc(Cl)cc5Cl)cc4)C3)CC2N1,1,ChEMBL_pos
O=C1COC2CCN(C(=O)N3CC(c4ccc(-c5ccccc5C(F)(F)F)cc4)C3)CC2N1,1,ChEMBL_pos
O=C1COC2CCN(C(=O)N3CC(c4ccc(-c5ccccc5OC(F)(F)F)cc4)C3)CC2N1,1,ChEMBL_pos
O=C1COC2CCN(C(=O)N3CCC(COc4ccc(C(F)(F)F)cc4Cl)CC3)CC2N1,1,ChEMBL_pos
O=C1COc2ccc(-c3cnc(Cl)c(NS(=O)(=O)c4ccc(F)cc4)c3)cc2N1,1,ChEMBL_pos
O=C1COc2ccc(-c3cnc(Cl)c(NS(=O)(=O)c4ccc(F)cc4)c3)cc2N1C1CC1,1,ChEMBL_pos
O=C1COc2ccc(-c3cnc(Cl)c(NS(=O)(=O)c4ccc(F)cc4)c3)cc2N1C1CCCCC1,1,ChEMBL_pos
O=C1COc2ccc(-c3cnc(Cl)c(NS(=O)(=O)c4ccc(F)cc4)c3)cc2N1c1ccc(Cl)cc1,1,ChEMBL_pos
O=C1COc2ccc(-c3cnc(Cl)c(NS(=O)(=O)c4ccc(F)cc4)c3)cc2N1c1ccc(F)cc1,1,ChEMBL_pos
O=C1COc2ccc(-c3cnc(Cl)c(NS(=O)(=O)c4ccc(F)cc4)c3)cc2N1c1ccccc1,1,ChEMBL_pos
O=C1COc2ccc(C(=O)N3CCC(COc4ccc(F)cc4Cl)CC3)cc2N1,1,ChEMBL_pos
O=C1COc2ccc(C(=O)N3CCC(COc4ccc(F)cc4Cl)CC3)nc2N1,1,ChEMBL_pos
O=C1COc2cnc(C(=O)N3CCC(COc4ccc(F)cc4Cl)CC3)cc2N1,1,ChEMBL_pos
O=C1COc2ncc(C(=O)N3CCC(COc4ccc(F)cc4Cl)CC3)cc2N1,1,ChEMBL_pos
O=C1Cc2c(ccc(Cl)c2N2CCN(Cc3ccccc3)CC2)N1,1,ChEMBL_pos
O=C1Cc2c(ccc3c(CCC4CCN(Cc5ccccc5)CC4)noc23)N1,1,ChEMBL_pos
O=C1Cc2c(cccc2N2CCN(Cc3ccccc3)CC2)N1,1,ChEMBL_pos
O=C1Cc2c(cccc2OCCNCc2ccccc2)N1,1,ChEMBL_pos
O=C1Cc2cc(CCN3CCN(c4cccc5ccccc45)CC3)ccc2N1,1,ChEMBL_pos
O=C1Cc2cc(CCN3CCN(c4nsc5ccccc45)CC3)c(Cl)cc2N1,1,ChEMBL_pos
O=C1Cc2cc3c(CCC4CCN(Cc5ccccc5)CC4)noc3cc2N1,1,ChEMBL_pos
O=C1Cc2cc3onc(CCC4CCN(Cc5ccccc5)CC4)c3cc2N1,1,ChEMBL_pos
O=C1Cc2ccc(C(=O)N3CCN(c4ccc(-c5ccc(Cl)cc5)cn4)CC3)cc2N1,1,ChEMBL_pos
O=C1Cc2ccc(C(=O)N3CCN(c4ccc(-c5ccc(F)c(Cl)c5)cn4)CC3)cc2N1,1,ChEMBL_pos
O=C1N(Cc2ccccc2)C(=S)NC1(c1ccc(Br)cc1)c1ccc(Br)cc1,1,ChEMBL_pos
O=C1NC(=O)c2cc(OCCCc3ccccc3)ccc21,1,ChEMBL_pos
O=C1NC(=O)c2cc(OCCc3ccc(Br)cc3)ccc21,1,ChEMBL_pos
O=C1NC(=O)c2cc(OCCc3ccccc3)ccc21,1,ChEMBL_pos
O=C1NC(=O)c2cc(OCc3ccc(Br)cc3)ccc21,1,ChEMBL_pos
O=C1NC(=O)c2cc(Oc3ccc(Br)cc3)ccc21,1,ChEMBL_pos
O=C1NC(=O)c2cc(Oc3ccc4ccccc4c3)ccc21,1,ChEMBL_pos
O=C1NC(=S)NC1=Cc1c[nH]c2c(Br)cccc12,1,ChEMBL_pos
O=C1NC(=S)NC1=Cc1c[nH]c2cccc(Br)c12,1,ChEMBL_pos
O=C1NC(c2ccc(Br)cc2)(c2ccc(Br)cc2)C(=O)N1CCCO,1,ChEMBL_pos
O=C1NC(c2ccc(Br)cc2)(c2ccc(Br)cc2)C(=O)N1CCN1CCOCC1,1,ChEMBL_pos
O=C1NC2(CO1)CC(C(=O)N1CC(COc3ccc(F)cc3Cl)C1)C2,1,ChEMBL_pos
O=C1NC2(CO1)CC(C(=O)N1CC(OCc3ccc(C(F)(F)F)c(C(F)(F)F)c3)C1)C2,1,ChEMBL_pos
O=C1NC2(CO1)CC(C(=O)N1CC(OCc3ccc(C(F)(F)F)c(Cl)c3)C1)C2,1,ChEMBL_pos
O=C1NC2(CO1)CC(C(=O)N1CC(OCc3ccc(C(F)(F)F)cc3Cl)C1)C2,1,ChEMBL_pos
O=C1NC2(CO1)CC(C(=O)N1CC(OCc3ccc(Cl)c(C(F)(F)F)c3)C1)C2,1,ChEMBL_pos
O=C1NC2(CO1)CC(C(=O)N1CC(OCc3ccc(Cl)c(Cl)c3)C1)C2,1,ChEMBL_pos
O=C1NC2(CO1)CC(C(=O)N1CC(OCc3ccc(Cl)cc3Cl)C1)C2,1,ChEMBL_pos
O=C1NC2(CO1)CC(C(=O)N1CC(OCc3ccc(F)cc3Cl)C1)C2,1,ChEMBL_pos
O=C1NC2(CO1)CC(C(=O)N1CC3C(C1)C3c1ccc3c(c1)CCC3)C2,1,ChEMBL_pos
O=C1NC2(CO1)CC(C(=O)N1CCC(C(Oc3ccc(F)cc3Cl)C(F)(F)F)CC1)C2,1,ChEMBL_pos
O=C1NC2(CO1)CC(C(=O)N1CCC(COc3ccc(F)cc3Cl)C1)C2,1,ChEMBL_pos
O=C1NC2(CO1)CC(C(=O)N1CCC(COc3ccc(F)cc3Cl)CC1)C2,1,ChEMBL_pos
O=C1NC2(CO1)CC(C(=O)N1CCC(OCc3ccc(F)cc3Cl)C1)C2,1,ChEMBL_pos
O=C1NC2(CO1)CC(C(=O)N1CCC(OCc3ccc(F)cc3Cl)CC1)C2,1,ChEMBL_pos
O=C1NC2(CO1)CC(C(=O)N1CCC3(c4ccc(C(F)(F)F)cc4)CC3C1)C2,1,ChEMBL_pos
O=C1NC2(CO1)CC(C(=O)N1CCC3(c4ccccc4)C(C1)C3(F)F)C2,1,ChEMBL_pos
O=C1NCCN1CCN1CCC(c2c(-c3ccccc3)[nH]c3ccccc23)CC1,1,ChEMBL_pos
O=C1NCCN1CCN1CCC(c2cn(-c3ccc(F)cc3)c3ccc(Cl)cc23)CC1,1,ChEMBL_pos
O=C1NCCN1CCN1CCCC(c2c(-c3ccccc3)[nH]c3ccccc23)C1,1,ChEMBL_pos
O=C1NCN(c2ccccc2)C12CCN(CCCOc1ccc(F)cc1)CC2,1,ChEMBL_pos
O=C1Nc2cc(C=Cc3ccccc3)ccc2C1=O,1,ChEMBL_pos
O=C1Nc2cc(Cl)ccc2C1=NNC(=O)c1c(O)cccc1Cl,1,ChEMBL_pos
O=C1Nc2cc(Cl)ccc2C1=NNC(=O)c1cc(Cl)ccc1O,1,ChEMBL_pos
O=C1Nc2ccc(-c3ccccc3)cc2C1=O,1,ChEMBL_pos
O=C1Nc2ccc(C=Cc3ccccc3)cc2C1=O,1,ChEMBL_pos
O=C1Nc2ccc(CCCCc3ccccc3)cc2C1=O,1,ChEMBL_pos
O=C1Nc2ccc(Cl)cc2C1=NNC(=O)c1cc(Cl)ccc1O,1,ChEMBL_pos
O=C1Nc2ccc(F)cc2C1CCCCN1CCN(c2ccccc2)CC1,1,ChEMBL_pos
O=C1Nc2ccc(NC(=O)C(=O)N3CCC(Cc4ccccc4)CC3)cc2CO1,1,ChEMBL_pos
O=C1Nc2ccccc2-c2ccnc3[nH]cc(c23)C1c1ccc(O)cc1,1,ChEMBL_pos
O=C1Nc2ccccc2C1=Cc1c[nH]nc1-c1ccccc1[N+](=O)[O-],1,ChEMBL_pos
O=C1Nc2ccccc2C1=Cc1ccc(N2CCN(C(=O)CCCl)CC2)cc1,1,ChEMBL_pos
O=C1Nc2ccccc2C1CCCCN1CCN(c2ccc(Cl)cc2)CC1,1,ChEMBL_pos
O=C1OC(Cn2cc(F)nn2)CN1c1ccc(C2=CCS(=O)(=O)CC2)c(F)c1,1,ChEMBL_pos
O=C1c2c(Cl)cccc2C2CNCCN12,1,ChEMBL_pos
O=C1c2c(OC(F)(F)F)cccc2C2CNCCN12,1,ChEMBL_pos
O=C1c2c(cc(C3CC3)cc2C(F)(F)F)C2CNCCN12,1,ChEMBL_pos
O=C1c2c(ccc(Cl)c2Cl)C2CNCCN12,1,ChEMBL_pos
O=C1c2c(cccc2C(F)(F)F)C2CNCCN12,1,ChEMBL_pos
O=C1c2cc(Cl)nc3cccc(c23)CN1CCCN1CCCCC1,1,ChEMBL_pos
O=C1c2ccc(Cl)cc2CCC12CCN(CCc1ccccc1)CC2,1,ChEMBL_pos
O=C1c2ccc(F)cc2CC1CCN1CCN(c2ccc(Cl)cc2)CC1,1,ChEMBL_pos
O=C1c2cccc3nc(Cl)cc(c23)C(=O)N1CCCN1CCCCC1,1,ChEMBL_pos
O=C1c2ccccc2-c2nccc3cc(O)cc1c23,1,ChEMBL_pos
O=C1c2ccccc2-c2nccc3cccc1c23,1,ChEMBL_pos
O=C1c2ccccc2C(=O)N1CCCCCN1CCN(c2cccc(Cl)c2Cl)CC1,1,ChEMBL_pos
O=C1c2ccccc2C(=O)N1CCCCN1CCN(c2cccc(Cl)c2Cl)CC1,1,ChEMBL_pos
O=CNc1cc(F)ccc1C(=O)CCCN1CCC2C(C1)c1cccc3c1N2CCCS3,1,ChEMBL_pos
O=Cc1c2n(c3ccccc13)CCNCC2,1,ChEMBL_pos
O=Cc1cc2cc(OCCCCN3CCN(c4cccc(Cl)c4Cl)CC3)ccn2n1,1,ChEMBL_pos
O=Cc1cnn2ccc(-n3cc(CCCN4CCN(c5cccc(Cl)c5Cl)CC4)nn3)cc12,1,ChEMBL_pos
O=Cc1cnn2ccc(-n3cc(CCN4CCN(c5cccc(Cl)c5Cl)CC4)nn3)cc12,1,ChEMBL_pos
O=Cc1cnn2ccc(OCCCCN3CCN(c4cccc(Cl)c4Cl)CC3)cc12,1,ChEMBL_pos
O=Nc1c(O)nc2c(F)c(Cl)c(F)cc2c1O,1,ChEMBL_pos
O=Nc1c(O)nc2cc(Cl)c(Cl)c(Cl)c2c1O,1,ChEMBL_pos
O=Nc1c(O)nc2cc(Cl)c(Cl)cc2c1O,1,ChEMBL_pos
O=Nc1c(O)nc2cc(Cl)cc(Cl)c2c1O,1,ChEMBL_pos
O=Nc1c(O)nc2cc(Cl)ccc2c1O,1,ChEMBL_pos
O=Nc1c(O)nc2ccc(Cl)c(Cl)c2c1O,1,ChEMBL_pos
O=P(O)(O)C(NC(c1ccccc1)c1ccccc1)c1cccc2nc(O)c(O)nc12,1,ChEMBL_pos
O=P(O)(O)C(NC1CCc2ccccc21)c1cccc2nc(O)c(O)nc12,1,ChEMBL_pos
O=P(O)(O)C(NCCc1ccccc1)c1cccc2nc(O)c(O)nc12,1,ChEMBL_pos
O=P(O)(O)C(NCc1ccccc1)c1cccc2nc(O)c(O)nc12,1,ChEMBL_pos
O=P(O)(O)C(Nc1ccccc1)c1cccc2nc(O)c(O)nc12,1,ChEMBL_pos
O=P(O)(O)C(O)c1cccc2nc(O)c(O)nc12,1,ChEMBL_pos
O=P(O)(O)Cc1cc(-c2ccc(Cl)cc2)cc2nc(O)c(O)nc12,1,ChEMBL_pos
O=P(O)(O)Cc1cc(Br)cc2nc(O)c(O)nc12,1,ChEMBL_pos
O=P(O)(O)Cc1cc(Cl)cc2nc(O)c(O)nc12,1,ChEMBL_pos
O=P(O)(O)Cc1cc(F)cc2nc(O)c(O)nc12,1,ChEMBL_pos
O=P(O)(O)Cc1cccc2nc(O)c(O)nc12,1,ChEMBL_pos
O=S(=O)(F)CCCCCCCc1ccc(O)cc1,1,ChEMBL_pos
O=S(=O)(F)CCCCCCCc1ccc(OCc2ccccc2)cc1,1,ChEMBL_pos
O=S(=O)(F)CCCCCCCc1cccc(O)c1,1,ChEMBL_pos
O=S(=O)(F)CCCCCCCc1cccc(OCc2ccccc2)c1,1,ChEMBL_pos
O=S(=O)(F)CCCCCCCc1ccccc1O,1,ChEMBL_pos
O=S(=O)(F)CCCCCCCc1ccccc1OCc1ccccc1,1,ChEMBL_pos
O=S(=O)(F)CCCCCc1ccc(O)cc1,1,ChEMBL_pos
O=S(=O)(F)CCCCCc1ccc(OCc2ccccc2)cc1,1,ChEMBL_pos
O=S(=O)(F)CCCCOc1ccc(OCc2ccccc2)cc1,1,ChEMBL_pos
O=S(=O)(NCCCCN1CCC(c2noc3cc(F)ccc23)CC1)c1cc2ccccc2s1,1,ChEMBL_pos
O=S(=O)(NCCCN1CCN(c2ccc(Cl)c(Cl)c2)CC1)c1ccc2ccccc2c1,1,ChEMBL_pos
O=S(=O)(Nc1cc(-c2cnc3[nH]cc(-c4ccccc4)c3c2)cnc1Cl)c1ccccc1,1,ChEMBL_pos
O=S(=O)(Nc1cc(-c2cnc3[nH]cc(-c4ccncc4)c3c2)cnc1Cl)c1ccc(F)cc1,1,ChEMBL_pos
O=S(=O)(Nc1cc(-c2cnc3[nH]cc(-c4ccncc4)c3c2)cnc1Cl)c1ccccc1,1,ChEMBL_pos
O=S(=O)(Nc1cc(-c2cnc3[nH]cc(-c4ccncc4)c3c2)cnc1Cl)c1ccccc1F,1,ChEMBL_pos
O=S(=O)(Nc1cc(-c2cnc3[nH]ccc3c2)cnc1Cl)c1ccccc1,1,ChEMBL_pos
O=S(=O)(Nc1cc(-c2cnc3[nH]nc(-c4ccccc4)c3c2)cnc1Cl)c1ccccc1,1,ChEMBL_pos
O=S(=O)(Nc1cc(-c2cnc3[nH]nc(-c4ccncc4)c3c2)cnc1Cl)c1ccccc1,1,ChEMBL_pos
O=S(=O)(Nc1cc(-c2cnc3[nH]ncc3c2)cnc1Cl)c1ccccc1,1,ChEMBL_pos
O=S(=O)(Nc1ccc2c(CCC3CCN(Cc4ccccc4)CC3)noc2c1)c1ccccc1,1,ChEMBL_pos
O=S(=O)(Oc1cccc(C2CCCN(CCc3ccccc3)C2)c1)C(F)(F)F,1,ChEMBL_pos
O=S(=O)(c1ccc(-n2cccn2)cc1)C1(F)CCN(CCc2ccc(F)cc2F)CC1,1,ChEMBL_pos
O=S(=O)(c1ccc(-n2ccnn2)cc1)C1(F)CCN(CCc2ccc(F)cc2F)CC1,1,ChEMBL_pos
O=S(=O)(c1ccc(C=Cc2ccc(F)cc2)nc1)c1cccc(F)c1,1,ChEMBL_pos
O=S(=O)(c1ccc(C=Cc2ccc(F)cc2)nc1)c1ccccc1F,1,ChEMBL_pos
O=S(=O)(c1ccc(C=Cc2ccc(F)cc2Cl)nc1)c1ccccc1F,1,ChEMBL_pos
O=S(=O)(c1ccc(C=Cc2ccc(F)cc2F)nc1)c1ccccc1F,1,ChEMBL_pos
O=S(=O)(c1ccc(C=Cc2ccc(F)cc2O)nc1)c1ccccc1F,1,ChEMBL_pos
O=S(=O)(c1ccc(C=Cc2cccc(F)c2)nc1)c1ccccc1F,1,ChEMBL_pos
O=S(=O)(c1ccc(C=Cc2ccccc2F)nc1)c1ccccc1F,1,ChEMBL_pos
O=S(=O)(c1ccc(C=Cc2ccccc2O)nc1)c1ccccc1F,1,ChEMBL_pos
O=S(=O)(c1ccc(C=Cc2ccncc2)nc1)c1ccccc1F,1,ChEMBL_pos
O=S(=O)(c1ccc(Cl)cc1)C1(F)CCN(CCc2ccc(F)cc2F)CC1,1,ChEMBL_pos
O=S(=O)(c1ccc(Cl)cc1)C1CCN(CCc2ccc(F)cc2F)CC1,1,ChEMBL_pos
O=S(=O)(c1ccc(F)cc1)C1(F)CCN(CCc2ccc(F)cc2F)CC1,1,ChEMBL_pos
O=S(=O)(c1ccc(F)cc1)C1CCN(CCc2ccc(F)cc2F)CC1,1,ChEMBL_pos
O=S(=O)(c1ccc(F)cc1)N1CC=C(CCc2ccc(F)cc2F)CC1,1,ChEMBL_pos
O=S(=O)(c1ccc(F)cc1)N1CCC(CCc2ccc(F)cc2F)CC1,1,ChEMBL_pos
O=S(=O)(c1ccc(F)cc1)N1CCC(F)(CCc2ccc(F)cc2F)CC1,1,ChEMBL_pos
O=S(=O)(c1ccc(F)cc1)N1CCC(O)(CCc2ccc(F)cc2F)CC1,1,ChEMBL_pos
O=S(=O)(c1ccc(F)cc1)N1CCN(CCc2ccc(F)cc2F)CC1,1,ChEMBL_pos
O=S(=O)(c1ccc(F)cc1)c1ccc(C=Cc2ccc(F)cc2)cn1,1,ChEMBL_pos
O=S(=O)(c1ccc(F)cc1)c1ccc(C=Cc2ccc(F)cc2)nc1,1,ChEMBL_pos
O=S(=O)(c1ccc(F)cc1)c1ccc(CCc2ccc(F)cc2)cn1,1,ChEMBL_pos
O=S(=O)(c1ccc(F)cc1)c1ccc(CCc2ccc(F)cc2)nc1,1,ChEMBL_pos
O=S(=O)(c1ccc(N2CCC2)cc1)C1(F)CCN(CCc2ccc(F)cc2F)CC1,1,ChEMBL_pos
O=S(=O)(c1cccc(F)c1)C1(F)CCN(CCc2ccc(F)cc2F)CC1,1,ChEMBL_pos
O=S(=O)(c1cccc(F)c1)N1CCC(CCc2ccc(F)cc2F)CC1,1,ChEMBL_pos
O=S(=O)(c1ccccc1)C1(CCCN2CCC3CCCCC3C2)CCC1,1,ChEMBL_pos
O=S(=O)(c1ccccc1)C1(CCCN2CCc3ccccc3C2)CCC1,1,ChEMBL_pos
O=S(=O)(c1ccccc1)C1(F)CCN(CCc2ccc(F)cc2F)CC1,1,ChEMBL_pos
O=S(=O)(c1ccccc1)C1CCN(CCCc2ccccc2)CC1,1,ChEMBL_pos
O=S(=O)(c1ccccc1)C1CCN(CCc2ccc(F)cc2F)CC1,1,ChEMBL_pos
O=S(=O)(c1ccccc1)C1CCN(CCc2ccccc2)CC1,1,ChEMBL_pos
O=S(=O)(c1ccccc1)C1CCN(Cc2ccccc2)CC1,1,ChEMBL_pos
O=S(=O)(c1ccccc1)c1ccc(C=Cc2ccc(F)cc2)nc1,1,ChEMBL_pos
O=S(=O)(c1ccccc1)c1ccc(C=Cc2ccc(F)cc2F)nc1,1,ChEMBL_pos
O=S(=O)(c1ccccc1-c1cccc2ccccc12)N1CCC(CCc2ccc(F)cc2F)CC1,1,ChEMBL_pos
O=S(=O)(c1ccccc1-c1cccc2cccnc12)N1CCC(CCc2ccc(F)cc2F)CC1,1,ChEMBL_pos
O=S(=O)(c1ccccc1Cl)N1CCC(CCc2ccc(F)cc2F)CC1,1,ChEMBL_pos
O=S(=O)(c1ccccc1Cl)n1cc(C2=CCNCC2)c2ccccc21,1,ChEMBL_pos
O=S(=O)(c1ccccc1F)C1(F)CCN(CCc2ccc(F)cc2F)CC1,1,ChEMBL_pos
O=S(=O)(c1ccccc1F)N1CCC(CCc2ccc(F)cc2F)CC1,1,ChEMBL_pos
O=S1(=O)c2cccc3cccc(c23)N1CCCN1CCN(c2ccc(F)cc2)CC1,1,ChEMBL_pos
O=S1(=O)c2ccccc2CCC12CCN(CCc1ccc(F)cc1F)CC2,1,ChEMBL_pos
O=[N+]([O-])c1c(O)nc2cc(Cl)c(Cl)c(Cl)c2c1O,1,ChEMBL_pos
O=[N+]([O-])c1c(O)nc2cc(Cl)c(Cl)cc2c1O,1,ChEMBL_pos
O=[N+]([O-])c1c(O)nc2cc(Cl)cc(Cl)c2c1O,1,ChEMBL_pos
O=[N+]([O-])c1cc(C(NCC2CCCCC2)P(=O)(O)O)c2nc(O)c(O)nc2c1,1,ChEMBL_pos
O=[N+]([O-])c1cc(C(NCc2ccccc2)P(=O)(O)Cc2ccccc2)c2nc(O)c(O)nc2c1,1,ChEMBL_pos
O=[N+]([O-])c1cc(C(NCc2ccccc2)P(=O)(O)O)c2nc(O)c(O)nc2c1,1,ChEMBL_pos
O=[N+]([O-])c1cc(C(NCc2ccco2)P(=O)(O)O)c2nc(O)c(O)nc2c1,1,ChEMBL_pos
O=[N+]([O-])c1cc(C(O)P(=O)(O)O)c2nc(O)c(O)nc2c1,1,ChEMBL_pos
O=[N+]([O-])c1cc2nc(O)c(O)nc2cc1[N+](=O)[O-],1,ChEMBL_pos
O=[N+]([O-])c1ccc(-c2csc(NN=C3CCCC3)n2)cc1,1,ChEMBL_pos
O=[N+]([O-])c1ccc(C(O)C2CCN(CCc3ccccc3)CC2)cc1,1,ChEMBL_pos
O=[N+]([O-])c1ccc(C2CC(c3c4ccccc4cc4ccccc34)=NN2)cc1,1,ChEMBL_pos
O=[N+]([O-])c1ccc(C=NNc2nc3ccccc3nc2Cc2ccccc2)cc1,1,ChEMBL_pos
O=[N+]([O-])c1ccc2c(c1Cl)CCNCC2,1,ChEMBL_pos
O=[N+]([O-])c1cccc(C2CC(c3c4ccccc4cc4ccccc34)=NN2)c1,1,ChEMBL_pos
O=[N+]([O-])c1ccccc1S(=O)(=O)NCC1CCC(CNCC2CCc3ccccc3C2)CC1,1,ChEMBL_pos
O=c1[nH]c2[nH]c(-c3ccc(Cl)cc3)cc2c(=O)n1CCN1CCN(c2ccccc2Cl)CC1,1,ChEMBL_pos
O=c1[nH]c2[nH]c(-c3ccccc3)cc2c(=O)n1CCN1CCN(c2ccccc2Cl)CC1,1,ChEMBL_pos
O=c1[nH]c2[nH]c(-c3ccccc3Cl)cc2c(=O)n1CCN1CCN(c2ccccc2Cl)CC1,1,ChEMBL_pos
O=c1[nH]c2cc(Cl)c(Cl)c([N+](=O)[O-])c2[nH]c1=O,1,ChEMBL_pos
O=c1[nH]c2ccc(OCCN3CCN(c4ccccc4Cl)CC3)cc2[nH]1,1,ChEMBL_pos
O=c1[nH]c2ccc([S+]([O-])CCN3CCC(Cc4ccc(F)cc4)CC3)cc2o1,1,ChEMBL_pos
O=c1[nH]n(Cc2ccncc2)c(=O)c2c(=O)c3ccc(Cl)cc3[nH]c12,1,ChEMBL_pos
O=c1c2c(Cl)cccc2nc(C(Nc2ncnc3nc[nH]c23)C2CC2)n1-c1ccccc1,1,ChEMBL_pos
O=c1c2c(Cl)cccc2nc(C(Nc2ncnc3nc[nH]c23)C2CCC2)n1-c1ccccc1,1,ChEMBL_pos
O=c1c2c(Cl)cccc2nc(C2CC3(CC3)CN2c2nc(Cl)nc3[nH]cnc23)n1-c1ccccc1,1,ChEMBL_pos
O=c1c2c(Cl)cccc2nc(C2CC3(CC3)CN2c2nc(F)nc3[nH]cnc23)n1-c1ccccc1,1,ChEMBL_pos
O=c1c2c(Cl)cccc2nc(C2CC3(CC3)CN2c2ncnc3[nH]cnc23)n1-c1ccccc1,1,ChEMBL_pos
O=c1c2c(Cl)ccn2nc(C2CC(F)CN2c2ncnc3[nH]cnc23)n1-c1ccccc1,1,ChEMBL_pos
O=c1c2c(Cl)ccn2nc(C2CCCN2c2ncnc3[nH]cnc23)n1-c1cccc(F)c1,1,ChEMBL_pos
O=c1c2c(Cl)ccn2nc(C2CCCN2c2ncnc3[nH]cnc23)n1-c1ccccc1,1,ChEMBL_pos
O=c1c2c(Cl)ccn2nc(C2CCN2c2ncnc3[nH]cnc23)n1-c1ccccc1,1,ChEMBL_pos
O=c1c2c(F)cccc2nc(C(Nc2ncnc3nc[nH]c23)C2CC2)n1-c1ccccc1,1,ChEMBL_pos
O=c1c2c(F)cccc2nc(C(Nc2ncnc3nc[nH]c23)C2CCC2)n1-c1ccccc1,1,ChEMBL_pos
O=c1c2c(F)cccc2nc(C2CC3(CC3)CN2c2ncnc3[nH]cnc23)n1-c1ccccc1,1,ChEMBL_pos
O=c1c2c(F)cccc2nc(C2CC3(CC3)CN2c2ncnc3[nH]cnc23)n1C1CCCC1,1,ChEMBL_pos
O=c1c2c(F)cccc2nc(C2CC3(CC3)CN2c2ncnc3[nH]cnc23)n1C1CCCCC1,1,ChEMBL_pos
O=c1c2c(F)cccc2nc(C2CC3(CC3)CN2c2ncnc3[nH]cnc23)n1Cc1ccccc1,1,ChEMBL_pos
O=c1c2c(F)ccn2nc(C2CCCN2c2ncnc3[nH]cnc23)n1-c1ccccc1,1,ChEMBL_pos
O=c1c2c(c1=O)N(CCP(=O)(O)O)CCCN2,1,ChEMBL_pos
O=c1c2cc(F)ccc2nc(C(Nc2ncnc3nc[nH]c23)C2CC2)n1-c1ccccc1,1,ChEMBL_pos
O=c1c2cc(F)ccc2nc(C2CC3(CC3)CN2c2ncnc3[nH]cnc23)n1-c1ccccc1,1,ChEMBL_pos
O=c1c2cccc(O)c2oc2cccc(O)c12,1,ChEMBL_pos
O=c1c2ccccc2oc2cccc(O)c12,1,ChEMBL_pos
O=c1c2ccccc2oc2ccccc12,1,ChEMBL_pos
O=c1c2ccccc2sn1Cc1ccc(-c2ccccc2)cc1,1,ChEMBL_pos
O=c1c2cccn2nc(C2CCCN2c2ncnc3[nH]cnc23)n1-c1ccccc1,1,ChEMBL_pos
O=c1c2cn(Cc3ccccc3)c3cc(Cl)ccc3c-2nn1C1CCCCC1,1,ChEMBL_pos
O=c1c2cn(Cc3ccccc3)c3ccccc3c-2nn1C1CCCCC1,1,ChEMBL_pos
O=c1c2nn(-c3ccc(Cl)cc3)c(-c3ccccc3Cl)c2ncn1C1CCCCC1,1,ChEMBL_pos
O=c1c2nn(-c3ccc(Cl)cc3)c(-c3ccccc3Cl)c2ncn1CC(F)(F)F,1,ChEMBL_pos
O=c1c2nn(-c3ccccc3Cl)c(-c3ccc(Cl)cc3)c2ccn1CC(F)(F)F,1,ChEMBL_pos
O=c1c2nn(-c3ccccc3Cl)c(-c3ccc(Cl)cc3)c2cnn1CC(F)(F)F,1,ChEMBL_pos
O=c1c2nn(-c3ccccc3Cl)c(-c3ccc(Cl)cc3)c2ncn1C1CCCCC1,1,ChEMBL_pos
O=c1c2nn(-c3ccccc3Cl)c(-c3ccc(Cl)cc3)c2ncn1CC(F)(F)F,1,ChEMBL_pos
O=c1c2nn(-c3ccccc3Cl)c(-c3ccc(Cl)cc3)c2ncn1CC(F)F,1,ChEMBL_pos
O=c1c2nn(-c3ccccc3Cl)c(-c3ccc(Cl)cc3)c2ncn1CCC(F)(F)F,1,ChEMBL_pos
O=c1c2nn(-c3ccccc3Cl)c(-c3ccc(Cl)cc3)c2ncn1CCF,1,ChEMBL_pos
O=c1c2nn(-c3ccccc3Cl)c(-c3ccc(Cl)cc3)c2ncn1Cc1ccccc1,1,ChEMBL_pos
O=c1c2nn(-c3ccccc3Cl)c(-c3ccc(Cl)cc3)c2ncn1N1CCCCC1,1,ChEMBL_pos
O=c1cc(N2CCOCC2)oc2c(-c3ccc4c(c3)OCCO4)csc12,1,ChEMBL_pos
O=c1ccoc2ccc(OCCc3ccc(Br)cc3)cc12,1,ChEMBL_pos
O=c1ccoc2ccc(OCc3ccc(Br)cc3)cc12,1,ChEMBL_pos
O=c1ccoc2ccc(OCc3ccc(C(F)(F)F)cc3)cc12,1,ChEMBL_pos
O=c1ccoc2ccc(OCc3ccc(Cl)cc3)cc12,1,ChEMBL_pos
O=c1ccoc2ccc(OCc3ccc(F)cc3)cc12,1,ChEMBL_pos
O=c1ccoc2ccc(OCc3cccc(Br)c3)cc12,1,ChEMBL_pos
O=c1ccoc2ccc(OCc3cccc(Cl)c3)cc12,1,ChEMBL_pos
OC(CCc1ccccc1)CN1CCC2(CCc3cc(F)ccc3O2)CC1,1,ChEMBL_pos
OC(COc1cccc2c1nc(C(F)F)n2-c1nc(N2CCOCC2)nc(N2CCOCC2)n1)CN1CCOCC1,1,ChEMBL_pos
OC(c1ccc(F)cc1)C1CCN(CCCCc2ccccc2)CC1,1,ChEMBL_pos
OC(c1ccc(F)cc1)C1CCN(CCc2ccc(F)cc2)CC1,1,ChEMBL_pos
OC(c1ccc(F)cc1)C1CCN(CCc2ccc(I)cc2)CC1,1,ChEMBL_pos
OC(c1ccc(F)cc1)C1CCN(CCc2cccc(I)c2)CC1,1,ChEMBL_pos
OC(c1ccc(F)cc1)C1CCN(CCc2ccccc2I)CC1,1,ChEMBL_pos
OC(c1ccccc1)C1CCN(CCc2ccccc2)CC1,1,ChEMBL_pos
OC1(CN2CCC(COc3noc4cccc(OC5CCOC5)c34)CC2)CCOCC1,1,ChEMBL_pos
OC1(CN2CCC(COc3noc4cccc(OC5CCOCC5)c34)CC2)CCOCC1,1,ChEMBL_pos
OC1(c2ccc(Cl)cc2)CC2CCC(C1)N2CCCSc1ccc(F)cc1,1,ChEMBL_pos
OC1(c2ccc(Cl)cc2)CCN(CCCCc2ccc(F)cc2)CC1,1,ChEMBL_pos
OC1(c2ccc(Cl)cc2)CCN(CCCOc2ccc(F)cc2)CC1,1,ChEMBL_pos
OC1(c2ccc(Cl)cc2)CCN(CCCSc2ccc(F)cc2)CC1,1,ChEMBL_pos
OC1(c2ccc(Cl)cc2)CCN(Cc2c[nH]c3ccccc23)CC1,1,ChEMBL_pos
OC1CCC(Oc2cccc3onc(OCC4CCN(CC5(O)CCOCC5)CC4)c23)C1,1,ChEMBL_pos
OC1CCNCC1c1c(-c2ccccc2)[nH]c2ccccc12,1,ChEMBL_pos
OC1CCc2c(c3ccccc3n2CCCN2CCN(c3ccccc3)CC2)C1,1,ChEMBL_pos
OC1c2ccccc2CCC12CCN(CCc1ccccc1)CC2,1,ChEMBL_pos
OCC(O)COc1cccc2c1nc(C(F)F)n2-c1nc(N2CCOCC2)nc(N2CCOCC2)n1,1,ChEMBL_pos
OCCCOc1cccc2c1nc(C(F)F)n2-c1nc(N2CCOCC2)nc(N2CCOCC2)n1,1,ChEMBL_pos
OCCN1CCN(CC2CC3c4ccccc4Cc4ccccc4C3O2)CC1,1,ChEMBL_pos
OCCN1CCN(CCCN2c3ccccc3Sc3ccc(C(F)(F)F)cc32)CC1,1,ChEMBL_pos
OCCNc1cc(N2CCc3ccccc3C2)nc2ccccc12,1,ChEMBL_pos
OCCNc1ccnc(N2CCc3ccccc3C2)c1,1,ChEMBL_pos
OCCOCCN1CCN(C2=Nc3ccccc3Sc3ccccc32)CC1,1,ChEMBL_pos
OCCOc1cccc2c1nc(C(F)F)n2-c1nc(N2CCOCC2)nc(N2CCOCC2)n1,1,ChEMBL_pos
OCc1cc2cc(OCCCCN3CCN(c4cccc(Cl)c4Cl)CC3)ccn2n1,1,ChEMBL_pos
ON=Cc1cc2cc(OCCCCN3CCN(c4cccc(Cl)c4Cl)CC3)ccn2n1,1,ChEMBL_pos
ON=Cc1cnn2ccc(OCCCCN3CCN(c4cccc(Cl)c4Cl)CC3)cc12,1,ChEMBL_pos
Oc1cc(O)c2c(c1)OC(c1cc(O)c(O)c(O)c1)C(O)C2,1,ChEMBL_pos
Oc1cc(O)c2c(c1)OC(c1ccc(O)c(O)c1)C(O)C2,1,ChEMBL_pos
Oc1cc2c(c(-c3ccc(Cl)cc3)c1O)CCNCC2c1ccccc1,1,ChEMBL_pos
Oc1cc2c(c(-c3ccc(F)cc3)c1O)CCNCC2c1ccccc1,1,ChEMBL_pos
Oc1cc2c(c(-c3ccc4ccccc4c3)c1O)CCNCC2c1ccccc1,1,ChEMBL_pos
Oc1cc2c(c(-c3ccccc3)c1O)CCNCC2c1ccccc1,1,ChEMBL_pos
Oc1cc2c(c(Br)c1O)CCNCC2c1ccccc1,1,ChEMBL_pos
Oc1cc2c(c(Cl)c1O)CCNCC2c1ccccc1,1,ChEMBL_pos
Oc1cc2c(cc1Br)CCNCC2c1ccccc1,1,ChEMBL_pos
Oc1cc2c(cc1Cl)CCNCC2c1ccccc1,1,ChEMBL_pos
Oc1cc2c(cc1O)C(c1ccccc1)CNCC2,1,ChEMBL_pos
Oc1cc2c(cc1O)C1c3cc4c(nc3CNC1CC2)CCCC4,1,ChEMBL_pos
Oc1cc2c(cc1O)C1c3ccc(F)nc3CNC1CC2,1,ChEMBL_pos
Oc1cc2c(cc1O)C1c3ccccc3CNC1CC2,1,ChEMBL_pos
Oc1cc2c(cc1O)C1c3ccccc3CNC1CO2,1,ChEMBL_pos
Oc1cc2c(cc1O)C1c3cccnc3CNC1CC2,1,ChEMBL_pos
Oc1cc2c(cc1O)C1c3ccncc3CNC1CC2,1,ChEMBL_pos
Oc1cc2c(cc1O)C1c3cncc(F)c3CNC1CC2,1,ChEMBL_pos
Oc1ccc(-c2ccc3c(-c4ccc(N5CCNCC5)cc4)n[nH]c3n2)cc1,1,ChEMBL_pos
Oc1ccc(C(O)CCN2CCC(Cc3ccccc3)CC2)cc1,1,ChEMBL_pos
Oc1ccc(C2=CCCC(CN3CC=C(c4ccccc4)CC3)C2)cc1,1,ChEMBL_pos
Oc1ccc(C2=CCN(CC3CCC=C(c4ccc(O)cc4)C3)CC2)cc1,1,ChEMBL_pos
Oc1ccc(C2=CCN(CC3CCC=C(c4ccccc4)C3)CC2)cc1,1,ChEMBL_pos
Oc1ccc(C2CC(c3c4ccccc4cc4ccccc34)=NN2)c(O)c1,1,ChEMBL_pos
Oc1ccc(C2CC(c3c4ccccc4cc4ccccc34)=NN2)cc1,1,ChEMBL_pos
Oc1ccc(C2CC2CN2CCN(c3ccc(Cl)cc3Cl)CC2)cc1,1,ChEMBL_pos
Oc1ccc(C2CNC3CCc4cc(O)c(O)cc4C3C2)cc1,1,ChEMBL_pos
Oc1ccc(C2CNCCc3c2cc(O)c(O)c3Cl)cc1,1,ChEMBL_pos
Oc1ccc(C=Cc2cc(O)cc(O)c2)cc1,1,ChEMBL_pos
Oc1ccc(C=NNc2nc3ccccc3nc2Cc2ccccc2)cc1,1,ChEMBL_pos
Oc1ccc(CC(O)CN2CCC(Cc3ccccc3)CC2)cc1,1,ChEMBL_pos
Oc1ccc(CC(O)CN2CCC(O)(Cc3ccc(Br)cc3)CC2)cc1,1,ChEMBL_pos
Oc1ccc(CC(O)CN2CCC(O)(Cc3ccc(Cl)cc3)CC2)cc1,1,ChEMBL_pos
Oc1ccc(CC(O)CN2CCC(O)(Cc3ccccc3)CC2)cc1,1,ChEMBL_pos
Oc1ccc(CC2(O)COc3c(ccc(O)c3O)C2O)cc1O,1,ChEMBL_pos
Oc1ccc(OCCNCCCOc2ccccc2)cc1,1,ChEMBL_pos
Oc1ccc2c(CCC3CCN(Cc4ccccc4)CC3)noc2c1,1,ChEMBL_pos
Oc1ccc2c(c1)C(c1ccccc1)CNCC2,1,ChEMBL_pos
Oc1ccc2c(c1)CCCNCCc1ccccc1C2,1,ChEMBL_pos
Oc1ccc2c(c1)CCN1Cc3ccccc3CC21,1,ChEMBL_pos
Oc1ccc2c(c1)OC(CNCc1ccccc1I)CC2,1,ChEMBL_pos
Oc1ccc2c(c1O)CC(c1ccccc1)C1CCNCC21,1,ChEMBL_pos
Oc1cccc(-c2nc(N3CCOCC3)c3oc4ncccc4c3n2)c1,1,ChEMBL_pos
Oc1cccc(N2CCN(Cc3ccccc3)CC2)c1,1,ChEMBL_pos
Oc1cccc(OCCNCc2ccccc2)c1,1,ChEMBL_pos
Oc1cccc2[nH]cc(CCN3CCCC3)c12,1,ChEMBL_pos
Oc1ccccc1C1CC(c2c3ccccc3cc3ccccc23)=NN1,1,ChEMBL_pos
Oc1nc2c(F)c(F)c(F)c(F)c2nc1O,1,ChEMBL_pos
Oc1nc2c(N3CCN(Cc4ccccc4)CC3)cccc2[nH]1,1,ChEMBL_pos
Oc1nc2c(OCCNCc3ccccc3)cc(Cl)cc2[nH]1,1,ChEMBL_pos
Oc1nc2c(OCCNCc3ccccc3)cccc2[nH]1,1,ChEMBL_pos
Oc1nc2cc(Cl)c(Cl)c(Cl)c2nc1O,1,ChEMBL_pos
Oc1nc2cc(Cl)c(Cl)cc2n2cnnc12,1,ChEMBL_pos
Oc1nc2cc(Cl)c(Cl)cc2nc1O,1,ChEMBL_pos
Oc1nc2cc(Cl)cc(Cl)c2nc1O,1,ChEMBL_pos
Oc1nc2cc(Cl)cnc2c(O)c1-c1cccc(Oc2ccccc2)c1,1,ChEMBL_pos
Oc1nc2cc(Cl)cnc2c(O)c1Oc1cccc(-c2ccccc2)c1,1,ChEMBL_pos
Oc1nc2cc(F)c(Cl)c(F)c2nc1O,1,ChEMBL_pos
S=C(SSC(=S)C1CCCCC1)C1CCCCC1,1,ChEMBL_pos
S=c1[nH]c2ccc(OCCN3CCN(c4ccccc4Cl)CC3)cc2[nH]1,1,ChEMBL_pos
Sc1nc2c(OCCNCc3ccccc3)cc(Cl)cc2[nH]1,1,ChEMBL_pos
Sc1nc2c(OCCNCc3ccccc3)cccc2[nH]1,1,ChEMBL_pos
Nc1nc2cc(-c3ccc(Cl)c(C(=O)NCC(F)(F)C(O)c4ccc(F)cc4)c3F)ccn2n1,1,ChEMBL_pos
CC(C)(C)c1cccc(C2C3CN(C(=O)C4CC5(COC(=O)N5)C4)CC32)c1,1,ChEMBL_pos
[O-][S+](c1ccc(C=Cc2ccc(F)cc2)nc1)c1ccccc1F,1,ChEMBL_pos
[O-][S+](c1ccc(C=Cc2ccc(F)cc2F)nc1)c1ccccc1F,1,ChEMBL_pos
[O-][S+](c1ccccc1)c1ccc(C=Cc2ccc(F)cc2)nc1,1,ChEMBL_pos
[O-][S+](c1ccccc1)c1ccc(C=Cc2ccc(F)cc2F)nc1,1,ChEMBL_pos
c1cc2c3c(c1)c1c(n3CCNC2)CCC1,1,ChEMBL_pos
c1cc2c3c(c1)c1c(n3CCNC2)CCCCC1,1,ChEMBL_pos
c1cc2c3c(c1)c1c(n3CCNC2)CCCCCC1,1,ChEMBL_pos
c1cc2c3c(c1)c1c(n3CCO2)CCNCC1,1,ChEMBL_pos
c1cc2c3c(ccc2o1)CCNCC3,1,ChEMBL_pos
c1cc2ccc3c(c2o1)CCNCC3,1,ChEMBL_pos
c1ccc(-c2[nH]c3ccccc3c2C2CC3CCC(C2)N3)cc1,1,ChEMBL_pos
c1ccc(-c2[nH]c3ccccc3c2C2CCCNC2)cc1,1,ChEMBL_pos
c1ccc(-c2[nH]c3ccccc3c2C2CCNCC2)cc1,1,ChEMBL_pos
c1ccc(-c2[nH]c3ccccc3c2C2CNCCO2)cc1,1,ChEMBL_pos
c1ccc(-c2[nH]c3ccccc3c2CCN2CCC2)cc1,1,ChEMBL_pos
c1ccc(-c2[nH]c3ccccc3c2CCN2CCCC2)cc1,1,ChEMBL_pos
c1ccc(-c2[nH]c3ccccc3c2CCN2CCCCC2)cc1,1,ChEMBL_pos
c1ccc(-c2cc(CCCCN3CCN(C(c4ccccc4)c4ccccc4)CC3)on2)cc1,1,ChEMBL_pos
c1ccc(-c2ccc(COc3ccc4c(c3)CCC(CCN3CCCCC3)C4)cc2)cc1,1,ChEMBL_pos
c1ccc(-c2n[nH]c3c2oc2ccccc23)cc1,1,ChEMBL_pos
c1ccc(C(c2ccccc2)N2CCN(CCCCc3cc(-c4cccs4)no3)CC2)cc1,1,ChEMBL_pos
c1ccc(C2(N3CCCCC3)CCCCC2)cc1,1,ChEMBL_pos
c1ccc(C2CC(c3c4ccccc4cc4ccccc34)=NN2)cc1,1,ChEMBL_pos
c1ccc(C2CC(c3c4ccccc4cc4ccccc34)=NN2)nc1,1,ChEMBL_pos
c1ccc(C2CC2CN2CCN(c3ccccc3)CC2)cc1,1,ChEMBL_pos
c1ccc(C2CC2CN2CCN(c3ccccn3)CC2)cc1,1,ChEMBL_pos
c1ccc(C2CC2CN2CCN(c3ncccn3)CC2)cc1,1,ChEMBL_pos
c1ccc(C2CCN(CC3CC4c5ccccc5Sc5ccccc5C4O3)CC2)cc1,1,ChEMBL_pos
c1ccc(CCCNCCCOc2ccccc2)cc1,1,ChEMBL_pos
c1ccc(CCCOCC2CCN(Cc3ccccc3)CC2)cc1,1,ChEMBL_pos
c1ccc(CCN2C3CCC2CC(N2CCC(c4c(-c5ccccc5)[nH]c5ccccc45)CC2)C3)cc1,1,ChEMBL_pos
c1ccc(CCN2C3CCC2CC(c2c(-c4ccccc4)[nH]c4ccccc24)C3)cc1,1,ChEMBL_pos
c1ccc(CCN2CCC(c3c(-c4ccccc4)[nH]c4ccccc34)CC2)cc1,1,ChEMBL_pos
c1ccc(CCN2CCC3(CCc4ccccc4O3)CC2)cc1,1,ChEMBL_pos
c1ccc(CCN2CCCC(c3c(-c4ccccc4)[nH]c4ccccc34)C2)cc1,1,ChEMBL_pos
c1ccc(CN2CCC(CCCc3noc4ccccc34)CC2)cc1,1,ChEMBL_pos
c1ccc(CN2CCC(CCN=c3cc4c(n[nH]3)-c3ccccc3C4)CC2)cc1,1,ChEMBL_pos
c1ccc(CN2CCC(CCNc3cc4c(nn3)-c3ccccc3CC4)CC2)cc1,1,ChEMBL_pos
c1ccc(CN2CCC(CCNc3cc4c(nn3)-c3ccccc3CCC4)CC2)cc1,1,ChEMBL_pos
c1ccc(CN2CCC(CCNc3cc4ccc5ccccc5c4nn3)CC2)cc1,1,ChEMBL_pos
c1ccc(CN2CCC(CCNc3ccc(-c4ccccc4)nn3)CC2)cc1,1,ChEMBL_pos
c1ccc(CN2CCC(CCNc3noc4ccccc34)CC2)cc1,1,ChEMBL_pos
c1ccc(CN2CCC(CCOc3ccc(-c4ccccc4)nn3)CC2)cc1,1,ChEMBL_pos
c1ccc(CN2CCC(CCSc3ccc(-c4ccccc4)nn3)CC2)cc1,1,ChEMBL_pos
c1ccc(CN2CCC(CCc3n[nH]c4ccccc34)CC2)cc1,1,ChEMBL_pos
c1ccc(CN2CCC(CCc3nccc4ccccc34)CC2)cc1,1,ChEMBL_pos
c1ccc(CN2CCC(CCc3ncnc4ccccc34)CC2)cc1,1,ChEMBL_pos
c1ccc(CN2CCC(CCc3noc4cc(N5CCOCC5)ccc34)CC2)cc1,1,ChEMBL_pos
c1ccc(CN2CCC(CCc3noc4ccccc34)CC2)cc1,1,ChEMBL_pos
c1ccc(CN2CCC(CCc3nsc4ccccc34)CC2)cc1,1,ChEMBL_pos
c1ccc(CN2CCC(CNc3noc4ccccc34)CC2)cc1,1,ChEMBL_pos
c1ccc(CN2CCC(c3c(-c4ccccc4)[nH]c4ccccc34)CC2)cc1,1,ChEMBL_pos
c1ccc(CN2CCC(c3cc(-c4ccccc4)[nH]n3)CC2)cc1,1,ChEMBL_pos
c1ccc(CN2CCC(n3cc(-c4ccccc4)nn3)CC2)cc1,1,ChEMBL_pos
c1ccc(CN2CCC(n3cccc3-c3cnco3)CC2)cc1,1,ChEMBL_pos
c1ccc(CN2CCC(n3cnc(-c4ccccc4)c3)CC2)cc1,1,ChEMBL_pos
c1ccc(CN2CCC(n3nccc3-c3ccccc3)CC2)cc1,1,ChEMBL_pos
c1ccc(CN2CCCC(c3c(-c4ccccc4)[nH]c4ccccc34)C2)cc1,1,ChEMBL_pos
c1ccc(CN2CCN(c3cccc4[nH]ccc34)CC2)cc1,1,ChEMBL_pos
c1ccc(CN2CCN(c3cccc4[nH]cnc34)CC2)cc1,1,ChEMBL_pos
c1ccc(CNCC2c3ccccc3Cc3ccccc32)cc1,1,ChEMBL_pos
c1ccc(CNCCOc2cccc3[nH]ccc23)cc1,1,ChEMBL_pos
c1ccc(CNCCOc2cccc3[nH]cnc23)cc1,1,ChEMBL_pos
c1ccc(CNCCOc2cccc3[nH]ncc23)cc1,1,ChEMBL_pos
c1ccc(CNc2ccnc(N3CCc4ccccc4C3)c2)cc1,1,ChEMBL_pos
c1ccc(Cc2ccccc2OCCCN2CCCC2)cc1,1,ChEMBL_pos
c1ccc(Cc2ccccc2OCCN2CCCC2)cc1,1,ChEMBL_pos
c1ccc(Cc2ccccc2OCCN2CCCCC2)cc1,1,ChEMBL_pos
c1ccc(Cc2ccccc2OCCN2CCOCC2)cc1,1,ChEMBL_pos
c1ccc(Cc2cnc(N3CCN(c4ncnc5ccccc45)CC3)nc2)cc1,1,ChEMBL_pos
c1ccc(Cc2nc3ccccc3n3c(-c4ccccc4)nnc23)cc1,1,ChEMBL_pos
c1ccc(Cc2nc3ccccc3n3cnnc23)cc1,1,ChEMBL_pos
c1ccc(N2CCN(C3CCC(Nc4ncccn4)CC3)CC2)cc1,1,ChEMBL_pos
c1ccc(N2CCN(CC3CCC(Nc4ncccn4)CC3)CC2)cc1,1,ChEMBL_pos
c1ccc(N2CCN(CCC3CCC(Nc4ncccn4)CC3)CC2)cc1,1,ChEMBL_pos
c1ccc(N2CCN(CCC3CCC(Nc4ncccn4)CC3)CC2)nc1,1,ChEMBL_pos
c1ccc(N2CCN(CCC3CCC(Nc4ncnc5ccccc45)CC3)CC2)cc1,1,ChEMBL_pos
c1ccc(N2CCN(CCCC3CCC(Nc4ncccn4)CC3)CC2)cc1,1,ChEMBL_pos
c1ccc(N2CCN(CCCCCNC3=Nc4ccccc4OC3)CC2)cc1,1,ChEMBL_pos
c1ccc(N2CCN(CCCCCNC3=Nc4ccccc4OC3)CC2)nc1,1,ChEMBL_pos
c1ccc(N2CCN(CCCOc3ccc(-c4nc5ccccc5[nH]4)cc3)CC2)cc1,1,ChEMBL_pos
c1ccc(N2CCN(CCCOc3ccc(-c4nc5ccccc5[nH]4)cc3)CC2)nc1,1,ChEMBL_pos
c1ccc(N2CCc3ccccc3C2)nc1,1,ChEMBL_pos
c1ccc(OCCCNCCOc2ccccc2)cc1,1,ChEMBL_pos
c1ccc2c(N3CCNCC3)cccc2c1,1,ChEMBL_pos
c1ccc2c(NCCCCCCCNc3c4c(nc5ccccc35)CCCC4)c3c(nc2c1)CCCC3,1,ChEMBL_pos
c1ccc2c(c1)CC1CCNCCN21,1,ChEMBL_pos
c1ccc2c(c1)CC1NC2c2ccccc21,1,ChEMBL_pos
c1ccc2c(c1)CCN(CC1CC1)CCc1c([nH]c3ccccc13)C2,1,ChEMBL_pos
c1ccc2c(c1)CCc1ccccc1C21CCNC1,1,ChEMBL_pos
c1ccc2c(c1)Cc1cccc3c1C2CNC3,1,ChEMBL_pos
c1ccc2c(c1)Cc1ccccc1C1OC(CN3CCOCC3)CC21,1,ChEMBL_pos
c1ccc2c(c1)Cc1ccccc1C21CCCNC1,1,ChEMBL_pos
c1ccc2c(c1)Cc1ccccc1C21CCNC1,1,ChEMBL_pos
c1ccc2c(c1)Nc1ccccc1S2,1,ChEMBL_pos
c1ccc2c(c1)cc1n2CCNC1,1,ChEMBL_pos
c1ccc2c(c1)cc1n2CCNCC1,1,ChEMBL_pos
c1ccc2c3c([nH]c2c1)CCNCC3,1,ChEMBL_pos
c1ccc2sc(SSc3nc4ccccc4s3)nc2c1,1,ChEMBL_pos
c1cn(Cc2ccc3c(c2)-c2[nH]nc(-c4ccsc4)c2C3)cn1,1,ChEMBL_pos
c1cnc(N2CCN(CCCOc3ccc(-c4nc5ccccc5[nH]4)cc3)CC2)nc1,1,ChEMBL_pos
c1cnc(N2CCN(Cc3cccc(-c4ccsc4)c3)CC2)nc1,1,ChEMBL_pos
c1cnc(NC2CCC(CCN3CCN(c4cccnc4)CC3)CC2)nc1,1,ChEMBL_pos
c1cnc(NC2CCC(CCN3CCN(c4cnccn4)CC3)CC2)nc1,1,ChEMBL_pos
c1cnc(NC2CCC(CCN3CCN(c4ncccn4)CC3)CC2)nc1,1,ChEMBL_pos
c1cnc(NC2CCC(CCN3CCN(c4nccs4)CC3)CC2)nc1,1,ChEMBL_pos
c1cnc(NC2CCC(CCN3CCc4ccccc4C3)CC2)nc1,1,ChEMBL_pos
Brc1ccc(N2CCc3ccccc3C2)nc1,0,ChEMBL_neg
Brc1cccc(N2CCc3ccccc3C2)n1,0,ChEMBL_neg
C#CC(C)(C)OC[n+]1ccn(C)c1C=NO,0,ChEMBL_neg
C#CC(C)C(C)OC[n+]1ccn(C)c1C=NO,0,ChEMBL_neg
C#CC(C)NC1CCc2ccc(SC(=O)N(C)C)cc21,0,ChEMBL_neg
C#CC(C)NCCc1cccc(OC(=O)N(C)CC)c1,0,ChEMBL_neg
C#CC(C)OC[n+]1ccn(C)c1C=NO,0,ChEMBL_neg
C#CC(CC)OC[n+]1ccn(C)c1C=NO,0,ChEMBL_neg
C#CC(CCC)OC[n+]1ccn(C)c1C=NO,0,ChEMBL_neg
C#CC1(O)CCC2C3CCC4=Cc5oncc5CC4(C)C3CCC21C,0,ChEMBL_neg
C#CC1(OC(C)=O)CCC2C3CCC4=CC(OC(C)=O)CCC4C3CCC21C,0,ChEMBL_neg
C#CC1(OC[n+]2ccn(C)c2C=NO)CCCC1,0,ChEMBL_neg
C#CC1=CCC(N(CCC)CCCCNC(=O)c2ccc(-c3ccccc3)cc2)CC1,0,ChEMBL_neg
C#CC1=CCC(N(CCC)CCCCNC(=O)c2ccc(OCCCc3cn(CCCC)nn3)c(OC)c2)CO1,0,ChEMBL_neg
C#CC1CCCCC1OC[n+]1ccn(C)c1C=NO,0,ChEMBL_neg
C#CCC(C)OC[n+]1ccn(C)c1C=NO,0,ChEMBL_neg
C#CCC(CCC)OC[n+]1ccn(C)c1C=NO,0,ChEMBL_neg
C#CCC1CCCc2ccc(OC(=O)N(C)C)cc21,0,ChEMBL_neg
C#CCC1CCCc2ccc(OC(=O)N(C)CC)cc21,0,ChEMBL_neg
C#CCCCC[n+]1ccc(C=NO)cc1,0,ChEMBL_neg
C#CCCCC[n+]1ccccc1C=NO,0,ChEMBL_neg
C#CCCCC[n+]1ccn(C(C)(C)C)c1C=NO,0,ChEMBL_neg
C#CCCCC[n+]1ccn(C)c1C=NO,0,ChEMBL_neg
C#CCCCC[n+]1ccn(COC)c1C=NO,0,ChEMBL_neg
C#CCCCC[n+]1cn(C)c(C=NO)n1,0,ChEMBL_neg
C#CCCCOC[n+]1ccn(C)c1C=NO,0,ChEMBL_neg
C#CCCOC[n+]1ccc(C=NO)cc1,0,ChEMBL_neg
C#CCCOC[n+]1ccn(C(C)(C)C)c1C=NO,0,ChEMBL_neg
C#CCCOC[n+]1ccn(C)c1C,0,ChEMBL_neg
C#CCCOC[n+]1ccn(C)c1C=NO,0,ChEMBL_neg
C#CCN(C)C(C)Cc1cccc(OC(=O)N(C)C)c1,0,ChEMBL_neg
C#CCN(C)C(C)Cc1cccc(OC(=O)N(C)C2CCCCC2)c1,0,ChEMBL_neg
C#CCN(C)C(C)Cc1cccc(OC(=O)N(C)CC)c1,0,ChEMBL_neg
C#CCN(C)C(C)Cc1cccc(OC(=O)N(C)CCC)c1,0,ChEMBL_neg
C#CCN(C)C(C)Cc1cccc(OC(=O)N(C)CCCCCC)c1,0,ChEMBL_neg
C#CCN(C)C1CCc2c(OC(=O)N(C)CC)cccc21,0,ChEMBL_neg
C#CCN(C)C1CCc2ccc(OC(=O)N(C)C)cc21,0,ChEMBL_neg
C#CCN(C)C1CCc2ccc(OC(=O)N(C)CC)cc21,0,ChEMBL_neg
C#CCN(C)C1CCc2cccc(OC(=O)N(C)C)c21,0,ChEMBL_neg
C#CCN(C)C1CCc2cccc(OC(=O)N(C)CC)c21,0,ChEMBL_neg
C#CCN(C)C1CCc2ccccc21,0,ChEMBL_neg
C#CCN(C)CCc1cccc(OC(=O)N(C)CC)c1,0,ChEMBL_neg
C#CCN(CC)C1CCc2ccc(OC(=O)N(C)C)cc21,0,ChEMBL_neg
C#CCN1C(=O)C(=NNC(=O)Nc2ccc(S(C)(=O)=O)cc2)c2ccccc21,0,ChEMBL_neg
C#CCN1CCCC(c2cccc(C#N)c2)C1,0,ChEMBL_neg
C#CCN1CCN(Cc2ccnc3c(O)cccc23)CC1,0,ChEMBL_neg
C#CCNC(C)Cc1cccc(OC(=O)N(C)C2CCCCC2)c1,0,ChEMBL_neg
C#CCNC(C)Cc1cccc(OC(=O)N(C)CC)c1,0,ChEMBL_neg
C#CCNC(C)Cc1cccc(OC(=O)N(C)CCC)c1,0,ChEMBL_neg
C#CCNC(C)Cc1cccc(OC(=O)N(C)CCCC)c1,0,ChEMBL_neg
C#CCNC1CCc2c(Cl)cc(OC(=O)N(C)CC)cc21,0,ChEMBL_neg
C#CCNC1CCc2c(Cl)cc(OC(=O)N(C)CCC)cc21,0,ChEMBL_neg
C#CCNC1CCc2c(OC(=O)N(C)CC)cccc21,0,ChEMBL_neg
C#CCNC1CCc2cc(Cl)c(OC(=O)N(C)CCC)cc21,0,ChEMBL_neg
C#CCNC1CCc2ccc(O)cc21,0,ChEMBL_neg
C#CCNC1CCc2ccc(OC(=O)N(C)C)cc21,0,ChEMBL_neg
C#CCNC1CCc2ccc(OC(=O)N(C)C)cc2C1,0,ChEMBL_neg
C#CCNC1CCc2ccc(OC(=O)N(C)C3CCCCC3)cc21,0,ChEMBL_neg
C#CCNC1CCc2ccc(OC(=O)N(C)CC)cc21,0,ChEMBL_neg
C#CCNC1CCc2ccc(OC(=O)N(C)CC)cc2C1,0,ChEMBL_neg
C#CCNC1CCc2ccc(OC(=O)N(C)CCC)cc21,0,ChEMBL_neg
C#CCNC1CCc2ccc(OC(=O)N(C)CCCC)cc21,0,ChEMBL_neg
C#CCNC1CCc2ccc(OC(=O)N(C)CCCCCC)cc21,0,ChEMBL_neg
C#CCNC1CCc2ccc(OC(=O)N(C)Cc3ccccc3)cc21,0,ChEMBL_neg
C#CCNC1CCc2ccc(OC(=O)N(CC)C3CCCCC3)cc21,0,ChEMBL_neg
C#CCNC1CCc2ccc(OC(=O)N(CC)CCCC)cc21,0,ChEMBL_neg
C#CCNC1CCc2ccc(OC(=O)NCC)cc21,0,ChEMBL_neg
C#CCNC1CCc2ccc(OC(=O)NCCC)cc21,0,ChEMBL_neg
C#CCNC1CCc2cccc(OC(=O)N(C)C)c21,0,ChEMBL_neg
C#CCNC1CCc2cccc(OC(=O)N(C)CC)c21,0,ChEMBL_neg
C#CCNC1CCc2cccc(OC(=O)N(C)CCC)c21,0,ChEMBL_neg
C#CCNC1c2ccccc2CC1F,0,ChEMBL_neg
C#CCNCCc1cccc(OC(=O)N(C)CC)c1,0,ChEMBL_neg
C#CCNCCc1cccc(OC(=O)N(C)CCC)c1,0,ChEMBL_neg
C#CCNCc1ccnc2c(O)cccc12,0,ChEMBL_neg
C#CCOC[n+]1ccn(C)c1C=NO,0,ChEMBL_neg
C#Cc1cc2c(c(C(F)(F)F)c1)C(=O)N1CCNCC21,0,ChEMBL_neg
C#Cc1cc2c(cc1N1CCN(C3COC3)CC1)C(C)(C)c1[nH]c3cc(C#N)ccc3c1C2=O,0,ChEMBL_neg
C#Cc1cccn1C1CCN(Cc2ccccc2)CC1,0,ChEMBL_neg
C(#Cc1ccccc1)COC1CCN(CCc2ccccc2)CC1,0,ChEMBL_neg
C(#Cc1cccn1C1CCN(Cc2ccccc2)CC1)c1ccccc1,0,ChEMBL_neg
C(=Cc1cc(CCCCN2CCN(c3ccccc3)CC2)on1)c1ccccc1,0,ChEMBL_neg
C1=C(c2nc3ccccc3[nH]2)CCN(Cc2ccccc2)C1,0,ChEMBL_neg
C1=CCN(CCCc2ccccc2)CC1,0,ChEMBL_neg
C1=CCN(CCc2ccccc2)CC1,0,ChEMBL_neg
C1=CCN(Cc2ccccc2)CC1,0,ChEMBL_neg
C=C(Br)COc1ccc2c(oc(=O)c3ccccc32)c1C,0,ChEMBL_neg
C=C(CNN)c1ccc(F)cc1,0,ChEMBL_neg
C=C(CNN)c1ccccc1,0,ChEMBL_neg
C=C(CNN)c1ccccc1C,0,ChEMBL_neg
C=C(c1ccccc1)c1cc(C(=O)NC(Cc2ccccc2)C(O)CNC2CC2)cc(N(C)S(C)(=O)=O)c1,0,ChEMBL_neg
C=CCCC(=O)N1CC(CCC=C)C1=O,0,ChEMBL_neg
C=CCCCC1CN(C(=O)CCC=C)C1=O,0,ChEMBL_neg
C=CCC[N+](C)(C)c1ccccc1O,0,ChEMBL_neg
C=CCN(CC=C)C(=O)c1cc(OCC(=O)NCCCCCN)cc(C(=O)NC(C)c2ccccc2)c1,0,ChEMBL_neg
C=CCN(Cc1cccc(CN(CC=C)C(=N)N)c1)C(=N)N,0,ChEMBL_neg
C=CCN1C(=O)NC(c2ccc(I)cc2)(c2ccc(I)cc2)C1=O,0,ChEMBL_neg
C=CCNC(=O)N1CC(C(C)OC(=O)CCCc2ccccc2)C1=O,0,ChEMBL_neg
C=CCNC(=O)N1CC(C(C)OC(=O)COCc2ccccc2)C1=O,0,ChEMBL_neg
C=CCNC(=S)N1CC(C(C)OC(=O)COCc2ccccc2)C1=O,0,ChEMBL_neg
C=CCNC(C)Cn1ccc2ccc3ncccc3c21,0,ChEMBL_neg
C=CCOC(=O)N1CC(C(C)OC(=O)CCCc2ccccc2)C1=O,0,ChEMBL_neg
C=CCOc1ccc(-c2ccc(-c3ccccc3)n2CC(=O)NC(=N)N)cc1,0,ChEMBL_neg
C=CC[N+](C)(C)c1ccc(OCC(=O)c2ccc(OC)c(OC)c2)cc1,0,ChEMBL_neg
C=CC[N+](C)(C)c1cccc(O)c1,0,ChEMBL_neg
C=CC[N+](C)(C)c1ccccc1O,0,ChEMBL_neg
CC#CC(C)(C)OC[n+]1ccn(C)c1C=NO,0,ChEMBL_neg
CC#CC(C)OC[n+]1ccn(C)c1C=NO,0,ChEMBL_neg
CC#CCCOC[n+]1ccn(C)c1C=NO,0,ChEMBL_neg
CC(=NNC(=O)Nc1ccc(S(C)(=O)=O)cc1)c1ccc(Cl)cc1,0,ChEMBL_neg
CC(=NNC(=O)Nc1ccc(S(C)(=O)=O)cc1)c1ccc(F)cc1,0,ChEMBL_neg
CC(=NNC(=O)Nc1ccc(S(C)(=O)=O)cc1)c1ccc([N+](=O)[O-])cc1,0,ChEMBL_neg
CC(=NO)c1cc(-c2ccc(O)c(F)c2)ccc1O,0,ChEMBL_neg
CC(=O)C(Sc1nc(-c2ccccc2)c(-c2ccccc2)[nH]1)c1ccccc1,0,ChEMBL_neg
CC(=O)COc1ccc2c(oc(=O)c3ccccc32)c1C,0,ChEMBL_neg
CC(=O)Cn1nnc(Cc2ccc(-c3ccccc3)cc2)n1,0,ChEMBL_neg
CC(=O)N1CCN(CC(C)(C)c2ccc(NC(=O)c3nc(C#N)c[nH]3)c(C3=CCC(C)(C)CC3)c2)CC1,0,ChEMBL_neg
CC(=O)NC(C(=O)NC(C)C(=O)NC(CC(C)C)C(O)CC(=O)NC(C(=O)NCc1cccc(C(=O)O)c1)C(C)C)C(C)C,0,ChEMBL_neg
CC(=O)NC(CCC(=O)O)C(=O)NC(Cc1ccccc1)C(O)CC(=O)NC(CC1CCCCC1)C(O)CC(=O)NC(C(=O)NCc1ccc(C(=O)O)cc1)C(C)C,0,ChEMBL_neg
CC(=O)NC(Cc1ccccc1)C(=O)NC(Cc1ccccc1)C(O)CC(=O)NC(CC1CCCCC1)C(O)CC(=O)NC(C(=O)NCc1ccc(C(=O)O)cc1)C(C)C,0,ChEMBL_neg
CC(=O)NC1c2cccc3c2-c2c1ccc1c2C(C3)N(C)CC1,0,ChEMBL_neg
CC(=O)NCC(=O)NC(Cc1ccccc1)C(O)CC(=O)NC(CC1CCCCC1)C(O)CC(=O)NC(C(=O)NCc1ccc(C(=O)O)cc1)C(C)C,0,ChEMBL_neg
CC(=O)NCC1CN(c2ccc(C3=CCS(=O)(=O)CC3)c(F)c2)C(=O)O1,0,ChEMBL_neg
CC(=O)Nc1ccc(C(=O)NC(Cc2ccccc2)C(O)CNC(C)C(=O)NC2CCCCC2)cc1,0,ChEMBL_neg
CC(=O)Nc1ccc(C=C2COc3ccccc3C2=O)cc1,0,ChEMBL_neg
CC(=O)Nc1ccc(OC(=O)C(C)c2ccc(Nc3ccnc(C(F)(F)F)c3)cc2)cc1,0,ChEMBL_neg
CC(=O)Nc1ccc(OC(=O)CNC(=O)C(C)c2ccc(Nc3ccnc(C(F)(F)F)c3)cc2)cc1,0,ChEMBL_neg
CC(=O)Nc1ccc(OC(=O)Cc2ccc(Nc3ccnc(C(F)(F)F)c3)cc2)cc1,0,ChEMBL_neg
CC(=O)Nc1ccc2c(c1)N1C(C)CNCC1C2,0,ChEMBL_neg
CC(=O)OC12C=C(C)C(C(C)C1)C1C(=O)N(CCCCN3CCN(Cc4ccccc4)CC3)C(=O)C12,0,ChEMBL_neg
CC(=O)OC12C=C(C)C(C(C)C1)C1C(=O)N(CCCCN3CCN(c4ncccn4)CC3)C(=O)C12,0,ChEMBL_neg
CC(=O)OC12C=C(C)C(C(C)C1)C1C(=O)N(OCCCN3CCN(c4ccccc4F)CC3)C(=O)C12,0,ChEMBL_neg
CC(=O)OC12C=C(C)C(C(C)C1)C1C(=O)N(OCCCN3CCN(c4ccccn4)CC3)C(=O)C12,0,ChEMBL_neg
CC(=O)OCCC(CC(O)C(Cc1ccccc1)NC(=O)CC(NC(=O)CC(C)C)C(=O)O)C(=O)NCC(C)C,0,ChEMBL_neg
CC(=O)c1c(O)cccc1OCc1ccc(Br)cc1,0,ChEMBL_neg
CC(=O)c1c(O)cccc1OCc1cccc(Br)c1,0,ChEMBL_neg
CC(=O)c1cc(OCc2ccc(Br)cc2)ccc1O,0,ChEMBL_neg
CC(=O)c1cc(OCc2cccc(Br)c2)ccc1O,0,ChEMBL_neg
CC(=O)c1cc2c(c(C(F)(F)F)c1)C(=O)N1CCNCC21,0,ChEMBL_neg
CC(=O)c1cc2cc(Br)ccc2oc1=O,0,ChEMBL_neg
CC(=O)c1cc2cc(Cl)cc(Br)c2oc1=O,0,ChEMBL_neg
CC(=O)c1cc2cccc(O)c2oc1=O,0,ChEMBL_neg
CC(=O)c1ccc(CC2SC(=N)NC2=O)cc1,0,ChEMBL_neg
CC(=O)c1ccc(OCc2ccc(Br)cc2)cc1O,0,ChEMBL_neg
CC(=O)c1ccc(OCc2cccc(Br)c2)cc1O,0,ChEMBL_neg
CC(=O)c1ccc(Oc2ccc(-c3ccc(-c4ccc(F)cc4)n3CC(=O)NC(=N)N)cc2)cc1,0,ChEMBL_neg
CC(=O)c1ccc(Oc2ccc(-c3ccc(-c4cccc(F)c4)n3CC(=O)NC(=N)N)cc2)cc1,0,ChEMBL_neg
CC(=O)c1cccc(NC(=O)NCCCN2CCCC(Cc3ccc(F)cc3)C2)c1,0,ChEMBL_neg
CC(=O)c1ccccc1-c1cc(C(=O)NC(C)c2ccccc2)cc(C(=O)NC(Cc2ccccc2)C(O)CNC2CCC2)c1,0,ChEMBL_neg
CC(=O)c1ccccc1-c1cc(C(=O)NC(CO)Cc2ccccc2)cc(C(=O)NC(C)c2ccccc2)c1,0,ChEMBL_neg
CC(=O)c1sc(NC(=O)NC2CN(C(C)=O)CCC2CN2CCCC(Cc3ccc(F)cc3)C2)nc1C,0,ChEMBL_neg
CC(=O)n1cc(C=C2CN(Cc3ccccc3)CCC2=O)c2ccccc21,0,ChEMBL_neg
CC(C)(C#Cc1c(F)cccc1CN1CCN(C(=O)OC(C(F)(F)F)C(F)(F)F)CC1)C(=O)O,0,ChEMBL_neg
CC(C)(C#Cc1cc(C(F)(F)F)ccc1CN1CCN(C(=O)OC(C(F)(F)F)C(F)(F)F)CC1)OC=O,0,ChEMBL_neg
CC(C)(C)C(=O)OCOC(=O)CCCNc1cc(C(F)(F)F)ccc1CN1CCN(C(=O)OC(C(F)(F)F)C(F)(F)F)CC1,0,ChEMBL_neg
CC(C)(C)CCN1CCC(CNC(=O)c2cc(Cl)cc(Cl)c2)C(F)C1,0,ChEMBL_neg
CC(C)(C)CNC1=NCCNC(c2ccccc2F)=C1,0,ChEMBL_neg
CC(C)(C)N1CCC(c2ccccc2)(c2ccccc2)CC1,0,ChEMBL_neg
CC(C)(C)NC1=NCCNC(c2ccc(C#N)cc2)=C1,0,ChEMBL_neg
CC(C)(C)OC(=O)CCCNc1cc(C(F)(F)F)ccc1CN1CCN(C(=O)OC(C(F)(F)F)C(F)(F)F)CC1,0,ChEMBL_neg
CC(C)(C)OC(=O)N1CCN(c2ccc(-c3ccccc3)cc2NC(=O)c2cc3ccccc3oc2=O)CC1,0,ChEMBL_neg
CC(C)(C)OC(=O)N1CCN(c2ccc(Br)cc2NC(=O)c2cc(=O)c3ccccc3o2)CC1,0,ChEMBL_neg
CC(C)(C)OC(=O)N1CCN(c2ccc(Br)cc2NC(=O)c2ccc3ccccc3n2)CC1,0,ChEMBL_neg
CC(C)(C)OC(=O)N1CCN(c2ccc(Br)cc2NC(=O)c2cccc3ccccc23)CC1,0,ChEMBL_neg
CC(C)(C)OC(=O)c1cn(CC2CN(c3ccc(C4=CCS(=O)(=O)CC4)c(F)c3)C(=O)O2)nn1,0,ChEMBL_neg
CC(C)(C)OC(=O)n1cc(C=C2CN(Cc3ccccc3)CCC2=O)c2ccccc21,0,ChEMBL_neg
CC(C)(C)c1cc(NC(=O)Nc2cccc(Oc3cccc4[nH]c(=O)[nH]c34)c2)n(-c2ccccc2)n1,0,ChEMBL_neg
CC(C)(C)c1ccc(C(O)CCCN2CCC(C(O)(c3ccccc3)c3ccccc3)CC2)cc1,0,ChEMBL_neg
CC(C)(C)c1ccc(S(=O)(=O)C=CC#N)cc1,0,ChEMBL_neg
CC(C)(C)c1ccccc1NC(=N)Nc1ccccc1C(C)(C)C,0,ChEMBL_neg
CC(C)(CCCN1CCC2CCCCC2C1)S(=O)(=O)c1ccccc1,0,ChEMBL_neg
CC(C)(CCCN1CCCC(c2ccccc2)C1)S(=O)(=O)c1ccccc1,0,ChEMBL_neg
CC(C)(O)c1ccc(-c2ccc(N3CC(Cn4ccnn4)OC3=O)cc2F)cn1,0,ChEMBL_neg
CC(C)=CCCC(C)=CCc1c(O)cc(O)c2c(=O)c3cccc(O)c3oc12,0,ChEMBL_neg
CC(C)=CCc1cc(O)c2c(=O)c3cccc(O)c3oc2c1O,0,ChEMBL_neg
CC(C)=CCc1cc(O)c2oc3c(O)cccc3c(=O)c2c1O,0,ChEMBL_neg
CC(C)C(=NO)c1cc(-c2ccc(O)c(F)c2)ccc1O,0,ChEMBL_neg
CC(C)C(=NO)c1cc(-c2ccc(O)cc2)ccc1O,0,ChEMBL_neg
CC(C)C(=O)c1cc(-c2nnc(C(C)(N)Cc3ccccc3)o2)cc(N(C)S(C)(=O)=O)c1,0,ChEMBL_neg
CC(C)C(NC(=O)CC(O)C(CC1CCCCC1)NC(=O)CC(O)C(Cc1ccccc1)NC(=O)C1CCCN1)C(=O)NCc1ccc(C(=O)O)cc1,0,ChEMBL_neg
CC(C)C(O)c1ccc(-c2ccc(N3CC(Cn4ccnn4)OC3=O)cc2F)cn1,0,ChEMBL_neg
CC(C)C12CC3CC(CC(N)(C3)C1)C2,0,ChEMBL_neg
CC(C)CC(=O)NC(C)C(=O)NC(Cc1ccccc1)C(O)CC(C)C(=O)NC(C(=O)NCc1ccncc1)C(C)C,0,ChEMBL_neg
CC(C)CC(NC(=O)C(CC(N)=O)NC(=O)C(C)NC(=O)C(N)CCC(=O)O)C(O)CC(=O)NC(C(=O)NC(C)C(=O)NC(CCC(=O)O)C(=O)NC(Cc1ccccc1)C(=O)O)C(C)C,0,ChEMBL_neg
CC(C)CC(NC(=O)C(CC(N)=O)NC(=O)C(N)C(C)C)C(O)CC(=O)NC(C(=O)NC(C)C(=O)NC(CCC(=O)O)C(=O)NC(Cc1ccccc1)C(=O)O)C(C)C,0,ChEMBL_neg
CC(C)CC(NC(=O)C(CC(N)=O)NC(=O)C(NC(=O)C(N)CCC(=O)O)C(C)C)C(O)CC(=O)NC(C(N)=O)C(C)C,0,ChEMBL_neg
CC(C)CC(NC(=O)C(CC(N)=O)NC(=O)OC(C)(C)C)C(O)CC(C)C(=O)NC(C(=O)NCc1ccccc1)C(C)C,0,ChEMBL_neg
CC(C)CC(NC(=O)C(CC(N)=O)NC(=O)OC(C)(C)C)C(O)CC(C)C(=O)NC(C)C(=O)NCc1ccccc1,0,ChEMBL_neg
CC(C)CC(NC(=O)C(CS(C)(=O)=O)NC(=O)OC(C)(C)C)C(O)CC(C)C(=O)NC(C(=O)NCc1ccccc1)C(C)C,0,ChEMBL_neg
CC(C)CC(NC(=O)C(NC(=O)OC(C)(C)C)C(N)=O)C(O)CC(C)C(=O)NC(C(=O)NCc1ccccc1)C(C)C,0,ChEMBL_neg
CC(C)CC(NC(=O)C(NC(=O)OC(C)(C)C)C(N)=O)C(O)CC(C)C(=O)NC(C)C(=O)NCc1ccccc1,0,ChEMBL_neg
CC(C)CC(NC(=O)C(O)c1cccc(Oc2ccccc2)c1)C(O)CC(=O)NC(C(=O)NC(C)C(=O)NC(CCC(=O)O)C(=O)NC(Cc1ccccc1)C(=O)O)C(C)C,0,ChEMBL_neg
CC(C)CC(NC(=O)C(O)c1cccc2ccccc12)C(O)CC(=O)NC(C(=O)NC(C)C(=O)NC(CCC(=O)O)C(=O)NC(Cc1ccccc1)C(=O)O)C(C)C,0,ChEMBL_neg
CC(C)CC(NC(=O)C(O)c1cccc2ccccc12)C(O)CC(=O)NC(C(=O)NC1CC(C(=O)O)CC(C(=O)O)C1)C(C)C,0,ChEMBL_neg
CC(C)CC(NC(=O)C(O)c1cccc2ccccc12)C(O)CC(=O)NC(C(=O)NCc1ccc(C(=O)O)cc1)C(C)C,0,ChEMBL_neg
CC(C)CC(NC(=O)C(O)c1ccccc1)C(O)CC(=O)NC(C(=O)NC(C)C(=O)NC(CCC(=O)O)C(=O)NC(Cc1ccccc1)C(=O)O)C(C)C,0,ChEMBL_neg
CC(C)CC(NC(=O)C(O)c1ccccc1Br)C(O)CC(=O)NC(C(=O)NC(C)C(=O)NC(CCC(=O)O)C(=O)NC(Cc1ccccc1)C(=O)O)C(C)C,0,ChEMBL_neg
CC(C)CC(NC(=O)C(O)c1ccccc1Br)C(O)CC(=O)NC(C(=O)NCc1ccc(C(=O)O)cc1)C(C)C,0,ChEMBL_neg
CC(C)CC(NC(=O)C(O)c1ccccc1OCc1ccccc1)C(O)CC(=O)NC(C(=O)NC(C)C(=O)NC(CCC(=O)O)C(=O)NC(Cc1ccccc1)C(=O)O)C(C)C,0,ChEMBL_neg
CC(C)CC(NC(=O)C(O)c1ccccc1Oc1ccccc1)C(O)CC(=O)NC(C(=O)NC(C)C(=O)NC(CCC(=O)O)C(=O)NC(Cc1ccccc1)C(=O)O)C(C)C,0,ChEMBL_neg
CC(C)CC(NC(=O)CCCOc1ccccc1)C(O)CC(=O)NC(C(=O)NC(C)C(=O)NC(CCC(=O)O)C(=O)NC(Cc1ccccc1)C(=O)O)C(C)C,0,ChEMBL_neg
CC(C)CC(NC(=O)Cc1ccc(-c2ccccc2)cc1)C(O)CC(=O)NC(C(=O)NC(C)C(=O)NC(CCC(=O)O)C(=O)NC(Cc1ccccc1)C(=O)O)C(C)C,0,ChEMBL_neg
CC(C)CC(NC(=O)Cc1ccc(F)cc1F)C(O)CC(=O)NC(C(=O)NC(C)C(=O)NC(CCC(=O)O)C(=O)NC(Cc1ccccc1)C(=O)O)C(C)C,0,ChEMBL_neg
CC(C)CC(NC(=O)Cc1cccc2ccccc12)C(O)CC(=O)NC(C(=O)NC(C)C(=O)NC(CCC(=O)O)C(=O)NC(Cc1ccccc1)C(=O)O)C(C)C,0,ChEMBL_neg
CC(C)CC(NC(=O)Cc1ccccc1)C(O)CC(=O)NC(C(=O)NC(C)C(=O)NC(CCC(=O)O)C(=O)NC(Cc1ccccc1)C(=O)O)C(C)C,0,ChEMBL_neg
CC(C)CC(NC(=O)c1ccc2ccccc2c1)C(O)CC(=O)NC(C(=O)NC(C)C(=O)NC(CCC(=O)O)C(=O)NC(Cc1ccccc1)C(=O)O)C(C)C,0,ChEMBL_neg
CC(C)CC(NCC(=O)C(CC(N)=O)NC(=O)OC(C)(C)C)C(O)CC(C)C(=O)NC(C(=O)NCc1ccccc1)C(C)C,0,ChEMBL_neg
CC(C)CC(NCC(=O)C(CC(N)=O)NC(=O)OC(C)(C)C)C(O)CC(C)C(=O)NC(C)C(=O)NCc1ccccc1,0,ChEMBL_neg
CC(C)CC(NCC(=O)C(CS(C)(=O)=O)NC(=O)OC(C)(C)C)C(O)CC(C)C(=O)NC(C(=O)NCc1ccccc1)C(C)C,0,ChEMBL_neg
CC(C)CCCCOc1nc2c(c(=O)n(C)c(=O)n2C)n1C,0,ChEMBL_neg
CC(C)CCOc1nc2c(c(=O)n(C)c(=O)n2C)n1C,0,ChEMBL_neg
CC(C)CCSc1nc2c(c(=O)n(C)c(=O)n2C)n1C,0,ChEMBL_neg
CC(C)CN(Cc1cccc(CN(CC(C)C)C(=N)N)c1)C(=N)N,0,ChEMBL_neg
CC(C)CN1C(=O)C(c2ccc(Br)cc2)(c2ccc(Br)cc2)NC1=S,0,ChEMBL_neg
CC(C)CN1C(=O)C(c2ccc(Cl)cc2)(c2ccc(Cl)cc2)NC1=S,0,ChEMBL_neg
CC(C)CNC(=O)C(CCC(=O)O)CC(O)C(Cc1ccccc1)NC(=O)CC(NC(=O)CC(C)C)C(=O)O,0,ChEMBL_neg
CC(C)CNC(=O)C(CCO)CC(O)C(Cc1ccccc1)NC(=O)CC(NC(=O)CC(C)C)C(=O)O,0,ChEMBL_neg
CC(C)CNC(=O)c1cc2ccc(OCc3ccccc3)cc2oc1=O,0,ChEMBL_neg
CC(C)Cc1ccc(C(=O)NC(CC(C)C)C(O)CC(=O)NC(C(=O)NC(C)C(=O)NC(CCC(=O)O)C(=O)NC(Cc2ccccc2)C(=O)O)C(C)C)cc1,0,ChEMBL_neg
CC(C)Cn1nnc(Cc2ccc(-c3ccccc3)cc2)n1,0,ChEMBL_neg
CC(C)Cn1nnnc1Cc1ccc(-c2ccccc2)cc1,0,ChEMBL_neg
CC(C)N(CCN1CC(=O)N(CCc2ccc(Cl)cc2Cl)CC1=O)C(C)C,0,ChEMBL_neg
CC(C)N(CCSC(=NO)C(=O)c1ccc(Cl)cc1)C(C)C,0,ChEMBL_neg
CC(C)N1C(=O)C(c2ccc(Br)cc2)(c2ccc(Br)cc2)NC1=S,0,ChEMBL_neg
CC(C)N1CC(C(=O)NC(Cc2cc(F)cc(F)c2)C(O)C2CC(OCc3ccccc3)CN2)CC1=O,0,ChEMBL_neg
CC(C)N1CCCCc2cccc(c2)CC(C)(N)C(=O)OCc2cc1nc(N(C)S(C)(=O)=O)c2,0,ChEMBL_neg
CC(C)N1CCN(c2ccc(OCC3COC(Cn4cncn4)(c4ccc(Cl)cc4Cl)O3)cc2)CC1,0,ChEMBL_neg
CC(C)N=C1CCc2c1n(C)c1ccccc21,0,ChEMBL_neg
CC(C)NC(=O)c1cc2ccc(OCc3ccccc3)cc2oc1=O,0,ChEMBL_neg
CC(C)NC1CCc2c(F)cccc2C1,0,ChEMBL_neg
CC(C)NNC(=O)c1ccncc1,0,ChEMBL_neg
CC(C)OC(=O)OC(C)OC(=O)CCCNc1cc(C(F)(F)F)ccc1CN1CCN(C(=O)OC(C(F)(F)F)C(F)(F)F)CC1,0,ChEMBL_neg
CC(C)OC[n+]1ccn(C)c1C=NO,0,ChEMBL_neg
CC(C)Oc1cc(CNC(=N)N)cc(CNC(=N)N)c1,0,ChEMBL_neg
CC(C)c1cc2c(c(C(F)(F)F)c1)C(=O)N1CCNCC21,0,ChEMBL_neg
CC(C)c1ccc(C(=O)C2CCN(C(=O)c3cc(O)ccc3C(F)(F)F)CC2)cc1,0,ChEMBL_neg
CC(C)c1ccc(C(=O)C2CCN(C(=O)c3cc(O)ccc3[N+](=O)[O-])CC2)cc1,0,ChEMBL_neg
CC(C)c1ccc(C(=O)C2CCN(C(=O)c3cncc(O)c3)CC2)cc1,0,ChEMBL_neg
CC(C)c1ccc(N2C(=O)C=CC2=O)cc1,0,ChEMBL_neg
CC(C)c1ccc(NC(=N)Nc2ccc(C(C)C)cc2)cc1,0,ChEMBL_neg
CC(C)c1ccc(NC(=O)Oc2ccc3c(c2)C2(C)CCN(C)C2N3)cc1,0,ChEMBL_neg
CC(C)c1ccc(NC(=O)Oc2ccc3c(c2)C2(C)CCN(C)C2N3Cc2ccccc2)cc1,0,ChEMBL_neg
CC(C)c1ccc(NC(=O)Oc2ccc3c(c2)C2(C)CCOC2N3C)cc1,0,ChEMBL_neg
CC(C)c1ccc(NC(=O)Oc2ccc3c(c2)C2(C)CCOC2O3)cc1,0,ChEMBL_neg
CC(C)c1ccc(NC(=O)Oc2ccc3c(c2)C2(C)COC(C2)O3)cc1,0,ChEMBL_neg
CC(C)c1ccc(NC(=O)c2cc3ccc(OCc4ccccc4)cc3oc2=O)cc1,0,ChEMBL_neg
CC(C)c1ccc(NC(=O)c2cc3ccccc3oc2=O)cc1,0,ChEMBL_neg
CC(C)c1ccccc1N1C(=O)C=CC1=O,0,ChEMBL_neg
CC(C)c1ccccc1N=C1SCC(C)(C)CN1Cc1ccccc1,0,ChEMBL_neg
CC(C)c1cn(CC2CN(c3ccc(C4=CCS(=O)(=O)CC4)c(F)c3)C(=O)O2)nn1,0,ChEMBL_neg
CC(CC(C)(C)C)OC[n+]1ccn(C)c1C=NO,0,ChEMBL_neg
CC(CC(O)C(Cc1ccccc1)NC(=O)C(C)NC(=O)C(CCN(C)C)NC(=O)OC(C)(C)C)C(=O)NC(C(=O)NCc1ccncc1)C(C)C,0,ChEMBL_neg
CC(CC(O)C(Cc1ccccc1)NC(=O)C(C)NC(=O)C(CN(C)C)NC(=O)OC(C)(C)C)C(=O)NC(C(=O)NCc1ccncc1)C(C)C,0,ChEMBL_neg
CC(CC(O)C(Cc1ccccc1)NC(=O)C(C)NC(=O)C(F)C(C)C)C(=O)NC(C(=O)NCc1ccncc1)C(C)C,0,ChEMBL_neg
CC(CC(O)C(Cc1ccccc1)NC(=O)C(COC(C)(C)C)NC(=O)C(O)C(C)C)C(=O)NC(C(=O)NCc1ccncc1)C(C)C,0,ChEMBL_neg
CC(CC(O)C(Cc1ccccc1)NC(=O)C(NC(=O)C(O)C(C)C)C(C)C)C(=O)NC(C(=O)NCc1ccncc1)C(C)C,0,ChEMBL_neg
CC(CC(O)C1CCCCCCC(N)C(=O)NC(C)C(=O)N1)C(=O)NC(C(=O)NCc1ccccc1)C(C)C,0,ChEMBL_neg
CC(CC(O)C1CCCCCCC(NC(=O)OC(C)(C)C)C(=O)NC(C)C(=O)N1)C(=O)NC(C(=O)NCc1ccncc1)C(C)C,0,ChEMBL_neg
CC(CN)n1ccc2ccc3ccccc3c21,0,ChEMBL_neg
CC(CN1CCCC1)N(C)CCc1ccc(Cl)c(Cl)c1,0,ChEMBL_neg
CC(CN1c2ccccc2Sc2ccccc21)N(C)C,0,ChEMBL_neg
CC(CO)NC(=O)C1C=C2c3cccc4[nH]cc(c34)CC2N(C)C1,0,ChEMBL_neg
CC(N)C(=O)OCC(C)(C)c1ccc(Cl)cc1,0,ChEMBL_neg
CC(N)CC(=O)NCC(=O)O,0,ChEMBL_neg
CC(N)Cc1ccccc1,0,ChEMBL_neg
CC(N)Cn1ccc2ccc3cnccc3c21,0,ChEMBL_neg
CC(N)c1ccc(S(=O)(=O)c2ccc(Cl)cc2S(=O)(=O)c2ccccc2F)cc1,0,ChEMBL_neg
CC(NC(=O)OCC(O)C(Cc1ccccc1)NC(=O)c1ccc(S(C)(=O)=O)cc1)C(=O)NC(CCC(=O)O)C(=O)NC(Cc1ccccc1)C(=O)O,0,ChEMBL_neg
CC(NC(=O)Oc1cccc2c1OCC1CCN(C)C21)c1ccccc1,0,ChEMBL_neg
CC(NC(=O)c1c(N)nn2ccccc12)c1cc2cccc(Cl)c2c(=O)n1-c1ccccc1,0,ChEMBL_neg
CC(NC(=O)c1c(N)nn2cccnc12)c1cc2cccc(C#Cc3cscn3)c2c(=O)n1-c1ccccc1,0,ChEMBL_neg
CC(NC(=O)c1c(N)nn2cccnc12)c1cc2cccc(C#N)c2c(=O)n1-c1ccccc1,0,ChEMBL_neg
CC(NC(=O)c1cc(C(=O)NC(CN)Cc2ccccc2)cc(N(C)S(C)(=O)=O)c1)c1ccc(F)cc1,0,ChEMBL_neg
CC(NC(=O)c1cc(C(=O)NC(CO)(CO)Cc2ccccc2)cc(N(C)S(C)(=O)=O)c1)c1ccc(F)cc1,0,ChEMBL_neg
CC(NC(=O)c1cc(C2=NC(CO)(Cc3ccccc3)CO2)cc(N(C)S(C)(=O)=O)c1)c1ccc(F)cc1,0,ChEMBL_neg
CC(NC(=O)c1cc(COCC(N)(CO)Cc2ccccc2)cc(N(C)S(C)(=O)=O)c1)c1ccc(F)cc1,0,ChEMBL_neg
CC(NC(=O)c1cc(OCC(=O)NCCCCCN)cc(-c2ccccc2C#N)c1)c1ccccc1,0,ChEMBL_neg
CC(NC(=O)c1cc(OCC(=O)NCCCCCN)cc(OS(=O)(=O)Cc2ccccc2)c1)c1ccc(F)cc1,0,ChEMBL_neg
CC(NC(=O)c1cc(OCC(=O)NCCCCCN)cc(OS(=O)(=O)Cc2ccccc2)c1)c1ccccc1,0,ChEMBL_neg
CC(NC(c1cc(-c2nnc(C(C)(N)Cc3ccc(F)cc3)o2)cc(N(C)S(C)(=O)=O)c1)C(F)(F)F)c1ccc(F)cc1,0,ChEMBL_neg
CC(NC1CC1c1ccccc1)c1ccc2c(c1)OCCO2,0,ChEMBL_neg
CC(NCC(Cc1ccccc1)NC(=O)c1cc(C(=O)NC(C)c2ccc(F)cc2)cc(N(C)S(C)(=O)=O)c1)C(=O)N1CCCC1C(=O)O,0,ChEMBL_neg
CC(NCC(O)C(Cc1ccccc1)NC(=O)c1cccc(N2CCCC2=O)c1)C(=O)NC1CCCCC1,0,ChEMBL_neg
CC(NCC(O)C(Cc1ccccc1)NC(=O)c1cccc(N2CCCS2(=O)=O)c1)C(=O)NC1CCCCC1,0,ChEMBL_neg
CC(NCC(O)C(Cc1ccccc1)NC(=O)c1cccc(S(C)(=O)=O)c1)C(=O)NC1CCCCC1,0,ChEMBL_neg
CC(NCC1CCN(CCc2c[nH]c3ccc(CC4COC(=O)N4)cc23)C1)c1ccccc1,0,ChEMBL_neg
CC(NCCN)C(=O)O,0,ChEMBL_neg
CC(NCc1ccc(OCc2cccc(F)c2)cc1)C(N)=O,0,ChEMBL_neg
CC(NS(=O)(=O)C(C)(C)C)C(Cc1ccc(Cl)cc1)c1cccc(C#N)c1,0,ChEMBL_neg
CC(NS(=O)(=O)C(F)(F)F)c1ccc(S(=O)(=O)c2ccc(N3CCNCC3)cc2S(=O)(=O)c2ccccc2F)cc1,0,ChEMBL_neg
CC(NS(C)(=O)=O)c1ccc(S(=O)(=O)c2ccc(Cl)cc2S(=O)(=O)N(C)C)cc1,0,ChEMBL_neg
CC(NS(C)(=O)=O)c1ccc(S(=O)(=O)c2ccc(Cl)cc2S(=O)(=O)NS(C)(=O)=O)cc1,0,ChEMBL_neg
CC(Nc1cc(N)ncn1)c1nn2cccc2c(=O)n1-c1ccccc1,0,ChEMBL_neg
CC(Nc1ccncn1)c1nc2cccc(Cl)c2c(=O)n1-c1ccccc1,0,ChEMBL_neg
CC(Nc1nc(Cl)nc2[nH]cnc12)C1=Nc2ccccc2S(=O)(=O)N1c1ccccc1,0,ChEMBL_neg
CC(Nc1ncnc2[nH]cnc12)C1=Nc2ccccc2S(=O)(=O)N1c1ccc(F)cc1,0,ChEMBL_neg
CC(O)c1ccc(-c2ccc(N3CC(Cn4ccnn4)OC3=O)cc2F)cn1,0,ChEMBL_neg
CC(OC(=O)CCCNc1cc(C(F)(F)F)ccc1CN1CCN(C(=O)OC(C(F)(F)F)C(F)(F)F)CC1)OC(=O)C(C)C,0,ChEMBL_neg
CC(OC[n+]1ccn(C)c1C=NO)C(C)(C)C,0,ChEMBL_neg
CC(OC[n+]1ccn(C)c1C=NO)C1CCCCC1,0,ChEMBL_neg
CC(Oc1ccc2ncc(C3CC3C(N)=O)cc2c1)c1c(Cl)ccc(F)c1Cl,0,ChEMBL_neg
CC(Oc1ccc2ncccc2c1)c1c(Cl)ccc(F)c1Cl,0,ChEMBL_neg
CC(c1ccccc1)n1nnc2cnc3ccc(-c4ccc(OCCCN(C)C)nc4)cc3c21,0,ChEMBL_neg
CC1(C)CC=C(c2cc(C(C)(C)CO)ccc2NC(=O)c2nc(C#N)c[nH]2)CC1,0,ChEMBL_neg
CC1(C)CC=C(c2cc(C(C)(C)N3CCOCC3)ccc2NC(=O)c2ncc(C#N)[nH]2)CC1,0,ChEMBL_neg
CC1(C)CC=C(c2cc(C(C)(C)NCCS(C)(=O)=O)ccc2NC(=O)c2nc(C#N)c[nH]2)CC1,0,ChEMBL_neg
CC1(C)CC=C(c2cc(C(C)(C)Nc3ccccn3)ccc2NC(=O)c2ncc(C#N)[nH]2)CC1,0,ChEMBL_neg
CC1(C)CC=C(c2cc(C(C)(C)O)ccc2NC(=O)c2nc(C#N)c[nH]2)CC1,0,ChEMBL_neg
CC1(C)CC=C(c2cc(CCO)ccc2NC(=O)c2nc(C#N)c[nH]2)CC1,0,ChEMBL_neg
CC1(C)c2cc(N3CCC(N4CCOCC4)CC3)ccc2C(=O)c2c1[nH]c1cc(C#N)ccc21,0,ChEMBL_neg
CC1(CO)C(O)CCC2(C)C1CC(O)C1(C)Oc3cc(-c4ccc(Cl)nc4)oc(=O)c3C(=O)C21,0,ChEMBL_neg
CC1(CO)C(O)CCC2(C)C1CC(O)C1(C)Oc3cc(-c4ccccc4)oc(=O)c3C(=O)C21,0,ChEMBL_neg
CC1(CO)C(O)CCC2(C)C1CC(O)C1(C)Oc3cc(-c4ccccn4)oc(=O)c3C(=O)C21,0,ChEMBL_neg
CC1(CO)C(O)CCC2(C)C1CC(O)C1(C)Oc3cc(-c4cccnc4)oc(=O)c3C(=O)C21,0,ChEMBL_neg
CC1(CO)C(O)CCC2(C)C1CC(O)C1(C)Oc3cc(-c4ccncc4)oc(=O)c3C(=O)C21,0,ChEMBL_neg
CC1(COc2ccc(CC3SC(=O)NC3=O)cc2)CCCCC1,0,ChEMBL_neg
CC1(c2cc3c(c(C(F)(F)F)c2)C(=O)N2CCNCC32)CC1,0,ChEMBL_neg
CC1(c2ccc(Cl)c(Cl)c2)CC(=O)NC(N)=N1,0,ChEMBL_neg
CC1(c2cccc(O)c2)C(=O)Nc2cc(Cl)cc(Cl)c2C1=O,0,ChEMBL_neg
CC1(c2ccccc2)CC(=O)NC(N)=N1,0,ChEMBL_neg
CC12CC3CC(C)(C1)CC(N=C(N)Nc1ccccc1I)(C3)C2,0,ChEMBL_neg
CC12CCN(Cc3ccccc3)C1N(Cc1ccccc1)c1ccc(OC(=O)Nc3ccccc3)cc12,0,ChEMBL_neg
CC1=C(C)C(=O)c2cc(C)ccc2C1=O,0,ChEMBL_neg
CC1=CC(=O)c2ccccc2C1=O,0,ChEMBL_neg
CC1=CC(C)=[N+]2C1=C(c1ccc(OCCCN3CCCCC3)cc1)c1c(C)cc(C)n1[B-]2(F)F,0,ChEMBL_neg
CC1=CC2Cc3nc(O)ccc3C(N)(C1)C2=CC(F)(F)F,0,ChEMBL_neg
CC1=CCN(CCc2ccccc2)CC1,0,ChEMBL_neg
CC1CC2(C)CC(=O)C1C1C(=O)N(CCCCN3CCN(Cc4ccccc4)CC3)C(=O)C12,0,ChEMBL_neg
CC1CC2(C)CC(=O)C1C1C(=O)N(CCCCN3CCN(c4ncccn4)CC3)C(=O)C12,0,ChEMBL_neg
CC1CCC(=NNc2nc(-c3ccc(C#N)cc3)cs2)CC1,0,ChEMBL_neg
CC1CCC(=NNc2nc(-c3ccc(Cl)cc3)cs2)CC1,0,ChEMBL_neg
CC1CCC(=NNc2nc(-c3ccc(Cl)cc3Cl)cs2)CC1,0,ChEMBL_neg
CC1CCC(=NNc2nc(-c3ccc(F)cc3)cs2)CC1,0,ChEMBL_neg
CC1CCC(=NNc2nc(-c3ccc(F)cc3F)cs2)CC1,0,ChEMBL_neg
CC1CCC(=NNc2nc(-c3ccc([N+](=O)[O-])cc3)cs2)CC1,0,ChEMBL_neg
CC1CCC(=NNc2nc(-c3ccccc3)cs2)CC1,0,ChEMBL_neg
CC1CCCC(=NNc2nc(-c3ccc(C#N)cc3)cs2)C1,0,ChEMBL_neg
CC1CCCC(=NNc2nc(-c3ccc(Cl)cc3)cs2)C1,0,ChEMBL_neg
CC1CCCC(=NNc2nc(-c3ccc(Cl)cc3Cl)cs2)C1,0,ChEMBL_neg
CC1CCCC(=NNc2nc(-c3ccc(F)cc3)cs2)C1,0,ChEMBL_neg
CC1CCCC(=NNc2nc(-c3ccc(F)cc3F)cs2)C1,0,ChEMBL_neg
CC1CCCC(=NNc2nc(-c3ccccc3)cs2)C1,0,ChEMBL_neg
CC1CCCC(C)N1Cc1ccc(CNCCN2CCNC2=C(C#N)C#N)o1,0,ChEMBL_neg
CC1CCCCC1=NNc1nc(-c2ccc(C#N)cc2)cs1,0,ChEMBL_neg
CC1CCCCC1=NNc1nc(-c2ccc(Cl)cc2)cs1,0,ChEMBL_neg
CC1CCCCC1=NNc1nc(-c2ccc(Cl)cc2Cl)cs1,0,ChEMBL_neg
CC1CCCCC1=NNc1nc(-c2ccc(F)cc2)cs1,0,ChEMBL_neg
CC1CCCCC1=NNc1nc(-c2ccc(F)cc2F)cs1,0,ChEMBL_neg
CC1CCCCC1=NNc1nc(-c2ccc([N+](=O)[O-])cc2)cs1,0,ChEMBL_neg
CC1CCCCC1=NNc1nc(-c2ccccc2)cs1,0,ChEMBL_neg
CC1CCCCN1CCCN1CC(=O)N(CCc2ccc(F)cc2)CC1=O,0,ChEMBL_neg
CC1CCN(C(=O)c2ccc3[nH]c4c(c3c2)CN(C2CCCC2)C4)CC1,0,ChEMBL_neg
CC1CCN(C(=O)c2ccccc2)CC1,0,ChEMBL_neg
CC1CCN(Cc2ccc3ccccc3c2)CC1,0,ChEMBL_neg
CC1CCN(c2nc3ccc(C(=O)N4CCN(Cc5ccccc5)CC4)cc3s2)CC1,0,ChEMBL_neg
CC1CCc2cc(F)cc3c(CCN)cn1c23,0,ChEMBL_neg
CC1CCc2cccc(c2)CC(C)(N)C(=O)OCc2cc(cc(N(C)S(C)(=O)=O)c2)CC1,0,ChEMBL_neg
CC1CCc2cccc(c2)CC(C)(N)C(=O)OCc2cc(nc(N(C)S(C)(=O)=O)c2)CC1,0,ChEMBL_neg
CC1CN(CCOc2ccccc2Cc2ccccc2)CCO1,0,ChEMBL_neg
CC1CN(c2nc(-c3cnn(C)c3)ncc2C#N)CCN1C(=O)C1(C)CC1,0,ChEMBL_neg
CC1CNCC2Cc3ccc(C#N)nc3N12,0,ChEMBL_neg
CC1CNCCc2ccc(Cl)cc21,0,ChEMBL_neg
CC1COCCN1c1nc(-c2c[nH]c3ccccc23)nc2c1CN(S(=O)(=O)C(C)C)C2,0,ChEMBL_neg
CC1Cn2c3c(c4cccc(c42)CN1)CCCC3,0,ChEMBL_neg
CC1NC(=O)C(NC(=O)C(N)Cc2ccc(O)cc2)C(C)(C)SSC(C)(C)C(C(O)O)NC(=O)C(Cc2ccccc2)NC1=O,0,ChEMBL_neg
CC1NC(=O)C(NC(=O)OC(C)(C)C)CCCCCCC(C(O)CCC(=O)NC(C(=O)NCc2ccccc2)C(C)C)NC1=O,0,ChEMBL_neg
CC1NCCc2cc(O)c(O)cc21,0,ChEMBL_neg
CC1OC(=O)C2CC3CCCCC3C(C=Cc3ccc(-c4cccnc4)cn3)C12,0,ChEMBL_neg
CC1c2cc(O)c(O)cc2CCN1C,0,ChEMBL_neg
CCC(=C(CC)c1ccc(O)cc1)c1ccc(O)cc1,0,ChEMBL_neg
CCC(=C(c1ccccc1)c1ccc(OCCN(C)C)cc1)c1ccccc1,0,ChEMBL_neg
CCC(=NO)c1cc(-c2ccc(O)c(F)c2)ccc1O,0,ChEMBL_neg
CCC(=O)N1CC(C)(C)CSC1=Nc1ccccc1C(C)C,0,ChEMBL_neg
CCC(=O)NC(C)c1ccc(S(=O)(=O)c2ccc(OC)cc2S(=O)(=O)c2ccc(OC)cc2)cc1,0,ChEMBL_neg
CCC(=O)Nc1ccc2[nH]cc(C3CCN(C)CC3)c2n1,0,ChEMBL_neg
CCC(=O)Oc1cccc(CN(C)CCCCCCCOc2ccc3c(c2)OC(=Cc2ccc4ccccc4c2)C3=O)c1,0,ChEMBL_neg
CCC(=O)c1cc(C(=O)NC(Cc2ccccc2)C(O)CNC2CC2)cc(N(C)S(C)(=O)=O)c1,0,ChEMBL_neg
CCC(C)(C)c1ccc(C2CC(O)CCC2CCCO)cc1,0,ChEMBL_neg
CCC(C)(C)c1ccc(C2CCCC(O)C2)cc1,0,ChEMBL_neg
CCC(C)C(NC(=O)C(CC(C)C)NC(=O)C(CCC(=O)O)NC(=O)C(CCC(N)=O)NC(=O)C(CC(N)=O)NC(=O)C(CCCCN)NC(=O)C(CCC(N)=O)NC(=O)C(CC(C)C)NC(=O)C(CCC(=O)O)NC(=O)C(CCC(=O)O)NC(=O)C(CCC(=O)O)NC(=O)CN)C(=O)NC(CCCN=C(N)N)C(=O)NC(CCC(=O)O)C(=O)NC(CCCCN)C(=O)NC(CO)C(=O)NC(CC(N)=O)C(N)=O,0,ChEMBL_neg
CCC(C)C(NC(=O)C(CC(C)C)NC(=O)C1CCC(=O)NCCCCC(NC(=O)C(CCC(N)=O)NC(=O)C(CC(C)C)NC(=O)C(CCC(=O)O)NC(=O)C(CCC(=O)O)NC(=O)C(CCC(=O)O)NC(=O)CN)C(=O)NC(CC(N)=O)C(=O)NC(CCC(N)=O)C(=O)N1)C(=O)NC(CCCN=C(N)N)C(=O)NC(CCC(=O)O)C(=O)NC(CCCCN)C(=O)NC(CO)C(=O)NC(CC(N)=O)C(N)=O,0,ChEMBL_neg
CCC(C)C(NC(=O)C(CCC(=O)O)NC(=O)C(CCC(=O)O)NC(=O)C(NC(=O)C(CCCCN)NC(=O)C(NC(=O)C(CC(N)=O)NC(=O)C(N)C(C)O)C(C)CC)C(C)O)C(=O)NC(CO)C(=O)NC(CCC(=O)O)C(=O)NC(C(=O)NC(CC(N)=O)C(=O)NC(CC(C)C)C(=O)NC(C(=O)NC(C)C(=O)NC(CCC(=O)O)C(=O)NC(Cc1ccccc1)C(=O)NC(CCCN=C(N)N)C(=O)O)C(C)C)C(C)C,0,ChEMBL_neg
CCC(C)C(NC(=O)C(CCC(=O)O)NC(=O)C(CCC(=O)O)NC(=O)C(NC(=O)C(CCCCN)NC(=O)C(NC(=O)C(CC(N)=O)NC(=O)C(N)C(C)O)C(C)CC)C(C)O)C(=O)NC(CO)C(=O)NC(CCC(=O)O)C(=O)NC(C(=O)NC(CC(N)=O)C(=O)NC(CC(C)C)C(=O)NC(CC(C)C)C(=O)NC(C)C(=O)NC(CCC(=O)O)C(=O)NC(Cc1ccccc1)C(=O)NC(CCCN=C(N)N)C(=O)O)C(C)C,0,ChEMBL_neg
CCC(C)C(NC(=O)C(CCC(=O)O)NC(=O)C(CCC(=O)O)NC(=O)C(NC(=O)C(CCCCN)NC(=O)C(NC(=O)C(CC(N)=O)NC(=O)C(N)C(C)O)C(C)CC)C(C)O)C(=O)NC(CO)C(=O)NC(CCC(=O)O)C(=O)NC(C(=O)NC(CC(N)=O)C(=O)NC(CC(C)C)C(=O)NC(CCCCN)C(=O)NC(C)C(=O)NC(CCC(=O)O)C(=O)NC(Cc1ccccc1)C(=O)NC(CCCN=C(N)N)C(=O)O)C(C)C,0,ChEMBL_neg
CCC(C)C(NC(=O)C(CCC(=O)O)NC(=O)C(CCC(=O)O)NC(=O)C(NC(=O)C(CCCCN)NC(=O)C(NC(=O)C(CC(N)=O)NC(=O)C(N)C(C)O)C(C)CC)C(C)O)C(=O)NC(CO)C(=O)NC(CCC(=O)O)C(=O)NC(C(=O)NC(CC(N)=O)C(=O)NC(CC(C)C)C(=O)NC(Cc1ccccc1)C(=O)NC(C)C(=O)NC(CCC(=O)O)C(=O)NC(Cc1ccccc1)C(=O)NC(CCCN=C(N)N)C(=O)O)C(C)C,0,ChEMBL_neg
CCC(C)C(NC(=O)C(CCC(=O)O)NC(=O)C(CCC(=O)O)NC(=O)C(NC(=O)C(CCCCN)NC(=O)C(NC(=O)C(CC(N)=O)NC(=O)C(N)C(C)O)C(C)CC)C(C)O)C(=O)NC(CO)C(=O)NC(CCC(=O)O)C(=O)NC(C(=O)NC(CC(N)=O)C(=O)NC(CC(C)C)C(=O)NCC(=O)NC(C)C(=O)NC(CCC(=O)O)C(=O)NC(Cc1ccccc1)C(=O)NC(CCCN=C(N)N)C(=O)O)C(C)C,0,ChEMBL_neg
CCC(C)C(NC(=O)C(CCC(=O)O)NC(=O)C(CCC(=O)O)NC(=O)C(NC(=O)C(N)CCCCN)C(C)O)C(=O)NC(CO)C(=O)NC(CCC(=O)O)C(=O)NC(C(=O)NC(CC(N)=O)C(=O)NC(CC(C)C)C(O)CC(=O)NC(CC(=O)O)C(=O)NC(C)C(=O)NC(CCC(=O)O)C(=O)NC(Cc1ccccc1)C(=O)NC(CCCN=C(N)N)C(=O)O)C(C)C,0,ChEMBL_neg
CCC(C)C(NC(=O)C(CCC(=O)O)NC(=O)C(CCC(=O)O)NC(=O)C(NC(=O)C(N)CCCCN)C(C)O)C(=O)NC(CO)C(=O)NC(CCC(=O)O)C(=O)NC(C(=O)NC(CC(N)=O)C(=O)NC(CC(C)C)C(O)CC(=O)NC(CC(=O)O)C(=O)NC(C)C(=O)NC(CCC(=O)O)C(=O)NC(Cc1ccccc1)C(=O)O)C(C)C,0,ChEMBL_neg
CCC(C)C(O)C(=O)NC(CC(F)F)C(=O)NC(Cc1ccccc1)C(O)CC(CC(F)F)C(=O)NC(C(=O)NCc1ccncc1)C(C)C,0,ChEMBL_neg
CCC(C)C1OC2(C=CC1C)CC1CC(CC=C(C)C(OC3CC(OC)C(OC4CC(OC)C(O)C(C)O4)C(C)O3)C(C)C=CC=C3COC4C(O)C(C)=CC(C(=O)O1)C34O)O2,0,ChEMBL_neg
CCC(C)CC(NC(=O)C(CC(C)C)NC(C)=O)C(O)CC(=O)NC(CC[S+](C)[O-])C(O)CC(=O)NC(C(=O)NCc1ccc(C(=O)O)cc1)C(C)C,0,ChEMBL_neg
CCC(NCC1Cc2cccc(c2)CCCCCc2cc(cc(N(C)S(C)(=O)=O)c2)C(=O)N1)C(=O)NCC(C)C,0,ChEMBL_neg
CCC(OC[n+]1ccn(C)c1C=NO)C(C)(C)C,0,ChEMBL_neg
CCC12CC3CC(N)(C1)CC(c1ccccc1)(C3)C2,0,ChEMBL_neg
CCC1OC(C=CC2CC2)(C(F)(F)F)c2c(ccc(F)c2F)NC1=O,0,ChEMBL_neg
CCC=CCC=CCC=CCC=CCC=CCC=CCCC(=O)NCCO,0,ChEMBL_neg
CCC=CCC=CCC=CCC=CCC=CCCCC(=O)NCCO,0,ChEMBL_neg
CCCC(=O)NC(C)c1ccc(S(=O)(=O)c2ccc(OC)cc2S(=O)(=O)c2ccc(OC)cc2)cc1,0,ChEMBL_neg
CCCC(=O)Nc1cccc2c1Cc1c-2n[nH]c1-c1ccsc1,0,ChEMBL_neg
CCCC(C)(C)c1ccc(C2CC(O)CCC2CCCO)cc1,0,ChEMBL_neg
CCCC(C)(C)c1ccc(C2CCCC(O)C2)cc1,0,ChEMBL_neg
CCCC(C)=NNc1nc(-c2cccc(OC)c2)cs1,0,ChEMBL_neg
CCCC(C)S(=O)(=O)CCC(=O)NC(Cc1ccccc1)C(O)CNCc1cccc(OC)c1,0,ChEMBL_neg
CCCC(CC(O)C(Cc1ccccc1)NC(=O)CC(NC(=O)CC(C)C)C(=O)O)C(=O)NCC(C)C,0,ChEMBL_neg
CCCCC(=NO)c1cc(-c2ccc(O)c(F)c2)ccc1O,0,ChEMBL_neg
CCCCC(=NO)c1cc(-c2ccc(O)cc2)ccc1O,0,ChEMBL_neg
CCCCC(=NO)c1cc(-c2ccc(OC)c(F)c2)ccc1O,0,ChEMBL_neg
CCCCC(=NO)c1cc(-c2ccc(OC)cc2)ccc1O,0,ChEMBL_neg
CCCCC(NC(C)=O)C(=O)NC(C)C(=O)NC(CC(C)C)C(O)CC(=O)NC(C(=O)NCc1cccc(C(=O)O)c1)C(C)C,0,ChEMBL_neg
CCCCCC(C)=NNc1nc(-c2cccc(OC)c2)cs1,0,ChEMBL_neg
CCCCCC=CCC=CCC=CCC=CCCCC(=O)C(F)(F)F,0,ChEMBL_neg
CCCCCC=CCC=CCC=CCC=CCCCC(=O)N(C)CCO,0,ChEMBL_neg
CCCCCC=CCC=CCC=CCC=CCCCC(=O)N(O)CCO,0,ChEMBL_neg
CCCCCC=CCC=CCC=CCC=CCCCC(=O)NCCC(C)C,0,ChEMBL_neg
CCCCCC=CCC=CCC=CCC=CCCCC(=O)NCCc1ccc(OC)cc1,0,ChEMBL_neg
CCCCCC=CCC=CCC=CCC=CCCCC(=O)Nc1ccc(O)cc1,0,ChEMBL_neg
CCCCCC=CCC=CCC=CCC=CCCCC(=O)OCCO,0,ChEMBL_neg
CCCCCC=CCC=CCC=CCC=CCCCC(=O)ONCCO,0,ChEMBL_neg
CCCCCC=CCC=CCC=CCC=CCCCC(N)=O,0,ChEMBL_neg
CCCCCCC(C)(C)c1ccc(-c2cc(C)cc(C)c2)cc1,0,ChEMBL_neg
CCCCCCC(C)(C)c1ccc(-c2ccc(OC)c(OC)c2)c(O)c1,0,ChEMBL_neg
CCCCCCC(C)=NNc1nc(-c2cccc(OC)c2)cs1,0,ChEMBL_neg
CCCCCCCC(=NO)c1cc(-c2ccc(O)c(F)c2)ccc1O,0,ChEMBL_neg
CCCCCCCC(=NO)c1cc(-c2ccc(O)cc2)ccc1O,0,ChEMBL_neg
CCCCCCCC(=NO)c1cc(-c2ccc(OC)c(F)c2)ccc1O,0,ChEMBL_neg
CCCCCCCC(=NO)c1cc(-c2ccc(OC)cc2)ccc1O,0,ChEMBL_neg
CCCCCCCCC(C)(C)c1ccc(C2CCCC(O)C2)cc1,0,ChEMBL_neg
CCCCCCCCC=CC(=O)NCCc1cc(OC)cc(OC)c1,0,ChEMBL_neg
CCCCCCCCC=CC(=O)NCCc1ccc(OC)cc1,0,ChEMBL_neg
CCCCCCCCC=CC(=O)Nc1ccc(OC)cc1,0,ChEMBL_neg
CCCCCCCCC=CCCCCCCCC(=O)N(O)CCO,0,ChEMBL_neg
CCCCCCCCC=CCCCCCCCC(=O)NCCO,0,ChEMBL_neg
CCCCCCCCC=CCCCCCCCC(=O)NOCCO,0,ChEMBL_neg
CCCCCCCCC=CCCCCCCCC(=O)Nc1ccc(OC)cc1,0,ChEMBL_neg
CCCCCCCCC=CCCCCCCCC(=O)ONCCO,0,ChEMBL_neg
CCCCCCCCC=CCCCCCCCCCCCC(=O)NCCc1cc(OC)cc(OC)c1,0,ChEMBL_neg
CCCCCCCCC=CCCCCCCCCCCCC(=O)NCCc1ccc(OC)cc1OC,0,ChEMBL_neg
CCCCCCCCC=CCCCCCCCCCCCC(=O)Nc1ccc(N2CCOCC2)cc1,0,ChEMBL_neg
CCCCCCCCCC(=NO)c1cc(-c2ccc(O)cc2)ccc1O,0,ChEMBL_neg
CCCCCCCCCC(=NO)c1cc(-c2ccc(OC)c(F)c2)ccc1O,0,ChEMBL_neg
CCCCCCCCCC(=NO)c1cc(-c2ccc(OC)cc2)ccc1O,0,ChEMBL_neg
CCCCCCCCCCCC(=NO)c1cc(-c2ccc(O)cc2)ccc1O,0,ChEMBL_neg
CCCCCCCCCCCC(=NO)c1cc(-c2ccc(OC)c(F)c2)ccc1O,0,ChEMBL_neg
CCCCCCCCCCCC(=NO)c1cc(-c2ccc(OC)cc2)ccc1O,0,ChEMBL_neg
CCCCCCCCCCCCCC(=NO)c1cc(-c2ccc(OC)cc2)ccc1O,0,ChEMBL_neg
CCCCCCCCCCCCCC(=NO)c1cc(-c2cccc(F)c2)ccc1O,0,ChEMBL_neg
CCCCCCCCCCCCCC(=NO)c1cc(-c2cccc(O)c2)ccc1O,0,ChEMBL_neg
CCCCCCCCCCCCCC(=NO)c1cc(-c2ccccc2)ccc1O,0,ChEMBL_neg
CCCCCCCCCCCCCCCC(=NO)c1cc(-c2ccc(OC)cc2)ccc1O,0,ChEMBL_neg
CCCCCCCCCCCCCCCCN1C(=O)C=CC1=O,0,ChEMBL_neg
CCCCCCCCCCCCNC(=O)Oc1ccc(C2=NCCS2)cc1,0,ChEMBL_neg
CCCCCCCCCCCCNC(=O)Oc1cccc(-c2csnn2)c1,0,ChEMBL_neg
CCCCCCCCCN1C(=O)C=CC1=O,0,ChEMBL_neg
CCCCCCCCCc1ccc(B(O)O)cc1,0,ChEMBL_neg
CCCCCCCCOC[n+]1ccn(C)c1C=NO,0,ChEMBL_neg
CCCCCCCCOc1noc2ccccc12,0,ChEMBL_neg
CCCCCCCCn1oc2ccccc2c1=O,0,ChEMBL_neg
CCCCCCCc1ccc(N2C(=O)C=CC2=O)cc1,0,ChEMBL_neg
CCCCCCNC(=O)Oc1ccc(Br)cc1,0,ChEMBL_neg
CCCCCCNC(=O)Oc1ccc(C#N)cc1,0,ChEMBL_neg
CCCCCCNC(=O)Oc1ccc(C(=O)OC)cc1,0,ChEMBL_neg
CCCCCCNC(=O)Oc1ccc(C(=O)OC)cc1C,0,ChEMBL_neg
CCCCCCNC(=O)Oc1ccc(C(=O)OC)cc1I,0,ChEMBL_neg
CCCCCCNC(=O)Oc1ccc(C(=O)OC)cc1OC,0,ChEMBL_neg
CCCCCCNC(=O)Oc1ccc(C2=NCCS2)cc1,0,ChEMBL_neg
CCCCCCNC(=O)Oc1ccc([N+](=O)[O-])cc1,0,ChEMBL_neg
CCCCCCNC(=O)c1nn(-c2ccc(Cl)cc2Cl)c(-c2ccc(Cl)cc2)c1C,0,ChEMBL_neg
CCCCCCNCC1CCc2ccc(O)cc2O1,0,ChEMBL_neg
CCCCCCOC[n+]1ccn(C)c1C=NO,0,ChEMBL_neg
CCCCCCc1c(O)cccc1OCCCCCCCCCCC(=O)NCCc1ccc(O)c(O)c1,0,ChEMBL_neg
CCCCCCc1c(O)cccc1OCCCCCCCCCCC(=O)NCc1ccc(OC)c(O)c1,0,ChEMBL_neg
CCCCCCc1ccc(O)cc1OCCCCCC(=O)NC1CC1,0,ChEMBL_neg
CCCCCCc1ccc(O)cc1OCCCCCCCCCCC(=O)Nc1ccc(O)cc1,0,ChEMBL_neg
CCCCCCc1ccc(O)cc1OCCCCCCCCCCCCCCCC(=O)NC1CC1,0,ChEMBL_neg
CCCCCCc1ccc(O)cc1OCCCCCCCCCCCCCCCC(=O)Nc1ccc(O)cc1,0,ChEMBL_neg
CCCCCCc1ccc(OCCCCCC(=O)NCCO)cc1O,0,ChEMBL_neg
CCCCCCc1ccc(OCCCCCCCCCCC(=O)NCC2CC2)cc1O,0,ChEMBL_neg
CCCCCCc1ccc(OCCCCCCCCCCC(=O)NCCO)cc1O,0,ChEMBL_neg
CCCCCCc1ccc(OCCCCCCCCCCCC(=O)NC2CC2)cc1O,0,ChEMBL_neg
CCCCCNC(=O)c1nn(-c2ccc(Cl)cc2Cl)c(-c2ccc(Cl)cc2)c1C,0,ChEMBL_neg
CCCCCNc1cc(NCCSCc2ccc(CN(C)C)o2)c([N+](=O)[O-])cc1[N+](=O)[O-],0,ChEMBL_neg
CCCCCOC(=O)c1cc(O)c(-c2cc(C)cc(C)c2)c(O)c1,0,ChEMBL_neg
CCCCCOC(=O)c1cc(O)c(-c2ccccc2)c(O)c1,0,ChEMBL_neg
CCCCCS(=O)(=O)c1cccc(C(=O)NC(Cc2ccccc2)C(O)CNC(C)C(=O)NC2CCCCC2)c1,0,ChEMBL_neg
CCCCCc1cc(O)cc(OCCCCCCCCCCC(=O)NCc2ccc(OC)c(O)c2)c1,0,ChEMBL_neg
CCCCCc1cc(O)cc(OCCCCCCCCCCC(=O)Nc2ccc(O)cc2)c1,0,ChEMBL_neg
CCCCCc1cc(O)cc(OCCCCCCCCCCCCCCCC(=O)NCCO)c1,0,ChEMBL_neg
CCCCCn1c(C)c(C(=O)Cc2ccc(Br)cc2)c2ccccc21,0,ChEMBL_neg
CCCCCn1c(C)c(C(=O)Cc2ccc(C)cc2)c2ccccc21,0,ChEMBL_neg
CCCCCn1c(C)c(C(=O)Cc2ccc(Cl)cc2)c2ccccc21,0,ChEMBL_neg
CCCCCn1cc(C(=O)c2c3ccccc3cc3ccccc23)c(=O)c2ccccc21,0,ChEMBL_neg
CCCCCn1cc(C(=O)c2ccc3ccccc3c2)c(=O)c2ccccc21,0,ChEMBL_neg
CCCCCn1cc(CNC23CC4CC(CC(C4)C2)C3)c(=O)c2ccccc21,0,ChEMBL_neg
CCCCCn1cc(NC(=O)CCc2ccccc2)c(=O)c2ccccc21,0,ChEMBL_neg
CCCCN(Cc1cccc(CN(CCCC)C(=N)N)c1)C(=N)N,0,ChEMBL_neg
CCCCN1C(=O)C(c2ccc(Br)cc2)(c2ccc(Br)cc2)NC1=S,0,ChEMBL_neg
CCCCN1C(=O)NC(c2ccc(Br)cc2)(c2ccc(Br)cc2)C1=O,0,ChEMBL_neg
CCCCN1C(=O)NC(c2ccc(I)cc2)(c2ccc(I)cc2)C1=O,0,ChEMBL_neg
CCCCN1CCC(CNC(=O)c2ccc(N)c(OC)c2)CC1,0,ChEMBL_neg
CCCCNC(=N)NCCCC,0,ChEMBL_neg
CCCCNC(=O)C(C)CC(O)C1COCC=CCOCC(NC(=O)OC(C)(C)C)C(=O)NC(C)C(=O)N1,0,ChEMBL_neg
CCCCNC(=O)C(C)CC(O)C1COCC=CCSCC(NC(C)=O)C(=O)NC(C)C(=O)N1,0,ChEMBL_neg
CCCCNC(=O)C(C)CC(O)C1CSCC=CCSCC(NC(=O)OC(C)(C)C)C(=O)NC(C)C(=O)N1,0,ChEMBL_neg
CCCCNC(=O)C(C)CC(O)C1CSCCCCCSCC(NC(=O)OC(C)(C)C)C(=O)NC(C)C(=O)N1,0,ChEMBL_neg
CCCCNC(=O)C(C)CC(O)C1CSCCCCSCC(NC(=O)OC(C)(C)C)C(=O)NC(C)C(=O)N1,0,ChEMBL_neg
CCCCNC(=O)C(NC(=O)C1C(=O)N(CC)CC1C(O)C(CC(C)C)NC(=O)C(CCSC)NC(=O)C(CC(C)C)NC(C)=O)C(C)C,0,ChEMBL_neg
CCCCNC(=O)C(NC(=O)C1CN(C)CC1C(O)C(CC(C)C)NC(=O)C(CCSC)NC(=O)C(CC(C)C)NC(C)=O)C(C)C,0,ChEMBL_neg
CCCCNC(=O)C(NC(=O)C1OCCC1C(O)C(CC(C)C)NC(=O)C(CCSC)NC(=O)C(CC(C)C)NC(C)=O)C(C)C,0,ChEMBL_neg
CCCCNC(=O)C1CCCC1C(O)C(CC(C)C)NC(=O)C(CCSC)NC(=O)C(CC(C)C)NC(C)=O,0,ChEMBL_neg
CCCCNC(=O)OCCCCCO,0,ChEMBL_neg
CCCCNC(=O)OCCO,0,ChEMBL_neg
CCCCNC(=O)Oc1ccc(-c2csnn2)cc1,0,ChEMBL_neg
CCCCNC(=O)Oc1ccc(C#N)cc1,0,ChEMBL_neg
CCCCNC(=O)Oc1ccc(C2=NCCS2)cc1,0,ChEMBL_neg
CCCCNC(=O)Oc1ccc([N+](=O)[O-])cc1,0,ChEMBL_neg
CCCCNC(=O)Oc1ccc2c(c1)C1CCN(CC)C1C2,0,ChEMBL_neg
CCCCNC(=O)c1nn(-c2ccc(Cl)cc2Cl)c(-c2ccc(Cl)cc2)c1C,0,ChEMBL_neg
CCCCNNC(=O)c1nn(-c2ccc(Cl)cc2Cl)c(-c2ccc(Cl)cc2)c1C,0,ChEMBL_neg
CCCCOC(=O)c1cc(O)c(-c2cc(C)cc(C)c2)c(O)c1,0,ChEMBL_neg
CCCCOC[n+]1ccn(C)c1C=NO,0,ChEMBL_neg
CCCCOc1c(F)cc2nc(O)c(O)nc2c1[N+](=O)[O-],0,ChEMBL_neg
CCCCOc1ccc(-c2ccc(-c3ccccc3)n2CC(=O)NC(=N)N)cc1,0,ChEMBL_neg
CCCCOc1ccc(C(=O)NC(CC(C)C)C(O)CC(=O)NC(C(=O)NC(C)C(=O)NC(CCC(=O)O)C(=O)NC(Cc2ccccc2)C(=O)O)C(C)C)cc1,0,ChEMBL_neg
CCCCOc1ccc(C2CNC(=O)CS2)cc1,0,ChEMBL_neg
CCCCOc1ccc(C2CNCCS2)cc1,0,ChEMBL_neg
CCCCS(=O)(=O)NC(C)c1ccc(S(=O)(=O)c2ccc(OC)cc2S(=O)(=O)c2ccc(OC)cc2)cc1,0,ChEMBL_neg
CCCCc1oc2ccccc2c1C(=O)c1cc(I)c(OCCN(CC)CC)c(I)c1,0,ChEMBL_neg
CCCCn1cc(C(=O)c2cccc3ccccc23)c(=O)c2ccccc21,0,ChEMBL_neg
CCCCn1cc(CCCOc2ccc(C(=O)NCCCCN(CCC)C3CCc4c(O)cccc4C3)cc2OC)nn1,0,ChEMBL_neg
CCCCn1cc(CCCOc2ccc(C(=O)NCCCCN(CCC)CCc3ccc(O)c4[nH]c(=O)ccc34)cc2OC)nn1,0,ChEMBL_neg
CCCCn1cc(CCN(C)C)c2c(OP(=O)(O)O)cccc21,0,ChEMBL_neg
CCCN(C(C)C)C1CCc2c(F)cccc2C1,0,ChEMBL_neg
CCCN(C)C(=O)Oc1ccc2c(c1)C(N)CC2,0,ChEMBL_neg
CCCN(C)C(=O)Oc1cccc(CCN)c1,0,ChEMBL_neg
CCCN(CC=CI)C1CCc2cccc(O)c2C1,0,ChEMBL_neg
CCCN(CCC)C(=O)c1cc(C)cc(C(=O)NC(Cc2cc(F)cc(F)c2)C(O)C2CC(Cc3ccccc3OC)CCN2)c1,0,ChEMBL_neg
CCCN(CCC)C(=O)c1cc(C)cc(C(=O)NC(Cc2cc(F)cc(F)c2)C(O)C2CC(OC(C)=O)CCN2)c1,0,ChEMBL_neg
CCCN(CCC)C(=O)c1cccc(C(=O)NC(Cc2cc(F)cc(F)c2)C(O)CC(CC)C(=O)NC2CC(OC)CC(OC)C2)c1,0,ChEMBL_neg
CCCN(CCC)C(=O)c1cccc(C(=O)NC(Cc2cc(F)cc(F)c2)C(O)CC(CC)C(=O)NCCC(=O)O)c1,0,ChEMBL_neg
CCCN(CCC)C(=O)c1cccc(C(=O)NC(Cc2cc(F)cc(F)c2)C(O)CC(CC)C(=O)NCc2ccccc2)c1,0,ChEMBL_neg
CCCN(CCC)C1CCC(=C(C#C[Si](C)(C)C)C#C[Si](C)(C)C)CC1,0,ChEMBL_neg
CCCN(CCC)C1CCC(=C(C#Cc2ccccc2)C#Cc2ccccc2)CC1,0,ChEMBL_neg
CCCN(CCC)C1CCC(=C(C#N)C#N)CC1,0,ChEMBL_neg
CCCN(CCC)C1CCc2c(F)ccc(O)c2C1,0,ChEMBL_neg
CCCN(CCC)C1COc2c(cccc2-c2ccc(OC)cc2)C1,0,ChEMBL_neg
CCCN(CCC)C1COc2c(cccc2C(=O)c2ccoc2)C1,0,ChEMBL_neg
CCCN(CCC)CCC1CCC(Nc2ncccn2)CC1,0,ChEMBL_neg
CCCN(CCC)S(=O)(=O)CCC(=O)NC(Cc1ccccc1)C(O)CNCc1cccc(OC)c1,0,ChEMBL_neg
CCCN(CCC)S(=O)(=O)CCCC(=O)NC(Cc1ccccc1)C(O)CNCc1cccc(OC)c1,0,ChEMBL_neg
CCCN(CCCCNC(=O)C=Cc1ccc(F)cc1)C1Cc2ccccc2C1,0,ChEMBL_neg
CCCN(CCCCNC(=O)N=Nc1ccc(F)cc1)C1Cc2ccccc2C1,0,ChEMBL_neg
CCCN(CCNC(=O)C=Cc1ccc(F)cc1)C1Cc2ccccc2C1,0,ChEMBL_neg
CCCN(CCNC(=O)N=Nc1cc(F)c(F)c(F)c1)C1Cc2ccccc2C1,0,ChEMBL_neg
CCCN(Cc1cc(CN(CCC)C(=N)N)cc(OC)c1)C(=N)N,0,ChEMBL_neg
CCCN(Cc1cc(O)cc(CN(CCC)C(=N)N)c1)C(=N)N,0,ChEMBL_neg
CCCN(Cc1cccc(CN(CCC)C(=N)N)n1)C(=N)N,0,ChEMBL_neg
CCCN(c1cc2cc(c1)C(=O)NC(C1CC1)CCc1cccc(c1)CC(C)(N)COC2)S(C)(=O)=O,0,ChEMBL_neg
CCCN1C(=O)C(=Cc2ccncc2)SC1=S,0,ChEMBL_neg
CCCN1CCCC(c2cccc(OC(=O)NC(C)C)c2)C1,0,ChEMBL_neg
CCCN1CCc2cccc3c2C1Cc1cccc(OC(=O)NCc2ccccc2)c1-3,0,ChEMBL_neg
CCCN1CCc2cccc3c2C1Cc1cccc(OCCCn2cc(CCCCN4CCN(c5ccccc5OC)CC4)nn2)c1-3,0,ChEMBL_neg
CCCN1CCc2cccc3c2C1Cc1cccc(OCc2cn(CCCCN4CCN(c5ccccc5OC)CC4)nn2)c1-3,0,ChEMBL_neg
CCCN1CCc2cccc3c2C1Cc1cccc(OCc2cn(CCCN4CCN(c5cccc(Cl)c5Cl)CC4)nn2)c1-3,0,ChEMBL_neg
CCCN=C1CCc2c1n(C)c1ccc(OC(=O)NC)cc21,0,ChEMBL_neg
CCCN=C1CCc2c1n(C)c1ccccc21,0,ChEMBL_neg
CCCNC(=O)NC(C)c1ccc(S(=O)(=O)c2ccc(OC)cc2S(=O)(=O)c2ccc(OC)cc2)cc1,0,ChEMBL_neg
CCCNC(=O)Nc1ccc(Oc2ncnc3cc(OC)c(OC)cc23)cc1Cl,0,ChEMBL_neg
CCCNC(=O)Oc1ccc2c(c1)C(N)CC2,0,ChEMBL_neg
CCCNC(=O)Oc1ccc2c(c1)C1CCN(CC)C1C2,0,ChEMBL_neg
CCCNC(=O)c1cc(C(N)=O)cc(C(=O)NC(Cc2ccccc2)C(O)CNCc2cccc(OC)c2)c1,0,ChEMBL_neg
CCCNC(=O)c1nn(-c2ccc(Cl)cc2Cl)c(-c2ccc(Cl)cc2)c1C,0,ChEMBL_neg
CCCNC1CCc2ccc(OC(=O)N(C)CC)cc21,0,ChEMBL_neg
CCCNNC(=O)c1nn(-c2ccc(Cl)cc2Cl)c(-c2ccc(Cl)cc2)c1C,0,ChEMBL_neg
CCCOC(=O)c1cc(-c2cccc(OC(=O)NC3CCCCC3)c2)n(-c2ccccc2)n1,0,ChEMBL_neg
CCCOc1ccc(-c2csc(-c3ccccc3)c2CC(=O)N=C(N)N)cc1,0,ChEMBL_neg
CCCOc1ccc(-c2scc(-c3ccccc3Cl)c2CC(=O)N=C(N)NCCCO)c(C)c1,0,ChEMBL_neg
CCCOc1ccc(-c2scc(-c3ccccc3Cl)c2CC(=O)N=C(N)NCCCO)cc1C,0,ChEMBL_neg
CCCOc1ccc(C(=O)OCCN(CC)CC)cc1N,0,ChEMBL_neg
CCCOc1ccc(C2CNC(=O)CS2)cc1,0,ChEMBL_neg
CCCOc1ccc(C2CNCCS2)cc1,0,ChEMBL_neg
CCCOc1ccccc1N1CCN(CC(O)CCNC(=O)c2cc3ccccc3[nH]2)CC1,0,ChEMBL_neg
CCCOc1cncc(-c2cccc(CNc3cccnc3N)c2)c1,0,ChEMBL_neg
CCCSC(=O)N1CC(C(C)OC(=O)CCCc2ccccc2)C1=O,0,ChEMBL_neg
CCC[n+]1ccc(CCC(=O)C2Cc3cc(OC)c(OC)cc3S2)cc1,0,ChEMBL_neg
CCC[n+]1ccc(CCC(=O)c2cc3cc(OC)c(OC)cc3s2)cc1,0,ChEMBL_neg
CCCc1cc2c(c(C(F)(F)F)c1)C(=O)N1CCNCC21,0,ChEMBL_neg
CCCc1ccc(N2C(=O)C=CC2=O)cc1,0,ChEMBL_neg
CCCc1cccc(NC(=N)Nc2cccc(CCC)c2)c1,0,ChEMBL_neg
CCCc1nnc2c(O)nc3cc(Cl)c(Cl)cc3n12,0,ChEMBL_neg
CCN(C)C(=O)Oc1ccc2c(c1)C(N)CC2,0,ChEMBL_neg
CCN(C)C(=O)Oc1ccc2c(c1)C(N)CCC2,0,ChEMBL_neg
CCN(C)C(=O)Oc1ccc2c(c1)C(NC)CC2,0,ChEMBL_neg
CCN(C)C(=O)Oc1ccc2c(c1)CC(N)CC2,0,ChEMBL_neg
CCN(C)C(=O)Oc1cccc(CCN)c1,0,ChEMBL_neg
CCN(C)C(=O)Oc1cccc(CCNC)c1,0,ChEMBL_neg
CCN(C)C(=O)Oc1cccc2c1C(N)CC2,0,ChEMBL_neg
CCN(CC)C(=O)C1C=C2c3cccc4[nH]cc(c34)CC2N(C(=O)Nc2ccccc2)C1,0,ChEMBL_neg
CCN(CC)C1C(CO)C2CN(Cc3ccccc3)C(c3ccc(Br)cc3)C21,0,ChEMBL_neg
CCN(CC)C1C(CO)C2CN(Cc3ccccc3)C(c3ccccc3)C21,0,ChEMBL_neg
CCN(CC)CCCC1(C)OC=C(c2ccccc2)C1=O,0,ChEMBL_neg
CCN(CC)CCCN1CC(=O)N(C2CC2)CC1=O,0,ChEMBL_neg
CCN(CC)CCCNc1nc(-c2ccc(NC(=O)Nc3ccc(Cl)cc3)cc2)nc2ccsc12,0,ChEMBL_neg
CCN(CC)CCCNc1nccc2c(C)c3[nH]c4ccc(O)cc4c3c(C)c12,0,ChEMBL_neg
CCN(CC)CCCNc1nccc2c(C)c3[nH]c4ccc(OC)cc4c3cc12,0,ChEMBL_neg
CCN(CC)CCCNc1nccc2c(C)c3[nH]c4ncccc4c3cc12,0,ChEMBL_neg
CCN(CC)CCCNc1nccc2c(C)c3c(c(C)c12)c1cc(O)ccc1n3C,0,ChEMBL_neg
CCN(CC)CCN1CC(=O)N(CCc2ccccc2)CC1=O,0,ChEMBL_neg
CCN(CC)CCN=C(NO)c1nc(-c2ccccc2)no1,0,ChEMBL_neg
CCN(CC)CCOc1ccccc1Cc1ccccc1,0,ChEMBL_neg
CCN(CC)CCSC(=NO)C(=O)c1ccc(Br)cc1,0,ChEMBL_neg
CCN(CC)CCSC(=NO)C(=O)c1ccc(C#N)cc1,0,ChEMBL_neg
CCN(CC)CCSC(=NO)C(=O)c1ccc(Cl)cc1,0,ChEMBL_neg
CCN(CC)CCSC(=NO)C(=O)c1ccc(OC)cc1,0,ChEMBL_neg
CCN(CC)CCSC(=NO)c1nc(-c2ccccc2)no1,0,ChEMBL_neg
CCN(CC)CCSC(=NO)c1nc(C(C)(C)C)no1,0,ChEMBL_neg
CCN(CC)CCSC(=NO)c1nc(C)no1,0,ChEMBL_neg
CCN(CC)CCSC(=NO)c1nc(Cc2ccccc2)no1,0,ChEMBL_neg
CCN(Cc1ccc(-c2[nH]nc3c2Cc2cc(CN4CCN(C)CC4)ccc2-3)s1)C(=O)Nc1cccc(C)c1,0,ChEMBL_neg
CCN(Cc1cccc(CN(CC)C(=N)N)c1)C(=N)N,0,ChEMBL_neg
CCN1C(=O)C(c2ccc(Br)cc2)(c2ccc(Br)cc2)NC1=S,0,ChEMBL_neg
CCN1C(=O)C=CC1=O,0,ChEMBL_neg
CCN1CC(C(=O)NC(Cc2cc(F)cc(F)c2)C(O)C2CC(OCc3ccccc3)CN2)CC1=O,0,ChEMBL_neg
CCN1CC(C)(C)CSC1=Nc1ccccc1C(C)C,0,ChEMBL_neg
CCN1CCC2(C)c3cc(OC(=O)NC(C)(C)C)ccc3CC12,0,ChEMBL_neg
CCN1CCC2(C)c3cc(OC(=O)NC(C)c4ccccc4)ccc3CC12,0,ChEMBL_neg
CCN1CCc2c(c3cc(C)ccc3n2CC(O)Cn2c3ccccc3c3ccccc32)C1,0,ChEMBL_neg
CCN1CCc2c(c3ccccc3n2CCC(=O)N2c3ccccc3Sc3ccccc32)C1,0,ChEMBL_neg
CCN1CCc2cc(C)cc3c2C1Cc1ccc(O)c(O)c1-3,0,ChEMBL_neg
CCN=C1CCc2c1n(C)c1ccc(OC(=O)NC)cc21,0,ChEMBL_neg
CCN=C1CCc2c1n(C)c1ccccc21,0,ChEMBL_neg
CCNC(=O)N1CC2CC1CN2c1nc(-c2cnn(C)c2)ncc1C#N,0,ChEMBL_neg
CCNC(=O)Oc1ccc2c(c1)C(N)CC2,0,ChEMBL_neg
CCNC(=O)c1cnc(-c2ccc(C)cc2)c(-c2ccc(C)cc2)n1,0,ChEMBL_neg
CCNC(=O)c1nn(-c2ccc(Cl)cc2Cl)c(-c2ccc(Cl)cc2)c1C,0,ChEMBL_neg
CCNC12CC3CC(C)(CC(C)(C3)C1)C2,0,ChEMBL_neg
CCNC1CCc2ccc(OC(=O)N(C)C)cc21,0,ChEMBL_neg
CCNCCC(=O)NCCC(=O)O,0,ChEMBL_neg
CCNNC(=O)c1nn(-c2ccc(Cl)cc2Cl)c(-c2ccc(Cl)cc2)c1C,0,ChEMBL_neg
CCNc1cc(C(=O)NC(C(C)C)C(O)CNCc2cccc(OC)c2)cc(N2CCCCS2(=O)=O)c1,0,ChEMBL_neg
CCNc1cc(C(=O)NC(Cc2ccccc2)C(O)CNC2CCCC2)cc(N2CCCC2=O)c1,0,ChEMBL_neg
CCNc1cc(C(=O)NC(Cc2ccccc2)C(O)CNC2CCCCCC2)cc(N2CCCC2=O)c1,0,ChEMBL_neg
CCNc1cc(C(=O)NC(Cc2ccccc2)C(O)CNCC2CCCCC2)cc(N2CCCC2=O)c1,0,ChEMBL_neg
CCNc1cc(C(=O)NC(Cc2ccccc2)C(O)CNCc2ccc(OC)cc2)cc(N2CCCC2=O)c1,0,ChEMBL_neg
CCNc1cc(C(=O)NC(Cc2ccccc2)C(O)CNCc2ccccc2OC)cc(N2CCCC2=O)c1,0,ChEMBL_neg
CCNc1cc(C(=O)NC(Cc2ccccc2)C(O)CNc2ccccc2)cc(N2CCCC2=O)c1,0,ChEMBL_neg
CCNc1cc(C(=O)NC(Cn2cccn2)C(O)CNCc2cccc(OC)c2)cc(N2CCCCS2(=O)=O)c1,0,ChEMBL_neg
CCOC(=O)C1CCCN(CCCC(C)(C)S(=O)(=O)c2ccccc2)C1,0,ChEMBL_neg
CCOC(=O)CCCNc1cc(C(F)(F)F)ccc1CN1CCN(C(=O)OC(C(F)(F)F)C(F)(F)F)CC1,0,ChEMBL_neg
CCOC(=O)N1CCN(C(=O)n2cncn2)CC1,0,ChEMBL_neg
CCOC(=O)N1CCN(C(=O)n2nnc3cccnc32)CC1,0,ChEMBL_neg
CCOC(=O)Nc1cccc2c1Cc1c-2n[nH]c1-c1ccsc1,0,ChEMBL_neg
CCOC(=O)Nc1ccnc(N2CCc3ccccc3C2)c1,0,ChEMBL_neg
CCOC(=O)OC(C)OC(=O)CCCNc1cc(C(F)(F)F)ccc1CN1CCN(C(=O)OC(C(F)(F)F)C(F)(F)F)CC1,0,ChEMBL_neg
CCOC(=O)c1cc(-c2cccc(OC(=O)NC3CCCCC3)c2)n(-c2ccc(C)cc2)n1,0,ChEMBL_neg
CCOC(=O)c1cc(-c2cccc(OC(=O)NC3CCCCC3)c2)n(-c2ccc(Cl)cc2)n1,0,ChEMBL_neg
CCOC(=O)c1cc(-c2cccc(OC(=O)NC3CCCCC3)c2)n(-c2ccccc2)n1,0,ChEMBL_neg
CCOC(=O)c1cc2cc(O)ccc2oc1=O,0,ChEMBL_neg
CCOC(=O)c1cc2ccc(OC3CCCCCC3)cc2oc1=O,0,ChEMBL_neg
CCOC(=O)c1cc2cccc(O)c2oc1=O,0,ChEMBL_neg
CCOC(=O)c1ccc(NC(=O)c2cc3ccccc3oc2=O)cc1,0,ChEMBL_neg
CCOC(=O)c1cnn2cccc(CN3CCN(c4ccc(Cl)cc4)CC3)c12,0,ChEMBL_neg
CCOC12CCC(C(=O)C1)C1C(=O)N(CCCCN3CCN(c4ccccc4OC)CC3)C(=O)C12,0,ChEMBL_neg
CCOC1CC(c2ccccc2)=NN1c1ccc([N+](=O)[O-])cc1,0,ChEMBL_neg
CCOCCCN1CC(C(=O)NC(Cc2cc(F)cc(F)c2)C(O)C2CC(OCc3ccccc3)CN2)CC1=O,0,ChEMBL_neg
CCOc1c(F)cc2nc(O)c(O)nc2c1[N+](=O)[O-],0,ChEMBL_neg
CCOc1cc(C(=O)NC(Cc2ccccc2)C(O)CNC(C)C(=O)NC2CCCCC2)cc(N2CCCC2)c1,0,ChEMBL_neg
CCOc1cc2c(c(C(F)(F)F)c1)C(=O)N1CCNCC21,0,ChEMBL_neg
CCOc1ccc(-c2ccc(-c3ccccc3)n2CC(=O)NC(=N)N)cc1,0,ChEMBL_neg
CCOc1ccc(C2CNC(=O)CS2)cc1,0,ChEMBL_neg
CCOc1ccc(C2CNCCS2)cc1,0,ChEMBL_neg
CCOc1ccc(C=C2SC(=O)N(CCN)C2=O)cc1,0,ChEMBL_neg
CCOc1ccccc1-c1ccc2c(c1)N1CCNCCC1C2,0,ChEMBL_neg
CCOc1ccccc1CNC(=O)c1oc2ccc(S(=O)(=O)N3CC(C)CC(C)C3)cc2c1C,0,ChEMBL_neg
CCOc1ccccc1N1CCN(CCCC(=O)NCc2nc3cc(F)ccc3c(=O)n2-c2ccc(OC)cc2)CC1,0,ChEMBL_neg
CCOc1ccccc1N1CCN(CCCC(=O)NCc2nc3ccc(F)cc3c(=O)n2-c2ccc(OC)cc2)CC1,0,ChEMBL_neg
CCOc1nc(NC(=O)C(C)(C)NC(=O)c2ccc3c(C4CCCC4)c(-c4ccc(F)cn4)n(C)c3c2)ccc1C=CC(=O)O,0,ChEMBL_neg
CCS(=O)(=O)NC(C)c1ccc(S(=O)(=O)c2ccc(OC)cc2S(=O)(=O)c2ccc(OC)cc2)cc1,0,ChEMBL_neg
CCS(=O)(=O)Nc1cccc2c1Cc1c-2n[nH]c1-c1ccsc1,0,ChEMBL_neg
CCS(=O)(=O)n1c2c(c3cc(C(=O)N4CCC(C)CC4)ccc31)CN(CCC1CCCCC1)C2,0,ChEMBL_neg
CCSc1nc(-c2ccc(OC)cc2)nn1C(=O)N(C)c1ccccc1,0,ChEMBL_neg
CCSc1nsc(NC(=O)Nc2cccc(C(C)=O)c2)n1,0,ChEMBL_neg
CC[N+](C)(CC)CCC[n+]1c(-c2ccccc2)c2cc(N)ccc2c2ccc(N)cc21,0,ChEMBL_neg
CC[N+](C)(CC)CCSC(=NO)C(=O)c1ccc(F)cc1,0,ChEMBL_neg
CCc1c(-c2nnnn2C2CCCC2)nn(-c2ccc(Cl)cc2Cl)c1-c1ccc(Br)cc1,0,ChEMBL_neg
CCc1cc(Cl)c2c(c1)C1CNCCN1C2=O,0,ChEMBL_neg
CCc1cc2nc(O)c(O)nc2cc1CC,0,ChEMBL_neg
CCc1cc2nc(O)c(O)nc2cc1Cl,0,ChEMBL_neg
CCc1ccc(-c2ccc3c(c2)-c2[nH]ncc2S(=O)(=O)N3C)cc1,0,ChEMBL_neg
CCc1ccc(CCOc2ccc(CC3SC(=O)NC3=O)cc2)nc1,0,ChEMBL_neg
CCc1ccc(CN2C(=O)C=CC2=O)cc1,0,ChEMBL_neg
CCc1ccc(Cl)c2c1C1CNCCN1C2=O,0,ChEMBL_neg
CCc1ccc(N2C(=O)C=CC2=O)cc1,0,ChEMBL_neg
CCc1ccc(NC(=N)Nc2ccc(CC)cc2)cc1,0,ChEMBL_neg
CCc1ccc(NC(=O)c2cc3ccccc3oc2=O)cc1,0,ChEMBL_neg
CCc1cccc(CC)c1NC(=O)Oc1ccc2c(c1)C1(C)CCN(C)C1N2C,0,ChEMBL_neg
CCc1cccc(N2C(=O)C=CC2=O)c1,0,ChEMBL_neg
CCc1ccccc1N1C(=O)C=CC1=O,0,ChEMBL_neg
CCn1ncc(-c2nc3c(NC4CCN(CC(C)C)C4=O)ncnc3n2C)c1C,0,ChEMBL_neg
CN(C(=N)Nc1cc([S+](C)[O-])ccc1Cl)c1cccc([S+](C)[O-])c1,0,ChEMBL_neg
CN(C(=O)Oc1ccc2c(c1)C(N)CC2)C1CCCCC1,0,ChEMBL_neg
CN(C)C(=O)NC1CCC(CCN2CCN(c3cccc(Cl)c3Cl)CC2)CC1,0,ChEMBL_neg
CN(C)C(=O)Oc1ccc2c(c1)C(N(C)C)CC2,0,ChEMBL_neg
CN(C)C(=O)Oc1ccc2c(c1)C(N)CCC2,0,ChEMBL_neg
CN(C)C(=O)Oc1ccc2c(c1)CC(N)CC2,0,ChEMBL_neg
CN(C)C(=O)c1cc(-c2ccc(Cl)cc2)c(-c2ccc(Cl)cc2Cl)nc1Cl,0,ChEMBL_neg
CN(C)C12CC3CC(C)(CC(C)(C3)C1)C2,0,ChEMBL_neg
CN(C)C12CC3CC(CC(C3)C1)C2,0,ChEMBL_neg
CN(C)C1CCC(c2c[nH]c3ccc(C#N)cc23)C1,0,ChEMBL_neg
CN(C)C1CCC(c2c[nH]c3ccc(F)cc23)C1,0,ChEMBL_neg
CN(C)C1CCCN(c2ccc(C(F)(F)F)cc2NC(=O)c2cc(C#Cc3cnc(N)nc3)ccc2F)C1,0,ChEMBL_neg
CN(C)C1Cc2cccc3ncn(c23)C1,0,ChEMBL_neg
CN(C)CC1CC2c3ccccc3COc3ccccc3C2O1,0,ChEMBL_neg
CN(C)CCCN1c2ccccc2Sc2ccccc21,0,ChEMBL_neg
CN(C)CCCc1ccc(C(F)(F)F)c(Nc2ncc3c(n2)-c2ccc(Cl)cc2NC(=S)C3)c1,0,ChEMBL_neg
CN(C)CCCc1ccc(OC(F)(F)F)c(Nc2ncc3c(n2)-c2ccc(Cl)cc2NC(=S)C3)c1,0,ChEMBL_neg
CN(C)CCOc1ccc(C=Cc2cc(-c3cc4c(=O)[nH]cnc4[nH]3)ccn2)cc1,0,ChEMBL_neg
CN(C)CCSC(=NO)C(=O)c1ccc(Br)cc1,0,ChEMBL_neg
CN(C)CCSc1nc(C(C)(C)C)cs1,0,ChEMBL_neg
CN(C)CCc1c[nH]c2cc(O)ccc12,0,ChEMBL_neg
CN(C)Cc1cc2c(cc1OC(=O)Nc1ccccc1)C1(C)CCN(C)C1N2C,0,ChEMBL_neg
CN(C)Cc1ccc(CSCCCCCCCCCCSCc2ccc(CN(C)C)o2)o1,0,ChEMBL_neg
CN(C)Cc1ccc(CSCCN=CNCCSCc2ccc(CN(C)C)o2)o1,0,ChEMBL_neg
CN(C)Cc1ccc(CSCCNC(=O)CSCc2ccc(CN(C)C)o2)o1,0,ChEMBL_neg
CN(C)Cc1ccc(CSCCNC(=O)NCCSCc2ccc(CN(C)C)o2)o1,0,ChEMBL_neg
CN(C)Cc1ccc(CSCCNc2cc(NCc3ccccn3)c([N+](=O)[O-])cc2[N+](=O)[O-])o1,0,ChEMBL_neg
CN(C)Cc1ccc(CSCCNc2cccc(F)c2C#N)o1,0,ChEMBL_neg
CN(C)Cc1ccc(CSCc2ccc(CN(C)C)o2)o1,0,ChEMBL_neg
CN(C)Cc1ccc(CSCc2cccc(CSCc3ccc(CN(C)C)o3)c2)o1,0,ChEMBL_neg
CN(C)Cc1ccc(CSCc2ccccc2CSCc2ccc(CN(C)C)o2)o1,0,ChEMBL_neg
CN(C)c1ccc(C(=C2C=CC(=[N+](C)C)C=C2)c2ccc(N(C)C)cc2)cc1,0,ChEMBL_neg
CN(C)c1ccc(C=C2SC(=O)N(CCN)C2=O)cc1,0,ChEMBL_neg
CN(C)c1cccc(CNCC(O)C(Cc2ccccc2)NC(=O)C2CC(=O)N(Cc3ccccc3)C2)c1,0,ChEMBL_neg
CN(CCCCCCCOc1ccc2c(c1)OC(=Cc1cccc3ccccc13)C2=O)Cc1cccc(O)c1,0,ChEMBL_neg
CN(CCCCc1ccccc1)c1nc2c(c(=O)n(C)c(=O)n2C)n1C,0,ChEMBL_neg
CN(CCNc1cc(Cl)ccc1CN1CCN(C(=O)OC(C(F)(F)F)C(F)(F)F)CC1)CC(=O)O,0,ChEMBL_neg
CN(CCOc1ccc(CC2SC(=O)NC2=O)cc1)c1ccccn1,0,ChEMBL_neg
CN(CCc1ccc(Cl)c(Cl)c1)CCN1CCCCCC1,0,ChEMBL_neg
CN(CCc1ccccc1)c1nc2c(c(=O)n(C)c(=O)n2C)n1C,0,ChEMBL_neg
CN(CCn1cc[n+](C)c1C=NO)S(C)(=O)=O,0,ChEMBL_neg
CN(c1cc(C(=O)Cc2ccccc2)cc(C(=O)NC(Cc2ccccc2)C(O)CNC2CC2)c1)S(C)(=O)=O,0,ChEMBL_neg
CN(c1cc(C(=O)NC(CO)Cc2cc(F)cc(F)c2)cc(NCC2CC2)n1)S(C)(=O)=O,0,ChEMBL_neg
CN(c1cc(C(=O)NC(Cc2ccccc2)C(O)CNC2CC2)cc(C(O)Cc2ccccc2)c1)S(C)(=O)=O,0,ChEMBL_neg
CN(c1cc(C(=O)NC(Cc2ccccc2)C(O)CNC2CC2)cc(C(O)c2ccccc2)c1)S(C)(=O)=O,0,ChEMBL_neg
CN(c1cc(Cc2ccccc2)cc(C(=O)NC(Cc2ccccc2)C(O)CNC2CC2)c1)S(C)(=O)=O,0,ChEMBL_neg
CN(c1cc2cc(c1)C(=O)NC(CO)Cc1cccc(c1)OCCNC2=O)S(C)(=O)=O,0,ChEMBL_neg
CN(c1cc2cc(c1)C(C(F)(F)F)NC(c1ccccc1)CCc1cccc(c1)CC(C)(N)C(=O)OC2)S(C)(=O)=O,0,ChEMBL_neg
CN(c1cc2cc(n1)CCC(c1ccccc1)CCc1cccc(c1)CC(C)(N)C(=O)OC2)S(C)(=O)=O,0,ChEMBL_neg
CN(c1cc2cc(n1)CCCCCc1cccc(c1)CC(C)(N)C(=O)OC2)S(C)(=O)=O,0,ChEMBL_neg
CN(c1cc2cc(n1)N(CC1CC1)CCCCc1cccc(c1)CC(C)(N)C(=O)OC2)S(C)(=O)=O,0,ChEMBL_neg
CN(c1cc2cc(n1)N(Cc1ccccc1)CCCCc1cccc(c1)CC(C)(N)C(=O)OC2)S(C)(=O)=O,0,ChEMBL_neg
CN1C(=N)N(C)C(=Cc2c[nH]c3cccc(Br)c23)C1=O,0,ChEMBL_neg
CN1C(=N)NC(=Cc2c[nH]c3c(Br)cccc23)C1=O,0,ChEMBL_neg
CN1C(=N)NC(=Cc2c[nH]c3cccc(Br)c23)C1=O,0,ChEMBL_neg
CN1C(=N)NC(=Cc2c[nH]c3ccccc23)C1=O,0,ChEMBL_neg
CN1C(=N)NC(=O)C1=Cc1c[nH]c2c(Br)cccc12,0,ChEMBL_neg
CN1C(=N)NC(=O)C1=Cc1c[nH]c2cc(Br)ccc12,0,ChEMBL_neg
CN1C(=N)NC(=O)C1=Cc1c[nH]c2ccc(Br)cc12,0,ChEMBL_neg
CN1C(=N)NC(=O)C1=Cc1c[nH]c2cccc(Br)c12,0,ChEMBL_neg
CN1C(=N)NC(=O)C1=Cc1c[nH]c2ccccc12,0,ChEMBL_neg
CN1C(=O)C(=Cc2ccc(Cl)cc2)SC1=S,0,ChEMBL_neg
CN1C(=O)C=CC1=O,0,ChEMBL_neg
CN1C(=O)CC(C)(CCc2cccc(-c3ccccc3)c2)N=C1N,0,ChEMBL_neg
CN1C(=O)CC(C)(CCc2ccccc2)N=C1N,0,ChEMBL_neg
CN1C(=O)CC(C)(c2ccc(Cl)c(Cl)c2)N=C1N,0,ChEMBL_neg
CN1C(=O)CC(C)(c2ccccc2)N=C1N,0,ChEMBL_neg
CN1C2CCC1CC(OC(c1ccccc1)c1ccc(Cl)cc1)C2,0,ChEMBL_neg
CN1CC(C(=O)NC2(C)OC3(O)C4CCCN4C(=O)C(Cc4ccccc4)N3C2=O)CC2c3cccc4[nH]cc(c34)CC21,0,ChEMBL_neg
CN1CCC(=C2Cc3ccccc3C2=O)CC1,0,ChEMBL_neg
CN1CCC(C2Cc3ccccc3C2=O)CC1,0,ChEMBL_neg
CN1CCC(CC2=Cc3ccccc3C2)CC1,0,ChEMBL_neg
CN1CCC(NC(=O)c2ccc(-c3ccc(-n4c(=O)ccc5cnc6ccc(-c7cnc8ccccc8c7)cc6c54)cc3C(F)(F)F)cc2)CC1,0,ChEMBL_neg
CN1CCC(NC2=Nc3cccnc3Nc3ccc(Cl)cc32)CC1,0,ChEMBL_neg
CN1CCC(c2c[nH]c3ccc(NC(=O)c4ccc(F)cc4)nc23)CC1,0,ChEMBL_neg
CN1CCC2(C)c3cc(OC(=O)NC(C)(C)C)ccc3N(C)C12,0,ChEMBL_neg
CN1CCC2(C)c3cc(OC(=O)NCCCCCN4CCOCC4)ccc3N(C)C12,0,ChEMBL_neg
CN1CCC2(C)c3cc(OC(=O)NCCCCN4CCOCC4)ccc3N(C)C12,0,ChEMBL_neg
CN1CCC2(C)c3cc(OC(=O)NCCCN4CCOCC4)ccc3N(C)C12,0,ChEMBL_neg
CN1CCC23CCCCC2C1Cc1ccc(N)cc13,0,ChEMBL_neg
CN1CCCC(c2cccc(C#N)c2)C1,0,ChEMBL_neg
CN1CCCN(C2=Nc3cccnc3Nc3ccc(Cl)cc32)CC1,0,ChEMBL_neg
CN1CCCc2cc(O)ccc2Cc2ccccc2C1,0,ChEMBL_neg
CN1CCCc2cc3c(cc2-c2ccccc2CC1)OCO3,0,ChEMBL_neg
CN1CCN(C(=O)CNC2CC2c2ccc(-c3cc(F)ccc3C(F)(F)F)cc2)CC1,0,ChEMBL_neg
CN1CCN(C(=O)c2cc(-c3ccc(O)cc3)n(-c3ccccc3)n2)CC1,0,ChEMBL_neg
CN1CCN(C(=O)c2ccc3c(c2)[nH]c2c(C(N)=O)ccc(-c4cccc(NC(=O)c5ccc(N(C)C)cc5)c4F)c23)CC1,0,ChEMBL_neg
CN1CCN(C2=Nc3cccnc3Nc3ccc(Cl)cc32)CC1,0,ChEMBL_neg
CN1CCN(CC(=O)Nc2cccc3c2Cc2c-3n[nH]c2-c2ccsc2)CC1,0,ChEMBL_neg
CN1CCN(CCCC(=O)c2ccc(-c3ccc(N4CC(Cn5ccnn5)OC4=O)cc3F)cn2)CC1,0,ChEMBL_neg
CN1CCN(CCCC(O)c2ccc(-c3ccc(N4CC(Cn5ccnn5)OC4=O)cc3F)cn2)CC1,0,ChEMBL_neg
CN1CCN(CCc2c[nH]c3cccc(O)c23)CC1,0,ChEMBL_neg
CN1CCN(Cc2cc(NC(=O)c3ccc(Cl)c(C#Cc4cnc5ccnn5c4)c3)cc(C(F)(F)F)c2)CC1,0,ChEMBL_neg
CN1CCN(Cc2ccc(CNCCN3CCNC3=C(C#N)C#N)o2)CC1,0,ChEMBL_neg
CN1CCN(Cc2ccc(NC(=O)CNc3ccc(-c4ccc(NC(=O)C5CC5)nc4)cc3F)cc2C(F)(F)F)CC1,0,ChEMBL_neg
CN1CCN(Cc2ccc3c(c2)Cc2c(-c4ccc(CNC(=O)Nc5ccccc5C(F)(F)F)s4)n[nH]c2-3)CC1,0,ChEMBL_neg
CN1CCN2C(=O)c3c(cccc3C(F)(F)F)C2C1,0,ChEMBL_neg
CN1CCc2c(Cl)c(O)c(O)c(Cl)c2C(c2ccccc2)C1,0,ChEMBL_neg
CN1CCc2c3c(cc4nc(N)sc24)-c2c(ccc(O)c2O)CC31,0,ChEMBL_neg
CN1CCc2cc(N)cc3c2C1Cc1cccc(N)c1-3,0,ChEMBL_neg
CN1CCc2cc(O)c(O)cc2C1,0,ChEMBL_neg
CN1CCc2cc(O)c(O)cc2C1Cc1ccc(O)c(O)c1,0,ChEMBL_neg
CN1CCc2cc(OCCF)cc3c2C1Cc1ccc(O)c(O)c1-3,0,ChEMBL_neg
CN1CCc2cc(SCCN)cc3c2C1Cc1ccc(O)c(O)c1-3,0,ChEMBL_neg
CN1CCc2cc(Sc3ccccc3)cc3c2C1Cc1ccc(O)c(O)c1-3,0,ChEMBL_neg
CN1CCc2ccccc2C1,0,ChEMBL_neg
CN=C1CCc2c1n(C)c1ccc(OC(=O)NC)cc21,0,ChEMBL_neg
CN=C1CCc2c1n(C)c1ccc(OC(=O)NCc3ccccc3)c(Br)c21,0,ChEMBL_neg
CN=C1NC(=Cc2c[nH]c3c(Br)cccc23)C(=O)N1C,0,ChEMBL_neg
CN=C1NC(=Cc2c[nH]c3cc(Br)ccc23)C(=O)N1C,0,ChEMBL_neg
CN=C1NC(=Cc2c[nH]c3ccc(Br)cc23)C(=O)N1C,0,ChEMBL_neg
CN=C1NC(=Cc2c[nH]c3cccc(Br)c23)C(=O)N1C,0,ChEMBL_neg
CN=C1NC(=Cc2c[nH]c3ccccc23)C(=O)N1C,0,ChEMBL_neg
CN=C1NC(=O)C(=Cc2c[nH]c3c(Br)cccc23)N1C,0,ChEMBL_neg
CN=C1NC(=O)C(=Cc2c[nH]c3cc(Br)ccc23)N1,0,ChEMBL_neg
CN=C1NC(=O)C(=Cc2c[nH]c3cccc(Br)c23)N1C,0,ChEMBL_neg
CN=C1NC(=O)C(=Cc2c[nH]c3ccccc23)N1C,0,ChEMBL_neg
CN=c1c(O)c(O)c1=NCCNCc1ccc(CN2CCCCC2)o1,0,ChEMBL_neg
CNC(=O)Oc1ccc2c(c1)C1(C)CCN(Cc3ccccc3)C1N2Cc1ccccc1,0,ChEMBL_neg
CNC(=O)Oc1cccc(CN(C)CCCCCCCOc2ccc3c(c2)CC(=Cc2cc(OC)c(OC)c(OC)c2)C3=O)c1,0,ChEMBL_neg
CNC(=O)Oc1cccc(CN(C)CCCCCCCOc2ccc3c(c2)CCC(=Cc2cc(OC)c(OC)c(OC)c2)C3=O)c1,0,ChEMBL_neg
CNC(=O)Oc1cccc(CN(C)CCCCCCCOc2ccc3c(c2)OC(=Cc2c4ccccc4cc4ccccc24)C3=O)c1,0,ChEMBL_neg
CNC(=O)Oc1cccc(CN(C)CCCCCCCOc2ccc3c(c2)OC(=Cc2cc(Cl)cc(Cl)c2)C3=O)c1,0,ChEMBL_neg
CNC(=O)Oc1cccc(CN(C)CCCCCCCOc2ccc3c(c2)OC(=Cc2ccc(Cl)c(Cl)c2)C3=O)c1,0,ChEMBL_neg
CNC(=O)Oc1cccc(CN(C)CCCCCCCOc2ccc3c(c2)OC(=Cc2cccc4ccccc24)C3=O)c1,0,ChEMBL_neg
CNC(=O)Oc1cccc(CN(C)CCCCCCCOc2ccc3c(c2)OC(=Cc2ccccc2)C3=O)c1,0,ChEMBL_neg
CNC(=O)Oc1cccc(CN(C)CCCCCCCOc2ccc3c(c2)OCC(=Cc2cc(OC)c(OC)c(OC)c2)C3=O)c1,0,ChEMBL_neg
CNC(=O)Oc1cccc(CN(C)CCCCCCCOc2ccc3c(c2)OCC3=O)c1,0,ChEMBL_neg
CNC(=O)Oc1cccc(CN(C)CCCOc2ccc3c(c2)OC(=Cc2cc(OC)c(OC)c(OC)c2)C3=O)c1,0,ChEMBL_neg
CNC(=O)Oc1cccc(CN(C)CCCOc2ccc3c(c2)OC(=Cc2ccc4ccccc4c2)C3=O)c1,0,ChEMBL_neg
CNC(=O)Oc1cccc(CN(C)CCCOc2ccc3c(c2)OC(=Cc2cccc4ccccc24)C3=O)c1,0,ChEMBL_neg
CNC(=O)c1cnc(-c2ccc(C)cc2)c(-c2ccc(C)cc2)n1,0,ChEMBL_neg
CNC(NCCNCc1ccc(CN(C(C)C)C(C)C)o1)=C(C#N)C#N,0,ChEMBL_neg
CNC(c1cccc2nc(O)c(O)nc12)P(=O)(O)O,0,ChEMBL_neg
CNC12CC3CC(C)(CC(C)(C3)C1)C2,0,ChEMBL_neg
CNC12CC3CC(CC(C3)C1)C2,0,ChEMBL_neg
CNC1CCc2ccc(OC(=O)N(C)C)cc21,0,ChEMBL_neg
CNCCc1cn2c3c(cc(F)cc13)CCC2C,0,ChEMBL_neg
CNCc1cc(=O)oc2cc(OCc3cccc(Cl)c3)ccc12,0,ChEMBL_neg
CNNC(=O)c1nn(-c2ccc(Cl)cc2Cl)c(-c2ccc(Cl)cc2)c1C,0,ChEMBL_neg
CNS(=O)(=O)Cc1ccc2[nH]cc(CCN3CCC(CNCc4ccccc4)C3)c2c1,0,ChEMBL_neg
CNS(=O)(=O)c1cc(Cl)ccc1S(=O)(=O)c1ccc(C(C)NS(C)(=O)=O)cc1,0,ChEMBL_neg
CNc1cncc(-c2c[nH]c(=O)c(NC(=O)c3ccc(N4CCCC4CN4CCCC4)cc3)c2)c1,0,ChEMBL_neg
CNc1nccc(-c2cccnc2Oc2ccc(NC(=O)c3cccc(C(F)(F)F)c3)cc2C)n1,0,ChEMBL_neg
CNc1ncnc(-c2cccnc2Oc2cc(NC(=O)c3cccc(OC(F)(F)C(F)F)c3)ccc2C)n1,0,ChEMBL_neg
CNc1noc2c(-c3ccc4c(N5CCOCC5C)nncc4c3)c(C)ccc12,0,ChEMBL_neg
COC(=O)C(=O)Nc1cccc2c1Cc1c-2n[nH]c1-c1ccsc1,0,ChEMBL_neg
COC(=O)C1CC(NC(=O)C(NC(=O)CC(O)C(CC(C)C)NC(=O)C(CCSC)NC(=O)C(NC(=O)OC(C)(C)C)C(C)C)C(C)C)CC(C(=O)OC)C1,0,ChEMBL_neg
COC(=O)C1CC(NC(=O)C(NC(=O)CC(O)C(CC(C)C)NC(=O)C(O)c2cccc3ccccc23)C(C)C)CC(C(=O)OC)C1,0,ChEMBL_neg
COC(=O)CCCCC(=O)NC(CC(C)C)C(O)CC(=O)NC(C(=O)NC(C)C(=O)NC(CCC(=O)O)C(=O)NC(Cc1ccccc1)C(=O)O)C(C)C,0,ChEMBL_neg
COC(=O)CCCNC(=O)C(NC(=O)CC(O)C(CC(C)C)NC(=O)C(CCSC)NC(=O)C(NC(=O)OC(C)(C)C)C(C)C)C(C)C,0,ChEMBL_neg
COC(=O)Cc1c(C)n(C(=O)c2ccc(Cl)cc2)c2ccc(OC)cc12,0,ChEMBL_neg
COC(=O)Cn1nnc(Cc2ccc(-c3ccccc3)cc2)n1,0,ChEMBL_neg
COC(=O)Nc1nc2cc(C(=O)c3cccs3)ccc2[nH]1,0,ChEMBL_neg
COC(=O)c1cc(-c2cccc(OC(=O)NC3CCCCC3)c2)n(-c2ccccc2)n1,0,ChEMBL_neg
COC(=O)c1cc(O)c(-c2cc(C)cc(C)c2)c(O)c1,0,ChEMBL_neg
COC(=O)c1cc(O)c(-c2cc(C)cc(C)c2)c(OC)c1,0,ChEMBL_neg
COC(=O)c1ccc(CNc2nc3ccccc3n2Cc2ccc(Cl)cc2)cc1,0,ChEMBL_neg
COC(=O)c1ccc(Cc2nc3ccccc3n2Cc2ccc(Cl)cc2)cc1,0,ChEMBL_neg
COC(=O)c1ccc(Nc2nc3ccccc3n2Cc2ccc(Cl)cc2)cc1,0,ChEMBL_neg
COC(=O)c1cccc(CSc2nc3ccccc3n2Cc2ccc(Cl)cc2)c1,0,ChEMBL_neg
COC(=O)c1coc2ccc(OCc3cccc(Br)c3)cc2c1=O,0,ChEMBL_neg
COC(C(=O)NC(CC(C)C)C(O)CC(=O)NC(C(=O)NC(C)C(=O)NC(CCC(=O)O)C(=O)NC(Cc1ccccc1)C(=O)O)C(C)C)c1ccccc1,0,ChEMBL_neg
COC(C)(C(=O)NC(CC(C)C)C(O)CC(=O)NC(C(=O)NC(C)C(=O)NC(CCC(=O)O)C(=O)NC(Cc1ccccc1)C(=O)O)C(C)C)c1ccccc1,0,ChEMBL_neg
COC(C)c1ccc(-c2ccc(N3CC(Cn4ccnn4)OC3=O)cc2F)cn1,0,ChEMBL_neg
COC1CC(OC2CC(C3OC(C)(O)C(C)CC3C)OC2C2(C)CCC(C3(C)CCC4(CC(O)C(C)C(C(C)C5OC(O)(CC(=O)O)C(C)C(OC)C5OC)O4)O3)O2)OC(C)C1OC,0,ChEMBL_neg
COC1CCCN(Cc2ccc(CNCCN3CCNC3=C(C#N)C#N)o2)C1,0,ChEMBL_neg
COC1Cc2ccccc2C2(CCN(Cc3ccccc3)CC2)O1,0,ChEMBL_neg
COCC(=O)Nc1cccc2c1Cc1c-2n[nH]c1-c1ccsc1,0,ChEMBL_neg
COCCCN1CC(C(=O)NC(Cc2cc(F)cc(F)c2)C(O)C2CC(OCc3ccccc3)CN2)CC1=O,0,ChEMBL_neg
COCCCNC(=O)c1cc(NC(=O)Nc2cc(C(F)(F)F)cc(C(F)(F)F)c2)ccc1N(C)C,0,ChEMBL_neg
COCCOCC(=O)Nc1cccc2c1Cc1c-2n[nH]c1-c1csc(C#CCOc2ccccc2)c1,0,ChEMBL_neg
COC[n+]1c(C=NO)n(C)c2ccccc21,0,ChEMBL_neg
COC[n+]1ccn(C)c1C=NO,0,ChEMBL_neg
COCc1ccc(-c2ccc(N3CC(Cn4ccnn4)OC3=O)cc2F)cn1,0,ChEMBL_neg
CON=Cc1c(N)ncnc1N1CCN(C(=O)Nc2ccc(OC(C)C)cc2)CC1,0,ChEMBL_neg
COc1c(-c2nc(CNCC3CCN(Cc4ccccc4)C3)co2)cc(Br)c2ccccc12,0,ChEMBL_neg
COc1c(C(=O)NCCN2CCN(c3ccc([N+](=O)[O-])cc3)CC2)cc(Br)c2ccccc12,0,ChEMBL_neg
COc1c(C(=O)NCCN2CCN(c3cccc(C)c3)CC2)cc(Br)c2ccccc12,0,ChEMBL_neg
COc1c(C(=O)NCCN2CCN(c3cccc(C)c3C)CC2)cc(Br)c2ccccc12,0,ChEMBL_neg
COc1c(C(=O)NCCN2CCN(c3cccc([N+](=O)[O-])c3)CC2)cc(Br)c2ccccc12,0,ChEMBL_neg
COc1c(C(=O)NCCN2CCN(c3ccccc3)CC2)cc(Br)c2ccccc12,0,ChEMBL_neg
COc1c(C(=O)NCCN2CCN(c3ccccc3)CC2)cc(Cl)c2ccccc12,0,ChEMBL_neg
COc1c(C(=O)NCCN2CCN(c3ccccc3)CC2)ccc2ccccc12,0,ChEMBL_neg
COc1c(F)cc2nc(O)c(O)nc2c1[N+](=O)[O-],0,ChEMBL_neg
COc1c(O)cc2oc3c(O)cccc3c(=O)c2c1O,0,ChEMBL_neg
COc1c(O)cc2oc3c(OC)c(O)ccc3c(=O)c2c1O,0,ChEMBL_neg
COc1c(O)cc2oc3c(OC)cccc3c(=O)c2c1O,0,ChEMBL_neg
COc1c(O)ccc2c(=O)c3ccccc3oc12,0,ChEMBL_neg
COc1c(O)ccc2c(C)cc(=O)oc12,0,ChEMBL_neg
COc1c(O)ccc2c3c(c(=O)oc12)CCC3,0,ChEMBL_neg
COc1c(OC)c(OC)c2c(C)nccc2c1OC,0,ChEMBL_neg
COc1c(OC2CCCC2=O)ccc2ccc(=O)oc12,0,ChEMBL_neg
COc1c(OC2CCCCC2=O)ccc2c(C)cc(=O)oc12,0,ChEMBL_neg
COc1c(OCC(C)=O)ccc2c1oc(=O)c1ccccc12,0,ChEMBL_neg
COc1c(OCC(C)=O)ccc2cc(NC(C)=O)c(=O)oc12,0,ChEMBL_neg
COc1c(OCCF)cccc1C(=O)C1CCN(CCc2ccc(C)cc2)CC1,0,ChEMBL_neg
COc1c(OCCF)cccc1C(=O)C1CCN(CCc2ccc(F)cc2)CC1,0,ChEMBL_neg
COc1c(OCCF)cccc1C(O)C1CCN(CCc2ccc(C)cc2)CC1,0,ChEMBL_neg
COc1c2c(c(OC)c(OC)c1OC)C(C)=NCC2,0,ChEMBL_neg
COc1c2c(c(OC)c(OC)c1OC)C(C)NCC2,0,ChEMBL_neg
COc1c2c(c(OC)c(OC)c1OC)CN(C)CC2,0,ChEMBL_neg
COc1c2c(c(OC)c(OC)c1OC)CNCC2,0,ChEMBL_neg
COc1c2ccc(=O)oc2cc2occ(C)c12,0,ChEMBL_neg
COc1c2oc(=O)c(N)cc2cc2c(C)coc12,0,ChEMBL_neg
COc1c2occc2cc2cc(N)c(=O)oc12,0,ChEMBL_neg
COc1c2occc2cc2ccc(=O)oc12,0,ChEMBL_neg
COc1cc(-c2cc3cc(C)cc(Br)c3oc2=O)cc(OC)c1OC,0,ChEMBL_neg
COc1cc(-c2ccc3c(c2)Nc2ccc(CC(=O)Nc4ccc(N5CCOCC5)cc4)cc2NC3=O)ccc1N,0,ChEMBL_neg
COc1cc(-c2nc(-c3c[nH]c4ccc(O)cc34)c[nH]c2=O)cc(OC)c1OC,0,ChEMBL_neg
COc1cc(-c2nc(-c3cccc(Cl)c3)c[nH]c2=O)cc(OC)c1OC,0,ChEMBL_neg
COc1cc(C(=O)O)cc(OC)c1-c1cc(C)cc(C)c1,0,ChEMBL_neg
COc1cc(C)cc(OC)c1OC,0,ChEMBL_neg
COc1cc(C2=C(c3c[nH]c4ccc(Br)cc34)C(=O)NC2=O)cc(OC)c1OC,0,ChEMBL_neg
COc1cc(C2=C(c3c[nH]c4ccc(F)cc34)C(=O)NC2=O)cc(OC)c1OC,0,ChEMBL_neg
COc1cc(C2=C(c3c[nH]c4ccc(I)cc34)C(=O)NC2=O)cc(OC)c1OC,0,ChEMBL_neg
COc1cc(C2=C(c3c[nH]c4ccccc34)C(=O)NC2=O)cc(OC)c1OC,0,ChEMBL_neg
COc1cc(C=C2SC(=S)NC2=O)c(OC)cc1O,0,ChEMBL_neg
COc1cc(C=C2SC(=S)NC2=O)ccc1O,0,ChEMBL_neg
COc1cc(C=NNC(=O)Nc2ccc(S(C)(=O)=O)cc2)ccc1O,0,ChEMBL_neg
COc1cc(CC(=O)NC(CC(C)C)C(O)CC(=O)NC(C(=O)NC(C)C(=O)NC(CCC(=O)O)C(=O)NC(Cc2ccccc2)C(=O)O)C(C)C)cc(OC)c1OC,0,ChEMBL_neg
COc1cc(CCN(C)Cc2cccc(O)c2OC)ccc1O,0,ChEMBL_neg
COc1cc(CCNCC(O)c2ccc(O)c3[nH]c(=O)ccc23)ccc1OCCCc1ccccc1,0,ChEMBL_neg
COc1cc(CCNCC(O)c2ccc(O)c3c2OCC(=O)N3)ccc1OCCCc1ccccc1,0,ChEMBL_neg
COc1cc(CCNCCc2ccc(O)c3[nH]c(=O)ccc23)ccc1OCCCc1ccccc1,0,ChEMBL_neg
COc1cc(CNC(=N)N)cc(CNC(=N)N)c1,0,ChEMBL_neg
COc1cc(Cl)c2c(c1)C1CNCCN1C2=O,0,ChEMBL_neg
COc1cc(N)c(Cl)cc1C(=O)NC1CCN(CC2CCCCC2(O)c2cccc(O)c2)CC1OC,0,ChEMBL_neg
COc1cc(N)c(Cl)cc1C(=O)NC1CCN(CCCn2ccnc2)CC1OC,0,ChEMBL_neg
COc1cc(N)c(Cl)cc1C(=O)NC1CCN(CCCn2cncn2)CC1OC,0,ChEMBL_neg
COc1cc(N)c(Cl)cc1C(=O)NC1CCN(CCCn2ncnn2)CC1OC,0,ChEMBL_neg
COc1cc(N)c(Cl)cc1C(=O)NC1CCN(CCn2cccc2)CC1OC,0,ChEMBL_neg
COc1cc(N)c(Cl)cc1C(=O)NCCNCc1ccc(CN(C)C)o1,0,ChEMBL_neg
COc1cc(N)c(Cl)cc1C(=O)OCCN1CCN(C(=O)CNS(=O)(=O)c2cccc3c(N(C)C)cccc23)CC1,0,ChEMBL_neg
COc1cc(NC(=O)c2cc3ccc(OCc4ccc(F)cc4)cc3oc2=O)cc(OC)c1,0,ChEMBL_neg
COc1cc(NC(=O)c2cc3ccc(OCc4ccccc4)cc3oc2=O)cc(OC)c1,0,ChEMBL_neg
COc1cc(NC(=O)c2cc3ccccc3oc2=O)cc(OC)c1,0,ChEMBL_neg
COc1cc(NC(=O)c2ccc(-c3ccc(Cl)cc3)o2)cc(OC)c1,0,ChEMBL_neg
COc1cc(NC(C)CCCN)c2nccc(C)c2c1Oc1cc(Cl)c(Cl)cc1Cl,0,ChEMBL_neg
COc1cc(NC(C)CCCN)c2nccc(C)c2c1Oc1ccc(C(F)(F)F)cc1,0,ChEMBL_neg
COc1cc(NC(C)CCCN)c2nccc(C)c2c1Oc1ccc(Cl)c(Cl)c1,0,ChEMBL_neg
COc1cc(NC(C)CCCN)c2nccc(C)c2c1Oc1ccc(Cl)cc1,0,ChEMBL_neg
COc1cc(NC(C)CCCN)c2nccc(C)c2c1Oc1ccc(Cl)cc1Cl,0,ChEMBL_neg
COc1cc(NC(C)CCCN)c2nccc(C)c2c1Oc1ccc(F)c(F)c1,0,ChEMBL_neg
COc1cc(NC(C)CCCN)c2nccc(C)c2c1Oc1ccc(F)cc1,0,ChEMBL_neg
COc1cc(NC(C)CCCN)c2nccc(C)c2c1Oc1ccc(F)cc1F,0,ChEMBL_neg
COc1cc(NC(C)CCCN)c2nccc(C)c2c1Oc1cccc(Br)c1,0,ChEMBL_neg
COc1cc(NC(C)CCCN)c2nccc(C)c2c1Oc1cccc(Cl)c1,0,ChEMBL_neg
COc1cc(NC(C)CCCN)c2nccc(C)c2c1Oc1cccc(F)c1,0,ChEMBL_neg
COc1cc(NC(C)CCCN)c2nccc(C)c2c1Oc1ccccc1Br,0,ChEMBL_neg
COc1cc(NC(C)CCCN)c2nccc(C)c2c1Oc1ccccc1Cl,0,ChEMBL_neg
COc1cc(NC(C)CCCN)c2nccc(C)c2c1Oc1ccccc1F,0,ChEMBL_neg
COc1cc(NC(C)CCCN)c2ncccc2c1,0,ChEMBL_neg
COc1cc(Nc2nnc(Cc3ccncc3)c3ccccc23)ccc1Cl,0,ChEMBL_neg
COc1cc(O)c2c(=O)c3c(O)c(O)ccc3oc2c1,0,ChEMBL_neg
COc1cc(O)c2c(=O)c3c(OC)c(OC)ccc3oc2c1,0,ChEMBL_neg
COc1cc(O)c2c(=O)c3cccc(OC)c3oc2c1,0,ChEMBL_neg
COc1cc(O)c2c(c1)C=CCCCC(=O)C=CCC(C)OC2=O,0,ChEMBL_neg
COc1cc(O)c2c(c1)C=CCCCC(=O)CC(Br)CC(C)OC2=O,0,ChEMBL_neg
COc1cc(O)c2c(c1)C=CCCCC(=O)CC(Cl)CC(C)OC2=O,0,ChEMBL_neg
COc1cc(O)c2c(c1)CCCCCC(=O)C=CCC(C)OC2=O,0,ChEMBL_neg
COc1cc(O)c2c(c1)CCCCCC(=O)CC(Br)CC(C)OC2=O,0,ChEMBL_neg
COc1cc(O)c2c(c1)CCCCCC(=O)CC(Cl)CC(C)OC2=O,0,ChEMBL_neg
COc1cc(O)c2oc3c(C)ccc(OC)c3c(=O)c2c1,0,ChEMBL_neg
COc1cc(OC)c(C=CC(=O)c2c(OC)cc(OC)c(C3CCN(C)CC3)c2O)c(OC)c1,0,ChEMBL_neg
COc1cc(OC)c2c(=O)c3cccc(OC)c3oc2c1,0,ChEMBL_neg
COc1cc(OC)c2c(=O)c3ccccc3oc2c1,0,ChEMBL_neg
COc1cc(OC2CCCCC2=O)cc2oc(=O)cc(C)c12,0,ChEMBL_neg
COc1cc(OC2CCCCC2=O)cc2oc(=O)ccc12,0,ChEMBL_neg
COc1cc2[nH]c3ncnc(N4CCN(C(=S)Nc5ccc(S(=O)(=O)Nc6ncccn6)cc5)CC4)c3c2cc1OC,0,ChEMBL_neg
COc1cc2c(C)nccc2cc1O,0,ChEMBL_neg
COc1cc2c(c(C(F)(F)F)c1)C(=O)N1CCNCC21,0,ChEMBL_neg
COc1cc2c(c(OC)c1OC)C(C)=NCC2,0,ChEMBL_neg
COc1cc2c(c(OC)c1OC)C(C)N(C)CC2,0,ChEMBL_neg
COc1cc2c(c(OC)c1OC)C(C)NCC2,0,ChEMBL_neg
COc1cc2c(cc1Cl)C1CNCCN1C2=O,0,ChEMBL_neg
COc1cc2c(cc1O)C(C)=NCC2,0,ChEMBL_neg
COc1cc2c(cc1O)C(C)NCC2,0,ChEMBL_neg
COc1cc2c(cc1O)CCN(C)C2C,0,ChEMBL_neg
COc1cc2c(cc1O)CCN=C2C,0,ChEMBL_neg
COc1cc2c(cc1O)CCNC2C,0,ChEMBL_neg
COc1cc2c(cc1OC)C(C)=NCC2,0,ChEMBL_neg
COc1cc2c(cc1OC)C(C)N(C)CC2,0,ChEMBL_neg
COc1cc2c(cc1OC)C(C)NCC2,0,ChEMBL_neg
COc1cc2c(cc1OC)CC[N+](C)=C2,0,ChEMBL_neg
COc1cc2c(cc1OC)CN(C)CC2,0,ChEMBL_neg
COc1cc2c(cc1OC)SC(CC1CC[N+](C)(Cc3ccccc3)CC1)C2,0,ChEMBL_neg
COc1cc2c3c(c1)C(=O)C1=C(CCCC1)C3=NCC2,0,ChEMBL_neg
COc1cc2c3c(c1)C(O)c1ccccc1C3NCC2,0,ChEMBL_neg
COc1cc2cc(C(O)C3CC[N+](C)(Cc4ccccc4)CC3)sc2cc1OC,0,ChEMBL_neg
COc1cc2cc(C3=CC[N+](C)(Cc4ccccc4)CC3)sc2cc1OC,0,ChEMBL_neg
COc1cc2cc(C3CC[N+](C)(Cc4ccccc4)CC3O)sc2cc1OC,0,ChEMBL_neg
COc1cc2cc(C=C3CC[N+](C)(Cc4ccccc4)CC3)sc2cc1OC,0,ChEMBL_neg
COc1cc2cc(CC3CC[N+](C)(Cc4ccccc4)CC3)sc2cc1OC,0,ChEMBL_neg
COc1cc2ccnc3c2c(c1O)C(=O)c1ccccc1-3,0,ChEMBL_neg
COc1cc2ccncc2c(OC)c1OC,0,ChEMBL_neg
COc1cc2nc(O)c(O)nc2c(O)c1OC,0,ChEMBL_neg
COc1cc2nc(O)c(O)nc2c(OC(C)=O)c1OC,0,ChEMBL_neg
COc1cc2nc(O)c(O)nc2cc1OC,0,ChEMBL_neg
COc1cc2nc3c(c(N)c2cc1OC)CCCC3,0,ChEMBL_neg
COc1cc2ncnc(N3CCN(C(=S)Nc4ccc(S(=O)(=O)Nc5ncccn5)cc4)CC3)c2cc1OC,0,ChEMBL_neg
COc1cc2oc3c(OC)cccc3c(=O)c2c(OC)c1OC,0,ChEMBL_neg
COc1ccc(-c2c[nH]c3ncc(-c4ccccc4N)cc23)cc1OC,0,ChEMBL_neg
COc1ccc(-c2cc(CCCCN3CCN(C(c4ccccc4)c4ccccc4)CC3)on2)c(OC)c1,0,ChEMBL_neg
COc1ccc(-c2cc(CCCCN3CCN(C(c4ccccc4)c4ccccc4)CC3)on2)cc1OC,0,ChEMBL_neg
COc1ccc(-c2cc(CCCCN3CCN(c4ccccc4)CC3)on2)c(OC)c1,0,ChEMBL_neg
COc1ccc(-c2cc(CCCCN3CCN(c4ccccc4)CC3)on2)cc1OC,0,ChEMBL_neg
COc1ccc(-c2cc(CCCCN3CCN(c4ccccc4C)CC3)on2)cc1OC,0,ChEMBL_neg
COc1ccc(-c2cc(CCCCN3CCN(c4ccccc4F)CC3)on2)cc1OC,0,ChEMBL_neg
COc1ccc(-c2cc3c(c(=O)o2)C(=O)C2C4(C)CCC(O)C(C)(CO)C4CC(O)C2(C)O3)cc1,0,ChEMBL_neg
COc1ccc(-c2cc3c(c(=O)o2)C(=O)C2C4(C)CCC(O)C(C)(CO)C4CC(O)C2(C)O3)cc1OC,0,ChEMBL_neg
COc1ccc(-c2cc3cc(C)ccc3oc2=O)cc1OC,0,ChEMBL_neg
COc1ccc(-c2ccc(O)c(C(=NO)c3ccccc3)c2)cc1,0,ChEMBL_neg
COc1ccc(-c2ccc(O)c(C(=NO)c3ccccc3)c2)cc1F,0,ChEMBL_neg
COc1ccc(-c2ccc(O)c(C(Cc3ccccc3)=NO)c2)cc1,0,ChEMBL_neg
COc1ccc(-c2ccc(O)c(C(Cc3ccccc3)=NO)c2)cc1F,0,ChEMBL_neg
COc1ccc(-c2csc(NN=C3CCC(C)CC3)n2)cc1,0,ChEMBL_neg
COc1ccc(-c2csc(NN=C3CCCC(C)C3)n2)cc1,0,ChEMBL_neg
COc1ccc(-c2csc(NN=C3CCCC3)n2)cc1,0,ChEMBL_neg
COc1ccc(-c2csc(NN=C3CCCCC3)n2)cc1,0,ChEMBL_neg
COc1ccc(-c2csc(NN=C3CCCCC3C)n2)cc1,0,ChEMBL_neg
COc1ccc(-c2csc(NN=C3CCCCCC3)n2)cc1,0,ChEMBL_neg
COc1ccc(-n2nc(C(=O)N3CCC(Cc4ccccc4)CC3)cc2-c2ccc(O)cc2)cc1,0,ChEMBL_neg
COc1ccc(Br)cc1-c1nc(CN(C)CC2CCN(Cc3ccccc3)C2)co1,0,ChEMBL_neg
COc1ccc(Br)cc1-c1nc(CNC2CCN(Cc3ccccc3)C2)co1,0,ChEMBL_neg
COc1ccc(Br)cc1-c1nc(CNCC2CCN(Cc3ccccc3)C2)c[nH]1,0,ChEMBL_neg
COc1ccc(C(=CF)CN)cc1OC,0,ChEMBL_neg
COc1ccc(C(=O)CCc2ccc([N+](C)(C)C)cc2)cc1OC,0,ChEMBL_neg
COc1ccc(C(=O)CCc2ccc([N+](C)(C)Cc3ccccc3)cc2)cc1OC,0,ChEMBL_neg
COc1ccc(C(=O)CCc2cccc([N+](C)(C)Cc3ccccc3)c2)cc1OC,0,ChEMBL_neg
COc1ccc(C(=O)COc2ccc([N+](C)(C)C)cc2)cc1OC,0,ChEMBL_neg
COc1ccc(C(=O)COc2ccc([N+](C)(C)Cc3ccccc3)cc2)cc1OC,0,ChEMBL_neg
COc1ccc(C(=O)COc2cccc([N+](C)(C)C)c2)cc1OC,0,ChEMBL_neg
COc1ccc(C(=O)N2CCC(C(=O)c3ccc(Cl)cc3)CC2)cc1,0,ChEMBL_neg
COc1ccc(C(=O)NC(C)c2ccc(S(=O)(=O)c3ccc(OC)cc3S(=O)(=O)c3ccc(OC)cc3)cc2)cc1,0,ChEMBL_neg
COc1ccc(C(=O)n2cc(C=C3CN(Cc4ccccc4)CCC3=O)c3ccccc32)cc1,0,ChEMBL_neg
COc1ccc(C)cc1,0,ChEMBL_neg
COc1ccc(C)cc1OC,0,ChEMBL_neg
COc1ccc(C2(F)CC2N)cc1,0,ChEMBL_neg
COc1ccc(C2(F)CC2N)cc1OC,0,ChEMBL_neg
COc1ccc(C2C(=O)N(C3CCN(C(=O)n4cncn4)CC3)C2c2cccnc2)cc1,0,ChEMBL_neg
COc1ccc(C2C(=O)N(C3CCN(C(=O)n4nnc5ccccc54)CC3)C2c2cccnc2)cc1,0,ChEMBL_neg
COc1ccc(C2C(CCCc3cccnc3)C(=O)N2c2ccccc2)cc1,0,ChEMBL_neg
COc1ccc(C2C(CCS(=O)(=O)c3ccccc3)C(=O)N2c2ccccc2)cc1,0,ChEMBL_neg
COc1ccc(C2CC2N)cc1,0,ChEMBL_neg
COc1ccc(C2CNCCS2)cc1,0,ChEMBL_neg
COc1ccc(C=C2Oc3cc(O)ccc3C2=O)cc1,0,ChEMBL_neg
COc1ccc(CCCN(C)C)cc1Nc1ncc2c(n1)-c1ccc(Cl)cc1NC(=S)C2,0,ChEMBL_neg
COc1ccc(CCN(CCCc2ccccc2)CCc2ccc3c(c2)OCO3)cc1OC,0,ChEMBL_neg
COc1ccc(CCN2CC(=O)N(CCc3ccccn3)CC2=O)cc1OC,0,ChEMBL_neg
COc1ccc(CCN2CC=CCC2)cc1,0,ChEMBL_neg
COc1ccc(CCN2CC=CCC2)cc1OC,0,ChEMBL_neg
COc1ccc(CCN2CCC(Nc3nc4ccccc4n3Cc3ccc(F)cc3)CC2)cc1,0,ChEMBL_neg
COc1ccc(CN2CCN(C(=O)c3ccc4nc(N5CCCCC5)sc4c3)CC2)c(OC)c1OC,0,ChEMBL_neg
COc1ccc(F)c(C(=O)N2CCC(C(=O)c3ccc(C(C)C)cc3)CC2)c1,0,ChEMBL_neg
COc1ccc(N2C(=O)C(c3ccccc3)N(c3ccc(OC)cc3)C2=O)cc1,0,ChEMBL_neg
COc1ccc(N2C(=O)C(c3ccccc3)N(c3ccc(OC)cc3)C2=S)cc1,0,ChEMBL_neg
COc1ccc(N2C(=O)C=CC2=O)cc1,0,ChEMBL_neg
COc1ccc(N2CCN(C(=O)c3ccc4nc(N5CCC(C)CC5)sc4c3)CC2)cc1,0,ChEMBL_neg
COc1ccc(N2CCN(C)CC2)cc1Nc1ncc2c(n1)-c1c(c(C(N)=O)nn1C)CC2,0,ChEMBL_neg
COc1ccc(N2CCN(CCNC(=O)c3cc(Br)c4ccccc4c3OC)CC2)cc1,0,ChEMBL_neg
COc1ccc(NC(=O)N2CCN(c3ccc(Cl)cc3)CC2)cc1N1CCN(C)CC1,0,ChEMBL_neg
COc1ccc(NC(=O)N2CCN(c3ccc(F)cc3)CC2)cc1N1CCN(C)CC1,0,ChEMBL_neg
COc1ccc(NC(=O)N2CCN(c3ccc(SC)cc3)CC2)cc1N1CCN(C)CC1,0,ChEMBL_neg
COc1ccc(NC(=O)N2CCN(c3ccccc3Cl)CC2)cc1N1CCN(C)CC1,0,ChEMBL_neg
COc1ccc(NC(=O)N2CCN(c3ccccc3OC)CC2)cc1N1CCN(C)CC1,0,ChEMBL_neg
COc1ccc(NC(=O)c2cc3ccc(OCc4ccc(F)cc4)cc3oc2=O)cc1OC,0,ChEMBL_neg
COc1ccc(NC(=O)c2cc3ccc(OCc4ccccc4)c(C)c3oc2=O)cc1OC,0,ChEMBL_neg
COc1ccc(NC(=O)c2cc3ccccc3oc2=O)cc1OC,0,ChEMBL_neg
COc1ccc(NC(=O)c2coc3ccccc3c2=O)cc1O,0,ChEMBL_neg
COc1ccc(NCC(=O)Nc2ccc(-c3nc4ccccc4s3)cc2)cc1,0,ChEMBL_neg
COc1ccc(OCCNCCCOc2ccccc2)cc1,0,ChEMBL_neg
COc1ccc(S(=O)(=O)NC(C)CCN2CCN(c3cccc(C(F)(F)F)c3)CC2)cc1,0,ChEMBL_neg
COc1ccc(S(=O)(=O)c2cc(OC)ccc2S(=O)(=O)c2ccc(C(C)NC(=O)C(C)(C)C)cc2)cc1,0,ChEMBL_neg
COc1ccc(S(=O)(=O)c2cc(OC)ccc2S(=O)(=O)c2ccc(C(C)NC(=O)C3CC3)cc2)cc1,0,ChEMBL_neg
COc1ccc(S(=O)(=O)c2cc(OC)ccc2S(=O)(=O)c2ccc(C(C)NC(=O)Nc3ccc(C)cc3)cc2)cc1,0,ChEMBL_neg
COc1ccc(S(=O)(=O)c2cc(OC)ccc2S(=O)(=O)c2ccc(C(C)NC(=O)Nc3ccc(F)cc3)cc2)cc1,0,ChEMBL_neg
COc1ccc(S(=O)(=O)c2cc(OC)ccc2S(=O)(=O)c2ccc(C(C)NC(C)=O)cc2)cc1,0,ChEMBL_neg
COc1ccc(S(=O)(=O)c2cc(OC)ccc2S(=O)(=O)c2ccc(C(C)NS(=O)(=O)c3ccc(C)cc3)cc2)cc1,0,ChEMBL_neg
COc1ccc2[nH]cc(C=C3CN(Cc4ccccc4)CCC3=O)c2c1,0,ChEMBL_neg
COc1ccc2c(=O)c3cccc(OC)c3oc2c1,0,ChEMBL_neg
COc1ccc2c(=O)c3ccccc3oc2c1O,0,ChEMBL_neg
COc1ccc2c(=O)c3ccccc3oc2c1OC,0,ChEMBL_neg
COc1ccc2c(C(=O)C3C(C)(C)C3(C)C)cn(CCN3CCOCC3)c2c1,0,ChEMBL_neg
COc1ccc2c(CC(=O)Nc3cc(Br)ccc3N3CCN(S(=O)(=O)c4cccs4)CC3)cc(=O)oc2c1,0,ChEMBL_neg
COc1ccc2c(CC(=O)Nc3cc(Br)ccc3N3CCNCC3)cc(=O)oc2c1,0,ChEMBL_neg
COc1ccc2c(Oc3ccc(NC(=O)c4c(C)n(CC(C)(C)O)n(-c5ccccc5)c4=O)nc3)ccnc2c1,0,ChEMBL_neg
COc1ccc2c(c1)C(=O)N(CCN1CCN(c3ccc(Cl)cc3)CC1)CC2,0,ChEMBL_neg
COc1ccc2c(c1)C(CN)c1ccccc1C2,0,ChEMBL_neg
COc1ccc2c(c1)CCCN(C)Cc1ccccc1C2,0,ChEMBL_neg
COc1ccc2c(c1)CCN(C)C2Cc1ccccc1C,0,ChEMBL_neg
COc1ccc2c(c1)CCN(C)Cc1ccccc1CC2,0,ChEMBL_neg
COc1ccc2c(c1)CCN1CCc3ccccc3C21,0,ChEMBL_neg
COc1ccc2c(c1)CC[N+](C)=C2,0,ChEMBL_neg
COc1ccc2c(c1)c(C=C1CN(Cc3ccccc3)CCC1=O)cn2C(=O)c1ccccc1,0,ChEMBL_neg
COc1ccc2c(c1)c(CC(=O)N1CCOCC1)c(C)n2Cc1cccc(Cl)c1Cl,0,ChEMBL_neg
COc1ccc2cc(-c3c[nH]c4ccccc34)c(=O)oc2c1,0,ChEMBL_neg
COc1ccc2cc(-c3ccsc3)c(=O)oc2c1,0,ChEMBL_neg
COc1ccc2cc3n(c2c1)CCNC3,0,ChEMBL_neg
COc1ccc2ccn(CCN(C)C)c2c1,0,ChEMBL_neg
COc1ccc2cnn(CC(C)N)c2c1Cl,0,ChEMBL_neg
COc1ccc2oc3ccccc3c(=O)c2c1,0,ChEMBL_neg
COc1cccc(-c2c(O)nc3cc(Cl)cnc3c2O)c1,0,ChEMBL_neg
COc1cccc(-c2c[nH]c(=O)c(-c3cc(OC)c(OC)c(OC)c3)n2)c1,0,ChEMBL_neg
COc1cccc(-c2ccc(-c3ccc(Oc4ccc(C(C)=O)cc4)cc3)n2CC(=O)NC(=N)N)c1,0,ChEMBL_neg
COc1cccc(-c2ccc(-c3ccc(Oc4ccccc4)cc3)n2CC(=O)NC(=N)N)c1,0,ChEMBL_neg
COc1cccc(-c2ccc(COC3(C)CN(C#N)C3)cc2)c1,0,ChEMBL_neg
COc1cccc(-c2cccc(CCc3cc(=O)n(C)c(N)n3)c2)c1,0,ChEMBL_neg
COc1cccc(-c2cccc(CCc3cccc(N)n3)c2)c1,0,ChEMBL_neg
COc1cccc(-c2csc(NN=C(C)C)n2)c1,0,ChEMBL_neg
COc1cccc(-c2csc(NN=C(C)c3cc4ccccc4oc3=O)n2)c1,0,ChEMBL_neg
COc1cccc(-c2csc(NN=C(C)c3ccncc3)n2)c1,0,ChEMBL_neg
COc1cccc(-c2csc(NN=C3CCC(C)C3)n2)c1,0,ChEMBL_neg
COc1cccc(-c2csc(NN=C3CCCCC3)n2)c1,0,ChEMBL_neg
COc1cccc(-c2csc(NN=C3CCCCCC3)n2)c1,0,ChEMBL_neg
COc1cccc(-c2csc(NN=Cc3cccc4ccccc34)n2)c1,0,ChEMBL_neg
COc1cccc(C(=O)CCCN2CCN(c3ccc(Cl)cc3)CC2)c1,0,ChEMBL_neg
COc1cccc(C(=O)N2CCC(C(=O)c3ccc(Cl)cc3)CC2)c1,0,ChEMBL_neg
COc1cccc(C(=O)NCCCCN2CCN(c3ccc(Cl)cc3)CC2)c1,0,ChEMBL_neg
COc1cccc(C(=O)NCCCN2CCN(c3ccc(Cl)cc3)CC2)c1,0,ChEMBL_neg
COc1cccc(C(=O)NCCN2CCN(c3ccc(Cl)cc3)CC2)c1,0,ChEMBL_neg
COc1cccc(C(=O)Nc2ccc(-c3ccc(-c4ccccc4)n3CC(=O)NC(=N)N)cc2)c1,0,ChEMBL_neg
COc1cccc(C)c1,0,ChEMBL_neg
COc1cccc(C2(O)CCCCC2CN(C)CCNC(=O)c2cc(Cl)c(N)cc2OC)c1,0,ChEMBL_neg
COc1cccc(C2(O)CCCCC2CN2CCC(NC(=O)c3cc(Cl)c(N)cc3OC)C(OC)C2)c1,0,ChEMBL_neg
COc1cccc(CCCCN2CCN(c3ccc(Cl)cc3)CC2)c1,0,ChEMBL_neg
COc1cccc(CNCC(O)C(Cc2ccccc2)NC(=O)C(CS(C)(=O)=O)NC(=O)OCc2nc(C)oc2C)c1,0,ChEMBL_neg
COc1cccc(CNCC(O)C(Cc2ccccc2)NC(=O)CCCS(=O)(=O)N2CCCCC2)c1,0,ChEMBL_neg
COc1cccc(CNCC(O)C(Cc2ccccc2)NC(=O)CCCS(=O)(=O)c2ccccc2)c1,0,ChEMBL_neg
COc1cccc(CNCC(O)C(Cc2ccccc2)NC(=O)CCS(=O)(=O)C2CCCCC2)c1,0,ChEMBL_neg
COc1cccc(CNCC(O)C(Cc2ccccc2)NC(=O)CCS(=O)(=O)N2CCCCC2)c1,0,ChEMBL_neg
COc1cccc(CNCC(O)C(Cc2ccccc2)NC(=O)CCS(=O)(=O)NCCC(C)C)c1,0,ChEMBL_neg
COc1cccc(CNCC(O)C(Cc2ccccc2)NC(=O)CCS(=O)(=O)c2ccccc2)c1,0,ChEMBL_neg
COc1cccc(CNCCN2CCN(c3ccc(Cl)cc3)CC2)c1,0,ChEMBL_neg
COc1cccc(N2C(=O)C=CC2=O)c1,0,ChEMBL_neg
COc1cccc(N2CCN(C(=O)c3ccc4nc(N5CCC(C)CC5)sc4c3)CC2)c1,0,ChEMBL_neg
COc1cccc(N2CCN(CCCCn3ncc(=O)n(C)c3=O)CC2)c1,0,ChEMBL_neg
COc1cccc(N2CCN(CCNC(=O)c3cc(Br)c4ccccc4c3OC)CC2)c1,0,ChEMBL_neg
COc1cccc(NC(=O)C2CCN(C(=O)c3ccc(Cl)cc3)CC2)c1,0,ChEMBL_neg
COc1cccc(NC(=O)C2CCN(C(c3ccc(F)cc3)c3ccc(F)cc3)CC2)c1,0,ChEMBL_neg
COc1cccc(Nc2nnc(Cc3ccncc3)c3ccccc23)c1,0,ChEMBL_neg
COc1cccc2c(=O)c3ccc(O)cc3oc12,0,ChEMBL_neg
COc1cccc2c(=O)c3ccccc3oc12,0,ChEMBL_neg
COc1cccc2c1C(=O)N1CCNCC21,0,ChEMBL_neg
COc1cccc2c1C(CN)c1ccccc1C2,0,ChEMBL_neg
COc1cccc2c1CCC(NCc1ccccc1)C2,0,ChEMBL_neg
COc1cccc2c1CCCC2CCCN1CCN(c2ccc(Cl)cc2)CC1,0,ChEMBL_neg
COc1cccc2c1CCCC2NCCN1CCN(c2ccc(Cl)cc2)CC1,0,ChEMBL_neg
COc1cccc2c1CCN(CCN1CCN(c3ccc(Cl)cc3)CC1)C2=O,0,ChEMBL_neg
COc1cccc2cc(C(=O)Nc3cc(Br)ccc3N3CCN(C(=O)OC(C)(C)C)CC3)c(=O)oc12,0,ChEMBL_neg
COc1cccc2cc(C(=O)Nc3cc(Br)ccc3N3CCN(Cc4ccccc4)CC3)c(=O)oc12,0,ChEMBL_neg
COc1cccc2cc(C(=O)Nc3cc(Br)ccc3N3CCNCC3)c(=O)oc12,0,ChEMBL_neg
COc1cccc2oc3c(O)cccc3c(=O)c12,0,ChEMBL_neg
COc1ccccc1-c1cc2c(=O)n(CCN3CCN(c4ccccc4Cl)CC3)c(=O)[nH]c2[nH]1,0,ChEMBL_neg
COc1ccccc1-c1ccc(-c2ccc(Oc3ccc(C(C)=O)cc3)cc2)n1CC(=O)NC(=N)N,0,ChEMBL_neg
COc1ccccc1-c1ccc(-c2ccc(Oc3ccccc3)cc2)n1CC(=O)NC(=N)N,0,ChEMBL_neg
COc1ccccc1C(=O)N1CCC(C(=O)c2ccc(Cl)cc2)CC1,0,ChEMBL_neg
COc1ccccc1C=C1SC(=O)N(CCN)C1=O,0,ChEMBL_neg
COc1ccccc1CCN1C2C3C4CC5C6C4C2C6C1(O)C53,0,ChEMBL_neg
COc1ccccc1CNC(=O)c1oc2ccc(S(=O)(=O)N3CC(C)CC(C)C3)cc2c1C,0,ChEMBL_neg
COc1ccccc1CNC(C)Cn1ccc2ccc3ncccc3c21,0,ChEMBL_neg
COc1ccccc1N1C(=O)C=CC1=O,0,ChEMBL_neg
COc1ccccc1N1CCN(CC(O)CCNC(=O)c2cc3cc(F)ccc3[nH]2)CC1,0,ChEMBL_neg
COc1ccccc1N1CCN(CC(O)CCNC(=O)c2cc3cc(I)ccc3o2)CC1,0,ChEMBL_neg
COc1ccccc1N1CCN(CC(O)CCNC(=O)c2cc3ccccc3s2)CC1,0,ChEMBL_neg
COc1ccccc1N1CCN(CCCCNC(=O)N=Nc2ccc(F)cc2)CC1,0,ChEMBL_neg
COc1ccccc1N1CCN(CCCCc2cc(-c3ccccc3)no2)CC1,0,ChEMBL_neg
COc1ccccc1N1CCN(CCCN2C(=O)C3C4C(C)=CC(OC(C)=O)(CC4C)C3C2=O)CC1,0,ChEMBL_neg
COc1ccccc1N1CCN(CCCON2C(=O)C3C4C=CC(OC)(CC4)C3C2=O)CC1,0,ChEMBL_neg
COc1ccccc1N1CCN(CCCc2cn(-c3ccn4nccc4c3)nn2)CC1,0,ChEMBL_neg
COc1ccccc1N1CCN(CNC(=O)c2ccccc2)CC1,0,ChEMBL_neg
COc1ccccc1N1CCN(Cc2c[nH]c3ncccc23)CC1,0,ChEMBL_neg
COc1ccccc1NC(=N)Nc1ccccc1OC,0,ChEMBL_neg
COc1ccccc1NC(=S)N1N=C(c2ccccc2)CC1c1ccc(O)cc1,0,ChEMBL_neg
COc1cncc(-c2cccc(CNc3cccnc3N)c2)c1,0,ChEMBL_neg
COc1nn(C(C)c2ccc(CC(C)C)cc2)c(=O)o1,0,ChEMBL_neg
COc1nn(C(C)c2ccc(Oc3ccccc3)cc2)c(=O)o1,0,ChEMBL_neg
COc1nn(Cc2ccc(-c3ccccc3)cc2)c(=O)o1,0,ChEMBL_neg
COc1nn(Cc2ccc(CC(C)C)cc2)c(=O)o1,0,ChEMBL_neg
COc1nn(Cc2cccc(OCc3ccccc3)c2)c(=O)o1,0,ChEMBL_neg
CS(=O)(=O)c1ccc(CSc2nc3ccccc3n2Cc2ccc(Cl)cc2)cc1,0,ChEMBL_neg
CS(=O)(=O)c1ccc(NC(=O)NN=Cc2ccc(O)cc2)cc1,0,ChEMBL_neg
CS(=O)(=O)c1ccc(NC(=O)NN=Cc2ccccc2O)cc1,0,ChEMBL_neg
CS(=O)(=O)c1ccc(NC(=O)c2cc3ccccc3oc2=O)cc1,0,ChEMBL_neg
CSC(=S)N1CC(C)(C)CSC1=Nc1ccccc1Oc1ccccc1,0,ChEMBL_neg
CSC(=S)N1CCCSC1=Nc1ccccc1C(C)C,0,ChEMBL_neg
CSC1=NC(=Cc2c[nH]c3ccccc23)C(=O)N1,0,ChEMBL_neg
CSC1=NC(=O)C(=Cc2c[nH]c3ccc(Br)cc23)N1,0,ChEMBL_neg
CSCCC(NC(=O)C(NC(=O)OC(C)(C)C)C(C)C)C(=O)NC(CC(C)C)C(O)CC(=O)NC(C(=O)NCCC(=O)O)C(C)C,0,ChEMBL_neg
CSCCC(NC(=O)C(NC(=O)OC(C)(C)C)C(C)C)C(=O)NC(CC(C)C)C(O)CC(=O)NC(C(=O)NCCCC(=O)O)C(C)C,0,ChEMBL_neg
CSCCC(NC(=O)C(NC(=O)OC(C)(C)C)C(C)C)C(=O)NC(CC(C)C)C(O)CC(=O)NC(C(=O)NCc1ccc(C(=O)O)cc1)C(C)C,0,ChEMBL_neg
CSCCC(NC(=O)C(NC(=O)OC(C)(C)C)C(C)C)C(=O)NC(CC(C)C)C(O)CC(=O)NC(C(=O)NCc1cccc(C(=O)O)c1)C(C)C,0,ChEMBL_neg
CSCCC(NC(=O)C(NC(=O)OC(C)(C)C)C(C)C)C(=O)NC(CC(C)C)C(O)CC(=O)NC(C(=O)NCc1cccc(OCC(=O)O)c1)C(C)C,0,ChEMBL_neg
CSCCC(NC(=O)C(NC(=O)OC(C)(C)C)C(C)C)C(=O)NC(CC(C)C)C(O)CC(=O)NC(C(=O)NO)C(C)C,0,ChEMBL_neg
CSCCC(NC(=O)C(NC(=O)OC(C)(C)C)C(C)C)C(=O)NC(CC(C)C)C(O)CC(CC(C)C)C(=O)NC(C(=O)NCc1ccccc1)C(C)C,0,ChEMBL_neg
CSCCC(NC(=O)C(NC(C)=O)C(C)C)C(=O)NC(CC(C)C)C(O)CC(=O)NC(C(=O)NC(C)C(=O)NC(C)C(=O)NC(Cc1ccccc1)C(=O)O)C(C)C,0,ChEMBL_neg
CSCCC(NC(=O)C(NC(C)=O)C(C)C)C(=O)NC(CC(C)C)C(O)CC(=O)NC(C(=O)NC(C)C(=O)NC(CCC(=O)O)C(=O)NC(C)C(=O)O)C(C)(C)C,0,ChEMBL_neg
CSCCC(NC(=O)C(NC(C)=O)C(C)C)C(=O)NC(CC(C)C)C(O)CC(=O)NC(C(=O)NC(C)C(=O)NC(CCC(=O)O)C(=O)NC(C)C(=O)O)C(C)C,0,ChEMBL_neg
CSCCC(NC(=O)C(NC(C)=O)C(C)C)C(=O)NC(CC(C)C)C(O)CC(=O)NC(C(=O)NC(C)C(=O)NC(CCC(=O)O)C(=O)NC(Cc1ccccc1)C(=O)O)C(C)O,0,ChEMBL_neg
CSCCC(NC(=O)C(NC(C)=O)C(C)C)C(=O)NC(CC(C)C)C(O)CC(=O)NC(C)C(=O)NC(C)C(=O)NC(CCC(=O)O)C(=O)NC(Cc1ccccc1)C(=O)O,0,ChEMBL_neg
CSCCC(NC(=O)C(NC(C)=O)C(C)C)C(=O)NC(CC(C)C)C(O)CC(=O)NC(Cc1ccccc1)C(=O)NC(C)C(=O)NC(CCC(=O)O)C(=O)NC(Cc1ccccc1)C(=O)O,0,ChEMBL_neg
CSCCC(NC(=O)C(NC(C)=O)C(C)C)C(=O)NC(CC1CCCCC1)C(O)CC(=O)NC(C(=O)NC(C)C(=O)NC(CCC(=O)O)C(=O)NC(Cc1ccccc1)C(=O)O)C(C)C,0,ChEMBL_neg
CSc1ccc(C=C2C(C)=C(CC(=O)O)c3cc(F)ccc32)cc1,0,ChEMBL_neg
CSc1ccc(NC(=O)c2cc3ccccc3oc2=O)cc1,0,ChEMBL_neg
CSc1nc(-c2ccc(C)cc2)nn1C(=O)N(C)c1ccccc1,0,ChEMBL_neg
CSc1nc(-c2ccc(Cl)cc2)nn1C(=O)N(C)c1ccccc1,0,ChEMBL_neg
C[N+](C)(C)CC1c2ccccc2Cc2ccccc21,0,ChEMBL_neg
C[N+]1=Cc2ccccc2CC1,0,ChEMBL_neg
C[Si](C)(C)C#Cc1cccn1C1CCN(Cc2ccccc2)CC1,0,ChEMBL_neg
C[n+]1ccccc1C=NO,0,ChEMBL_neg
C[n+]1ccn(CCN2CCCC2)c1C=NO,0,ChEMBL_neg
C[n+]1ccn(COCC(C)(C)[N+](=O)[O-])c1C=NO,0,ChEMBL_neg
C[n+]1ccn(COCCS(C)(=O)=O)c1C=NO,0,ChEMBL_neg
Cc1[nH]c(C)c(C=C2CN(Cc3ccccc3)CCC2=O)c1C=O,0,ChEMBL_neg
Cc1c(-c2ccccc2)nnn1C1CCN(Cc2ccccc2)CC1,0,ChEMBL_neg
Cc1c(-c2nnnn2C2CCCC2)nn(-c2ccc(Cl)cc2Cl)c1-c1ccc(Br)cc1,0,ChEMBL_neg
Cc1c(C(=O)N(C)Cc2ccccc2)oc2ccc(S(=O)(=O)N3CC(C)CC(C)C3)cc12,0,ChEMBL_neg
Cc1c(C(=O)NC(C)C)nn(-c2ccc(Cl)cc2Cl)c1-c1ccc(Cl)cc1,0,ChEMBL_neg
Cc1c(C(=O)NC(C)CO)nn(-c2ccc(Cl)cc2Cl)c1-c1ccc(Cl)cc1,0,ChEMBL_neg
Cc1c(C(=O)NC2CCCc3ccccc32)oc2ccc(S(=O)(=O)N3CC(C)CC(C)C3)cc12,0,ChEMBL_neg
Cc1c(C(=O)NCCCCO)nn(-c2ccc(Cl)cc2Cl)c1-c1ccc(Cl)cc1,0,ChEMBL_neg
Cc1c(C(=O)NCCCO)nn(-c2ccc(Cl)cc2Cl)c1-c1ccc(Cl)cc1,0,ChEMBL_neg
Cc1c(C(=O)NCCO)nn(-c2ccc(Cl)cc2Cl)c1-c1ccc(Cl)cc1,0,ChEMBL_neg
Cc1c(C(=O)NCc2ccc(Cl)c(Cl)c2)nn(-c2ccc(Cl)c(Cl)c2)c1-n1c(C)ccc1C,0,ChEMBL_neg
Cc1c(C(=O)NCc2ccc(Cl)c(Cl)c2)nn(-c2ccc(Cl)cc2Cl)c1-n1c(C)ccc1C,0,ChEMBL_neg
Cc1c(C(=O)NCc2ccc(Cl)c(Cl)c2)nn(-c2ccc(F)cc2F)c1-n1c(C)ccc1C,0,ChEMBL_neg
Cc1c(C(=O)NCc2ccc(F)cc2)oc2ccc(S(=O)(=O)N3CC(C)CC(C)C3)cc12,0,ChEMBL_neg
Cc1c(C(=O)NCc2ccccc2)oc2ccc(S(=O)(=O)N3CC(C)CC(C)C3)cc12,0,ChEMBL_neg
Cc1c(C(=O)NCc2ccccc2Cl)oc2ccc(S(=O)(=O)N3CC(C)CC(C)C3)cc12,0,ChEMBL_neg
Cc1c(C(=O)NN)nn(-c2ccc(Cl)cc2Cl)c1-c1ccc(Cl)cc1,0,ChEMBL_neg
Cc1c(C(=O)NN2CCCCC2)nn(-c2c(Cl)cc(Cl)cc2Cl)c1-n1c(C)ccc1C,0,ChEMBL_neg
Cc1c(C(=O)NN2CCCCC2)nn(-c2ccc(Cl)cc2)c1-n1cccc1,0,ChEMBL_neg
Cc1c(C(=O)NN2CCCCC2)nn(-c2ccc(F)cc2F)c1-n1c(C)ccc1C,0,ChEMBL_neg
Cc1c(C(=O)NN2CCCCC2)nn(-c2ccc(F)cc2F)c1-n1cccc1,0,ChEMBL_neg
Cc1c(C(=O)NN2CCOCC2)nn(-c2ccc(Cl)cc2Cl)c1-c1ccc(Cl)cc1,0,ChEMBL_neg
Cc1c(C(=O)NNCC(C)C)nn(-c2ccc(Cl)cc2Cl)c1-c1ccc(Cl)cc1,0,ChEMBL_neg
Cc1c(C(=O)NO)nn(-c2ccc(Cl)cc2Cl)c1-c1ccc(Cl)cc1,0,ChEMBL_neg
Cc1c(C(=O)c2ccc(Cl)cc2)c2ccc(OC(F)(F)F)cc2n1Cc1cccc(OC(C)C(=O)O)c1,0,ChEMBL_neg
Cc1c(C(C)C)c(=O)on1C(=O)N1CCCC(C)C1,0,ChEMBL_neg
Cc1c(C)c2c(c(C)c1O)CCC(C)(COc1ccc(CC3SC(=O)NC3=O)cc1)O2,0,ChEMBL_neg
Cc1c(C)c2ccc(OCc3cccc(Cl)c3)cc2oc1=O,0,ChEMBL_neg
Cc1c(CN2CCOCC2)c2ccccc2n1-c1cccc2ccccc12,0,ChEMBL_neg
Cc1c(F)ccc(CN2CCN(C(=O)OC(C(F)(F)F)C(F)(F)F)CC2)c1OCC1(C(=O)O)CC1,0,ChEMBL_neg
Cc1c(O)c(Br)c2oc3ccccc3c(=O)c2c1O,0,ChEMBL_neg
Cc1c(O)c(Cl)c2oc3ccccc3c(=O)c2c1O,0,ChEMBL_neg
Cc1c(O)cc(O)c2c(=O)c3ccccc3oc12,0,ChEMBL_neg
Cc1c(O)cc2oc3ccccc3c(=O)c2c1O,0,ChEMBL_neg
Cc1c(O)ccc2c3c(c(=O)oc12)CCCC3,0,ChEMBL_neg
Cc1c(O)cccc1C(=O)NC(CSc1ccccc1)C(O)CN1CC2CCCCC2CC1C(=O)NC(C)(C)C,0,ChEMBL_neg
Cc1c2n(c3ccc(Cl)cc13)CCNC2,0,ChEMBL_neg
Cc1cc(-c2cc(-c3nnc[nH]3)c3nc(C)n(-c4ccnc5c(F)ccc(F)c45)c3c2)cc(N)n1,0,ChEMBL_neg
Cc1cc(-c2cc(-c3nnc[nH]3)c3nc(C)n(-c4ccnc5c(F)ccc(F)c45)c3c2)ncn1,0,ChEMBL_neg
Cc1cc(=O)oc2c(C)c3oc4c(c3cc12)CCC4,0,ChEMBL_neg
Cc1cc(=O)oc2cc(OC3CCCCC3=O)ccc12,0,ChEMBL_neg
Cc1cc(=O)oc2cc3oc4c(c3cc12)CCC4,0,ChEMBL_neg
Cc1cc(=O)oc2cc3oc4c(c3cc12)CCCC4,0,ChEMBL_neg
Cc1cc(=O)oc2cc3oc4ccccc4c3cc12,0,ChEMBL_neg
Cc1cc(C(=O)O)c(-c2cccc(OC(=O)NCCCCCCc3ccccc3)c2)o1,0,ChEMBL_neg
Cc1cc(C(N)=O)c(-c2cccc(OC(=O)N3CCC(CCCc4ccccc4)CC3)c2)o1,0,ChEMBL_neg
Cc1cc(C(N)=O)c(-c2cccc(OC(=O)N3CCC(NCCCc4ccccc4)CC3)c2)o1,0,ChEMBL_neg
Cc1cc(C(N)=O)c(-c2cccc(OC(=O)N3CCN(CCCc4ccccc4)CC3)c2)o1,0,ChEMBL_neg
Cc1cc(C)c(NC(=O)Oc2ccc3c(c2)C2(C)CCN(C)C2N3C)c(C)c1,0,ChEMBL_neg
Cc1cc(C)c2nc(O)c(O)nc2c1,0,ChEMBL_neg
Cc1cc(C)cc(CC2SC(=O)NC2=O)c1,0,ChEMBL_neg
Cc1cc(C)cc(Cn2nc(C(=O)N3CCC(Cc4ccccc4)CC3)cc2-c2ccc(O)cc2)c1,0,ChEMBL_neg
Cc1cc(C)cc(NC(=O)c2cc3ccccc3oc2=O)c1,0,ChEMBL_neg
Cc1cc(C)cc(Nc2nnc(Cc3ccncc3)c3ccccc23)c1,0,ChEMBL_neg
Cc1cc(C=NNC(=O)Nc2ccc(-c3nc(N4CCOCC4)c4sccc4n3)cc2)cc(C)c1O,0,ChEMBL_neg
Cc1cc(CC2SC(=O)NC2=O)cc(C)c1O,0,ChEMBL_neg
Cc1cc(F)cc(CN2CCN(C(=O)OC(C(F)(F)F)C(F)(F)F)CC2)c1OCC1(C(=O)O)CC1,0,ChEMBL_neg
Cc1cc(F)cc(CN2CCN(C(=O)OC(C(F)(F)F)C(F)(F)F)CC2)c1OCC1(C(=O)O)CCCC1,0,ChEMBL_neg
Cc1cc(N2CCN(C)CC2)nc2ccc(NC(=O)COc3ccc(Cl)cc3)cc12,0,ChEMBL_neg
Cc1cc(NC(=O)Nc2ccc(N(C)C)cc2)c2cc(F)cc(F)c2n1,0,ChEMBL_neg
Cc1cc(NCC(=O)Nc2ccc(-c3nc4ccccc4s3)cc2)no1,0,ChEMBL_neg
Cc1cc(Nc2ncc(Cl)c(Nc3ccccc3S(=O)(=O)C(C)C)n2)c(OC(C)C)cc1C1CCNCC1,0,ChEMBL_neg
Cc1cc(O)cc(C)c1Cl,0,ChEMBL_neg
Cc1cc(Oc2nccc3occc23)ccc1-c1c(C)ncc2nccn12,0,ChEMBL_neg
Cc1cc([N+](=O)[O-])c2nc(O)c(O)nc2c1,0,ChEMBL_neg
Cc1cc([N+](=O)[O-])ccc1N=C(N)Nc1cccc(O)c1,0,ChEMBL_neg
Cc1cc([N+](=O)[O-])ccc1NC(=N)Nc1ccc([N+](=O)[O-])cc1C,0,ChEMBL_neg
Cc1cc2[nH]c(=O)c(=O)n(CC(=O)O)c2cc1C,0,ChEMBL_neg
Cc1cc2[nH]c(=O)c(=O)n(CP(=O)(O)O)c2cc1C,0,ChEMBL_neg
Cc1cc2c(cc1N1CCC(N3CCOCC3)CC1)C(C)(C)c1[nH]c3cc(C#N)ccc3c1C2=O,0,ChEMBL_neg
Cc1cc2c3c(c1)c1c(n3CCNC2)CCC1,0,ChEMBL_neg
Cc1cc2c3c(c1)c1c(n3CCNC2)CCCC1,0,ChEMBL_neg
Cc1cc2cc(NC(=O)C3CCCCC3)ccc2[nH]1,0,ChEMBL_neg
Cc1cc2cc(NC(=O)C=Cc3cccc(Cl)c3)ccc2[nH]1,0,ChEMBL_neg
Cc1cc2cc(NC(=O)C=Cc3ccccc3)ccc2[nH]1,0,ChEMBL_neg
Cc1cc2cc(NC(=O)c3ccc(Cl)c(Cl)c3)ccc2[nH]1,0,ChEMBL_neg
Cc1cc2cc(NC(=O)c3ccc[n+](C)c3)ccc2[nH]1,0,ChEMBL_neg
Cc1cc2cc(NC(=O)c3cccc(Cl)c3)ccc2[nH]1,0,ChEMBL_neg
Cc1cc2cc(NC(=O)c3cccc(S(=O)(=O)O)c3)ccc2[nH]1,0,ChEMBL_neg
Cc1cc2cc(NC(=O)c3ccccc3)ccc2[nH]1,0,ChEMBL_neg
Cc1cc2nc(O)c(O)nc2cc1C,0,ChEMBL_neg
Cc1ccc(-c2cc(C(F)(F)F)nn2-c2ccc(S(N)(=O)=O)cc2)cc1,0,ChEMBL_neg
Cc1ccc(-c2cc3cc(O)ccc3oc2=O)cc1,0,ChEMBL_neg
Cc1ccc(-c2csc(NN=C3CCC(C)CC3)n2)cc1,0,ChEMBL_neg
Cc1ccc(-c2csc(NN=C3CCCC3)n2)cc1,0,ChEMBL_neg
Cc1ccc(-c2csc(NN=C3CCCCC3)n2)cc1,0,ChEMBL_neg
Cc1ccc(-c2csc(NN=C3CCCCCC3)n2)cc1,0,ChEMBL_neg
Cc1ccc(-c2nc(C(=O)N3CCCCC3)n(C)c2-c2ccc(C)cc2)cc1,0,ChEMBL_neg
Cc1ccc(-c2ncc(C(=O)NCCO)nc2-c2ccc(C)cc2)cc1,0,ChEMBL_neg
Cc1ccc(-c2nn(C(C)(C)C)c3ncnc(N)c23)cc1,0,ChEMBL_neg
Cc1ccc(-n2nc(C(=O)N3CCC(Cc4ccccc4)CC3)cc2-c2ccc(O)cc2)cc1,0,ChEMBL_neg
Cc1ccc(C(=O)N2CCC(C(=O)c3ccc(Cl)cc3)CC2)cc1,0,ChEMBL_neg
Cc1ccc(C(=O)NC2CC2)cc1-c1ccc2c(-c3ccccc3C)nncc2c1,0,ChEMBL_neg
Cc1ccc(C(=O)NC2CC2)cc1-c1ccc2c(N3CCOCC3C)nncc2c1,0,ChEMBL_neg
Cc1ccc(C(=O)NC2CC2)cc1-c1ccc2c(NCCN3CCOCC3)nncc2c1,0,ChEMBL_neg
Cc1ccc(C(=O)NC2CC2)cc1-c1ccc2c(OC(C)C(F)(F)F)nncc2c1,0,ChEMBL_neg
Cc1ccc(C(=O)NC2CCCCC2)cc1C(=O)Nc1ccc(N)nc1,0,ChEMBL_neg
Cc1ccc(C(=O)NCC2CCCCC2)cc1C(=O)Nc1ccc(N)nc1,0,ChEMBL_neg
Cc1ccc(C(=O)NCCN2CCCC2)cc1C(=O)Nc1ccc(N)nc1,0,ChEMBL_neg
Cc1ccc(C(=O)NCN2CCN(c3ccccc3C#N)CC2)cc1,0,ChEMBL_neg
Cc1ccc(C(=O)Nc2ccccc2Cl)cc1C#Cc1cnc2ccnn2c1,0,ChEMBL_neg
Cc1ccc(C)c(NC(=O)c2cc3ccccc3oc2=O)c1,0,ChEMBL_neg
Cc1ccc(C)cc1,0,ChEMBL_neg
Cc1ccc(C2(F)CC2N)cc1,0,ChEMBL_neg
Cc1ccc(C2CC(c3ccco3)=NN2C(N)=S)cc1,0,ChEMBL_neg
Cc1ccc(C2CCN(CCC3NC(=O)c4ccccc43)CC2)cc1C,0,ChEMBL_neg
Cc1ccc(CN2CCC(n3c(O)nc4ccccc43)CC2)c(Cl)c1,0,ChEMBL_neg
Cc1ccc(CN2CCN(C(=O)OC(C(F)(F)F)C(F)(F)F)CC2)c(C#CC(C)(C)C(=O)O)c1F,0,ChEMBL_neg
Cc1ccc(CN2CCN(C(=O)OC(C(F)(F)F)C(F)(F)F)CC2)c(OCC(=O)NS(=O)(=O)C2CC2)c1F,0,ChEMBL_neg
Cc1ccc(CN2CCN(C(=O)OC(C(F)(F)F)C(F)(F)F)CC2)c(OCC(=O)NS(C)(=O)=O)c1F,0,ChEMBL_neg
Cc1ccc(CN2CCN(C(=O)OC(C(F)(F)F)C(F)(F)F)CC2)c(OCC2(C(=O)NS(C)(=O)=O)CC2)c1F,0,ChEMBL_neg
Cc1ccc(CN2CCN(C(=O)OC(C(F)(F)F)C(F)(F)F)CC2)c(OCC2(C(=O)O)CC2)c1Cl,0,ChEMBL_neg
Cc1ccc(CN2CCN(C(=O)OC(C(F)(F)F)C(F)(F)F)CC2)c(OCC2(C(=O)O)CC2)c1F,0,ChEMBL_neg
Cc1ccc(CN2CCN(C(=O)OC(C(F)(F)F)C(F)(F)F)CC2)c(OCC2(C(=O)O)CCCC2)c1F,0,ChEMBL_neg
Cc1ccc(CN2CCN(C3=Nc4cc(Cl)ccc4N(NC(=O)c4ccccc4Cl)c4ccccc43)CC2)c(C)c1,0,ChEMBL_neg
Cc1ccc(CNC(=O)c2oc3ccc(S(=O)(=O)N4CC(C)CC(C)C4)cc3c2C)cc1,0,ChEMBL_neg
Cc1ccc(COc2ccc3occc(=O)c3c2)cc1,0,ChEMBL_neg
Cc1ccc(Cl)c2c1C1CNCCN1C2=O,0,ChEMBL_neg
Cc1ccc(Cl)cc1N1CCN(C(=O)c2ccc3nc(N4CCC(C)CC4)sc3c2)CC1,0,ChEMBL_neg
Cc1ccc(Cn2nc(C(=O)N3CCC(Cc4ccccc4)CC3)cc2-c2ccc(O)cc2)cc1,0,ChEMBL_neg
Cc1ccc(F)cc1,0,ChEMBL_neg
Cc1ccc(N)cc1,0,ChEMBL_neg
Cc1ccc(N2C(=O)C(c3ccccc3)N(c3ccc(C)cc3)C2=S)cc1,0,ChEMBL_neg
Cc1ccc(N2C(=O)C=CC2=O)cc1,0,ChEMBL_neg
Cc1ccc(N2CC(C(=O)NCc3n[nH]c(=O)c4ccccc34)CC2=O)cc1C,0,ChEMBL_neg
Cc1ccc(N2CCN(CCC3NC(=O)c4ccccc43)CC2)cc1C,0,ChEMBL_neg
Cc1ccc(N2CCc3ccccc3C2)nc1,0,ChEMBL_neg
Cc1ccc(NC(=N)Nc2ccc(C)cc2)cc1,0,ChEMBL_neg
Cc1ccc(NC(=O)Nc2nnc(Sc3ncnc4cc(OCCCN5CCOCC5)ccc34)s2)cc1,0,ChEMBL_neg
Cc1ccc(NC(=O)c2cc3ccccc3oc2=O)c(C)c1,0,ChEMBL_neg
Cc1ccc(NC(=O)c2cc3ccccc3oc2=O)cc1,0,ChEMBL_neg
Cc1ccc(NC(=O)c2cc3ccccc3oc2=O)cc1C,0,ChEMBL_neg
Cc1ccc(NC(=O)c2ccc(NS(=O)(=O)c3cnccc3Cl)cc2)cc1Nc1nccc(-c2cccnc2)n1,0,ChEMBL_neg
Cc1ccc(NC(=O)c2ccc3c(c2)CCC3N2CCN(C(=O)OC(C)(C)C)CC2)cc1Nc1nccc(-c2cccnc2)n1,0,ChEMBL_neg
Cc1ccc(NCC(=O)Nc2ccc(-c3nc4ccccc4s3)cc2)cc1,0,ChEMBL_neg
Cc1ccc(NNC(=O)c2cc3ccccc3oc2=O)cc1,0,ChEMBL_neg
Cc1ccc(O)cc1,0,ChEMBL_neg
Cc1ccc(O)cc1C(=O)N1CCC(C(=O)c2ccc(C(C)C)cc2)CC1,0,ChEMBL_neg
Cc1ccc(OCCCNCCOc2ccc(Cl)cc2)cc1,0,ChEMBL_neg
Cc1ccc(OCCNCCCOc2ccc(Br)cc2)cc1,0,ChEMBL_neg
Cc1ccc([N+](=O)[O-])cc1,0,ChEMBL_neg
Cc1ccc2[nH]c3c(c2c1)CN(CCCCCCN1CCc2[nH]c4ccc(C)cc4c2C1)CC3,0,ChEMBL_neg
Cc1ccc2[nH]c3c(c2c1)CN(CCCCCN1CCc2[nH]c4ccc(C)cc4c2C1)CC3,0,ChEMBL_neg
Cc1ccc2c(c1)C(N1CCN(C)CC1)=Nc1cccnc1N2,0,ChEMBL_neg
Cc1ccc2c(c1)C(NC1CCN(C)CC1)=Nc1cccnc1N2,0,ChEMBL_neg
Cc1ccc2c(c1)C1CC(C)CCC1N2c1c(C(F)(F)F)nc2c(C)cccn12,0,ChEMBL_neg
Cc1ccc2c(c1)C1CN(C)CCC1N2CCC(=O)N(C)c1c(C(F)(F)F)nc2ccc(C)cn12,0,ChEMBL_neg
Cc1ccc2c(c1)OC(=Cc1ccccc1)C2=O,0,ChEMBL_neg
Cc1ccc2c(c1)c1c(n2CC(O)Cn2c3ccccc3c3ccccc32)CCN(C)C1,0,ChEMBL_neg
Cc1ccc2c(c1O)-c1cccc3c1C(C2)N(C)CC3,0,ChEMBL_neg
Cc1ccc2nc(CNCCCOc3ccccc3)cc(O)c2c1,0,ChEMBL_neg
Cc1ccc2nc3c(c(N)c2c1)CCCC3,0,ChEMBL_neg
Cc1ccc2nc3c(c(NCc4ccccc4)c2c1)CCCC3,0,ChEMBL_neg
Cc1ccc2oc(=O)c(-c3cccc(O)c3)cc2c1,0,ChEMBL_neg
Cc1ccc2oc(=O)c(-c3ccccc3O)cc2c1,0,ChEMBL_neg
Cc1cccc(-c2c(O)nc3cc(Cl)cnc3c2O)c1,0,ChEMBL_neg
Cc1cccc(-c2ccc(-c3ccccc3)n2CC(=O)NC(=N)N)c1,0,ChEMBL_neg
Cc1cccc(C(=O)N2CCC(C(=O)c3ccc(Cl)cc3)CC2)c1,0,ChEMBL_neg
Cc1cccc(C(=O)NC(Cc2cc(F)cc(F)c2)C(O)CNCc2cccc(I)c2)c1,0,ChEMBL_neg
Cc1cccc(C(=O)NCN2CCN(c3ccccc3C#N)CC2)c1,0,ChEMBL_neg
Cc1cccc(C(=O)NCN2CCN(c3ccccc3Cl)CC2)c1,0,ChEMBL_neg
Cc1cccc(C)c1,0,ChEMBL_neg
Cc1cccc(C)c1NC(=N)Nc1c(C)cccc1C,0,ChEMBL_neg
Cc1cccc(C)c1NC(=O)c1cc2ccccc2oc1=O,0,ChEMBL_neg
Cc1cccc(C2CC2CN)c1,0,ChEMBL_neg
Cc1cccc(COc2ccc3occc(=O)c3c2)c1,0,ChEMBL_neg
Cc1cccc(Cl)c1NC(=O)c1cc2ccc(OCc3ccc(F)cc3)cc2oc1=O,0,ChEMBL_neg
Cc1cccc(Cl)c1NC(=O)c1cc2ccc(OCc3ccccc3)cc2oc1=O,0,ChEMBL_neg
Cc1cccc(F)c1,0,ChEMBL_neg
Cc1cccc(N(C)C(=O)N(C)Cc2ccc(-c3[nH]nc4c3Cc3cc(CN5CCN(C)CC5)ccc3-4)s2)c1,0,ChEMBL_neg
Cc1cccc(N2C(=O)C=CC2=O)c1,0,ChEMBL_neg
Cc1cccc(N2CCN(CCCC(=O)NCc3nc4cc(F)ccc4c(=O)n3-c3ccccc3)CC2)c1C,0,ChEMBL_neg
Cc1cccc(N2CCN(CCCC(=O)NCc3nc4ccccc4c(=O)n3-c3ccccc3)CC2)c1C,0,ChEMBL_neg
Cc1cccc(NC(=O)C=CC=Cc2ccccc2)c1,0,ChEMBL_neg
Cc1cccc(NC(=O)C=Cc2ccccc2)c1,0,ChEMBL_neg
Cc1cccc(NC(=O)CC=Cc2ccccc2)c1,0,ChEMBL_neg
Cc1cccc(NC(=O)N(C)Cc2ccc(-c3n[nH]c4c3Cc3cc(CN5CCN(C)CC5)ccc3-4)s2)c1,0,ChEMBL_neg
Cc1cccc(NC(=O)N(CCC(C)C)Cc2ccc(-c3[nH]nc4c3Cc3cc(CN5CCN(C)CC5)ccc3-4)s2)c1,0,ChEMBL_neg
Cc1cccc(NC(=O)N(Cc2ccc(-c3[nH]nc4c3Cc3cc(CN5CCN(C)CC5)ccc3-4)s2)C(C)C)c1,0,ChEMBL_neg
Cc1cccc(NC(=O)N(Cc2ccc(-c3[nH]nc4c3Cc3cc(CN5CCN(C)CC5)ccc3-4)s2)CC(C)C)c1,0,ChEMBL_neg
Cc1cccc(NC(=O)c2cc3ccccc3oc2=O)c1,0,ChEMBL_neg
Cc1cccc(NC(=O)c2cc3ccccc3oc2=O)c1C,0,ChEMBL_neg
Cc1cccc(Nc2nnc(Cc3ccncc3)c3ccccc23)c1,0,ChEMBL_neg
Cc1cccc(O)c1,0,ChEMBL_neg
Cc1cccc([N+](=O)[O-])c1,0,ChEMBL_neg
Cc1cccc2cc(C(C)NC(=O)c3c(N)nn4cccnc34)n(-c3ccccc3)c(=O)c12,0,ChEMBL_neg
Cc1ccccc1,0,ChEMBL_neg
Cc1ccccc1-c1cc2c(=O)n(CCN3CCN(c4ccccc4Cl)CC3)c(=O)[nH]c2[nH]1,0,ChEMBL_neg
Cc1ccccc1C,0,ChEMBL_neg
Cc1ccccc1C(=O)N1CCC(C(=O)c2ccc(Cl)cc2)CC1,0,ChEMBL_neg
Cc1ccccc1C(=O)N1c2ccc(Cl)cc2N=C(N2CCN(C)CC2)c2ccccc21,0,ChEMBL_neg
Cc1ccccc1C(OCCN(C)C)c1ccccc1,0,ChEMBL_neg
Cc1ccccc1CC1c2ccc(O)cc2CCN1C,0,ChEMBL_neg
Cc1ccccc1CNC(C)Cn1ccc2ccc3ncccc3c21,0,ChEMBL_neg
Cc1ccccc1F,0,ChEMBL_neg
Cc1ccccc1N1C(=O)C=CC1=O,0,ChEMBL_neg
Cc1ccccc1N1CCN(CCCCc2cc(-c3ccccc3)no2)CC1,0,ChEMBL_neg
Cc1ccccc1N1CCN(CCCCc2cc(-c3cccs3)no2)CC1,0,ChEMBL_neg
Cc1ccccc1N=C(N)NC12CC3CC(C)(CC(C)(C3)C1)C2,0,ChEMBL_neg
Cc1ccccc1N=C(N)NC12CC3CC(CC(C3)C1)C2,0,ChEMBL_neg
Cc1ccccc1N=C(N)NC1CC2CCC1(C)C2(C)C,0,ChEMBL_neg
Cc1ccccc1N=C(N)NC1CCCCC1,0,ChEMBL_neg
Cc1ccccc1N=C(N)Nc1c(C)cccc1C,0,ChEMBL_neg
Cc1ccccc1N=C(N)Nc1ccc(N)cc1C,0,ChEMBL_neg
Cc1ccccc1N=C(N)Nc1ccc([N+](=O)[O-])cc1C,0,ChEMBL_neg
Cc1ccccc1N=C(N)Nc1cccc(O)c1,0,ChEMBL_neg
Cc1ccccc1N=C(N)Nc1ccccc1I,0,ChEMBL_neg
Cc1ccccc1N=C(N)Nc1ccccc1N,0,ChEMBL_neg
Cc1ccccc1N=C(N)Nc1ccccc1[N+](=O)[O-],0,ChEMBL_neg
Cc1ccccc1NC(=N)Nc1ccccc1C,0,ChEMBL_neg
Cc1ccccc1NC(=O)N(C)Cc1ccc(-c2[nH]nc3c2Cc2cc(CN4CCN(C)CC4)ccc2-3)s1,0,ChEMBL_neg
Cc1ccccc1NC(=O)NCc1ccc(-c2n[nH]c3c2Cc2cc(CN4CCN(C)CC4)ccc2-3)s1,0,ChEMBL_neg
Cc1ccccc1NC(=O)Oc1ccc2c(c1)C1(C)CCN(Cc3ccccc3)C1N2Cc1ccccc1,0,ChEMBL_neg
Cc1cn(CC2CN(c3ccc(C4=CCS(=O)(=O)CC4)c(F)c3)C(=O)O2)nn1,0,ChEMBL_neg
Cc1cnc(C)n1CC(=O)c1ccc(-c2ccc(N3CC(Cn4ccnn4)OC3=O)cc2F)cn1,0,ChEMBL_neg
Cc1cncc2c1CNC1CCc3cc(O)c(O)cc3C21,0,ChEMBL_neg
Cc1cnnn1CC1CN(c2ccc(C3=CCS(=O)(=O)CC3)c(F)c2)C(=O)O1,0,ChEMBL_neg
Cc1coc2c1C(=O)C(=O)c1c-2ccc2c1CCCC2(C)C,0,ChEMBL_neg
Cc1coc2cc3oc(=O)c(NC(=O)CN)cc3cc12,0,ChEMBL_neg
Cc1csc(C(=O)N2CCN(C3CC(=O)N(c4ccc(Oc5ccccc5)cc4)C3)CC2)n1,0,ChEMBL_neg
Cc1n(C)cc[n+]1COC(C)C(C)(C)C,0,ChEMBL_neg
Cc1n[nH]c2ccc(-c3cncc(OCC(N)Cc4ccccc4)c3)cc12,0,ChEMBL_neg
Cc1nc(-c2ccccc2)c(-c2ccccc2)n1CCCCCCNC(=O)Oc1ccccc1F,0,ChEMBL_neg
Cc1nc(N)nc(-c2cc(CN3CCN(S(C)(=O)=O)CC3)cnc2Nc2ccc(=O)[nH]c2)n1,0,ChEMBL_neg
Cc1nc2c(-c3nnc[nH]3)cc(-c3c(F)cnc(N)c3F)cc2n1-c1ccnc2c(F)ccc(F)c12,0,ChEMBL_neg
Cc1nc2c(c(-c3ccc(Cl)cc3)n1)CCNCC2,0,ChEMBL_neg
Cc1nc2cc(C(=O)N3CCC(Cc4ccccc4)CC3)ccc2n1-c1ccccc1,0,ChEMBL_neg
Cc1nccc2c1[nH]c1cc(OCCN(C)C)ccc12,0,ChEMBL_neg
Cc1nccc2cc(O)c(O)cc12,0,ChEMBL_neg
Cc1nnn(C2CCN(Cc3ccccc3)CC2)c1-c1ccccc1,0,ChEMBL_neg
Cc1oncc1C(=O)Nc1ccc(C(F)(F)F)cc1,0,ChEMBL_neg
Cc1sc(C)c2c1CCCc1c[nH]nc1-2,0,ChEMBL_neg
Cc1sc(C)c2c1CCc1c[nH]nc1-2,0,ChEMBL_neg
Clc1ccc(-c2csc(NN=C3CCCC3)n2)c(Cl)c1,0,ChEMBL_neg
Clc1ccc(-c2csc(NN=C3CCCC3)n2)cc1,0,ChEMBL_neg
Clc1ccc(-c2csc(NN=C3CCCCC3)n2)cc1,0,ChEMBL_neg
Clc1ccc(-c2csc(NN=C3CCCCCC3)n2)c(Cl)c1,0,ChEMBL_neg
Clc1ccc(-c2csc(NN=C3CCCCCC3)n2)cc1,0,ChEMBL_neg
Clc1ccc(CCN2CC=CCC2)c(Cl)c1,0,ChEMBL_neg
Clc1ccc(CN2CC=C(c3nc4cc(Cl)ccc4s3)CC2)cc1,0,ChEMBL_neg
Clc1ccc(COC(Cn2ccnc2)c2ccc(Cl)cc2Cl)c(Cl)c1,0,ChEMBL_neg
Clc1ccc(COC(Cn2ccnc2)c2ccc(Cl)cc2Cl)cc1,0,ChEMBL_neg
Clc1ccc(CON=C(Cn2ccnc2)c2ccc(Cl)cc2Cl)c(Cl)c1,0,ChEMBL_neg
Clc1ccc(Cn2c(SCc3ccccc3)nc3ccccc32)cc1,0,ChEMBL_neg
Clc1ccc(N2CCN(CCCCCc3nc4ccccc4o3)CC2)cc1,0,ChEMBL_neg
Clc1ccc(N2CCN(CCCCc3nc4ccccc4s3)CC2)cc1,0,ChEMBL_neg
Clc1ccc(N2CCN(CCCc3cc4ccccc4o3)CC2)cc1,0,ChEMBL_neg
Clc1ccc(N2CCN(CCCc3nc4ccccc4o3)CC2)cc1,0,ChEMBL_neg
Clc1ccc(N2CCN(CCCc3nc4ccccc4s3)CC2)cc1,0,ChEMBL_neg
Clc1ccc(N2CCN(Cc3cc4ccccn4n3)CC2)cc1,0,ChEMBL_neg
Clc1ccc(N2CCN(Cc3ccc4ccnn4c3)CC2)cc1,0,ChEMBL_neg
Clc1ccc(N2CCN(Cc3cccc4ccnn34)CC2)cc1,0,ChEMBL_neg
Clc1ccc(N2CCN(Cc3cccn4nccc34)CC2)cc1,0,ChEMBL_neg
Clc1ccc(N2CCN(Cc3cccs3)CC2)cc1Cl,0,ChEMBL_neg
Clc1ccc(N2CCN(Cc3cnn4ccccc34)CC2)cc1,0,ChEMBL_neg
Clc1ccc2c(c1)C(N1CCN(Cc3ccccc3)CC1)=Nc1cccnc1N2,0,ChEMBL_neg
Clc1cccc(N2CCN(CCCOc3ccc(-c4nc5ccccc5[nH]4)cc3)CC2)c1,0,ChEMBL_neg
Clc1cccc2c1CN1CCCCCC1=N2,0,ChEMBL_neg
Clc1cccc2c1N=C1CCCCCN1C2,0,ChEMBL_neg
Clc1ccccc1C(c1ccccc1)(c1ccccc1)n1ccnc1,0,ChEMBL_neg
Cn1c(=O)c(Sc2ccc(F)cc2)cc2cnc(Nc3ccc4[nH]ccc4c3)nc21,0,ChEMBL_neg
Cn1c(=O)c2c(nc(NCCCCc3ccccc3)n2C)n(C)c1=O,0,ChEMBL_neg
Cn1c(=O)c2c(nc(NCCc3cccc(Cl)c3)n2C)n(C)c1=O,0,ChEMBL_neg
Cn1c(=O)c2c(nc(NCCc3ccccc3)n2C)n(C)c1=O,0,ChEMBL_neg
Cn1c(=O)c2c(nc(OCC3CC=CCC3)n2C)n(C)c1=O,0,ChEMBL_neg
Cn1c(=O)c2c(nc(OCC3CCCC3)n2C)n(C)c1=O,0,ChEMBL_neg
Cn1c(=O)c2c(nc(OCC3CCCCC3)n2C)n(C)c1=O,0,ChEMBL_neg
Cn1c(=O)c2c(nc(OCCCc3ccccc3)n2C)n(C)c1=O,0,ChEMBL_neg
Cn1c(=O)c2c(nc(OCCOCc3ccccc3)n2C)n(C)c1=O,0,ChEMBL_neg
Cn1c(=O)c2c(nc(OCCOc3ccccc3)n2C)n(C)c1=O,0,ChEMBL_neg
Cn1c(=O)c2c(nc(OCCc3ccccc3)n2C)n(C)c1=O,0,ChEMBL_neg
Cn1c(=O)c2c(nc(Oc3ccccc3)n2C)n(C)c1=O,0,ChEMBL_neg
Cn1c(=O)c2c(nc(SC3CCCC3)n2C)n(C)c1=O,0,ChEMBL_neg
Cn1c(=O)c2c(nc(SC3CCCCC3)n2C)n(C)c1=O,0,ChEMBL_neg
Cn1c(=O)c2c(nc(SCCOc3ccccc3)n2C)n(C)c1=O,0,ChEMBL_neg
Cn1c(=O)c2c(nc(SCCc3ccccc3)n2C)n(C)c1=O,0,ChEMBL_neg
Cn1c(=O)c2c(nc(SCc3ccc(Br)cc3)n2C)n(C)c1=O,0,ChEMBL_neg
Cn1c(=O)c2c(nc(SCc3ccc(Cl)cc3)n2C)n(C)c1=O,0,ChEMBL_neg
Cn1c(=O)c2c(nc(SCc3ccc(F)cc3)n2C)n(C)c1=O,0,ChEMBL_neg
Cn1c(=O)c2c(nc(SCc3ccccc3)n2C)n(C)c1=O,0,ChEMBL_neg
Cn1c(=O)c2c(nc(Sc3ccc4ccccc4c3)n2C)n(C)c1=O,0,ChEMBL_neg
Cn1c(=O)c2c(nc(Sc3ccccc3)n2C)n(C)c1=O,0,ChEMBL_neg
Cn1c(C(=O)N2CCCCC2)nc(-c2ccc(Cl)cc2)c1-c1ccc(Cl)cc1,0,ChEMBL_neg
Cn1c(C(=O)N2CCCCC2)nc(-c2ccccc2)c1-c1ccccc1,0,ChEMBL_neg
Cn1c(C(=O)NC2CCCCC2)nc(-c2ccccc2)c1-c1ccccc1,0,ChEMBL_neg
Cn1c(C(=O)NN2CCCCC2)nc(-c2ccccc2)c1-c1ccccc1,0,ChEMBL_neg
Cn1c(C(=O)NN2CCOCC2)nc(-c2ccc(Cl)cc2)c1-c1ccc(Cl)cc1,0,ChEMBL_neg
Cn1c(C=NO)[n+](C)c2ccccc21,0,ChEMBL_neg
Cn1c(N)nc(CCc2ccc3cc[nH]c3c2)cc1=O,0,ChEMBL_neg
Cn1c(N)nc(CCc2ccc3ccccc3c2)cc1=O,0,ChEMBL_neg
Cn1c(N)nc(CCc2cccc(-c3ccc[nH]3)c2)cc1=O,0,ChEMBL_neg
Cn1c(N)nc(CCc2cccc(-c3ccccc3)c2)cc1=O,0,ChEMBL_neg
Cn1c(N)nc(CCc2cccc(-c3cccnc3)c2)cc1=O,0,ChEMBL_neg
Cn1c(N)nc(CCc2ccccc2)cc1=O,0,ChEMBL_neg
Cn1c2c(c3ccccc31)CCC2=NCc1ccncc1,0,ChEMBL_neg
Cn1cc(-c2cnc3c(-c4csc(C(=O)NC5CCCCC5N)c4)cnn3c2)cn1,0,ChEMBL_neg
Cn1cc(-c2cnc3c(-c4csc(C(=O)NCC(F)(F)F)c4)cnn3c2)cn1,0,ChEMBL_neg
Cn1cc(-c2ncc(C#N)c(N3CC4CC3CN4CC3CC3)n2)cn1,0,ChEMBL_neg
Cn1cc(-c2ncc(C#N)c(N3CC4CC3CN4S(=O)(=O)C3CC3)n2)cn1,0,ChEMBL_neg
Cn1cc(-c2ncc(C#N)c(N3CC4CCC(C3)N4c3cccc(F)c3)n2)cn1,0,ChEMBL_neg
Cn1cc(-c2ncc(C#N)c(N3CCN(c4cccc(F)c4)C(C)(C)C3)n2)cn1,0,ChEMBL_neg
Cn1cc(-c2ncc(C#N)c(N3CCN(c4cccc(F)c4)CC3)n2)cn1,0,ChEMBL_neg
Cn1cc[n+](COCC(C)(C)C)c1C=NO,0,ChEMBL_neg
Cn1cc[n+](COCC2CCCCC2)c1C=NO,0,ChEMBL_neg
Cn1cc[n+](COCC2CCCc3ccccc32)c1C=NO,0,ChEMBL_neg
Cn1cc[n+](COCCCc2ccccc2)c1C=NO,0,ChEMBL_neg
Cn1cc[n+](COC[n+]2ccccc2C=NO)c1C=NO,0,ChEMBL_neg
Cn1cc[n+](COC[n+]2ccn(C)c2C=NO)c1C=NO,0,ChEMBL_neg
Cn1cc[n+](COCc2cccc3ccccc23)c1C=NO,0,ChEMBL_neg
Cn1cc[n+](COCc2ccccc2)c1C=NO,0,ChEMBL_neg
Cn1nc(C(=O)N2CCN(c3ncccn3)CC2)cc1-c1ccc(O)cc1,0,ChEMBL_neg
FC(F)(F)Oc1cccc(CN2CCN(C3=Nc4cc(Cl)ccc4Nc4ccccc43)CC2)c1,0,ChEMBL_neg
FC(F)(F)c1cc(Nc2nnc(Cc3ccncc3)c3ccccc23)ccc1Cl,0,ChEMBL_neg
FC(F)(F)c1cc(Oc2nccc3ccsc23)ccc1-c1cccc2nccn12,0,ChEMBL_neg
FC(F)(F)c1ccc(C=CCOCC2CCN(Cc3ccccc3)CC2)cc1,0,ChEMBL_neg
FC(F)(F)c1ccc(CSc2nc3ccccc3n2Cc2ccc(Cl)cc2)cc1,0,ChEMBL_neg
FC(F)(F)c1ccc(N2CCN(Cc3c[nH]c4ncccc34)CC2)cc1,0,ChEMBL_neg
FC(F)(F)c1ccc(OCCCN2CCN(c3ccccn3)CC2)cc1,0,ChEMBL_neg
FC1(F)Oc2cccc(CN3CCN(C4=Nc5cc(Cl)ccc5Nc5ccccc54)CC3)c2O1,0,ChEMBL_neg
Fc1ccc(-c2cc(CCCCN3CCN(C(c4ccccc4)c4ccccc4)CC3)on2)cc1,0,ChEMBL_neg
Fc1ccc(-c2cc(CCCCN3CCN(c4ccccc4)CC3)on2)cc1,0,ChEMBL_neg
Fc1ccc(-c2csc(NN=C3CCCC3)n2)c(F)c1,0,ChEMBL_neg
Fc1ccc(-c2csc(NN=C3CCCC3)n2)cc1,0,ChEMBL_neg
Fc1ccc(-c2csc(NN=C3CCCCC3)n2)c(F)c1,0,ChEMBL_neg
Fc1ccc(-c2csc(NN=C3CCCCC3)n2)cc1,0,ChEMBL_neg
Fc1ccc(-c2csc(NN=C3CCCCCC3)n2)c(F)c1,0,ChEMBL_neg
Fc1ccc(-c2csc(NN=C3CCCCCC3)n2)cc1,0,ChEMBL_neg
Fc1ccc(C#CCOCCC2CCN(CCc3ccccc3)CC2)cc1,0,ChEMBL_neg
Fc1ccc(C(OCCOC2CC3CCC(C2)N3)c2ccc(F)cc2)cc1,0,ChEMBL_neg
Fc1ccc(C(c2ccc(F)cc2)N2CCN(CC=Cc3ccccc3)CC2)cc1,0,ChEMBL_neg
Fc1ccc(C2C(=S)N(C3CCN(C(=S)n4cncn4)CC3)C2c2ccc3c(c2)OCO3)cc1,0,ChEMBL_neg
Fc1ccc(C=CCOCC2CCN(Cc3ccccc3)CC2)cc1,0,ChEMBL_neg
Fc1ccc(CCN2CC=CCC2)cc1,0,ChEMBL_neg
Fc1ccc(CCN2CCC(CCOCC#Cc3ccccc3)CC2)cc1,0,ChEMBL_neg
Fc1cccc(C2CCCN2c2ccc3ncc(-c4ccccn4)n3n2)c1,0,ChEMBL_neg
Ic1cccn1C1CCN(Cc2ccccc2)CC1,0,ChEMBL_neg
N#CC(C#N)=C1NCCN1CCNCc1ccc(CN2CCOCC2)o1,0,ChEMBL_neg
N#CC(C#N)=C1NCCN1CCNCc1ccc(CN2CCSCC2)o1,0,ChEMBL_neg
N#CC(C#N)=Cc1cccn1C1CCN(Cc2ccccc2)CC1,0,ChEMBL_neg
N#CC(C#N)=Cc1ccn(C2CCN(Cc3ccccc3)CC2)c1,0,ChEMBL_neg
N#CCCN1C(=O)SC(=Cc2ccccc2)C1=O,0,ChEMBL_neg
N#CCn1nnc(Cc2ccc(-c3ccccc3)cc2)n1,0,ChEMBL_neg
N#Cc1c(C(=O)NCc2ccc(Cl)c(Cl)c2)nn(-c2ccccc2)c1-n1cccc1,0,ChEMBL_neg
N#Cc1c(F)c(F)c(NC(=O)c2cc3ccc(OCc4ccc(F)cc4)cc3oc2=O)c(F)c1F,0,ChEMBL_neg
N#Cc1c(F)c(F)c(NC(=O)c2cc3ccc(OCc4ccccc4)cc3oc2=O)c(F)c1F,0,ChEMBL_neg
N#Cc1c(F)c(F)c(NC(=O)c2cc3ccccc3oc2=O)c(F)c1F,0,ChEMBL_neg
N#Cc1c(N)ncnc1NC1(c2nn3cccc3c(=O)n2-c2ccccc2)CC1,0,ChEMBL_neg
N#Cc1c[nH]c(C(=O)Nc2ccc(CCO)cc2C2=CCCCC2)n1,0,ChEMBL_neg
N#Cc1cc(-c2ccc(Cl)cc2)c(-c2ccc(Cl)cc2Cl)n(Cc2ccccc2)c1=O,0,ChEMBL_neg
N#Cc1cc(-c2ccccc2)c(-c2ccc(Cl)cc2)n(Cc2ccccc2)c1=O,0,ChEMBL_neg
N#Cc1cc(-c2ccccc2)c(-c2ccc(Cl)cc2)nc1OCc1ccccc1,0,ChEMBL_neg
N#Cc1cc(F)cc(CN2CCN(C(=O)OC(C(F)(F)F)C(F)(F)F)CC2)c1OCC1(C(=O)O)CC1,0,ChEMBL_neg
N#Cc1cc([N+](=O)[O-])c2nc(O)c(O)nc2c1,0,ChEMBL_neg
N#Cc1cc2cc(OCCCCN3CCN(c4cccc(Cl)c4Cl)CC3)ccn2n1,0,ChEMBL_neg
N#Cc1ccc(-c2cnc3ccc(NCc4ccccc4)nn23)cc1,0,ChEMBL_neg
N#Cc1ccc(-c2csc(NN=C3CCCCC3)n2)cc1,0,ChEMBL_neg
N#Cc1ccc(-c2csc(NN=C3CCCCCC3)n2)cc1,0,ChEMBL_neg
N#Cc1ccc(C(=O)n2cc(C=C3CN(Cc4ccccc4)CCC3=O)c3ccccc32)cc1,0,ChEMBL_neg
N#Cc1ccc(C=CC(=O)Nc2cccc(Br)c2)cc1,0,ChEMBL_neg
N#Cc1ccc(C=CC(=O)Nc2cccc(Cl)c2)cc1,0,ChEMBL_neg
N#Cc1ccc(CN2CCN(C(=O)OC(C(F)(F)F)C(F)(F)F)CC2)c(OCC2(C(=O)O)CC2)c1,0,ChEMBL_neg
N#Cc1ccc(COc2ccc(-c3ccc(-c4ccccc4)n3CC(=O)NC(=N)N)cc2)cc1,0,ChEMBL_neg
N#Cc1ccc(CSc2nc3ccccc3n2Cc2ccc(Cl)cc2)cc1,0,ChEMBL_neg
N#Cc1ccc2[nH]c(CN3CCN(c4ccc(Cl)c(Cl)c4)CC3)cc2c1,0,ChEMBL_neg
N#Cc1ccc2[nH]c(CN3CCN(c4ccc(Cl)cc4)CC3)cc2c1,0,ChEMBL_neg
N#Cc1ccc2[nH]c(CN3CCN(c4ccc(F)cc4)CC3)cc2c1,0,ChEMBL_neg
N#Cc1ccc2[nH]cc(CN3CCN(c4ccc(Cl)cc4)CC3)c2c1,0,ChEMBL_neg
N#Cc1ccc2[nH]cc(CN3CCN(c4ccc(F)cc4)CC3)c2c1,0,ChEMBL_neg
N#Cc1ccc2[nH]cc(CN3CCN(c4ccccc4)CC3)c2c1,0,ChEMBL_neg
N#Cc1ccc2cc(CN3CCN(c4ccc(Cl)c(Cl)c4)CC3)[nH]c2c1,0,ChEMBL_neg
N#Cc1ccc2cc(CN3CCN(c4ccccc4)CC3)[nH]c2c1,0,ChEMBL_neg
N#Cc1cccc(C=CC(=O)Nc2cccc(Br)c2)c1,0,ChEMBL_neg
N#Cc1cccc(C=CC(=O)Nc2cccc(Cl)c2)c1,0,ChEMBL_neg
N#Cc1cccc(CN2CCN(C(=O)OC(C(F)(F)F)C(F)(F)F)CC2)c1OCC1(C(=O)O)CC1,0,ChEMBL_neg
N#Cc1cccc(NC(=O)NCCCN2CCCC(Cc3ccc(F)cc3)C2)c1,0,ChEMBL_neg
N#Cc1cccc(NC(=O)NCCCN2CCCC(Cc3ccc(F)cc3F)C2)c1,0,ChEMBL_neg
N#Cc1cccc(NC(=O)NCCCN2CCCC(Cc3ccccc3)C2)c1,0,ChEMBL_neg
N#Cc1cccc(NC(=O)NCCCN2CCCC(Cc3ccccc3F)C2)c1,0,ChEMBL_neg
N#Cc1ccccc1N1CCN(CNC(=O)c2ccccc2)CC1,0,ChEMBL_neg
N#Cc1ccnc(Nc2cc(C3CCN(C4COC4)CC3)n(C3CCCC3)n2)c1,0,ChEMBL_neg
N#Cc1ncc2nc1OCCCCOc1cc(NCc3cncs3)c(Cl)cc1NC(=O)N2,0,ChEMBL_neg
N=C(N)N(Cc1ccccc1)Cc1cccc(CN(Cc2ccccc2)C(=N)N)c1,0,ChEMBL_neg
N=C(N)NC(=O)Cn1c(-c2ccc(F)cc2)ccc1-c1cc(Cl)ccc1Cl,0,ChEMBL_neg
N=C(N)NC(=O)Cn1c(-c2ccc(F)cc2)ccc1-c1ccc(Oc2ccccc2)cc1,0,ChEMBL_neg
N=C(N)NC(=O)Cn1c(-c2ccc(F)cc2)ccc1-c1ccccc1Cl,0,ChEMBL_neg
N=C(N)NC(=O)Cn1c(-c2ccc(Oc3ccccc3)cc2)ccc1-c1cccc(Cl)c1,0,ChEMBL_neg
N=C(N)NC(=O)Cn1c(-c2ccc(Oc3ccccc3)cc2)ccc1-c1cccc(F)c1,0,ChEMBL_neg
N=C(N)NC(=O)Cn1c(-c2ccc(Oc3ccccc3)cc2)ccc1-c1ccccc1Cl,0,ChEMBL_neg
N=C(N)NC(=O)Cn1c(-c2ccccc2)ccc1-c1cc(Cl)ccc1Cl,0,ChEMBL_neg
N=C(N)NC(=O)Cn1c(-c2ccccc2)ccc1-c1ccc(NC(=O)c2ccc(Br)cc2)cc1,0,ChEMBL_neg
N=C(N)NC(=O)Cn1c(-c2ccccc2)ccc1-c1ccc(NC(=O)c2ccc(Cl)cc2Cl)cc1,0,ChEMBL_neg
N=C(N)NC(=O)Cn1c(-c2ccccc2)ccc1-c1ccc(Oc2ccccc2)cc1,0,ChEMBL_neg
N=C(N)NC(=O)Cn1c(-c2ccccc2)ccc1-c1ccccc1,0,ChEMBL_neg
N=C(N)NC(=O)Cn1c(-c2ccccc2)ccc1-c1ccccc1Cl,0,ChEMBL_neg
N=C(N)NC(=O)c1nc(Cl)c(N)nc1N,0,ChEMBL_neg
N=C(N)NCCCC1NC(=O)C(=Cc2c[nH]c3cc(Br)ccc23)NC1=O,0,ChEMBL_neg
N=C(N)NCCCCNC(=N)N,0,ChEMBL_neg
N=C(N)NCc1cc(CNC(=N)N)cc(-c2ccccc2)c1,0,ChEMBL_neg
N=C(N)NCc1cc(CNC(=N)N)cc(NC(=O)c2ccccc2)c1,0,ChEMBL_neg
N=C(N)NCc1cc(CNC(=N)N)cc(OC2CCCCC2)c1,0,ChEMBL_neg
N=C(N)NCc1cccc(CNC(=N)N)c1,0,ChEMBL_neg
N=C(N)NCc1cccc(CNC(=N)N)n1,0,ChEMBL_neg
N=C(N)NN=Cc1c(Cl)cccc1Cl,0,ChEMBL_neg
N=C(N)c1ccc(N2CCCN(c3ccc(C(=N)N)cc3)CC2)cc1,0,ChEMBL_neg
N=C(NC1CC2CCC1C2)NC1CC2CCC1C2,0,ChEMBL_neg
N=C(NCc1ccccc1)NCc1ccccc1,0,ChEMBL_neg
N=C(Nc1ccc(Br)cc1)Nc1ccc(Br)cc1,0,ChEMBL_neg
N=C(Nc1cccc(I)c1)Nc1cccc(I)c1,0,ChEMBL_neg
N=C(Nc1cccc2c1CCCC2)Nc1cccc2c1CCCC2,0,ChEMBL_neg
N=C(Nc1ccccc1)Nc1ccccc1,0,ChEMBL_neg
N=C(Nc1ccccc1C(F)(F)F)Nc1ccccc1C(F)(F)F,0,ChEMBL_neg
N=C(Nc1ccccc1C=Cc1ccccc1)NC12CC3CC(CC(C3)C1)C2,0,ChEMBL_neg
N=C1NC(=O)C(=Cc2c[nH]c3c(Br)cccc23)N1,0,ChEMBL_neg
N=C1NC(=O)C(=Cc2c[nH]c3cc(Br)ccc23)N1,0,ChEMBL_neg
N=C1NC(=O)C(=Cc2c[nH]c3ccc(Br)cc23)N1,0,ChEMBL_neg
N=C1NC(=O)C(=Cc2c[nH]c3cccc(Br)c23)N1,0,ChEMBL_neg
N=C1NC(=O)C(=Cc2c[nH]c3ccccc23)N1,0,ChEMBL_neg
N=c1c2ccc(Cl)cc2nc2n1CCCCC2,0,ChEMBL_neg
NC(=NC(=O)Cn1c(-c2ccccc2)ccc1C12CC3CC(CC(C3)C1)C2)NC1CCCCC1,0,ChEMBL_neg
NC(=NC(=O)Cn1c(-c2ccccc2)ccc1C12CC3CC(CC(C3)C1)C2)NCCCn1ccnc1,0,ChEMBL_neg
NC(=O)C1CN(c2cc(F)c(C3CCS(=O)(=O)CC3)c(F)c2)C(=O)O1,0,ChEMBL_neg
NC(=O)C1CN(c2cc(F)c(C3CC[S+]([O-])CC3)c(F)c2)C(=O)O1,0,ChEMBL_neg
NC(=O)C1CN(c2cc(F)c(N3CCOCC3)c(F)c2)C(=O)O1,0,ChEMBL_neg
NC(=O)C1CN(c2ccc(C3CCOCC3)c(F)c2)C(=O)O1,0,ChEMBL_neg
NC(=O)C1CN(c2ccc(C3CCS(=O)(=O)CC3)c(F)c2)C(=O)O1,0,ChEMBL_neg
NC(=O)C1CN(c2ccc(C3CC[S+]([O-])CC3)c(F)c2)C(=O)O1,0,ChEMBL_neg
NC(=O)C1CN(c2ccc(N3CCOCC3)c(F)c2)C(=O)O1,0,ChEMBL_neg
NC(=O)C=C1CCc2c(F)cc(F)cc21,0,ChEMBL_neg
NC(=O)N1N=C(c2ccccc2)CC1c1ccncc1,0,ChEMBL_neg
NC(=O)Nc1ccc(-c2cccc3onc(N)c23)cc1,0,ChEMBL_neg
NC(=O)O,0,ChEMBL_neg
NC(=O)c1cc[n+](COC[n+]2ccccc2C=NO)cc1,0,ChEMBL_neg
NC(=O)c1ccc(Oc2ccc(CNCCc3ccccc3)cc2)nc1,0,ChEMBL_neg
NC(=O)c1cccc(-c2cccc(OC(=O)NC3CCCCC3)c2)c1,0,ChEMBL_neg
NC(=O)c1cn(-c2cccc(OC(=O)N3CCN(CCCc4ccccc4)CC3)c2)nn1,0,ChEMBL_neg
NC(=O)c1cnc(-c2cnc3c(Nc4ccc(C(F)(F)F)cn4)ccnc3n2)c(C(F)(F)F)c1,0,ChEMBL_neg
NC(=S)N1N=C(c2ccc(Cl)cc2)CC1c1ccc(Cl)cc1,0,ChEMBL_neg
NC(=S)N1N=C(c2ccc(Cl)cc2)CC1c1ccc[nH]1,0,ChEMBL_neg
NC(=S)N1N=C(c2ccccc2)CC1c1ccco1,0,ChEMBL_neg
NC(=S)N1N=C(c2ccco2)CC1c1ccc(F)cc1,0,ChEMBL_neg
NC(=S)N1N=C(c2cccs2)CC1c1ccc[nH]1,0,ChEMBL_neg
NC(CCCCc1nnn[nH]1)C(=O)O,0,ChEMBL_neg
NC(CCCc1nnn[nH]1)C(=O)O,0,ChEMBL_neg
NC(COc1cncc(-c2ccc3cnccc3c2)c1)Cc1c[nH]c2ccccc12,0,ChEMBL_neg
NC(N)=NC(=O)Cc1c(-c2ccccc2)csc1-c1ccccc1,0,ChEMBL_neg
NC(N)=NC(=O)Cc1c(-c2ccccc2Cl)csc1-c1ccc(OCCc2cn[nH]c2)cc1,0,ChEMBL_neg
NC1(c2ccccc2)CC1(F)c1ccccc1,0,ChEMBL_neg
NC12CC(C(F)(F)F)=CC(Cc3nc(O)ccc31)C2=CC(F)(F)F,0,ChEMBL_neg
NC12CC3CC(C1)CC(c1ccccc1)(C3)C2,0,ChEMBL_neg
NC12CC3CC(CC(C3)C1)C2,0,ChEMBL_neg
NC1=NC(c2ccc(Cl)c(Cl)c2)CC(=O)N1,0,ChEMBL_neg
NC1=Nc2cccc(Cl)c2CN1,0,ChEMBL_neg
NC1CC1(F)c1ccc(Cl)cc1,0,ChEMBL_neg
NC1CC1(F)c1ccc(F)cc1,0,ChEMBL_neg
NC1CC1(F)c1ccccc1,0,ChEMBL_neg
NC1CC1c1cc(F)cc(F)c1OCc1ccccc1,0,ChEMBL_neg
NC1CC1c1ccc(NC(=O)C(Cc2ccccc2)NC(=O)OCc2ccccc2)cc1,0,ChEMBL_neg
NC1CC1c1ccc(OCCC(NC(=O)c2ccccc2)C(=O)NCc2ccccc2)cc1,0,ChEMBL_neg
NC1CC1c1cccc(OCCC(NC(=O)c2ccccc2)C(=O)NCc2ccccc2)c1,0,ChEMBL_neg
NC1CC1c1ccccc1,0,ChEMBL_neg
NC1CCCCC1NC(=O)c1c2c(c3c4c(ncnc14)-c1ccccc1C3=O)NC1CCCCC1N2,0,ChEMBL_neg
NC1c2ccccc2Cc2ccccc21,0,ChEMBL_neg
NCC(=CF)CCc1ccc(F)cc1,0,ChEMBL_neg
NCC(c1ccccc1)c1ccccc1,0,ChEMBL_neg
NCC1(c2ccccc2)CC1F,0,ChEMBL_neg
NCC12CC(c3ccccc31)c1ccccc12,0,ChEMBL_neg
NCC12CC3CC(CC(C3)C1)C2,0,ChEMBL_neg
NCC1CC1c1ccc(F)cc1,0,ChEMBL_neg
NCC1CC2c3ccccc3C1c1ccccc12,0,ChEMBL_neg
NCC1NC(=O)CNC1=O,0,ChEMBL_neg
NCC1c2ccccc2-c2ccccc21,0,ChEMBL_neg
NCC1c2ccccc2C=Cc2ccccc21,0,ChEMBL_neg
NCCC12CC3CC(CC(C3)C1)C2,0,ChEMBL_neg
NCCCC(=O)NCC(=O)O,0,ChEMBL_neg
NCCCC12CC3CC(CC(C3)C1)C2,0,ChEMBL_neg
NCCCCC12CC3CC(CC(C3)C1)C2,0,ChEMBL_neg
NCCCCc1ccccc1,0,ChEMBL_neg
NCCCOc1c2occc2cc2ccc(=O)oc12,0,ChEMBL_neg
NCCc1ccc(O)cc1,0,ChEMBL_neg
NCCc1cccc(O)c1,0,ChEMBL_neg
NCCc1ccccc1,0,ChEMBL_neg
NCCc1ccccc1Cc1ccccc1,0,ChEMBL_neg
NCc1c2ccccc2cc2ccccc12,0,ChEMBL_neg
NCc1ccc2c(c1)C1(CCN(C(=O)c3ccc(C#Cc4ccccc4)o3)CC1)CO2,0,ChEMBL_neg
NCc1cn(-c2ccc(C(=O)O)cc2)nn1,0,ChEMBL_neg
NCc1cn(-c2cccc(C(=O)O)c2)nn1,0,ChEMBL_neg
NNC(N)=O,0,ChEMBL_neg
NNCC(=CF)c1ccccc1,0,ChEMBL_neg
NS(=O)(=O)c1ccc(CSc2nc3ccccc3n2Cc2ccc(Cl)cc2)cc1,0,ChEMBL_neg
NS(=O)(=O)c1ccc(Nc2nc(N3CCOCC3)nc3[nH]cnc23)cc1,0,ChEMBL_neg
Nc1c(F)cc2nc(O)c(O)nc2c1[N+](=O)[O-],0,ChEMBL_neg
Nc1c2c(nc3c1CCCO3)CCC2,0,ChEMBL_neg
Nc1c2c(nc3cc(Cl)ccc13)CC(CNC(=O)CCCCC1CCSS1)CC2,0,ChEMBL_neg
Nc1c2c(nc3ccc(Cl)cc13)C1CCC2C1,0,ChEMBL_neg
Nc1c2c(nc3ccc(Cl)cc13)OCCC2,0,ChEMBL_neg
Nc1c2c(nc3ccc([N+](=O)[O-])cc13)CCCC2,0,ChEMBL_neg
Nc1c2c(nc3ccccc13)-c1ccccc1CC2,0,ChEMBL_neg
Nc1c2c(nc3ccccc13)-c1ccccc1CO2,0,ChEMBL_neg
Nc1c2c(nc3ccccc13)-c1ccccc1CS2,0,ChEMBL_neg
Nc1c2c(nc3ccccc13)CCC(O)C2,0,ChEMBL_neg
Nc1c2c(nc3cnccc13)CCCC2,0,ChEMBL_neg
Nc1c2c(nc3ncccc13)OCCC2,0,ChEMBL_neg
Nc1cc(-c2ccccc2)nc2ccccc12,0,ChEMBL_neg
Nc1cc(C=C2COc3ccccc3C2=O)ccc1O,0,ChEMBL_neg
Nc1ccc(-c2cccc3[nH]nc(N)c23)cc1,0,ChEMBL_neg
Nc1ccc(-c2cccc3onc(N)c23)cc1,0,ChEMBL_neg
Nc1ccc(C(=O)N2CCC(C(=O)c3ccc(Cl)cc3)CC2)cc1,0,ChEMBL_neg
Nc1ccc(C=Cc2ccccc2)cc1,0,ChEMBL_neg
Nc1ccc(CCc2ccccc2)cc1,0,ChEMBL_neg
Nc1ccc(N2CCc3ccccc3C2)nc1,0,ChEMBL_neg
Nc1ccc(OCc2ccccc2)cc1,0,ChEMBL_neg
Nc1ccc(Oc2ccc(Cl)cc2)cc1,0,ChEMBL_neg
Nc1ccc(Oc2ccccc2)cc1,0,ChEMBL_neg
Nc1ccc2c(=O)cc(C(=O)NC3CCCCC3)n(Cc3ccccc3)c2n1,0,ChEMBL_neg
Nc1ccc2ccccc2n1,0,ChEMBL_neg
Nc1ccc2nc3c(c(N)c2c1)CCCC3,0,ChEMBL_neg
Nc1cccc(-c2ccccc2)c1,0,ChEMBL_neg
Nc1cccc(-c2cnc3[nH]cc(-c4ccc(Cl)cc4)c3c2)c1,0,ChEMBL_neg
Nc1cccc(-c2cnc3[nH]cc(-c4ccccc4N)c3c2)c1,0,ChEMBL_neg
Nc1cccc(C(=O)N2CCC(C(=O)c3ccc(Cl)cc3)CC2)c1,0,ChEMBL_neg
Nc1cccc(C=Cc2ccccc2)c1,0,ChEMBL_neg
Nc1cccc(CCc2ccc3cc[nH]c3c2)n1,0,ChEMBL_neg
Nc1cccc(CCc2ccccc2)c1,0,ChEMBL_neg
Nc1cccc(Cn2nc(Oc3ccccc3)oc2=O)c1,0,ChEMBL_neg
Nc1cccc(OCc2ccccc2)c1,0,ChEMBL_neg
Nc1ccccc1C(=O)N1CCC(C(=O)c2ccc(Cl)cc2)CC1,0,ChEMBL_neg
Nc1n[nH]c2cccc(-c3ccc(NC(=O)c4ccccc4)cc3)c12,0,ChEMBL_neg
Nc1n[nH]c2cccc(-c3ccc(NS(=O)(=O)c4ccccc4)cc3)c12,0,ChEMBL_neg
Nc1nc(CCc2ccc3cc[nH]c3c2)cc(=O)[nH]1,0,ChEMBL_neg
Nc1ncccc1NCc1cc(-c2ccc3cc[nH]c3c2)ccc1OCc1ccccn1,0,ChEMBL_neg
Nc1ncccc1NCc1cccc(-c2ccc3cc[nH]c3c2)c1,0,ChEMBL_neg
Nc1ncccc1NCc1cccc(-c2cccnc2)c1,0,ChEMBL_neg
Nc1ncccc1NCc1ccccc1,0,ChEMBL_neg
Nc1ncnc2c1N=C(c1cccc(NC(=O)Nc3ccccc3)c1)CCN2,0,ChEMBL_neg
Nc1ncnc2c1c(-c1cccc(OCc3ccccc3)c1)cn2C1CC(CN2CCC2)C1,0,ChEMBL_neg
Nc1noc2cccc(-c3ccc(NC(=O)Nc4ccccc4C(F)(F)F)cc3)c12,0,ChEMBL_neg
Nc1nsc2cccc(-c3ccc(NC(=O)Nc4cccc(C(F)(F)F)c4)cc3)c12,0,ChEMBL_neg
O=C(C=C1SC(=O)NC1=O)Nc1cccc(O)c1,0,ChEMBL_neg
O=C(C=C1SC(=O)NC1=O)Nc1ccccc1,0,ChEMBL_neg
O=C(C=CC=Cc1ccccc1)Nc1cccc(Br)c1,0,ChEMBL_neg
O=C(C=CC=Cc1ccccc1)Nc1cccc(Cl)c1,0,ChEMBL_neg
O=C(C=Cc1ccc(-c2ccccc2)cc1)OCC1CO1,0,ChEMBL_neg
O=C(C=Cc1ccc(Cl)cc1)c1ccc(O)cc1O,0,ChEMBL_neg
O=C(C=Cc1ccc(O)cc1)Nc1cccc(Br)c1,0,ChEMBL_neg
O=C(C=Cc1ccc(O)cc1)Nc1cccc(Cl)c1,0,ChEMBL_neg
O=C(C=Cc1cccc(Cl)c1)Oc1ccc2c(c1)CC(=O)O2,0,ChEMBL_neg
O=C(C=Cc1ccccc1)Nc1cccc(Br)c1,0,ChEMBL_neg
O=C(C=Cc1ccccc1)Nc1cccc(Cl)c1,0,ChEMBL_neg
O=C(C=Cc1ccccc1)Nc1ccccc1,0,ChEMBL_neg
O=C(C=Cc1ccccc1)Oc1ccc2c(c1)CC(=O)O2,0,ChEMBL_neg
O=C(CC1CCNCC1)c1ccc(-c2ccc(N3CC(Cn4ccnn4)OC3=O)cc2F)cn1,0,ChEMBL_neg
O=C(CC=Cc1ccccc1)Nc1cccc(Br)c1,0,ChEMBL_neg
O=C(CC=Cc1ccccc1)Nc1cccc(Cl)c1,0,ChEMBL_neg
O=C(CC=Cc1ccccc1)Nc1ccccc1,0,ChEMBL_neg
O=C(CCCC=CCC1C(=O)CC(O)C1C=CC(O)CCc1ccccc1)NCCO,0,ChEMBL_neg
O=C(CCCCCCCCCCCCCCCOc1cccc(O)c1)NC1CC1,0,ChEMBL_neg
O=C(CCCCCCCCCCCCCCCOc1cccc(O)c1)Nc1ccc(O)cc1,0,ChEMBL_neg
O=C(CCCCCCCCCCOc1cccc(O)c1)NC1CC1,0,ChEMBL_neg
O=C(CCCCCc1ccc(-c2ccccc2)cc1)OC(CO)CO,0,ChEMBL_neg
O=C(CCCCCc1ccc(-c2ccccc2)cc1)OCC1CO1,0,ChEMBL_neg
O=C(CCCCCc1ccc(-c2ccccc2)cc1)OCc1ccc2c(c1)OCO2,0,ChEMBL_neg
O=C(CCCCc1ccc(-c2ccccc2)cc1)OCC1CCCCO1,0,ChEMBL_neg
O=C(CCCCc1ccc(-c2ccccc2)cc1)OCC1CO1,0,ChEMBL_neg
O=C(CCCN1CCOCC1)c1ccc(-c2ccc(N3CC(Cn4ccnn4)OC3=O)cc2F)cn1,0,ChEMBL_neg
O=C(CCCc1ccc(-c2ccccc2)cc1)OCC1CO1,0,ChEMBL_neg
O=C(CCc1ccc(-c2ccccc2)cc1)OCC1CCCCO1,0,ChEMBL_neg
O=C(CCc1ccc(F)cc1)N1CCN(CCCC(c2ccc(F)cc2)c2ccc(F)cc2)CC1,0,ChEMBL_neg
O=C(CNc1ccc(O)cc1)Nc1ccc(-c2nc3ccccc3s2)cc1,0,ChEMBL_neg
O=C(CNc1nc(-c2ccc(Cl)cc2)cs1)Nc1ccc(-c2nc3ccccc3s2)cc1,0,ChEMBL_neg
O=C(CNc1nc2ccccc2s1)Nc1ccc(-c2nc3ccccc3s2)cc1,0,ChEMBL_neg
O=C(CNc1nnc(-c2ccc(Cl)cc2)o1)Nc1ccc(-c2nc3ccccc3s2)cc1,0,ChEMBL_neg
O=C(Cc1ccc(Cc2ccccc2)cc1)OCC1CO1,0,ChEMBL_neg
O=C(Cl)c1ccc(NC(=O)c2cc3ccccc3oc2=O)cc1,0,ChEMBL_neg
O=C(N1CCCCC1)N1CC(OC(c2ccc(Cl)cc2)c2cccnc2Cl)C1,0,ChEMBL_neg
O=C(N1CCN(Cc2cccc(Oc3ccccc3)c2)CC1)n1ccnc1,0,ChEMBL_neg
O=C(NC(Cc1cc(F)cc(F)c1)C(O)C1CC(OCc2ccccc2)CN1)C1CC(=O)N(Cc2ccc(C(F)(F)F)cc2)C1,0,ChEMBL_neg
O=C(NC(Cc1cc(F)cc(F)c1)C(O)C1CC(OCc2ccccc2)CN1)C1CC(=O)N(Cc2ccc(Cl)cc2)C1,0,ChEMBL_neg
O=C(NC(Cc1cc(F)cc(F)c1)C(O)C1CC(OCc2ccccc2)CN1)C1CC(=O)N(Cc2ccc(F)cc2)C1,0,ChEMBL_neg
O=C(NC(Cc1cc(F)cc(F)c1)C(O)C1CC(OCc2ccccc2)CN1)C1CC(=O)N(Cc2nccs2)C1,0,ChEMBL_neg
O=C(NC1CCCCC1)c1cc(-n2cccc2)n(-c2ccc(Cl)cc2)n1,0,ChEMBL_neg
O=C(NC1CCCCC1)c1cn(-c2cccnc2)c(-c2ccccc2Cl)n1,0,ChEMBL_neg
O=C(NC1CCCCC1)c1nc(-c2ccc(Cl)cc2)c(-c2ccc(Cl)cc2)[nH]1,0,ChEMBL_neg
O=C(NC1CCN(Cc2ccc(Cl)cc2)C1)c1cccc(-c2cccs2)c1,0,ChEMBL_neg
O=C(NC1CCN(Cc2ccc(OC(F)(F)F)cc2)C1)c1cccc(-c2cccs2)c1,0,ChEMBL_neg
O=C(NCC(F)(F)F)c1cc(-c2cnn3cc(-c4ccc(OCCN5CCCCC5)cc4)cnc23)cs1,0,ChEMBL_neg
O=C(NCC=CCN1CCN(c2cccc(Cl)c2Cl)CC1)c1cc2ccccc2o1,0,ChEMBL_neg
O=C(NCC=CCN1CCN(c2cccc(Cl)c2Cl)CC1)c1cc2ccccc2s1,0,ChEMBL_neg
O=C(NCCC(O)CN1CCN(c2cccc(Cl)c2Cl)CC1)c1cc2ccccc2[nH]1,0,ChEMBL_neg
O=C(NCCCCCCc1ccccc1)Oc1cccc(-c2nn[nH]n2)c1,0,ChEMBL_neg
O=C(NCCCCN1CCCCC1)Nc1ccc(-c2ccc(F)cc2)nc1,0,ChEMBL_neg
O=C(NCCCCN1CCN(c2cccc(Cl)c2Cl)CC1)c1cc2cc(I)ccc2o1,0,ChEMBL_neg
O=C(NCCCCN1CCN(c2cccc(Cl)c2Cl)CC1)c1cc2ccc1CCc1ccc(cc1)CC2,0,ChEMBL_neg
O=C(NCCCCN1CCN(c2cccc(Cl)c2Cl)CC1)c1cc2ccccc2s1,0,ChEMBL_neg
O=C(NCCCN1CCN(c2cccc(Cl)c2Cl)CC1)c1ccc2c(c1)Cc1ccccc1-2,0,ChEMBL_neg
O=C(NCCCN1CCN(c2cccc(Cl)c2Cl)CC1)c1cccc2c1Cc1ccccc1-2,0,ChEMBL_neg
O=C(NCCc1ccc(O)c(O)c1)n1nnc2ccccc21,0,ChEMBL_neg
O=C(NCN1CCN(c2ccccc2Cl)CC1)c1cccc(Cl)c1,0,ChEMBL_neg
O=C(NCN1CCN(c2ccccc2Cl)CC1)c1ccccc1,0,ChEMBL_neg
O=C(NCc1ccc2c(c1)OCO2)C1CC(=O)N(c2ccc(OCc3ccccc3Cl)cc2)C1,0,ChEMBL_neg
O=C(NCc1ccccc1)Oc1ccc(-c2csnn2)cc1,0,ChEMBL_neg
O=C(NN1CCCCC1)c1nc(-c2ccc(Cl)cc2)c(-c2ccc(Cl)cc2)[nH]1,0,ChEMBL_neg
O=C(NN1CCCCC1)c1nc(-c2ccc(Cl)cc2)c(-c2ccc(Cl)cc2)o1,0,ChEMBL_neg
O=C(NN1CCCCC1)c1nc(-c2ccc(Cl)cc2)c(-c2ccc(Cl)cc2Cl)s1,0,ChEMBL_neg
O=C(NN1CCCCC1)c1nn(-c2ccc(Cl)cc2Cl)c(-c2ccc(-c3cccnc3)cc2)c1CO,0,ChEMBL_neg
O=C(NN1c2ccc(Cl)cc2N=C(N2CCN(Cc3cccc(OC(F)(F)F)c3)CC2)c2ccccc21)c1ccccc1Cl,0,ChEMBL_neg
O=C(NN1c2ccc(Cl)cc2N=C(N2CCN(Cc3cccc4c3OC(F)(F)O4)CC2)c2ccccc21)c1ccccc1Cl,0,ChEMBL_neg
O=C(NNc1ccc(Cl)cc1)c1cc2ccccc2oc1=O,0,ChEMBL_neg
O=C(NNc1ccc([N+](=O)[O-])cc1[N+](=O)[O-])c1cc2ccccc2oc1=O,0,ChEMBL_neg
O=C(NNc1ccccc1)c1cc2ccc(OCc3ccccc3)cc2oc1=O,0,ChEMBL_neg
O=C(NNc1ccccc1)c1cc2ccccc2oc1=O,0,ChEMBL_neg
O=C(NNc1ccccc1[N+](=O)[O-])c1cc2ccccc2oc1=O,0,ChEMBL_neg
O=C(Nc1c(F)c(F)nc(F)c1F)c1cc2ccccc2oc1=O,0,ChEMBL_neg
O=C(Nc1c(F)cccc1F)c1cc2ccccc2oc1=O,0,ChEMBL_neg
O=C(Nc1cc(-c2ccccc2)ccc1N1CCN(C(=O)CCCCC2SCCS2)CC1)c1cccc2ccccc12,0,ChEMBL_neg
O=C(Nc1cc(-c2ccccc2)ccc1N1CCN(Cc2ccccc2)CC1)c1cccc2ccccc12,0,ChEMBL_neg
O=C(Nc1cc(Br)ccc1N1CCN(Cc2ccccc2)CC1)c1cccc2ccccc12,0,ChEMBL_neg
O=C(Nc1cc(Br)ccc1N1CCN(S(=O)(=O)c2cccs2)CC1)c1cc(=O)c2ccccc2o1,0,ChEMBL_neg
O=C(Nc1cc(Br)ccc1N1CCNCC1)c1cc(=O)c2ccccc2o1,0,ChEMBL_neg
O=C(Nc1cc(Br)ccc1N1CCNCC1)c1ccc2ccccc2n1,0,ChEMBL_neg
O=C(Nc1cc(Cl)cc(Cl)c1)C1CCN(C(=O)c2cccc(O)c2)CC1,0,ChEMBL_neg
O=C(Nc1ccc(Br)cc1)NC(c1ccc(Cl)cc1)c1ccc(Cl)cc1,0,ChEMBL_neg
O=C(Nc1ccc(Cl)c(Cl)c1)C1CCN(C(=O)c2cccc(O)c2)CC1,0,ChEMBL_neg
O=C(Nc1ccc(Cl)c(F)c1)C1CCN(C(=O)c2cccc(O)c2)CC1,0,ChEMBL_neg
O=C(Nc1ccc(Cl)cc1)C1CCN(C(=O)c2cccc(O)c2)CC1,0,ChEMBL_neg
O=C(Nc1ccc(Cl)cc1)C1CCN(C(=O)c2ccccc2O)CC1,0,ChEMBL_neg
O=C(Nc1ccc(Cl)cc1)NC(c1ccc(Cl)cc1)c1ccc(Cl)cc1,0,ChEMBL_neg
O=C(Nc1ccc(F)cc1)c1cc2ccccc2oc1=O,0,ChEMBL_neg
O=C(Nc1ccc(O)cc1)c1cc(=O)c2ccccc2o1,0,ChEMBL_neg
O=C(Nc1ccc(O)cc1)c1coc2ccccc2c1=O,0,ChEMBL_neg
O=C(Nc1ccc([N+](=O)[O-])cc1)c1coc2ccccc2c1=O,0,ChEMBL_neg
O=C(Nc1ccc([N+](=O)[O-])cc1Cl)c1cc(Cl)ccc1O,0,ChEMBL_neg
O=C(Nc1cccc(-c2ccc(C(F)(F)F)cc2)c1)OCC1CCCCC1,0,ChEMBL_neg
O=C(Nc1cccc(-c2ccc(C(F)(F)F)cc2)c1)OCc1ccccc1,0,ChEMBL_neg
O=C(Nc1cccc(-c2ccc(C(F)(F)F)cc2)c1)OCc1ccco1,0,ChEMBL_neg
O=C(Nc1cccc(-c2ccc(F)cc2)c1)OCC1CCCCC1,0,ChEMBL_neg
O=C(Nc1cccc(-c2ccc(F)cc2)c1)OCc1ccccc1,0,ChEMBL_neg
O=C(Nc1cccc(-c2ccccc2)c1)OC1CCCCC1,0,ChEMBL_neg
O=C(Nc1cccc(-c2ccccc2)c1)OCCc1ccccc1,0,ChEMBL_neg
O=C(Nc1cccc(-c2ccccc2)c1)OCc1ccccc1,0,ChEMBL_neg
O=C(Nc1cccc(Cl)c1)C1CCN(C(=O)c2ccc(-c3ccccc3)cc2)CC1,0,ChEMBL_neg
O=C(Nc1cccc(Cl)c1)C1CCN(C(=O)c2ccc(O)cc2)CC1,0,ChEMBL_neg
O=C(Nc1cccc(Cl)c1)C1CCN(C(=O)c2ccc(Oc3ccccc3)cc2)CC1,0,ChEMBL_neg
O=C(Nc1cccc(F)c1)C1CCN(C(=O)c2cccc(O)c2)CC1,0,ChEMBL_neg
O=C(Nc1cccc(O)c1)C1CCN(C(=O)c2ccc(Cl)cc2)CC1,0,ChEMBL_neg
O=C(Nc1cccc2c1Cc1c-2n[nH]c1-c1ccsc1)c1ccco1,0,ChEMBL_neg
O=C(Nc1ccccc1)NC(c1ccc(Br)cc1)c1ccc(Br)cc1,0,ChEMBL_neg
O=C(Nc1ccccc1)NC(c1ccc(Cl)cc1)c1ccc(Cl)cc1,0,ChEMBL_neg
O=C(Nc1ccccc1)c1cc2ccccc2oc1=O,0,ChEMBL_neg
O=C(Nc1ccccc1Cc1ccccc1)c1cc2ccc(OCc3ccc(F)cc3)cc2oc1=O,0,ChEMBL_neg
O=C(Nc1ccccc1Cc1ccccc1)c1cc2ccc(OCc3ccccc3)cc2oc1=O,0,ChEMBL_neg
O=C(O)C1CC2CC(CCC3=NN=NC3)CCC2CN1,0,ChEMBL_neg
O=C(O)C1CC2CC(CCc3nn[nH]n3)CCC2CN1,0,ChEMBL_neg
O=C(O)C1CN(CCCc2nnn[nH]2)CCN1,0,ChEMBL_neg
O=C(O)C1CN(Cc2nn[nH]n2)CCN1,0,ChEMBL_neg
O=C(O)CCCCc1cc(C(F)(F)F)ccc1CN1CCN(C(=O)OC(C(F)(F)F)C(F)(F)F)CC1,0,ChEMBL_neg
O=C(O)CCCOc1cc(C(F)(F)F)ccc1CN1CCN(C(=O)OC(C(F)(F)F)C(F)(F)F)CC1,0,ChEMBL_neg
O=C(O)CCCOc1cc(Cl)ccc1CN1CCN(C(=O)OC(C(F)(F)F)C(F)(F)F)CC1,0,ChEMBL_neg
O=C(O)CCN1C(=O)C(=Cc2ccccc2)SC1=S,0,ChEMBL_neg
O=C(O)CCNC(=O)c1cccc2c1Cc1c-2n[nH]c1-c1ccsc1,0,ChEMBL_neg
O=C(O)CNC(=O)c1cccc2c1Cc1c-2n[nH]c1-c1ccsc1,0,ChEMBL_neg
O=C(O)CNS(=O)(=O)c1ccc2nc(O)c(O)nc2c1,0,ChEMBL_neg
O=C(O)COCCNc1c(F)cccc1CN1CCN(C(=O)OC(C(F)(F)F)C(F)(F)F)CC1,0,ChEMBL_neg
O=C(O)COCCNc1cc(C(F)(F)F)ccc1CN1CCN(C(=O)OC(C(F)(F)F)C(F)(F)F)CC1,0,ChEMBL_neg
O=C(O)COCCNc1ccc(Cl)cc1CN1CCN(C(=O)OC(C(F)(F)F)C(F)(F)F)CC1,0,ChEMBL_neg
O=C(O)COc1cc(C(F)(F)F)ccc1CN1CCN(C(=O)OC(C(F)(F)F)C(F)(F)F)CC1,0,ChEMBL_neg
O=C(O)COc1cc(Cl)ccc1CN1CCN(C(=O)OC(C(F)(F)F)C(F)(F)F)CC1,0,ChEMBL_neg
O=C(O)Cc1cccc(-c2ccc3[nH]c(=O)c(=O)[nH]c3c2)c1,0,ChEMBL_neg
O=C(O)c1cc(=O)c2ccccc2[nH]1,0,ChEMBL_neg
O=C(O)c1cc(S)c2ccc(Cl)cc2n1,0,ChEMBL_neg
O=C(O)c1cc2c3cc(-n4cnnc4)c(Cl)cc3[nH]c(=O)n2n1,0,ChEMBL_neg
O=C(O)c1cc2cc(O)ccc2oc1=O,0,ChEMBL_neg
O=C(O)c1cc2cccc(O)c2oc1=O,0,ChEMBL_neg
O=C(O)c1ccc(CSc2nc3ccccc3n2Cc2ccc(Cl)cc2)cc1,0,ChEMBL_neg
O=C(O)c1ccc(NC(=O)c2cc3ccccc3oc2=O)cc1,0,ChEMBL_neg
O=C(O)c1coc2ccc(OCc3cccc(Br)c3)cc2c1=O,0,ChEMBL_neg
O=C(O)c1nc2c(O)nc3cc(Cl)c(-n4cccc4)cc3n2n1,0,ChEMBL_neg
O=C(O)c1nc2c(O)nc3cc(Cl)c(-n4cnnc4)cc3n2n1,0,ChEMBL_neg
O=C(OC(C(F)(F)F)C(F)(F)F)N1CCN(Cc2c(Cl)cccc2N2CCOCC2)CC1,0,ChEMBL_neg
O=C(OC(C(F)(F)F)C(F)(F)F)N1CCN(Cc2cc(F)c(F)cc2OCC2(C(=O)O)CC2)CC1,0,ChEMBL_neg
O=C(OC(C(F)(F)F)C(F)(F)F)N1CCN(Cc2cc(OCC3(C(=O)O)CC3)cc(C(F)(F)F)c2)CC1,0,ChEMBL_neg
O=C(OC(C(F)(F)F)C(F)(F)F)N1CCN(Cc2ccc(C(F)(F)F)cc2OC2(C(=O)O)CC2)CC1,0,ChEMBL_neg
O=C(OC(C(F)(F)F)C(F)(F)F)N1CCN(Cc2ccc(C(F)(F)F)cc2OCC2(C(=O)O)CC2)CC1,0,ChEMBL_neg
O=C(OC(C(F)(F)F)C(F)(F)F)N1CCN(Cc2ccc(F)c(F)c2OCC2(C(=O)O)CC2)CC1,0,ChEMBL_neg
O=C(OC(C(F)(F)F)C(F)(F)F)N1CCN(Cc2ccc(F)c(F)c2OCC2(C(=O)O)CCCC2)CC1,0,ChEMBL_neg
O=C(OC(C(F)(F)F)C(F)(F)F)N1CCN(Cc2cccc(C(F)(F)F)c2OC2(C(=O)O)CC2)CC1,0,ChEMBL_neg
O=C(OC(C(F)(F)F)C(F)(F)F)N1CCN(Cc2cccc(C(F)(F)F)c2OCC2(C(=O)O)CC2)CC1,0,ChEMBL_neg
O=C(OC(C(F)(F)F)C(F)(F)F)N1CCN(Cc2cccc(F)c2OCC2(C(=O)O)CCCC2)CC1,0,ChEMBL_neg
O=C(OCCN1CCCC1)N1c2ccccc2Sc2ccccc21,0,ChEMBL_neg
O=C(OCCc1ccc(F)cc1)N1CCN(CCCC(c2ccc(F)cc2)c2ccc(F)cc2)CC1,0,ChEMBL_neg
O=C(OCc1cc2c(cc1Cl)OCO2)N1CCC(n2c(O)nc3ccccc32)CC1,0,ChEMBL_neg
O=C(ON1C(=O)CCC1=O)N1CCC(=C2c3ccc(Cl)cc3CCc3cccnc32)CC1,0,ChEMBL_neg
O=C(Oc1ccc([N+](=O)[O-])cc1)N1CCN(Cc2ccc(Oc3ccccc3)cc2)CC1,0,ChEMBL_neg
O=C(Oc1ccc([N+](=O)[O-])cc1)N1CCN(S(=O)(=O)c2ccc(Oc3ccc(Cl)cc3)cc2)CC1,0,ChEMBL_neg
O=C(c1cc(-c2ccc(Cl)cc2)n(-c2ccccc2)n1)N1CCC(Cc2ccccc2)CC1,0,ChEMBL_neg
O=C(c1cc(-c2ccc(O)cc2)n(-c2ccc(Cl)cc2)n1)N1CCC(Cc2ccccc2)CC1,0,ChEMBL_neg
O=C(c1cc(-c2ccc(O)cc2)n(-c2ccccc2)n1)N1CCC(Cc2ccccc2)CC1,0,ChEMBL_neg
O=C(c1cc(-c2ccc(O)cc2)n(-c2ccccc2)n1)N1CCN(Cc2ccccc2)CC1,0,ChEMBL_neg
O=C(c1cc(-c2ccc(O)cc2)n(-c2ccccc2)n1)N1CCN(c2ccccc2)CC1,0,ChEMBL_neg
O=C(c1cc(-c2ccc(O)cc2)n(-c2ccccc2)n1)N1CCN(c2ncccn2)CC1,0,ChEMBL_neg
O=C(c1cc(-c2ccc(O)cc2)n(-c2ccccc2)n1)N1CCOCC1,0,ChEMBL_neg
O=C(c1cc(-c2ccc(O)cc2)n(CCCc2ccccc2)n1)N1CCC(Cc2ccccc2)CC1,0,ChEMBL_neg
O=C(c1cc(-c2ccc(O)cc2)n(CCc2ccccc2)n1)N1CCC(Cc2ccccc2)CC1,0,ChEMBL_neg
O=C(c1cc(-c2ccc(O)cc2)n(Cc2cccc3ccccc23)n1)N1CCC(Cc2ccccc2)CC1,0,ChEMBL_neg
O=C(c1cc(-c2cccc(O)c2)n(-c2ccccc2)n1)N1CCN(c2ncccn2)CC1,0,ChEMBL_neg
O=C(c1cc(-c2ccccc2)n(-c2ccccc2)n1)N1CCC(Cc2ccccc2)CC1,0,ChEMBL_neg
O=C(c1ccc(-c2ccc(N3CC(Cn4ccnn4)OC3=O)cc2F)cn1)C1CNC1,0,ChEMBL_neg
O=C(c1ccc(-c2ccccc2)cc1)C1CCN(C(=O)c2ccc(Cl)cc2)CC1,0,ChEMBL_neg
O=C(c1ccc(-c2cn(CCCc3ccccc3)nn2)cc1)C1CCN(C(=O)c2cccc(O)c2)CC1,0,ChEMBL_neg
O=C(c1ccc(-c2cn(Cc3ccccc3)nn2)cc1)C1CCN(C(=O)c2cccc(O)c2)CC1,0,ChEMBL_neg
O=C(c1ccc(Cl)cc1)C1CCN(C(=O)c2cc(O)cc(Br)c2)CC1,0,ChEMBL_neg
O=C(c1ccc(Cl)cc1)C1CCN(C(=O)c2cc(O)cc(Cl)c2)CC1,0,ChEMBL_neg
O=C(c1ccc(Cl)cc1)C1CCN(C(=O)c2cc(O)cc(F)c2)CC1,0,ChEMBL_neg
O=C(c1ccc(Cl)cc1)C1CCN(C(=O)c2cc(O)cc(I)c2)CC1,0,ChEMBL_neg
O=C(c1ccc(Cl)cc1)C1CCN(C(=O)c2cc(O)ccc2Br)CC1,0,ChEMBL_neg
O=C(c1ccc(Cl)cc1)C1CCN(C(=O)c2cc(O)ccc2I)CC1,0,ChEMBL_neg
O=C(c1ccc(Cl)cc1)C1CCN(C(=O)c2ccc(-c3ccccc3)cc2)CC1,0,ChEMBL_neg
O=C(c1ccc(Cl)cc1)C1CCN(C(=O)c2ccc(Br)cc2)CC1,0,ChEMBL_neg
O=C(c1ccc(Cl)cc1)C1CCN(C(=O)c2ccc(C(F)(F)F)cc2)CC1,0,ChEMBL_neg
O=C(c1ccc(Cl)cc1)C1CCN(C(=O)c2ccc(Cl)cc2)CC1,0,ChEMBL_neg
O=C(c1ccc(Cl)cc1)C1CCN(C(=O)c2ccc(F)cc2)CC1,0,ChEMBL_neg
O=C(c1ccc(Cl)cc1)C1CCN(C(=O)c2ccc(I)c(O)c2)CC1,0,ChEMBL_neg
O=C(c1ccc(Cl)cc1)C1CCN(C(=O)c2ccc(I)cc2)CC1,0,ChEMBL_neg
O=C(c1ccc(Cl)cc1)C1CCN(C(=O)c2ccc(O)cc2)CC1,0,ChEMBL_neg
O=C(c1ccc(Cl)cc1)C1CCN(C(=O)c2ccc(OC(F)(F)F)cc2)CC1,0,ChEMBL_neg
O=C(c1ccc(Cl)cc1)C1CCN(C(=O)c2ccc([N+](=O)[O-])cc2)CC1,0,ChEMBL_neg
O=C(c1ccc(Cl)cc1)C1CCN(C(=O)c2cccc(Br)c2)CC1,0,ChEMBL_neg
O=C(c1ccc(Cl)cc1)C1CCN(C(=O)c2cccc(C(F)(F)F)c2)CC1,0,ChEMBL_neg
O=C(c1ccc(Cl)cc1)C1CCN(C(=O)c2cccc(Cl)c2)CC1,0,ChEMBL_neg
O=C(c1ccc(Cl)cc1)C1CCN(C(=O)c2cccc(F)c2)CC1,0,ChEMBL_neg
O=C(c1ccc(Cl)cc1)C1CCN(C(=O)c2cccc(I)c2)CC1,0,ChEMBL_neg
O=C(c1ccc(Cl)cc1)C1CCN(C(=O)c2cccc(O)c2Br)CC1,0,ChEMBL_neg
O=C(c1ccc(Cl)cc1)C1CCN(C(=O)c2cccc(O)c2Cl)CC1,0,ChEMBL_neg
O=C(c1ccc(Cl)cc1)C1CCN(C(=O)c2cccc(O)c2F)CC1,0,ChEMBL_neg
O=C(c1ccc(Cl)cc1)C1CCN(C(=O)c2cccc(O)c2I)CC1,0,ChEMBL_neg
O=C(c1ccc(Cl)cc1)C1CCN(C(=O)c2cccc(OC(F)(F)F)c2)CC1,0,ChEMBL_neg
O=C(c1ccc(Cl)cc1)C1CCN(C(=O)c2cccc([N+](=O)[O-])c2)CC1,0,ChEMBL_neg
O=C(c1ccc(Cl)cc1)C1CCN(C(=O)c2ccccc2)CC1,0,ChEMBL_neg
O=C(c1ccc(Cl)cc1)C1CCN(C(=O)c2ccccc2Br)CC1,0,ChEMBL_neg
O=C(c1ccc(Cl)cc1)C1CCN(C(=O)c2ccccc2C(F)(F)F)CC1,0,ChEMBL_neg
O=C(c1ccc(Cl)cc1)C1CCN(C(=O)c2ccccc2Cl)CC1,0,ChEMBL_neg
O=C(c1ccc(Cl)cc1)C1CCN(C(=O)c2ccccc2F)CC1,0,ChEMBL_neg
O=C(c1ccc(Cl)cc1)C1CCN(C(=O)c2ccccc2I)CC1,0,ChEMBL_neg
O=C(c1ccc(Cl)cc1)C1CCN(C(=O)c2ccccc2O)CC1,0,ChEMBL_neg
O=C(c1ccc(Cl)cc1)C1CCN(C(=O)c2ccccc2OC(F)(F)F)CC1,0,ChEMBL_neg
O=C(c1ccc(Cl)cc1)C1CCN(C(=O)c2ccccc2[N+](=O)[O-])CC1,0,ChEMBL_neg
O=C(c1ccc(N2CCOCC2)cc1)C1CCN(C(=O)c2cccc(O)c2)CC1,0,ChEMBL_neg
O=C(c1ccc(O)cc1)C1CCN(C(=O)c2cccc(O)c2)CC1,0,ChEMBL_neg
O=C(c1ccc(O)cc1)c1cc2cc(Br)cc(O)c2oc1=O,0,ChEMBL_neg
O=C(c1ccc(OCCN2CCCCC2)cc1)c1c(-c2ccc(O)cc2)sc2cc(O)ccc12,0,ChEMBL_neg
O=C(c1ccc(S(=O)(=O)c2ccccc2)cc1)C1CCN(C(=O)c2cccc(O)c2)CC1,0,ChEMBL_neg
O=C(c1ccc([S+]([O-])c2ccccc2)cc1)C1CCN(C(=O)c2cccc(O)c2)CC1,0,ChEMBL_neg
O=C(c1ccc2c(c1)ncn2-c1ccc(F)cc1)N1CC(N2CCN(C(=O)c3cscn3)CC2)C1,0,ChEMBL_neg
O=C(c1cccc2ccccc12)c1ccc(OCCN2CCOCC2)c2ccccc12,0,ChEMBL_neg
O=C(c1ccccc1)C1CCN(C(=O)c2cccc(O)c2)CC1,0,ChEMBL_neg
O=C(c1ccccc1)N1CCN(C2CC(=O)N(c3ccc(Oc4ccccc4)cc3)C2)CC1,0,ChEMBL_neg
O=C(c1ccccc1)c1cc2cc(Br)cc(O)c2oc1=O,0,ChEMBL_neg
O=C(c1ccccc1)c1cc2cc(O)ccc2oc1=O,0,ChEMBL_neg
O=C(c1ccccc1)c1cc2cccc(O)c2oc1=O,0,ChEMBL_neg
O=C(c1ccccc1)c1ccccc1OCCN1CCCC1,0,ChEMBL_neg
O=C(c1cn(CCC2CCCCC2)c2ccccc2c1=O)c1cccc2ccccc12,0,ChEMBL_neg
O=C(c1cn(Cc2ccc(Cl)cc2)c2ccccc2c1=O)c1cccc2ccccc12,0,ChEMBL_neg
O=C1C(=Cc2cc[nH]c2)CN(Cc2ccccc2)CC1=Cc1cc[nH]c1,0,ChEMBL_neg
O=C1C(=Cc2ccc(O)c(O)c2)COc2ccccc21,0,ChEMBL_neg
O=C1C(=Cc2ccc(O)cc2)COc2cc(O)cc(O)c21,0,ChEMBL_neg
O=C1C(=Cc2ccc[nH]2)CN(Cc2ccccc2)CC1=Cc1ccc[nH]1,0,ChEMBL_neg
O=C1C(=Cc2ccccc2O)Oc2cc(O)ccc21,0,ChEMBL_neg
O=C1C(=O)C(Cl)=C(Cl)C(Cl)=C1Cl,0,ChEMBL_neg
O=C1C(c2ccc(Br)cc2)N(c2ccccc2)C(=O)N1c1ccccc1,0,ChEMBL_neg
O=C1C(c2ccc(Br)cc2)N(c2ccccc2)C(=S)N1c1ccccc1,0,ChEMBL_neg
O=C1C(c2ccc(Cl)cc2)N(c2ccc(Cl)cc2)C(=O)N1c1ccc(Cl)cc1,0,ChEMBL_neg
O=C1C(c2ccc(Cl)cc2)N(c2cccc(Cl)c2)C(=O)N1c1cccc(Cl)c1,0,ChEMBL_neg
O=C1C(c2ccc(Cl)cc2)N(c2ccccc2)C(=O)N1c1ccccc1,0,ChEMBL_neg
O=C1C(c2ccc(F)cc2)=COC12CCN(CC1CCCCC1)CC2,0,ChEMBL_neg
O=C1C(c2ccc(F)cc2)=COC12CCN(Cc1ccc(F)cc1)CC2,0,ChEMBL_neg
O=C1C(c2ccc(F)cc2)C(c2cccnc2)N1C1CCN(C(=O)n2cncn2)CC1,0,ChEMBL_neg
O=C1C(c2ccc(F)cc2)C(c2ccncc2)N1C1CCN(C(=O)n2cncn2)CC1,0,ChEMBL_neg
O=C1C(c2ccc(F)cc2)COC12CCN(Cc1ccccc1)CC2,0,ChEMBL_neg
O=C1C(c2ccccc2)C(c2cccnc2)N1C1CCN(C(=O)n2nnc3ccccc32)CC1,0,ChEMBL_neg
O=C1C(c2ccccc2)N(c2ccc(Br)cc2)C(=S)N1c1ccc(Br)cc1,0,ChEMBL_neg
O=C1C(c2ccccc2)N(c2ccc(Cl)c(Cl)c2)C(=S)N1c1ccc(Cl)c(Cl)c1,0,ChEMBL_neg
O=C1C(c2ccccc2)N(c2ccc(Cl)cc2)C(=S)N1c1ccc(Cl)cc1,0,ChEMBL_neg
O=C1C(c2ccccc2)N(c2cccc(Cl)c2)C(=O)N1c1cccc(Cl)c1,0,ChEMBL_neg
O=C1C(c2ccccc2)N(c2ccccc2)C(=O)N1c1ccccc1,0,ChEMBL_neg
O=C1C(c2cccnc2)C(c2ccc(F)cc2)N1C1CCN(C(=O)n2cncn2)CC1,0,ChEMBL_neg
O=C1C=C(c2ccc(F)cc2)OC12CCN(CCc1ccccc1)CC2,0,ChEMBL_neg
O=C1C=C(c2ccccc2)OC12CCN(Cc1ccccc1)CC2,0,ChEMBL_neg
O=C1C=CC(=O)N1CCCCCCN1C(=O)C=CC1=O,0,ChEMBL_neg
O=C1C=CC(=O)N1CCCCN1C(=O)C=CC1=O,0,ChEMBL_neg
O=C1C=CC(=O)N1CCCCc1ccccc1,0,ChEMBL_neg
O=C1C=CC(=O)N1CCOCCOCCN1C(=O)C=CC1=O,0,ChEMBL_neg
O=C1C=CC(=O)N1CCc1ccccc1,0,ChEMBL_neg
O=C1C=CC(=O)N1Cc1ccc(CN2C(=O)C=CC2=O)cc1,0,ChEMBL_neg
O=C1C=CC(=O)N1Cc1ccccc1,0,ChEMBL_neg
O=C1C=CC(=O)N1c1ccc(-c2ccccc2)cc1,0,ChEMBL_neg
O=C1C=CC(=O)N1c1ccc(Br)cc1,0,ChEMBL_neg
O=C1C=CC(=O)N1c1ccc(Cc2ccc(N3C(=O)C=CC3=O)cc2)cc1,0,ChEMBL_neg
O=C1C=CC(=O)N1c1ccc(Cl)cc1,0,ChEMBL_neg
O=C1C=CC(=O)N1c1ccc(F)cc1,0,ChEMBL_neg
O=C1C=CC(=O)N1c1ccc(I)cc1,0,ChEMBL_neg
O=C1C=CC(=O)N1c1ccc(N2C(=O)C=CC2=O)cc1,0,ChEMBL_neg
O=C1C=CC(=O)N1c1ccc(O)cc1,0,ChEMBL_neg
O=C1C=CC(=O)N1c1ccc(Oc2ccccc2)cc1,0,ChEMBL_neg
O=C1C=CC(=O)N1c1cccc(-c2ccccc2)c1,0,ChEMBL_neg
O=C1C=CC(=O)N1c1cccc(Br)c1,0,ChEMBL_neg
O=C1C=CC(=O)N1c1cccc(Cl)c1,0,ChEMBL_neg
O=C1C=CC(=O)N1c1cccc(F)c1,0,ChEMBL_neg
O=C1C=CC(=O)N1c1cccc(I)c1,0,ChEMBL_neg
O=C1C=CC(=O)N1c1cccc(N2C(=O)C=CC2=O)c1,0,ChEMBL_neg
O=C1C=CC(=O)N1c1ccccc1,0,ChEMBL_neg
O=C1C=CC(=O)N1c1ccccc1-c1ccccc1,0,ChEMBL_neg
O=C1C=CC(=O)N1c1ccccc1Br,0,ChEMBL_neg
O=C1C=CC(=O)N1c1ccccc1Cl,0,ChEMBL_neg
O=C1C=CC(=O)N1c1ccccc1F,0,ChEMBL_neg
O=C1C=CC(=O)N1c1ccccc1I,0,ChEMBL_neg
O=C1C=CC(=O)c2ccccc21,0,ChEMBL_neg
O=C1CCCCC1Oc1ccc2ccc(=O)oc2c1,0,ChEMBL_neg
O=C1CCCN1C1CCN(c2ccccc2)c2ccccc21,0,ChEMBL_neg
O=C1CCN(Cc2ccccc2)CC1=Cc1c[nH]c2ccc(OCc3ccccc3)cc12,0,ChEMBL_neg
O=C1CCN(Cc2ccccc2)CC1=Cc1c[nH]c2ccccc12,0,ChEMBL_neg
O=C1CCN(Cc2ccccc2)CC1=Cc1cc[nH]c1,0,ChEMBL_neg
O=C1CCN(Cc2ccccc2)CC1=Cc1ccc[nH]1,0,ChEMBL_neg
O=C1CCN(Cc2ccccc2)CC1=Cc1cccn1C(=O)c1ccccc1,0,ChEMBL_neg
O=C1CCN(Cc2ccccc2)CC1=Cc1ccn(C(=O)c2ccccc2)c1,0,ChEMBL_neg
O=C1CCN(Cc2ccccc2)CC1=Cc1cn(C(=O)c2ccc(Cl)cc2)c2ccccc12,0,ChEMBL_neg
O=C1CCN(Cc2ccccc2)CC1=Cc1cn(C(=O)c2ccc(F)cc2)c2ccccc12,0,ChEMBL_neg
O=C1CCN(Cc2ccccc2)CC1=Cc1cn(C(=O)c2ccc([N+](=O)[O-])cc2)c2ccccc12,0,ChEMBL_neg
O=C1CCN(Cc2ccccc2)CC1=Cc1cn(C(=O)c2ccccc2)c2ccccc12,0,ChEMBL_neg
O=C1CN(CCN2CCCC2)C(=O)CN1CCCn1ccnc1,0,ChEMBL_neg
O=C1CN(CCN2CCOCC2)C(=O)CN1CCC(c1ccccc1)c1ccccc1,0,ChEMBL_neg
O=C1COCC(CCC(=O)N2CCC(COc3ccc(F)cc3Cl)CC2)N1,0,ChEMBL_neg
O=C1Cc2cc(OC(=O)c3cccc(Cl)c3)ccc2O1,0,ChEMBL_neg
O=C1Cc2cc(OC(=O)c3ccccc3)ccc2O1,0,ChEMBL_neg
O=C1N(CCc2ccccc2)C(=S)NC1(c1ccc(Cl)cc1)c1ccc(Cl)cc1,0,ChEMBL_neg
O=C1N(Cc2ccccc2)C(=S)NC1(c1ccc(Cl)cc1)c1ccc(Cl)cc1,0,ChEMBL_neg
O=C1N(c2ccc(Cl)cc2)C(=S)NC1(c1ccc(Br)cc1)c1ccc(Br)cc1,0,ChEMBL_neg
O=C1N(c2ccccc2)C(=S)NC1(c1ccc(Br)cc1)c1ccc(Br)cc1,0,ChEMBL_neg
O=C1NC(=O)C(=Cc2cc(Br)c(O)c(Br)c2)S1,0,ChEMBL_neg
O=C1NC(=O)C(=Cc2ccc(Br)cc2)S1,0,ChEMBL_neg
O=C1NC(=O)C(=Cc2ccc3nccnc3c2)S1,0,ChEMBL_neg
O=C1NC(=O)C(=Cc2cccc(Br)c2)S1,0,ChEMBL_neg
O=C1NC(=O)C(=Cc2ccncc2)S1,0,ChEMBL_neg
O=C1NC(=O)C(=Nc2ccc(C(=O)O)cc2)S1,0,ChEMBL_neg
O=C1NC(=O)C(Cc2ccc(O)cc2)S1,0,ChEMBL_neg
O=C1NC(=O)c2cc(OCC=Cc3ccccc3)ccc21,0,ChEMBL_neg
O=C1NC(=O)c2cc(OCc3ccccc3)ccc21,0,ChEMBL_neg
O=C1NC(=O)c2cc(Oc3ccccc3)ccc21,0,ChEMBL_neg
O=C1NC(=O)c2ccccc21,0,ChEMBL_neg
O=C1NC(=S)NC1=Cc1c[nH]c2cc(Br)ccc12,0,ChEMBL_neg
O=C1NC(=S)NC1=Cc1c[nH]c2ccc(Br)cc12,0,ChEMBL_neg
O=C1NC(=S)NC1=Cc1c[nH]c2ccccc12,0,ChEMBL_neg
O=C1NC(=S)SC1=Cc1ccncc1,0,ChEMBL_neg
O=C1NC(Cc2ccc3[nH]cc(CCN4CCC(CNCc5ccccc5)C4)c3c2)CO1,0,ChEMBL_neg
O=C1NC(c2ccc(Br)cc2)(c2ccc(Br)cc2)C(=O)N1Cc1ccccc1,0,ChEMBL_neg
O=C1NC(c2ccc3c(c2)OCO3)C1c1ccc(F)cc1,0,ChEMBL_neg
O=C1Nc2cc(-c3ccccc3)ccc2C1=O,0,ChEMBL_neg
O=C1Nc2cc(CCc3ccccc3)ccc2C1=O,0,ChEMBL_neg
O=C1Nc2cc(OCc3ccccc3)ccc2C1=O,0,ChEMBL_neg
O=C1Nc2cc(Oc3ccccc3)ccc2C1=O,0,ChEMBL_neg
O=C1Nc2ccc(Br)cc2C1=NNC(=O)c1cc(Cl)ccc1O,0,ChEMBL_neg
O=C1Nc2ccc(C=Cc3cccc(Cl)c3)cc2C1=O,0,ChEMBL_neg
O=C1Nc2ccc(C=Cc3cccc(F)c3)cc2C1=O,0,ChEMBL_neg
O=C1Nc2ccc(CCc3ccccc3)cc2C1=O,0,ChEMBL_neg
O=C1Nc2ccc(OCc3ccccc3)cc2C1=O,0,ChEMBL_neg
O=C1Nc2ccc(Oc3ccc(Cl)cc3)cc2C1=O,0,ChEMBL_neg
O=C1Nc2ccc(Oc3ccccc3)cc2C1=O,0,ChEMBL_neg
O=C1Nc2ccccc2C1=NNC(=O)c1cc(Cl)ccc1O,0,ChEMBL_neg
O=C1Nc2ccccc2C1=O,0,ChEMBL_neg
O=C1OC(Cn2cc(Br)nn2)CN1c1ccc(C2=CCS(=O)(=O)CC2)c(F)c1,0,ChEMBL_neg
O=C1OC(Cn2cc(CO)nn2)CN1c1ccc(C2=CCS(=O)(=O)CC2)c(F)c1,0,ChEMBL_neg
O=C1OC(Cn2cc(Cl)nn2)CN1c1ccc(C2=CCS(=O)(=O)CC2)c(F)c1,0,ChEMBL_neg
O=C1OC(Cn2ccnn2)CN1c1ccc(-c2ccc(C(O)C3CCNCC3)nc2)c(F)c1,0,ChEMBL_neg
O=C1OC(Cn2ccnn2)CN1c1ccc(-c2ccc(C(O)C3CNC3)nc2)c(F)c1,0,ChEMBL_neg
O=C1OC(Cn2ccnn2)CN1c1ccc(-c2ccc(C(O)CN3CCOCC3)nc2)c(F)c1,0,ChEMBL_neg
O=C1OC(Cn2ccnn2)CN1c1ccc(-c2ccc(C(O)CO)nc2)c(F)c1,0,ChEMBL_neg
O=C1OC(Cn2ccnn2)CN1c1ccc(-c2ccc(CO)nc2)c(F)c1,0,ChEMBL_neg
O=C1OC(Cn2ccnn2)CN1c1ccc(C2=CCS(=O)(=O)CC2)c(F)c1,0,ChEMBL_neg
O=C1OC(Cn2nncc2F)CN1c1ccc(C2=CCS(=O)(=O)CC2)c(F)c1,0,ChEMBL_neg
O=C1OC2(c3ccc(O)cc3Oc3cc(O)ccc32)c2ccc(NC(S)=Nc3ccc(C4CNCCc5cc(O)c(O)cc54)cc3)cc21,0,ChEMBL_neg
O=C1c2c(C(F)(F)F)ccc(Cl)c2C2CNCCN12,0,ChEMBL_neg
O=C1c2c(O)cc(O)cc2OC(c2ccc(O)c(O)c2)C1O,0,ChEMBL_neg
O=C1c2c(O)cccc2C2CNCCN12,0,ChEMBL_neg
O=C1c2c(cc(CO)cc2C(F)(F)F)C2CNCCN12,0,ChEMBL_neg
O=C1c2c(cc(Cl)cc2C(F)(F)F)C2CNCCN12,0,ChEMBL_neg
O=C1c2ccc(O)c(O)c2OCC1(O)Cc1ccc(O)c(O)c1,0,ChEMBL_neg
O=C1c2ccccc2C2=NCCc3cccc1c32,0,ChEMBL_neg
O=C1c2ccccc2C2CNCCN12,0,ChEMBL_neg
O=C1c2ccccc2CC1CCN1CCN(c2ccc(Cl)cc2)CC1,0,ChEMBL_neg
O=COC1(Oc2cc(CN3CCN(C(=O)OC(C(F)(F)F)C(F)(F)F)CC3)cc(C(F)(F)F)c2)CC1,0,ChEMBL_neg
O=COCc1cc(CN2CCN(C(=O)OC(C(F)(F)F)C(F)(F)F)CC2)cc(C(F)(F)F)c1,0,ChEMBL_neg
O=Cc1cc(=O)oc2cc(OCc3cccc(Cl)c3)ccc12,0,ChEMBL_neg
O=Cc1cccn1C1CCN(Cc2ccccc2)CC1,0,ChEMBL_neg
O=Cc1ccn(-c2cc3c(cc2Cl)nc(O)c2nc(C(=O)O)nn23)c1,0,ChEMBL_neg
O=Cc1ccn(C2CCN(Cc3ccccc3)CC2)c1,0,ChEMBL_neg
O=Cc1cn(CC2CN(c3ccc(C4=CCS(=O)(=O)CC4)c(F)c3)C(=O)O2)nn1,0,ChEMBL_neg
O=Cc1cnn2ccc(-n3cc(CCCCN4CCN(c5cccc(Cl)c5Cl)CC4)nn3)cc12,0,ChEMBL_neg
O=Cc1coc2ccc(OCc3cccc(Br)c3)cc2c1=O,0,ChEMBL_neg
O=Cc1coc2ccccc2c1=O,0,ChEMBL_neg
O=Nc1c(O)nc2c(F)c(F)c(F)c(F)c2c1O,0,ChEMBL_neg
O=Nc1c(O)nc2ccc(Cl)cc2c1O,0,ChEMBL_neg
O=Nc1c(O)nc2cccc(Cl)c2c1O,0,ChEMBL_neg
O=Nc1c(O)nc2ccccc2c1O,0,ChEMBL_neg
O=S(=O)(Nc1ncccn1)c1ccc(NC(=S)N2CCN(c3ncnc4c3oc3ccccc34)CC2)cc1,0,ChEMBL_neg
O=S(=O)(Nc1ncccn1)c1ccc(NC(=S)N2CCN(c3ncnc4c3sc3ncccc34)CC2)cc1,0,ChEMBL_neg
O=[N+]([O-])c1c(O)nc2c(F)c(Cl)c(F)cc2c1O,0,ChEMBL_neg
O=[N+]([O-])c1c(O)nc2cc(Cl)ccc2c1O,0,ChEMBL_neg
O=[N+]([O-])c1c(O)nc2cccc(Cl)c2c1O,0,ChEMBL_neg
O=[N+]([O-])c1c(O)nc2ccccc2c1O,0,ChEMBL_neg
O=[N+]([O-])c1c(OCCCc2ccccc2)c(F)cc2nc(O)c(O)nc12,0,ChEMBL_neg
O=[N+]([O-])c1c2c(cc3nc(O)c(O)nc13)CCC2,0,ChEMBL_neg
O=[N+]([O-])c1ccc(-c2csc(NN=C3CCCCC3)n2)cc1,0,ChEMBL_neg
O=[N+]([O-])c1ccc(-c2csc(NN=C3CCCCCC3)n2)cc1,0,ChEMBL_neg
O=[N+]([O-])c1ccc(CCN2CC=CCC2)cc1,0,ChEMBL_neg
O=[N+]([O-])c1ccc(OCCNCCCOc2ccccc2)cc1,0,ChEMBL_neg
O=[N+]([O-])c1ccc2c(NCc3ccccc3)c3c(nc2c1)CCCC3,0,ChEMBL_neg
O=[N+]([O-])c1ccc2nc3c(c(NCc4ccccc4)c2c1)CCCC3,0,ChEMBL_neg
O=[N+]([O-])c1cccc(-c2c(O)nc3cc(Cl)cnc3c2O)c1,0,ChEMBL_neg
O=[N+]([O-])c1cccc(-c2cc(CCCCN3CCN(C(c4ccccc4)c4ccccc4)CC3)on2)c1,0,ChEMBL_neg
O=[N+]([O-])c1cccc(-c2cc(CCCCN3CCN(c4ccccc4)CC3)on2)c1,0,ChEMBL_neg
O=c1[nH]c2ccc(C=CCP(=O)(O)O)cc2[nH]c1=O,0,ChEMBL_neg
O=c1[nH]c2ccc(CCCP(=O)(O)O)cc2[nH]c1=O,0,ChEMBL_neg
O=c1[nH]c2ccc(CCP(=O)(O)O)cc2[nH]c1=O,0,ChEMBL_neg
O=c1[nH]c2nc(Cl)ccc2c(O)c1[N+](=O)[O-],0,ChEMBL_neg
O=c1[nH]cnc2[nH]c(-c3ccnc(C=Cc4ccc(CN5CCOCC5)cc4)c3)cc12,0,ChEMBL_neg
O=c1c(-c2ccc(O)cc2)coc2cc(O)cc(O)c12,0,ChEMBL_neg
O=c1c(O)c(-c2ccc(O)c(O)c2)oc2cc(O)cc(O)c12,0,ChEMBL_neg
O=c1c2c(O)cc(O)cc2oc2c(O)ccc(O)c12,0,ChEMBL_neg
O=c1c2c(O)cc(O)cc2oc2ccc(O)c(O)c12,0,ChEMBL_neg
O=c1c2cc(O)c(O)cc2oc2cc(O)cc(O)c12,0,ChEMBL_neg
O=c1c2cc(O)ccc2oc2cc(O)cc(O)c12,0,ChEMBL_neg
O=c1c2ccc(O)cc2oc2c(O)cccc12,0,ChEMBL_neg
O=c1c2cccc(O)c2oc2cc(O)cc(O)c12,0,ChEMBL_neg
O=c1c2ccccc2oc2c(O)cccc12,0,ChEMBL_neg
O=c1c2ccccc2oc2cc(O)ccc12,0,ChEMBL_neg
O=c1c2ccccc2oc2ccc(O)cc12,0,ChEMBL_neg
O=c1c2cn(CCN3CCOCC3)c3ccccc3c-2nn1-c1ccccc1,0,ChEMBL_neg
O=c1cc(-c2ccc(O)c(O)c2)oc2cc(O)cc(O)c12,0,ChEMBL_neg
O=c1cc(-c2ccc(O)cc2)oc2cc(O)cc(O)c12,0,ChEMBL_neg
O=c1ccc2cc3c4c(oc3cc2o1)CC4,0,ChEMBL_neg
O=c1ccoc2ccc(OCCCc3ccccc3)cc12,0,ChEMBL_neg
O=c1ccoc2ccc(OCCc3ccccc3)cc12,0,ChEMBL_neg
O=c1ccoc2ccc(OCc3cccc(F)c3)cc12,0,ChEMBL_neg
O=c1ccoc2ccc(OCc3ccccc3)cc12,0,ChEMBL_neg
O=c1ccoc2cccc(OCc3ccc(Br)cc3)c12,0,ChEMBL_neg
O=c1ccoc2cccc(OCc3ccccc3)c12,0,ChEMBL_neg
O=c1ccoc2ccccc12,0,ChEMBL_neg
O=c1oc(Oc2ccccc2)nn1Cc1cccc([N+](=O)[O-])c1,0,ChEMBL_neg
O=c1oc2c(O)cc(Br)cc2cc1-c1ccc(O)cc1,0,ChEMBL_neg
O=c1oc2cc(O)ccc2c2c1CCC2,0,ChEMBL_neg
OB(O)C=Cc1ccc(-c2ccccc2)cc1,0,ChEMBL_neg
OB(O)c1cc2ccccc2o1,0,ChEMBL_neg
OB(O)c1cc2ccccc2s1,0,ChEMBL_neg
OB(O)c1ccc(-c2ccccc2)cc1,0,ChEMBL_neg
OB(O)c1ccc(C(F)(F)F)cc1,0,ChEMBL_neg
OB(O)c1cccc(-c2ccccc2)c1,0,ChEMBL_neg
OB(O)c1cccc(C(F)(F)F)c1,0,ChEMBL_neg
OC(CCN1CC=C(Cc2ccccc2)CC1)c1cc2ccccc2s1,0,ChEMBL_neg
OC(CCN1CCCC1)(c1ccccc1)C1CCCCC1,0,ChEMBL_neg
OC(c1ccccc1)c1ccccc1OCCN1CCCC1,0,ChEMBL_neg
OC1(c2ccc(Cl)c(Cl)c2)CC2CCC(C1)N2Cc1c[nH]c2ccccc12,0,ChEMBL_neg
OC1(c2ccc(Cl)cc2)CC2CCC(C1)N2CCCSc1ccccc1F,0,ChEMBL_neg
OC1(c2ccc(Cl)cc2)CC2CCC(C1)N2Cc1c[nH]c2ccccc12,0,ChEMBL_neg
OC1(c2ccc(Cl)cc2)CC2CCC(C1)N2Cc1coc2ccccc12,0,ChEMBL_neg
OC1(c2ccc(Cl)cc2)CC2CCC(C1)N2Cc1csc2ccccc12,0,ChEMBL_neg
OC1CCN(c2cc(-c3cnc4ccc(N5CCCC5c5cccc(F)c5)nn34)ccn2)CC1,0,ChEMBL_neg
OCC(NC1CCN(CCCc2c[nH]c3ccc(-n4cnnc4)cc23)CC1)c1ccc(F)cc1,0,ChEMBL_neg
OCC1C2CN(Cc3ccccc3)C(c3ccccc3)C2C1N1CCCC1,0,ChEMBL_neg
OCC1C2CN(Cc3ccccc3)C(c3ccccc3)C2C1N1CCCCC1,0,ChEMBL_neg
OCC1CCN(Cc2cccc3c2Cc2c-3n[nH]c2-c2ccsc2)CC1,0,ChEMBL_neg
OCC1OC(Oc2ccc(CC3NCCc4cc(O)c(O)cc43)cc2)C(O)C(O)C1O,0,ChEMBL_neg
OCCNCc1cccc2c1Cc1c-2n[nH]c1-c1ccsc1,0,ChEMBL_neg
OCc1cnn2cccc(CN3CCN(c4ccc(Cl)cc4)CC3)c12,0,ChEMBL_neg
ON=C(Cc1ccccc1)c1cc(-c2ccc(O)c(F)c2)ccc1O,0,ChEMBL_neg
ON=C(Cc1ccccc1)c1cc(-c2ccc(O)cc2)ccc1O,0,ChEMBL_neg
ON=C(c1ccccc1)c1cc(-c2ccc(O)c(F)c2)ccc1O,0,ChEMBL_neg
ON=C(c1ccccc1)c1cc(-c2ccc(O)cc2)ccc1O,0,ChEMBL_neg
ON=Cc1cccc[n+]1COCCOC[n+]1ccccc1C=NO,0,ChEMBL_neg
Oc1cc2c(cc1O)C1c3ccc(O)c(O)c3OCC1(O)C2,0,ChEMBL_neg
Oc1cc2c(cc1O)C1c3cnccc3CNC1CC2,0,ChEMBL_neg
Oc1ccc(-c2ccc3c(-c4ccc(N5CCNCC5)cc4)c[nH]c3n2)cc1,0,ChEMBL_neg
Oc1ccc(Br)cc1-c1nc(CN2CCN(c3ccccc3)CC2)co1,0,ChEMBL_neg
Oc1ccc(C2=NN(C(=S)Nc3ccccc3)C(c3ccccc3)C2)cc1,0,ChEMBL_neg
Oc1ccc(CC2=Cc3ccc(O)c(O)c3OC2)cc1O,0,ChEMBL_neg
Oc1ccc(CC2NCCc3cc(O)c(O)cc32)cc1,0,ChEMBL_neg
Oc1ccc(CC2NCCc3cc(O)c(O)cc32)cc1O,0,ChEMBL_neg
Oc1ccc2c(c1)CCN2,0,ChEMBL_neg
Oc1ccc2c(c1)OC(CN1CCN(c3ccc(I)cc3)CC1)CC2,0,ChEMBL_neg
Oc1ccc2c(c1)OC(CNCCN1CCN(c3ccc(I)cc3)CC1)CC2,0,ChEMBL_neg
Oc1ccc2c(c1)OC(CNCc1ccc(I)cc1)CC2,0,ChEMBL_neg
Oc1ccc2c(c1)OC(CNCc1ccc(OCCCCF)cc1)CC2,0,ChEMBL_neg
Oc1ccc2c(c1)OC(CNCc1cccc(I)c1)CC2,0,ChEMBL_neg
Oc1ccc2c(c1)OC(CNCc1ccccc1)CC2,0,ChEMBL_neg
Oc1ccc2c(c1)OC(CNCc1ccccc1OCCCCF)CC2,0,ChEMBL_neg
Oc1cccc(Nc2nnc(Cc3ccncc3)c3ccccc23)c1,0,ChEMBL_neg
Oc1ccccc1C1=NN(C(=S)Nc2ccccc2)C(c2cccs2)C1,0,ChEMBL_neg
Oc1nc2cc(Cl)c(Cl)cc2n2ccnc12,0,ChEMBL_neg
Oc1nc2cc(Cl)cnc2c(O)c1-c1ccc(Cl)cc1,0,ChEMBL_neg
Oc1nc2cc(Cl)cnc2c(O)c1-c1cccc(Cl)c1,0,ChEMBL_neg
Oc1nc2cc(Cl)cnc2c(O)c1-c1ccccc1,0,ChEMBL_neg
Oc1nc2cc(Cl)cnc2c(O)c1-c1ccccc1Cl,0,ChEMBL_neg
Oc1nc2cc(Cl)cnc2c(O)c1-c1cccs1,0,ChEMBL_neg
Oc1nc2cc(Cl)cnc2c(O)c1-c1ccsc1,0,ChEMBL_neg
Oc1nc2cc3c(cc2nc1O)CCC3,0,ChEMBL_neg
Oc1nc2cc3ccccc3cc2nc1O,0,ChEMBL_neg
Oc1nc2ccc(Cl)cc2nc1O,0,ChEMBL_neg
Oc1nc2ccccc2n1CCCNCc1cc2c(cc1Cl)OCO2,0,ChEMBL_neg
Oc1nc2ccccc2n1CCNCc1ccc(CN2CCCCC2)o1,0,ChEMBL_neg
Oc1nc2ccccc2nc1O,0,ChEMBL_neg
Oc1nc2ccncc2c(O)c1-c1cccc(Oc2ccccc2)c1,0,ChEMBL_neg
Oc1nc2cnccc2c(O)c1-c1cccc(Oc2ccccc2)c1,0,ChEMBL_neg
Oc1nc2ncc(Cl)cc2c(O)c1-c1cccc(Oc2ccccc2)c1,0,ChEMBL_neg
Oc1nc2ncccc2c(O)c1-c1cccc(Oc2ccccc2)c1,0,ChEMBL_neg
S=C(NCc1ccc2c(c1)OCO2)N1CCN(c2ncnc3c2oc2ccccc23)CC1,0,ChEMBL_neg
S=C(NCc1ccc2c(c1)OCO2)N1CCN(c2ncnc3c2sc2ncccc23)CC1,0,ChEMBL_neg
S=C(Nc1ccc(Cl)cc1)NC(c1ccc(Br)cc1)c1ccc(Br)cc1,0,ChEMBL_neg
S=C(Nc1ccc(Cl)cc1)NC(c1ccc(Cl)cc1)c1ccc(Cl)cc1,0,ChEMBL_neg
S=C(Nc1ccccc1)NC(c1ccc(Br)cc1)c1ccc(Br)cc1,0,ChEMBL_neg
S=C(Nc1ccccc1)NC(c1ccc(Cl)cc1)c1ccc(Cl)cc1,0,ChEMBL_neg
S=C=Nc1cccc2ccccc12,0,ChEMBL_neg
c1ccc(-c2cc(CCCCN3CCN(c4ccccc4)CC3)on2)cc1,0,ChEMBL_neg
c1ccc(-c2ccc(N3CCN(Cc4c[nH]c5ncccc45)CC3)cc2)cc1,0,ChEMBL_neg
c1ccc(-c2ccc(NCCCCCN3CCc4ccccc4C3)nn2)cc1,0,ChEMBL_neg
c1ccc(-c2ccc(Nc3nnc(Cc4ccncc4)c4ccccc34)cc2)cc1,0,ChEMBL_neg
c1ccc(-c2csc(NN=C3CCCC3)n2)cc1,0,ChEMBL_neg
c1ccc(-c2csc(NN=C3CCCCC3)n2)cc1,0,ChEMBL_neg
c1ccc(-c2csc(NN=C3CCCCCC3)n2)cc1,0,ChEMBL_neg
c1ccc(-c2nc(CN3CCN(c4ccccc4)CC3)co2)cc1,0,ChEMBL_neg
c1ccc(-c2nc(CN3CCN(c4ccccc4)CC3)cs2)cc1,0,ChEMBL_neg
c1ccc(C2(c3ccccc3)CCNC2)cc1,0,ChEMBL_neg
c1ccc(C2CCN(CC3CC4c5ccccc5Cc5ccccc5C4O3)CC2)cc1,0,ChEMBL_neg
c1ccc(CCN2CCCCC2)cc1,0,ChEMBL_neg
c1ccc(CN2CCC(CNCc3csc(-c4ccccc4)n3)C2)cc1,0,ChEMBL_neg
c1ccc(CN2CCC(COc3noc4ccccc34)CC2)cc1,0,ChEMBL_neg
c1ccc(CN2CCC(NCc3coc(-c4ccccc4)n3)CC2)cc1,0,ChEMBL_neg
c1ccc(CN2CCC(NCc3csc(-c4ccccc4)n3)CC2)cc1,0,ChEMBL_neg
c1ccc(CN2CCC(n3ccc(-c4cnco4)c3)CC2)cc1,0,ChEMBL_neg
c1ccc(CN2CCC(n3cccc3)CC2)cc1,0,ChEMBL_neg
c1ccc(CN2CCC(n3nnc(-c4ccccc4)n3)CC2)cc1,0,ChEMBL_neg
c1ccc(CN2CCN(Cc3coc(-c4ccccc4)n3)CC2)cc1,0,ChEMBL_neg
c1ccc(CN2CCN(Cc3csc(-c4ccccc4)n3)CC2)cc1,0,ChEMBL_neg
c1ccc(CNCC2CCN(CCc3c[nH]c4ccc(-n5cnnc5)cc34)C2)cc1,0,ChEMBL_neg
c1ccc(Cc2ccccc2OCCN2CCN(c3ccccc3)CC2)cc1,0,ChEMBL_neg
c1ccc(N2CCN(CCCCNC3=Nc4ccccc4OC3)CC2)cc1,0,ChEMBL_neg
c1ccc(N2CCN(CCCCc3cc(-c4cccs4)no3)CC2)cc1,0,ChEMBL_neg
c1ccc(N2CCN(CCCNC3=Nc4ccccc4OC3)CC2)cc1,0,ChEMBL_neg
c1ccc(SSc2ccccc2)cc1,0,ChEMBL_neg
c1ccc2c(c1)CCN1CCc3[nH]c4ccccc4c3C21,0,ChEMBL_neg
c1ccc2c(c1)CCN1CCc3cccc4[nH]cc(c34)C21,0,ChEMBL_neg
c1ccc2c(c1)CCNC2,0,ChEMBL_neg
c1ccc2c(c1)CN1CCCC1=N2,0,ChEMBL_neg
c1ccc2c(c1)CN1CCCCC1=N2,0,ChEMBL_neg
c1ccc2c(c1)CN1CCCCCC1=N2,0,ChEMBL_neg
c1ccc2c(c1)CN1CCCCCCC1=N2,0,ChEMBL_neg
c1ccc2c(c1)CN1CCCCCCCC1=N2,0,ChEMBL_neg
c1ccc2c(c1)cc1ccc3cccc4ccc2c1c34,0,ChEMBL_neg
c1ccc2cc(COC3CCNCC3)ccc2c1,0,ChEMBL_neg
c1cnc(N2CCN(CCCCCNC3=Nc4ccccc4OC3)CC2)nc1,0,ChEMBL_neg
c1cnc(N2CCN(Cc3cccc4c3-c3ccccc3C4)CC2)nc1,0,ChEMBL_neg
c1cnc(N2CCN(Cc3cccc4c3Cc3ccccc3-4)CC2)nc1,0,ChEMBL_neg
c1cnc(NC2CCC(CCN3CCN(c4ccncc4)CC3)CC2)nc1,0,ChEMBL_neg
CC1CN(C(C)CO)C(=O)c2cc(NC(=O)Nc3ccc4c(c3)OCO4)ccc2OC1CN(C)Cc1ccncc1,0,PubChem1
CC(C)CC#Cc1ccc2c(c1)OC(CN(C)Cc1ccccc1)C(C)CN(C(C)CO)S2(=O)=O,0,PubChem1
CC1CCCCOC(CN(C)C)C(C)CN(C(C)CO)C(=O)c2cc(NC(=O)c3ccncc3)ccc2O1,0,PubChem1
Cc1cccc(-c2c3c(=O)n(C)c(=O)n(C)c3cn2-c2ccccc2O)c1,0,PubChem1
O=C(NC1CCCC1)N1CCCCN2C(CO)C(c3ccc(-c4cncnc4)cc3)C2C1,0,PubChem1
O=C(CC1CCC2C(COCC(O)CN2Cc2cc(F)ccc2F)O1)NC1CCN(Cc2ccccc2)C1,0,PubChem1
CC1CN(C(C)CO)C(=O)c2cccc(NS(=O)(=O)c3cccs3)c2OC1CN(C)Cc1ccc(-c2ccccc2)cc1,0,PubChem1
CC(C)NCC1C(c2ccc(-c3cccc(F)c3)cc2)C(CO)N1CC1CC1,0,PubChem1
CC=Cc1ccc(C2C(CO)NC2CN(C)S(=O)(=O)c2ccccc2)cc1,0,PubChem1
COc1ccc(NC(=O)c2ccc(NS(=O)(=O)c3c(C)noc3C)cc2)cc1OC,0,PubChem1
CC1CN(C(C)CO)C(=O)Cc2cc(NS(=O)(=O)c3ccc(Cl)cc3)ccc2OC1CN(C)Cc1ccc(Cl)c(Cl)c1,0,PubChem1
CC1CCCCOC(CN(C)S(=O)(=O)c2cn(C)cn2)C(C)CN(C(C)CO)C(=O)c2cc(NS(C)(=O)=O)ccc2O1,0,PubChem1
CC=Cc1ccc2n(c1=O)CC1C(CO)C(C(=O)Nc3ccc(-c4ccccc4)cc3)N(CCC)C21,0,PubChem1
COc1ccccc1C#Cc1ccc2c(c1)OC(CN(C)Cc1ccccc1)C(C)CN(C(C)CO)S2(=O)=O,0,PubChem1
CC1CN(C(C)CO)C(=O)c2ccccc2-c2ccccc2COC1CN(C)C(=O)Nc1ccnc(N2CCOCC2)c1,0,PubChem1
CNCC1OCCCCC(C)Oc2ccc(NC(=O)Nc3ccc(C(F)(F)F)cc3)cc2C(=O)N(C(C)CO)CC1C,0,PubChem1
COc1ccc(S(=O)(=O)N(C)CC2OCCCCC(C)Oc3ccc(NC(=O)NC4CCCCC4)cc3C(=O)N(C(C)CO)CC2C)cc1,0,PubChem1
O=C(CC1CC2c3cc(NC(=O)c4ccc5c(c4)OCO5)ccc3OC2C(CO)O1)NCc1ccc(Oc2ccccc2)cc1,0,PubChem1
CCn1cc(C(=O)NCC2COc3ccccc3O2)c2cc(OC)c(OC)cc2c1=O,0,PubChem1
Cc1noc(C)c1S(=O)(=O)Nc1cccc2c1OC(CN(C)Cc1ccc(-c3ccccc3)cc1)C(C)CN(C(C)CO)C2=O,0,PubChem1
Cc1ccc(-c2ccc3c(c2)OC(CN(C)Cc2cccnc2)C(C)CN(C(C)CO)S3(=O)=O)cc1,0,PubChem1
CC(C)Cn1c(=O)c(C(=O)Nc2cnccn2)c(O)c2ccccc21,0,PubChem1
CC1CN(C(C)CO)C(=O)c2cc(NS(=O)(=O)c3ccccc3)ccc2OC1CN(C)Cc1ccc(C(F)(F)F)cc1,0,PubChem1
COc1ccc(-c2ccc(C3C(C#N)N(C(=O)CN(C)C)C3CO)cc2)cc1,0,PubChem1
COc1cccc(-c2ccc3c(c2)C2C(CCN2C(=O)C2CCOCC2)C(CO)N3)c1,0,PubChem1
CCC(=O)Nc1ccc2c(c1)OCC(C)N(C(=O)c1ccc(F)cc1)CC(C)C(OC)CN(C)C2=O,0,PubChem1
CCCC#Cc1ccc(C2C(CO)N3CCCCN(C(=O)NC4CCCC4)CC23)cc1,0,PubChem1
COc1ccc(-c2ccc3n(c2=O)CC2C(CO)C(C(=O)N(C)C)N(CC4CC4)C32)cc1,0,PubChem1
COc1cccc(-c2cnc3c(c2)C(=O)N(C(C)CO)CC(C)C(CN(C)Cc2cccc(C)c2)O3)c1,0,PubChem1
COc1ccccc1NC(=O)N1CC(O)COCC2OC(CC(=O)NCCc3ccncc3)CCC21,0,PubChem1
CC1CN(C(C)CO)C(=O)Cc2cc(NC(=O)CCC(F)(F)F)ccc2OC1CN(C)Cc1ccc(-c2ccccc2)cc1,0,PubChem1
Cc1ccccc1S(=O)(=O)N1CCCCN2C(CO)C(c3ccc(-c4cccc(F)c4)cc3)C2C1,0,PubChem1
Cc1ccc(-n2c(SCC(=O)OC(C)C)nnc2-c2cnccn2)cc1,0,PubChem1
CCC(=O)N1CCCCN2C(CO)C(c3ccc(C#CCOC)cc3)C2C1,0,PubChem1
COc1ccc(NC(=O)N(C)CC2Oc3cc(-c4ccc(C)cc4)ccc3S(=O)(=O)N(C(C)CO)CC2C)cc1,0,PubChem1
COc1ccc2nc(SCC(=O)N3CCCCCC3)c(C#N)cc2c1,0,PubChem1
CC(O)C#Cc1ccc(C2C(CO)N3CCCCN(C(=O)Nc4ccccc4)CC23)cc1,0,PubChem1
CCC(C)Nc1nc(OC)nc(N(C)C#N)n1,0,PubChem1
O=C1CSc2ccccc2N1Cc1ccccc1F,0,PubChem1
COc1ccc(C#Cc2ccc3c(c2)C2C(CCN2C(=O)C2CC2)C(CO)N3)cc1,0,PubChem1
CN1C(=O)c2cc(NS(=O)(=O)c3cccc(F)c3)ccc2OCC2OC(CC(=O)NCCN3CCCCC3)CCC21,0,PubChem1
COc1ccc(CCN2CCCn3c2nc2c3c(=O)n(Cc3ccccc3F)c(=O)n2C)cc1OC,0,PubChem1
COc1ccccc1-c1cnc2c(c1)C(=O)N(C(C)CO)CC(C)C(CN(C)Cc1cccc(F)c1)O2,0,PubChem1
CC1CN(C(C)CO)C(=O)c2cccc(NC(=O)c3ccc(-c4nccs4)cc3)c2OC1CN(C)Cc1ccc(C(F)(F)F)cc1,0,PubChem1
Cn1c(=O)c2c(nc(SCCCO)n2Cc2ccccc2Cl)n(C)c1=O,0,PubChem1
CCN1C(C(=O)NC(C)c2ccccc2)C(CO)C2Cn3c(ccc(-c4cccc(F)c4)c3=O)C21,0,PubChem1
COc1ccc(CCNc2nnc(Sc3nnnn3-c3ccccc3)s2)cc1OC,0,PubChem1
Cc1ccccc1S(=O)(=O)N1C(C#N)C(c2ccc(-c3ccccc3)cc2)C1CO,0,PubChem1
CCOC(=O)Cc1[nH]nc2c1C(c1cccc(OC)c1OC)C(C#N)=C(N)O2,0,PubChem1
O=C(Nc1nccs1)C1C(CO)C2Cn3c(ccc(-c4cccnc4)c3=O)C2N1CC1CCCC1,0,PubChem1
CC(C)NC(=O)N(C)CC1Oc2c(NC(=O)Nc3ccc(C(F)(F)F)cc3)cccc2C(=O)N(C(C)CO)CC1C,0,PubChem1
COC1CN(C)C(=O)c2cc(NC(=O)NC(C)C)ccc2OCC(C)N(Cc2ccccn2)CC1C,0,PubChem1
COCCNc1oc(-c2ccc(C)cc2)nc1C#N,0,PubChem1
COCC(=O)Nc1ccc2c(c1)C(=O)N(C)CC(OC)C(C)CN(Cc1cc(F)ccc1F)C(C)CO2,0,PubChem1
CC1CCCCOC(CN(C)Cc2ccc3c(c2)OCO3)C(C)CN(C(C)CO)C(=O)c2cc(NS(=O)(=O)c3ccc(F)cc3)ccc2O1,0,PubChem1
CCOC(=O)CSc1nc2c(sc(=S)n2Cc2ccco2)c(=O)n1-c1ccccc1,0,PubChem1
CC=Cc1ccc2c(c1)OC(CN(C)C(=O)c1cccc(F)c1)C(C)CN(C(C)CO)S2(=O)=O,0,PubChem1
c1ccc(-c2nc3ccccc3c3nncn23)cc1,0,PubChem1
CC1CN(C(C)CO)C(=O)c2cc(NS(=O)(=O)c3ccc(Cl)cc3)ccc2OC1CN(C)CC1CC1,0,PubChem1
O=C(Cc1ccccn1)N1CCCCN2C(CO)C(c3ccc(Br)cc3)C2C1,0,PubChem1
Nc1nc(SCc2ccc3c(c2)OCCO3)n[nH]1,0,PubChem1
Cc1cc(-c2ccccc2)c(C#N)c(SCC(N)=O)n1,0,PubChem1
Cc1cc(C)n2c3c(c(C#N)c2n1)CCCC3,0,PubChem1
CC(C)NC(=O)Nc1ccc2c(c1)C(=O)N(C(C)CO)CC(C)C(CN(C)C(=O)NC1CCCCC1)OCCCCC(C)O2,0,PubChem1
COc1ccc(C#Cc2cnc3c(c2)C(=O)N(C(C)CO)CC(C)C(CN(C)C(=O)CC2CC2)O3)cc1,0,PubChem1
O=C(c1cccc(F)c1)N1CCCCN2C(CO)C(c3ccc(C=Cc4ccccc4)cc3)C2C1,0,PubChem1
COc1ccccc1CNC(=O)CC1CCC(NC(C)=O)C(CO)O1,0,PubChem1
CC1CN(C(C)CO)S(=O)(=O)c2ccc(-c3ccncc3)cc2OC1CN(C)C(=O)c1cccc(F)c1,0,PubChem1
N#CC1NC(CO)C1c1ccc(C#CC2CCCC2)cc1,0,PubChem1
CN(C)CC#Cc1ccc(C2C(CO)N3CCCCN(C(=O)C4CC4)CC23)cc1,0,PubChem1
O=C(CC1CCC2C(COCC(O)CN2Cc2ccccc2)O1)NCc1ccccc1Cl,0,PubChem1
O=C(C1C(CO)C2Cn3c(cccc3=O)C1N2Cc1cccc(Cl)c1)N1CCOCC1,0,PubChem1
CC1CCCCOC(CN(C)Cc2ccccc2)C(C)CN(C(C)CO)C(=O)c2cc(NC(=O)c3ccncc3)ccc2O1,0,PubChem1
CCOC(=O)c1c(C2CC2)csc1NC(C)=O,0,PubChem1
Cc1cccc(-c2ccc(C3C(CO)N4CCCCN(C(=O)c5cccnc5)CC34)cc2)c1,0,PubChem1
CC1CN(C(C)CO)C(=O)c2cc(NC(=O)Cc3ccccc3)ccc2OC1CN(C)Cc1ccc(Oc2ccccc2)cc1,0,PubChem1
CCCCCn1c(SCC(=O)OC)nc2c1c(=O)[nH]c(=O)n2C,0,PubChem1
CC(=O)N1C2Cn3c(ccc(C=Cc4ccccc4)c3=O)C1C(C(=O)N(C)C)C2CO,0,PubChem1
CCCNC(=O)N1C(C(=O)N2CCCCC2)C(CO)C2Cn3c(ccc(-c4ccc(F)cc4)c3=O)C21,0,PubChem1
OCC1C(c2ccc(C#CC3(O)CCCC3)cc2)C2CN(Cc3ccccc3F)CCCCN12,0,PubChem1
CN1C(=O)c2cc(NC(=O)c3ccc(F)c(F)c3)ccc2OCC2OC(CC(=O)NC3CCN(Cc4ccccc4)C3)CCC21,0,PubChem1
CC1CN(C(C)CO)C(=O)c2cc(NC(=O)CCCN(C)C)ccc2OC1CN(C)S(C)(=O)=O,0,PubChem1
COc1ccc(-c2ccc3c(c2)C2C(CCN2C(=O)C2CCCCC2)C(CO)N3C)cc1,0,PubChem1
O=C(NCC1C(c2ccccc2)C(CO)N1Cc1ccccn1)C1CCCC1,0,PubChem1
CC1CN(C(C)CO)C(=O)c2cccc(NC(=O)c3ccc(-c4nccs4)cc3)c2OC1CN(C)C(=O)Nc1ccc(C(F)(F)F)cc1,0,PubChem1
CC1CN(C(C)CO)C(=O)c2cccc(NC(=O)Nc3ccc(F)cc3)c2OC1CN(C)Cc1ccc(Oc2ccccc2)cc1,0,PubChem1
COc1cccc(S(=O)(=O)Nc2ccc3c(c2)C2CC(CC(=O)NCc4cccc(F)c4)OC(CO)C2O3)c1,0,PubChem1
CCc1nc2ccccc2c(C(=O)OCC(=O)NCc2ccco2)c1C,0,PubChem1
CC1CCCCOC(CN(C)C(=O)Nc2ccc3c(c2)OCO3)C(C)CN(C(C)CO)C(=O)c2cc(N(C)C)ccc2O1,0,PubChem1
O=C(CC1CCC2C(COCC(O)CN2S(=O)(=O)c2ccc(F)cc2)O1)NC1CCN(Cc2ccccc2)C1,0,PubChem1
CCOC(=O)c1cc2c(=O)n3ccccc3nc2n(CCCOC)c1=NC(=O)C(C)(C)C,0,PubChem1
Cc1ccc(-c2ccc3c(c2)OC(CN(C)C(=O)C2CCCCC2)C(C)CN(C(C)CO)S3(=O)=O)cc1,0,PubChem1
COc1ccccc1CNC(=O)CC1CC2c3cc(NC(=O)NC4CCCC4)ccc3OC2C(CO)O1,0,PubChem1
CC1CN(C(C)CO)S(=O)(=O)c2ccc(C#CCC3CCCC3)cc2OC1CN(C)C(=O)CC1CC1,0,PubChem1
O=C(NCCC1CCC(NC(=O)C2CCC2)C(CO)O1)c1cnccn1,0,PubChem1
CC1CN(C(C)CO)C(=O)c2cc(NS(=O)(=O)c3ccc(Cl)cc3)ccc2OC1CN(C)Cc1ccc(C(=O)Nc2ccccc2N)cc1,0,PubChem1
CC(C)CC#Cc1ccc2c(c1)OC(CN(C)C(=O)c1ccccc1F)C(C)CN(C(C)CO)S2(=O)=O,0,PubChem1
CC1CCCCOC(CN(C)C(=O)CCC(F)(F)F)C(C)CN(C(C)CO)C(=O)c2cc(NS(=O)(=O)c3ccc(Cl)cc3)ccc2O1,0,PubChem1
O=C(CN1CCOCC1)N1CCCCN2C(CO)C(c3ccc(C#Cc4ccccc4)cc3)C2C1,0,PubChem1
CN1c2ccc(-c3cccc(C#N)c3)cc2C2C(CCN2S(=O)(=O)c2ccc(F)cc2)C1CO,0,PubChem1
CC1CN(C(C)CO)C(=O)Cc2cc(NC(=O)CCCCCC(=O)Nc3ccccc3N)ccc2OC1CN(C)Cc1ccc2c(c1)OCO2,0,PubChem1
CCCCCn1c(N)c(C#N)c2nc3ccccc3nc21,0,PubChem1
COC(=O)c1c(-c2ccccc2)csc1NC(=O)c1ccco1,0,PubChem1
COc1ccc(-c2cnc3c(c2)C(=O)N(C(C)CO)CC(C)C(CN(C)C(=O)CN(C)C)O3)cc1,0,PubChem1
CC1CCCCOC(CN(C)S(=O)(=O)c2ccccc2)C(C)CN(C(C)CO)C(=O)c2cc(NS(=O)(=O)c3ccc(Cl)cc3)ccc2O1,0,PubChem1
COC1CN(C)C(=O)c2cc(NS(=O)(=O)c3ccccc3)ccc2OCC(C)N(Cc2nccs2)CC1C,0,PubChem1
CCCNC(=O)N(C)CC1Oc2cc(-c3ccncc3)ccc2S(=O)(=O)N(C(C)CO)CC1C,0,PubChem1
CC1CN(C(C)CO)C(=O)c2cc(NC(=O)c3ccncc3)ccc2OC1CN(C)Cc1ccc(C(F)(F)F)cc1,0,PubChem1
COCCN(CC1C(c2ccccc2)C(CO)N1C(C)=O)C(=O)c1ccncc1,0,PubChem1
Cc1nc(-c2ccc(S(=O)(=O)N3CCCCCC3)cc2)cs1,0,PubChem1
CCC(=O)N1CC(C)C(OC)CN(C)C(=O)c2ccc(NC(=O)c3ccccc3)cc2OCC1C,0,PubChem1
CC1CN(C(C)CO)C(=O)c2c(c3ccccc3n2C)-c2ccccc2COC1CN(C)C(=O)Nc1ccc2c(c1)OCO2,0,PubChem1
O=C(c1ccco1)N1CCN(S(=O)(=O)c2ccc3c(c2)CCN3C(=O)C2CC2)CC1,0,PubChem1
O=C(Nc1ccccc1)N1CCCCN2C(CO)C(c3ccc(C#Cc4ccccc4)cc3)C2C1,0,PubChem1
COc1ccccc1-c1ccc2c(c1)OC(CN(C)C)C(C)CN(C(C)CO)S2(=O)=O,0,PubChem1
CCC(=O)N1CCCCN2C(CO)C(c3ccc(-c4cccnc4)cc3)C2C1,0,PubChem1
CC1CN(C(C)CO)S(=O)(=O)c2ccc(-c3ccc(C#N)cc3)cc2OC1CN(C)C(=O)Nc1cc(F)ccc1F,0,PubChem1
Clc1ccccc1Cn1nnc2c(N3CCCC3)ncnc21,0,PubChem1
OCC1C(c2ccc(-c3cccc(F)c3)cc2)C2CN(Cc3cncnc3)CCCCN12,0,PubChem1
Cn1cnc2c1c(=O)n(Cc1ccc(F)cc1Cl)c(=O)n2C,0,PubChem1
CCOc1ccc(CC(=O)Nc2c(C(N)=O)oc3ccccc23)cc1OCC,0,PubChem1
CCn1c(SCc2cccnc2)nc2c1c(=O)n(C)c(=O)n2C,0,PubChem1
O=C(C1C2NC(Cn3c2ccc(C2=CCCCC2)c3=O)C1CO)N1CCC(Cc2ccccc2)CC1,0,PubChem1
CCCN(C)CC1OCCCCC(C)Oc2ccc(NS(C)(=O)=O)cc2C(=O)N(C(C)CO)CC1C,0,PubChem1
CC1CCCCOC(CN(C)C(=O)CCCN(C)C)C(C)CN(C(C)CO)C(=O)c2cc(NC(=O)c3ccccc3)ccc2O1,0,PubChem1
CC1CN(C(C)CO)S(=O)(=O)c2ccc(C#CCN(C)C)cc2OC1CN(C)Cc1ccccn1,0,PubChem1
O=C(Cc1ccccn1)N1CCCCN2C(CO)C(c3ccc(-c4ccc(F)cc4)cc3)C2C1,0,PubChem1
CC1CN(C(C)CO)C(=O)c2cc(C#CCN(C)C)cnc2OC1CN(C)Cc1ccccc1F,0,PubChem1
CCC(=O)N1CC2C(c3ccccc31)C(CO)N2C(=O)CC,0,PubChem1
CC1CN(C(C)CO)C(=O)c2cccc(NC(=O)CCCCCC(=O)Nc3ccccc3N)c2OC1CN(C)Cc1ccc(-c2ccccc2)cc1,0,PubChem1
CS(=O)(=O)Nc1ccc2c(c1)C1CC(CC(=O)NCc3ccncc3)OC(CO)C1O2,0,PubChem1
COCc1cn(CCC2CCC(NC(=O)c3ccncc3)C(CO)O2)nn1,0,PubChem1
CN(C)CCCNC(=O)CC1CCC2C(COCC(O)CN2CC2CCCC2)O1,0,PubChem1
CNCC1OCCCCC(C)Oc2ccc(NC(=O)CCCN(C)C)cc2C(=O)N(C(C)CO)CC1C,0,PubChem1
O=C(Nc1ccc(C(F)(F)F)cc1)Nc1ccc2c(c1)C1CC(CC(=O)N3CCc4ccccc4C3)OC(CO)C1O2,0,PubChem1
OCC1C(c2ccc(-c3cccnc3)cc2)C2CN(CC3CC3)CCCCN12,0,PubChem1
COC(CN(C)S(=O)(=O)c1ccc(F)cc1)C(C)CN(Cc1ccccc1Cl)C(C)CO,0,PubChem1
COCCN(CC1NC(CO)C1c1ccc(-c2cccc(F)c2)cc1)C(C)=O,0,PubChem1
Cc1noc(C)c1S(=O)(=O)Nc1ccc2c(c1)CC(=O)N(C(C)CO)CC(C)C(CN(C)S(=O)(=O)c1ccc(Cl)cc1)O2,0,PubChem1
COc1ccccc1NC(=O)N(Cc1ccc2c(c1)OCO2)Cc1nc2ccccc2c(=O)[nH]1,0,PubChem1
O=C(CC1CCC2C(COCC(O)CN2C(=O)Nc2ccc(Cl)c(Cl)c2)O1)NCc1ccc(Cl)c(Cl)c1,0,PubChem1
O=C(Nc1ccccc1)N1CCCCN2C(CO)C(c3ccc(-c4ccccc4)cc3)C2C1,0,PubChem1
O=C(CC1CCC2C(COCC(O)CN2S(=O)(=O)c2ccc(F)cc2)O1)NCC1CCCCC1,0,PubChem1
CC1CN(C(C)CO)C(=O)c2c(c3ccccc3n2C)-c2ccccc2COC1CN(C)Cc1cccnc1,0,PubChem1
CC1CCCCOC(CN(C)S(=O)(=O)c2ccccc2)C(C)CN(C(C)CO)C(=O)c2cc(NC(=O)Nc3ccc(F)cc3)ccc2O1,0,PubChem1
CC(=O)N(C)CC1C(c2ccccc2)C(CO)N1C(=O)C1CCC1,0,PubChem1
CN1CCCCN2C(CO)C(c3ccc(-c4cccnc4)cc3)C2C1,0,PubChem1
CC1CN(C(C)CO)C(=O)CCCn2cc(nn2)COC1CN(C)C(=O)Oc1cccc2ccccc12,0,PubChem1
CC1CCCCOC(CN(C)C(=O)C2CCCCC2)C(C)CN(C(C)CO)C(=O)c2cc(NC(=O)Nc3cccc4ccccc34)ccc2O1,0,PubChem1
COc1ccc(S(=O)(=O)NC2C=CC(CC(=O)N3CCC(Cc4ccccc4)CC3)OC2CO)cc1,0,PubChem1
O=C(CN1CCOCC1)N1CCCCN2C(CO)C(c3ccc(C#Cc4ccccc4F)cc3)C2C1,0,PubChem1
CN(C)CC#Cc1ccc(C2C(CO)N3CCCCN(C(=O)CN(C)C)CC23)cc1,0,PubChem1
CC1CN(C(C)CO)C(=O)CCCn2cc(nn2)COC1CN(C)C(=O)Cc1ccccc1,0,PubChem1
CC1CN(C(C)CO)S(=O)(=O)c2ccc(C3=CCCCC3)cc2OC1CN(C)Cc1ccncc1,0,PubChem1
N#Cc1nc(-c2ccc(F)cc2)oc1NCc1ccccc1,0,PubChem1
CN1CC(O)COCC2OC(CC(=O)N3CCN(c4ccccc4)CC3)CCC21,0,PubChem1
CCC1(CC)C(=O)NC(=NCCc2c[nH]c3ccccc23)NC1=O,0,PubChem1
Cc1onc(-c2ccccc2)c1C(=O)Nc1ccc2c(c1)OCO2,0,PubChem1
COc1ccccc1-c1ccc2c(c1)OC(CN(C)C(=O)c1ccncc1)C(C)CN(C(C)CO)S2(=O)=O,0,PubChem1
COc1ccccc1C#Cc1ccc2c(c1)OC(CN(C)Cc1ccncc1)C(C)CN(C(C)CO)S2(=O)=O,0,PubChem1
CNCC1OCc2cn(nn2)CCCC(=O)N(C(C)CO)CC1C,0,PubChem1
OCC1C(c2ccc(-c3ccccc3F)cc2)C2CN(Cc3ccncc3)CCCCN12,0,PubChem1
CC(NC(=O)CC1CC2c3cc(NC(=O)Nc4ccc(C(F)(F)F)cc4)ccc3OC2C(CO)O1)c1ccccc1,0,PubChem1
CC1CN(C(C)CO)C(=O)c2cccc(NC(=O)CCCCCC(=O)Nc3ccccc3N)c2OC1CN(C)S(=O)(=O)c1ccc(Cl)cc1,0,PubChem1
O=S(=O)(c1ccccc1)N1CC2C(c3ccccc31)C(CO)N2Cc1ccc2c(c1)OCO2,0,PubChem1
O=C(Cc1ccncc1)N1CCCCN2C(CO)C(c3ccc(C#CC4(O)CCCC4)cc3)C2C1,0,PubChem1
O=S(=O)(NCC1NC(CO)C1c1ccccc1)c1ccccc1,0,PubChem1
CCn1nc(C(=O)NC2=NCCS2)c2ccccc2c1=O,0,PubChem1
CC(=O)NCC1C(c2ccc(-c3cccnc3)cc2)C(CO)N1C(=O)C1CC1,0,PubChem1
COCC(=O)N1CCCCN2C(CO)C(c3ccc(C#Cc4cccnc4)cc3)C2C1,0,PubChem1
COc1cccc(S(=O)(=O)NC2CCC(CCn3cc(-c4ccccc4OC)nn3)OC2CO)c1,0,PubChem1
O=S(=O)(Nc1cc(Cl)ccc1N1CCCCC1)c1cccs1,0,PubChem1
CC1CCCCOC(CN(C)C(=O)CCC(F)(F)F)C(C)CN(C(C)CO)C(=O)c2cc(N(C)C)ccc2O1,0,PubChem1
C=CCc1c(C)nc(SC)nc1Nc1ccc(C(=O)O)cc1,0,PubChem1
CC1CN(C(C)CO)C(=O)CCCn2nncc2COC1CN(C)C(=O)NC1CCCC1,0,PubChem1
Cc1ccccc1S(=O)(=O)N(C)CC1OCc2ccccc2-c2ccccc2C(=O)N(C(C)CO)CC1C,0,PubChem1
CC1CN(C(C)CO)C(=O)c2ccccc2-c2ccccc2COC1CN(C)S(=O)(=O)c1cccc(C#N)c1,0,PubChem1
CC1CN(C(C)CO)S(=O)(=O)c2ccc(C#CC(C)(C)O)cc2OC1CN(C)C(=O)C1CC1,0,PubChem1
COC(=O)c1ccc(OCCn2cnc3ccccc3c2=O)cc1,0,PubChem1
CC=Cc1ccc2n(c1=O)CC1C(CO)C(C(=O)NCCC)C2N1CC1CC1,0,PubChem1
N#CC1=C(N)Oc2n[nH]c(-c3cccs3)c2C1c1ccsc1,0,PubChem1
CC1CN(C(C)CO)S(=O)(=O)c2ccc(-c3ccncc3)cc2OC1CN(C)C(=O)c1ccc2c(c1)OCO2,0,PubChem1
CC1CN(C(C)CO)C(=O)c2cc(NC(=O)Nc3cccc4ccccc34)ccc2OC1CN(C)Cc1ccc2c(c1)OCO2,0,PubChem1
CC1CN(C(C)CO)S(=O)(=O)c2ccc(-c3cccc(C#N)c3)cc2OC1CN(C)C,0,PubChem1
CC1CCCCOC(CN(C)C(=O)C2CCCCC2)C(C)CN(C(C)CO)C(=O)c2cc(NC(=O)Nc3ccc(C(F)(F)F)cc3)ccc2O1,0,PubChem1
CN1C(C(=O)NCc2ccccn2)C(CO)C2Cn3c(ccc(-c4cccc(F)c4)c3=O)C21,0,PubChem1
CCOC(=O)c1nc(-c2ccccc2)oc1N(C)C,0,PubChem1
OCC1C(c2ccc(-c3ccc(F)cc3)cc2)C2CN(Cc3cccnc3)CCCCN12,0,PubChem1
CCS(=O)(=O)N1CCCCN2C(CO)C(c3ccc(C#Cc4ccccn4)cc3)C2C1,0,PubChem1
CC=Cc1ccc2c(c1)OC(CN(C)Cc1cccnc1)C(C)CN(C(C)CO)S2(=O)=O,0,PubChem1
CCNC(=O)C1C(CO)C2Cn3c(cccc3=O)C2N1CC1CCCCC1,0,PubChem1
CC1CN(C(C)CO)C(=O)c2cc(NS(=O)(=O)c3cccs3)ccc2OC1CN(C)CC1CC1,0,PubChem1
O=C(CC1C=CC(NC(=O)Nc2ccccc2)C(CO)O1)NCc1cccc(F)c1,0,PubChem1
CC1CN(C(C)CO)C(=O)c2cccc(NC(=O)c3cnccn3)c2OC1CN(C)Cc1ccc2c(c1)OCO2,0,PubChem1
Cn1cnc(CCNC(=O)CC2CCC3C(COCC(O)CN3C(=O)Nc3ccc(C(F)(F)F)cc3)O2)c1,0,PubChem1
CN(C)C(=O)c1ccc(-c2ccc(C3C(CO)N4CCCCN(S(C)(=O)=O)CC34)cc2)cc1,0,PubChem1
CCS(=O)(=O)N1CCCCN2C(CO)C(c3ccc(-c4ccc(C#N)cc4)cc3)C2C1,0,PubChem1
CC1CN(C(C)CO)C(=O)c2cccc(NC(=O)C3CCOCC3)c2OC1CN(C)C(=O)Nc1cccc2ccccc12,0,PubChem1
COc1cccc(-c2ccc3c(c2)C2C(CCN2C(=O)CN2CCOCC2)C(CO)N3)c1,0,PubChem1
CCOC(=O)N1CCN(S(=O)(=O)c2ccc3c(c2)CCN3C(=O)C2CCC2)CC1,0,PubChem1
CC1CN(C(C)CO)C(=O)c2ccccc2-c2ccccc2COC1CN(C)C(=O)Cc1ccccc1,0,PubChem1
CCC(=O)N1CCCCN2C(CO)C(c3ccc(C#Cc4ccccc4)cc3)C2C1,0,PubChem1
NC(=O)c1c(NC(=O)CSc2nnc(-c3ccco3)n2-c2ccccc2)sc2c1CCC2,0,PubChem1
CC(C)CC#Cc1ccc2c(c1)OC(CN(C)Cc1cncnc1)C(C)CN(C(C)CO)S2(=O)=O,0,PubChem1
O=C(CC1CC2c3cc(NC(=O)Nc4ccccc4)ccc3OC2C(CO)O1)NCC1CC1,0,PubChem1
CC(C)(O)C#Cc1ccc(C2C(CO)N3CCCCN(C(=O)c4cccc(F)c4)CC23)cc1,0,PubChem1
CN(C)c1ccc2c(c1)C1CC(CC(=O)NCc3cc(F)ccc3F)OC(CO)C1O2,0,PubChem1
O=C(CCc1ccc(CCC(=O)c2cccs2)s1)c1cccs1,0,PubChem1
C=CCn1c(=S)[nH]c2nc3c(cc2c1=O)CCCC3,0,PubChem1
OCC1C(c2ccc(-c3ccc(F)cc3)cc2)C2CN(Cc3ccncc3)CCCCN12,0,PubChem1
O=C(NCC1CC1)C1C(CO)C2Cn3c(ccc(-c4ccccc4)c3=O)C2N1Cc1cocn1,0,PubChem1
CC1CCCCOC(CN(C)C(=O)Nc2cccc3ccccc23)C(C)CN(C(C)CO)C(=O)c2cc(NS(C)(=O)=O)ccc2O1,0,PubChem1
Cc1ccc2c(c1)-c1c(ssc1=S)C(C)(C)N2C(=O)CSc1nncn1C,0,PubChem1
NC(=O)COc1ccc(NC(=O)OCc2ccccc2)cc1,0,PubChem1
O=C(CC1CC2c3cc(NC(=O)CC4CC4)ccc3OC2C(CO)O1)NCc1cccnc1,0,PubChem1
Cc1cc(NCCCn2ccnc2)n2c(nc3ccccc32)c1C#N,0,PubChem1
COc1ccc(C#Cc2ccc(C3C(CO)N4CCCCN(C(=O)Nc5ccccc5)CC34)cc2)cc1,0,PubChem1
CC1CCCCOC(CN(C)Cc2ccccc2)C(C)CN(C(C)CO)C(=O)c2cc(NS(=O)(=O)c3ccc(Cl)cc3)ccc2O1,0,PubChem1
O=C(CC1CCC2C(COCC(O)CN2Cc2nccs2)O1)N1CCC(Cc2ccccc2)CC1,0,PubChem1
O=C(NCCN1CCCCC1)C1NC2c3ccc(-c4ccncc4)c(=O)n3CC2C1CO,0,PubChem1
CC1CN(C(C)CO)S(=O)(=O)c2ccc(C#CC3CCCC3)cc2OC1CN(C)Cc1cccnc1,0,PubChem1
O=C(C1CCC1)N1CCCCN2C(CO)C(c3ccc(C#CC4CCCC4)cc3)C2C1,0,PubChem1
COCC(=O)N1CCCCN2C(CO)C(c3ccc(-c4ccc(OC)cc4)cc3)C2C1,0,PubChem1
CC1CCCCOC(CN(C)C(=O)Nc2ccc(C(F)(F)F)cc2)C(C)CN(C(C)CO)C(=O)c2cc(NS(=O)(=O)c3ccc(Cl)cc3)ccc2O1,0,PubChem1
CCOC(=O)CN(C(=O)CSc1nnc(-c2ccc(OC)c(OC)c2)o1)c1ccc(F)cc1,0,PubChem1
c1ccc(C2CC(c3ccccc3)n3ncnc3N2)cc1,0,PubChem1
N#Cc1cccc(-c2ccc(C3C(CO)N4CCCCN(C(=O)Cc5ccncc5)CC34)cc2)c1,0,PubChem1
Cc1ccc(-c2nc3ncccn3c2NC(=O)C2CC2)cc1,0,PubChem1
CCN(CC1NC(CO)C1c1ccc(C2=CCCC2)cc1)C(=O)c1ccncc1,0,PubChem1
CC(C)Cc1nc(N2CCN(C(=O)C(C)C)CC2)c(C#N)c2c1CCC2,0,PubChem1
c1csc(-c2nn3c(Cn4nnc5ccccc54)nnc3s2)c1,0,PubChem1
Cc1cc(N2CCN(S(=O)(=O)c3ccc4c(c3)OCCO4)CC2)n2ncnc2n1,0,PubChem1
CC1CN(C(C)CO)C(=O)c2cc(NC(=O)CCC(F)(F)F)ccc2OC1CN(C)CC1CCCCC1,0,PubChem1
Cc1cccc(-c2ccc(C3C(CO)N4CCCCN(S(=O)(=O)c5cn(C)cn5)CC34)cc2)c1,0,PubChem1
CC(=O)Nc1ccc2c(c1)C(=O)N(C)C1CCC(CC(=O)NCC3CCCCC3)OC1CO2,0,PubChem1
CCS(=O)(=O)N1CCCCN2C(CO)C(c3ccc(-c4cccc(C#N)c4)cc3)C2C1,0,PubChem1
CCCCNC(=O)c1cc(-c2ccc(OC)c(OC)c2)on1,0,PubChem1
CC1(C)CN=C(Nc2nc3ccccc3s2)S1,0,PubChem1
CC1CN(C(C)CO)C(=O)c2cc(NC(=O)Cc3ccccc3)ccc2OC1CN(C)CC1CCCCC1,0,PubChem1
COc1cccc(NC(=O)N(C)CC2Oc3cc(C#Cc4ccc(F)cc4)ccc3S(=O)(=O)N(C(C)CO)CC2C)c1,0,PubChem1
CC1CCCCOC(CN(C)C(=O)c2ccncc2)C(C)CN(C(C)CO)C(=O)c2cc(NC(=O)c3ccncc3)ccc2O1,0,PubChem1
O=C(CC1CCC(NS(=O)(=O)c2ccc(F)cc2)C(CO)O1)N1CCc2ccccc2C1,0,PubChem1
CC1CN(C(C)CO)C(=O)c2cccc(NC(=O)c3ccncc3)c2OC1CN(C)Cc1ccc2c(c1)OCO2,0,PubChem1
CC1CN(C(C)CO)C(=O)c2cc(C#Cc3ccccc3)cnc2OC1CN(C)C(=O)Nc1ccc(F)cc1,0,PubChem1
CC1CN(C(C)CO)C(=O)Cc2cc(N(C)C)ccc2OC1CN(C)Cc1ccc(Oc2ccccc2)cc1,0,PubChem1
CCCNC(=O)C1C(CO)C2Cn3c(ccc(C4=CCCC4)c3=O)C2N1C(=O)c1cnccn1,0,PubChem1
CC(O)C#Cc1ccc(C2C(CO)N3CCCCN(C(=O)c4cccc(F)c4)CC23)cc1,0,PubChem1
CC1CN(C(C)CO)C(=O)c2cccc(NC(=O)Nc3ccc(C(F)(F)F)cc3)c2OC1CN(C)S(=O)(=O)c1cccs1,0,PubChem1
CC1CN(C(C)CO)C(=O)c2c(c3ccccc3n2C)-c2ccccc2COC1CN(C)C,0,PubChem1
CN(C)CC(=O)N1C(C(=O)NC2CCCC2)C(CO)C2Cn3c(ccc(-c4ccc(F)cc4)c3=O)C21,0,PubChem1
CC(C)Cn1c(-c2cccs2)nc2nc3ccccc3nc21,0,PubChem1
COC(CN(C)S(=O)(=O)c1cccc(Cl)c1)C(C)CN(C(C)CO)S(=O)(=O)c1cccc(Cl)c1,0,PubChem1
CC1CN(C(C)CO)S(=O)(=O)c2ccc(Br)cc2OC1CN(C)Cc1cccnc1,0,PubChem1
N#Cc1cccc(-c2ccc3c(c2)C2C(CCN2Cc2cncnc2)C(CO)N3)c1,0,PubChem1
COCC(=O)Nc1ccc2c(c1)C(=O)N(C)CC(OC)C(C)CN(Cc1ccncc1)C(C)CO2,0,PubChem1
CNCC1Oc2ccc(NC(=O)NC3CCCCC3)cc2CC(=O)N(C(C)CO)CC1C,0,PubChem1
CC1CCCCOC(CN(C)Cc2ccc(C(F)(F)F)cc2)C(C)CN(C(C)CO)C(=O)c2cc(NC(=O)Nc3ccc(C(F)(F)F)cc3)ccc2O1,0,PubChem1
CCCCn1c(=O)c(C(=O)Nc2cnccn2)c(O)c2ccccc21,0,PubChem1
O=C(CC1CCC(NS(=O)(=O)c2ccc(F)cc2)C(CO)O1)NC1CCC1,0,PubChem1
Cc1ccc(Oc2ccccc2)c(NC=O)c1,0,PubChem1
Cc1cc(C)nc(SCC(=O)N2CCCCC2)n1,0,PubChem1
CN(C)c1oc(-c2ccccc2Cl)nc1C#N,0,PubChem1
Cc1noc(C)c1S(=O)(=O)N(C)CC1Oc2ccc(N(C)C)cc2CC(=O)N(C(C)CO)CC1C,0,PubChem1
COc1ccc(NC(=O)Nc2cccc3c2OC(CN(C)Cc2ccc(C(=O)O)cc2)C(C)CN(C(C)CO)C3=O)cc1,0,PubChem1
CC1CCCCOC(CN(C)C(=O)Nc2ccc(F)cc2)C(C)CN(C(C)CO)C(=O)c2cc(NC(=O)CCC(F)(F)F)ccc2O1,0,PubChem1
O=C(NCCc1ccccc1)C1C(CO)C2Cn3c(cccc3=O)C1N2C(=O)C1CCC1,0,PubChem1
COc1ccccc1NC(=O)NC1CCC(CCn2cc(-c3ccccc3OC)nn2)OC1CO,0,PubChem1
O=C(O)C1C(CO)C2Cn3c(ccc(C4=CCCCC4)c3=O)C1N2CCc1ccccc1,0,PubChem1
CN(C)C(=O)c1cccc(-c2ccc(C3C(C#N)N(C(=O)C4CCC4)C3CO)cc2)c1,0,PubChem1
Cc1cc(C)c(C#N)c(SCc2ccc(C#N)cc2)n1,0,PubChem1
Cc1ccccc1-c1ccc(C2C(CO)N3CCCCN(S(=O)(=O)c4cn(C)cn4)CC23)cc1,0,PubChem1
CC1CN(C(C)CO)C(=O)c2cc(N(C)C)ccc2OC1CN(C)CC1CCCCC1,0,PubChem1
CC(C)C1C2=C(CC(C)(C)CC2=O)ON1c1ccccc1,0,PubChem1
CCSC(C)CC1CC(=NO)c2c(CC)noc2C1,0,PubChem1
COC(=O)c1ccc(COc2nc(C)cc(C)c2C#N)o1,0,PubChem1
COc1ccc(CN(C)CC2OCCCCC(C)Oc3ccc(NC(=O)Nc4ccccc4)cc3C(=O)N(C(C)CO)CC2C)cc1,0,PubChem1
CCCOc1ccccc1NC(=O)c1ccc(N)cc1,0,PubChem1
CC1CN(C(C)CO)S(=O)(=O)c2ccc(Br)cc2OC1CN(C)Cc1ccccc1,0,PubChem1
CSc1nc2oc3c(c2c2nncn12)CC(C)(C)SC3,0,PubChem1
CC=Cc1ccc(C2C(C#N)N(c3ncc(CC)s3)C2CO)cc1,0,PubChem1
CC(O)C#Cc1ccc(C2C(CO)N3CCCCN(S(=O)(=O)c4ccccc4)CC23)cc1,0,PubChem1
O=C(CC1CC2c3cc(NC(=O)NC4CCCCC4)ccc3OC2C(CO)O1)NCc1ccccc1,0,PubChem1
O=C(CC1CCC2C(COCC(O)CN2CCC(F)(F)F)O1)NCC1CCCCC1,0,PubChem1
CC1CN(C(C)CO)C(=O)CCCn2cc(nn2)COC1CN(C)Cc1ccc(C(F)(F)F)cc1,0,PubChem1
C=CCn1c2ccccc2c2nnc(SCC(=O)NC(C(=O)OC)C(C)C)nc21,0,PubChem1
CC(C)C#Cc1ccc2c(c1)OC(CN(C)Cc1ccncc1)C(C)CN(C(C)CO)S2(=O)=O,0,PubChem1
CCCc1cc(=O)[nH]c(NCc2ccc(Cl)cc2)n1,0,PubChem1
CCCNC(=O)N1C2Cn3c(ccc(-c4ccccc4OC)c3=O)C1C(C(=O)NCC)C2CO,0,PubChem1
CNC(=O)CC1CCC2C(COc3ccc(NC(=O)c4ccc5c(c4)OCO5)cc3C(=O)N2C)O1,0,PubChem1
Cc1noc(C)c1NC(=O)Nc1cccc2c1OC(CN(C)Cc1ccncc1)C(C)CN(C(C)CO)C2=O,0,PubChem1
O=C(NCC1CC1)C1C(CO)C2Cn3c(ccc(C4=CCCCC4)c3=O)C2N1Cc1ccccc1F,0,PubChem1
CC1CCCCOC(CN(C)C(=O)Nc2ccc(F)cc2)C(C)CN(C(C)CO)C(=O)c2cc(NC(=O)Cc3ccccc3)ccc2O1,0,PubChem1
CC=Cc1ccc2n(c1=O)CC1C(CO)C(C(=O)N3CCc4ccccc4C3)C2N1CCC,0,PubChem1
COCC#Cc1ccc2c(c1)OC(CN(C)S(=O)(=O)c1cccc(F)c1)C(C)CN(C(C)CO)S2(=O)=O,0,PubChem1
O=C(CC1CC2c3cc(NC(=O)Nc4ccccc4F)ccc3OC2C(CO)O1)NCc1ccc(Oc2ccccc2)cc1,0,PubChem1
O=C(C1CCCC1)N1CCCCN2C(CO)C(c3ccc(C#CC4(O)CCCC4)cc3)C2C1,0,PubChem1
Cc1sc2nc(C3CC3)nc(NCCNS(C)(=O)=O)c2c1C,0,PubChem1
COc1cccc(NC2=NCC(=O)N2Cc2cccs2)c1,0,PubChem1
O=C(c1cccc(F)c1)N1CCCCN2C(CO)C(c3ccc(C#CC4(O)CCCC4)cc3)C2C1,0,PubChem1
COC1CN(C)C(=O)c2ccc(NS(=O)(=O)c3cccc(Cl)c3)cc2OCC(C)NCC1C,0,PubChem1
N#CCSc1nc2c(sc(=S)n2Cc2ccco2)c(=O)n1-c1ccc(F)cc1,0,PubChem1
CC(C)NC(=O)N(C)CC1OCc2cn(nn2)CCCC(=O)N(C(C)CO)CC1C,0,PubChem1
CC(O)C#Cc1ccc2c(c1)OC(CN(C)Cc1ccc(-c3ccccc3)cc1)C(C)CN(C(C)CO)S2(=O)=O,0,PubChem1
COc1ccc(S(=O)(=O)Nc2ccc3c(c2)C(=O)N(C(C)CO)CC(C)C(CN(C)Cc2ccc(C(F)(F)F)cc2)O3)cc1,0,PubChem1
CC1CN(C(C)CO)C(=O)c2cc(C=Cc3ccccc3)cnc2OC1CN(C)Cc1ccccc1F,0,PubChem1
COc1ccccc1C#Cc1ccc(C2C(CO)N3CCCCN(CCC(F)(F)F)CC23)cc1,0,PubChem1
COc1cccc(-c2ccc(C3C(CO)N4CCCCN(S(=O)(=O)c5cccs5)CC34)cc2)c1,0,PubChem1
Clc1ccccc1-c1nn2c(-c3ccncc3)nnc2s1,0,PubChem1
Cc1noc(C)c1S(=O)(=O)N1CCCC(C(=O)NCc2ccccn2)C1,0,PubChem1
CN(C)C(=O)c1ccc(-c2ccc(C3C(CO)N4CCCCN(CC5CC5)CC34)cc2)cc1,0,PubChem1
CC1CN(C(C)CO)S(=O)(=O)c2ccc(-c3cccnc3)cc2OC1CN(C)Cc1cccnc1,0,PubChem1
CC1CN(C(C)CO)C(=O)c2cc(C#CCc3ccccc3)cnc2OC1CN(C)Cc1cccc(F)c1,0,PubChem1
CC1CN(C(C)CO)C(=O)c2cccc(NC(=O)c3ccncc3)c2OC1CN(C)Cc1ccc(C(F)(F)F)cc1,0,PubChem1
CCCNC(=O)C1C(CO)C2Cn3c(ccc(-c4ccccc4)c3=O)C2N1C(=O)C1CCC1,0,PubChem1
O=S(=O)(Cc1ccccc1)N1CCCCN2C(CO)C(c3ccc(-c4ccc(F)cc4)cc3)C2C1,0,PubChem1
CC1CN(C(C)CO)C(=O)c2cc(NC(=O)Nc3ccc4c(c3)OCO4)ccc2OC1CN(C)Cc1ccc(C(=O)Nc2ccccc2N)cc1,0,PubChem1
CCCn1c(=NC(C)=O)c(C(=O)OCC)cc2c(=O)n3ccccc3nc21,0,PubChem1
CC1CN(C(C)CO)C(=O)c2c(c3ccccc3n2C)-c2ccccc2COC1CN(C)C(=O)C1CC1,0,PubChem1
OCC1C(c2ccc(C#CC3(O)CCCC3)cc2)C2CN(Cc3cccnc3)CCCCN12,0,PubChem1
CC(C)NC(=O)N(C)CC1Oc2ccc(NS(=O)(=O)c3ccc(F)cc3)cc2CC(=O)N(C(C)CO)CC1C,0,PubChem1
Cc1cccc(-c2ccc(C3C(CO)N4CCCCN(Cc5cncnc5)CC34)cc2)c1,0,PubChem1
c1ccc(C2=Nn3c(nnc3-c3ccncc3)SC2)cc1,0,PubChem1
CC1CCCCOC(CN(C)C(=O)Nc2ccc(C(F)(F)F)cc2)C(C)CN(C(C)CO)C(=O)c2cc(NS(=O)(=O)c3ccccc3)ccc2O1,0,PubChem1
Cc1ccccc1-c1ccc2c(c1)OC(CN(C)C(=O)Nc1ccccc1)C(C)CN(C(C)CO)S2(=O)=O,0,PubChem1
CC1CN(C(C)CO)C(=O)Cc2cc(NC(=O)C3CCCCC3)ccc2OC1CN(C)CC1CC1,0,PubChem1
CC1CN(C(C)CO)S(=O)(=O)c2ccc(C3=CCCC3)cc2OC1CN(C)C(=O)C1CCC1,0,PubChem1
CCCN1C(C(=O)NCC)C(CO)C2Cn3c(ccc(-c4ccccc4F)c3=O)C21,0,PubChem1
CC1CN(C(C)CO)C(=O)CCCn2nncc2COC1CN(C)Cc1ccc2cccnc2c1,0,PubChem1
COc1ccc(NC(=O)Nc2cccc3c2OC(CN(C)Cc2ccc(C(=O)Nc4ccccc4N)cc2)C(C)CN(C(C)CO)C3=O)cc1,0,PubChem1
CC1CN(C(C)CO)C(=O)c2cc(C#Cc3cccnc3)cnc2OC1CN(C)Cc1ccccc1,0,PubChem1
CC1CN(C(C)CO)C(=O)c2cccc(NS(=O)(=O)c3cn(C)cn3)c2OC1CN(C)CC1CCCCC1,0,PubChem1
CC1CN(C(C)CO)S(=O)(=O)c2ccc(-c3cncnc3)cc2OC1CN(C)Cc1ccccc1,0,PubChem1
CCCN(C)CC1OCCCCC(C)Oc2ccc(NC(=O)CCCN(C)C)cc2C(=O)N(C(C)CO)CC1C,0,PubChem1
COc1ncnc2c1NC(C)(O)c1c(F)c(F)c(F)c(F)c1S2,0,PubChem1
O=C(Nc1ccccc1F)N1CCCCN2C(CO)C(c3ccc(C4=CCCC4)cc3)C2C1,0,PubChem1
CNCC1Oc2cc(C#CCC3CCCC3)ccc2S(=O)(=O)N(C(C)CO)CC1C,0,PubChem1
COc1ccc(C#Cc2cnc3c(c2)C(=O)N(C(C)CO)CC(C)C(CN(C)C(C)=O)O3)cc1,0,PubChem1
CN1c2ccc(Br)cc2C2C(CCN2S(=O)(=O)c2cccc(F)c2)C1CO,0,PubChem1
CC=Cc1ccc(C2C(CO)N(C(=O)CC)C2CNC(=O)CC2CC2)cc1,0,PubChem1
CC1CCCCOC(CN(C)C(=O)NC2CCCCC2)C(C)CN(C(C)CO)C(=O)c2cc(NS(=O)(=O)c3ccccc3)ccc2O1,0,PubChem1
Cc1nc2ccc(CCO)cc2s1,0,PubChem1
O=C(OCCCCN1C(=O)c2ccccc2C1=O)c1n[nH]c2ccccc12,0,PubChem1
CC1CN(C(C)CO)C(=O)c2cc(C#Cc3ccccc3F)cnc2OC1CN(C)C,0,PubChem1
Cc1cc(C(=O)Nc2cccc3c2OC(CN(C)Cc2ccc(C(F)(F)F)cc2)C(C)CN(C(C)CO)C3=O)n(C)n1,0,PubChem1
O=C(Nc1cccc(F)c1)N1CCCCN2C(CO)C(c3ccc(-c4ccccc4F)cc3)C2C1,0,PubChem1
O=C(Nc1cccc(F)c1)N1CCCCN2C(CO)C(c3ccc(C#CC4CC4)cc3)C2C1,0,PubChem1
CC(=O)NCC1C(c2ccccc2)C(CO)N1C(=O)Cc1cccnc1,0,PubChem1
Cc1cc(C)n(-c2nc3ccccc3nc2Nc2ccc(CC(=O)O)cc2)n1,0,PubChem1
Cc1noc(C)c1NC(=O)N1CC(O)COCC2OC(CC(=O)NCC3CC3)CCC21,0,PubChem1
CCOc1ncccc1C(=O)OCc1nnc(-c2ccccc2)o1,0,PubChem1
Cc1noc(C)c1NC(=O)Nc1ccc2c(c1)C(=O)N(C(C)CO)CC(C)C(CN(C)C(=O)Cc1ccccc1)OCCCCC(C)O2,0,PubChem1
CC=Cc1ccc2n(c1=O)CC1C(CO)C(C(=O)NCCCN(C)C)C2N1C(=O)c1ccccc1F,0,PubChem1
Cc1noc(C)c1NC(=O)N(C)CC1Oc2ccc(N(C)C)cc2C(=O)N(C(C)CO)CC1C,0,PubChem1
c1ccc(Nc2nc3ccccc3n3cnnc23)cc1,0,PubChem1
CCCNC(=O)N1C(CO)C(c2ccccc2)C1CNC(=O)c1cccc(F)c1,0,PubChem1
COC(=O)c1cc(NC(=O)CSc2nc(C)cc(=O)[nH]2)cc(C(=O)OC)c1,0,PubChem1
COc1ccc(S(=O)(=O)N2CCSC2c2ccc(OC)c(OC)c2)cc1,0,PubChem1
COc1ccc(-c2cc(=O)oc3c(C)c(O)c(CN(C)C)cc23)cc1,0,PubChem1
CC=Cc1ccc2n(c1=O)CC1C(CO)C(C(=O)NCCc3ccncc3)N(CCC(F)(F)F)C21,0,PubChem1
c1ccc(-c2nc3nonc3nc2-c2ccccc2)cc1,0,PubChem1
COCC#Cc1ccc2c(c1)OC(CN(C)S(=O)(=O)c1ccc(F)cc1)C(C)CN(C(C)CO)S2(=O)=O,0,PubChem1
Cc1cc(O)c(C=Nc2cccc(Cl)c2)c(=O)o1,0,PubChem1
CC(=O)N1C(CO)C(c2ccccc2)C1CN(CC1CCC1)C(=O)CN(C)C,0,PubChem1
O=C(NC1CCC1)C1C(CO)C2Cn3c(ccc(-c4cccc(F)c4)c3=O)C1N2Cc1cocn1,0,PubChem1
O=S(=O)(c1cccc(F)c1)N1CCC2C(CO)Nc3ccc(C#Cc4ccccc4F)cc3C21,0,PubChem1
CCCNC(=O)N1C2Cn3c(cccc3=O)C1C(C(=O)NCC(F)(F)F)C2CO,0,PubChem1
COc1cccc(N2C(=O)C3ON(c4ccccc4)C(c4cccs4)C3C2=O)c1,0,PubChem1
CC1CN(C(C)CO)C(=O)c2cccc(NC(=O)Nc3ccc(C(F)(F)F)cc3)c2OC1CN(C)Cc1ccc(-c2ccccc2)cc1,0,PubChem1
O=C(NCC1NC(CO)C1c1ccc(-c2ccccc2F)cc1)c1ccccn1,0,PubChem1
N#CC1C(c2ccc(C#Cc3cccnc3)cc2)C(CO)N1C(=O)C1CCCCC1,0,PubChem1
CC1CN(C(C)CO)C(=O)CCCn2cc(nn2)COC1CN(C)C(=O)C1CC1,0,PubChem1
CC(C)C#Cc1ccc2c(c1)OC(CN(C)Cc1ccccc1)C(C)CN(C(C)CO)S2(=O)=O,0,PubChem1
CCOC(=O)c1oc2ccc(Br)cc2c1NC(=O)CN1CCN(C)CC1,0,PubChem1
CC(C)NC(=O)N(C)CC1Oc2cc(C#Cc3ccccn3)ccc2S(=O)(=O)N(C(C)CO)CC1C,0,PubChem1
CC1CN(C(C)CO)S(=O)(=O)c2ccc(C#CC3CC3)cc2OC1CN(C)C(=O)c1ccncc1,0,PubChem1
CC1CCCCOC(CN(C)C(=O)Cc2ccccc2)C(C)CN(C(C)CO)C(=O)c2cc(N(C)C)ccc2O1,0,PubChem1
CCOC(=O)C(C)Oc1cccc2c(=O)n(CC(=O)NCc3ccco3)ccc12,0,PubChem1
O=C1CC(c2ccsc2)c2cc3c(cc2N1)OCCO3,0,PubChem1
O=C(CC1CCC2C(COCC(O)CN2C(=O)Nc2cccc(Cl)c2)O1)NCc1ccccc1F,0,PubChem1
CN(C)C(=O)c1cccc(-c2ccc3c(c2)C2C(CCN2C(=O)C2CC2)C(CO)N3)c1,0,PubChem1
CC1CCCCOC(CN(C)Cc2ccncc2)C(C)CN(C(C)CO)C(=O)c2cc(NC(=O)NC3CCCCC3)ccc2O1,0,PubChem1
Cn1c(=O)c2c(-c3ccccc3)n(N3CCOCC3)cc2n(C)c1=O,0,PubChem1
CN(C)C(=O)c1ccc(-c2ccc(C3C(CO)N4CCCCN(C(=O)C5CCCC5)CC34)cc2)cc1,0,PubChem1
CCC(=O)N1C(CO)C(c2ccc(-c3cccnc3)cc2)C1CN(CC)C(C)=O,0,PubChem1
O=C(CN1CCOCC1)N1CCCCN2C(CO)C(c3ccc(-c4ccccc4F)cc3)C2C1,0,PubChem1
CC1CCCCOC(CN(C)Cc2ccc(C(F)(F)F)cc2)C(C)CN(C(C)CO)C(=O)c2cc(NC(=O)Nc3ccc(F)cc3)ccc2O1,0,PubChem1
CC1CN(C(C)CO)S(=O)(=O)c2ccc(C#CC3CCCC3)cc2OC1CN(C)C(=O)c1cccc(F)c1,0,PubChem1
CC(=O)N(C)CC1Oc2cc(C#Cc3ccccn3)ccc2S(=O)(=O)N(C(C)CO)CC1C,0,PubChem1
CCN1C(=O)c2cccc3c(S(=O)(=O)Nc4ccccn4)ccc1c23,0,PubChem1
CC1CCCCOC(CN(C)Cc2ccncc2)C(C)CN(C(C)CO)C(=O)c2cc(N(C)C)ccc2O1,0,PubChem1
COc1ccc(S(=O)(=O)N(C)CC2Oc3cc(C#CC4CCCCC4)ccc3S(=O)(=O)N(C(C)CO)CC2C)cc1,0,PubChem1
CC(C)C#Cc1ccc2c(c1)OC(CN(C)C(=O)c1cccnc1)C(C)CN(C(C)CO)S2(=O)=O,0,PubChem1
O=C(CC1CC2c3cc(NC(=O)Nc4ccccc4F)ccc3OC2C(CO)O1)NCc1ccccn1,0,PubChem1
CCOC(=O)c1nn(-c2ccccc2C)c(=O)c(C#N)c1C,0,PubChem1
O=C1C(Cl)=C(NCC2CCCO2)C(=O)N1C1CCCCC1,0,PubChem1
O=C(CC1CC2c3cc(NC(=O)Nc4ccc(C(F)(F)F)cc4)ccc3OC2C(CO)O1)NCc1cc(F)ccc1F,0,PubChem1
CC1CN(C(C)CO)S(=O)(=O)c2ccc(-c3ccc(C(=O)N(C)C)cc3)cc2OC1CN(C)Cc1ccc2c(c1)OCO2,0,PubChem1
COc1ccc2c(c1)C(=O)N(c1ccccc1OC)C(=O)C2(C)C,0,PubChem1
CN1C(=O)c2cc(NC(=O)c3cnccn3)ccc2OCC2OC(CC(=O)NC3CCN(Cc4ccccc4)C3)CCC21,0,PubChem1
CC1CCCCOC(CN(C)C(=O)Nc2ccc(F)cc2)C(C)CN(C(C)CO)C(=O)c2cc(NC(=O)Nc3cccc4ccccc34)ccc2O1,0,PubChem1
COc1ccc(-c2ccc(C3C(CO)N4CCCCN(CC5CCOCC5)CC34)cc2)cc1,0,PubChem1
O=C(NC1CCC(CCn2cc(-c3ccccc3F)nn2)OC1CO)c1ccc2c(c1)OCO2,0,PubChem1
O=C(CC1CCC2C(COCC(O)CN2C(=O)Nc2ccc(Cl)cc2)O1)NCCc1ccncc1,0,PubChem1
CC(C)C#Cc1cnc2c(c1)C(=O)N(C(C)CO)CC(C)C(CN(C)C(=O)Nc1ccc(F)cc1)O2,0,PubChem1
CC1CN(C(C)CO)S(=O)(=O)c2ccc(-c3ccccc3)cc2OC1CN(C)CC1CC1,0,PubChem1
COCC(=O)N(C)CC1Oc2cc(C#Cc3ccccc3)ccc2S(=O)(=O)N(C(C)CO)CC1C,0,PubChem1
CN1C(C(=O)NC2CCCCC2)C(CO)C2Cn3c(ccc(-c4cccc(F)c4)c3=O)C21,0,PubChem1
CS(=O)(=O)c1sc2nc(-c3cccs3)cc(-c3ccccc3)c2c1N,0,PubChem1
CC1CN(C(C)CO)S(=O)(=O)c2ccc(C#Cc3ccccc3F)cc2OC1CN(C)C(=O)Cc1ccccc1,0,PubChem1
CC1CN(C(C)CO)S(=O)(=O)c2ccc(C#CC3CC3)cc2OC1CN(C)CC1CCOCC1,0,PubChem1
CCn1c2ccccc2c2nnc(SCCCn3c(=O)[nH]c4ccccc43)nc21,0,PubChem1
CC1CN(C(C)CO)C(=O)c2cccc(NC(=O)c3cnccn3)c2OC1CN(C)Cc1ccc(C(=O)Nc2ccccc2N)cc1,0,PubChem1
Cn1cnc(S(=O)(=O)N2CCCCN3C(CO)C(c4ccc(-c5ccccc5)cc4)C3C2)c1,0,PubChem1
COC(=O)C1C(CO)C2Cn3c(ccc(C4=CCCCC4)c3=O)C1N2Cc1ccccn1,0,PubChem1
COc1cccc(-c2ccc3c(c2)OC(CN(C)Cc2cccnc2)C(C)CN(C(C)CO)S3(=O)=O)c1,0,PubChem1
Cc1ccc(OCCN2C(=O)OC(C)(C)C2(C)O)cc1,0,PubChem1
CCCN1CC(C)C(OC)CN(C)C(=O)c2ccc(NS(=O)(=O)c3cn(C)cn3)cc2OCC1C,0,PubChem1
O=C(Nc1cc(F)ccc1F)N1CCCCN2C(CO)C(c3ccc(-c4cncnc4)cc3)C2C1,0,PubChem1
CS(=O)(=O)N1CCCCN2C(CO)C(c3ccc(C4=CCCC4)cc3)C2C1,0,PubChem1
CCc1nnc(NC(=O)CSc2ncc(-c3ccccc3)n2CC)s1,0,PubChem1
CN1C(C(=O)Nc2ccccc2)C(CO)C2Cn3c(ccc(-c4ccccc4)c3=O)C21,0,PubChem1
CC=Cc1ccc2n(c1=O)CC1C(CO)C(C(=O)NCC(F)(F)F)N(C(=O)c3cccnc3)C21,0,PubChem1
O=C(CC1CCC2C(COCC(O)CN2CC2CCCCC2)O1)NCc1ccc(F)cc1,0,PubChem1
CCC(=O)N1CCCCN2C(CO)C(c3ccc(-c4ccc(F)cc4)cc3)C2C1,0,PubChem1
CC1CN(C(C)CO)C(=O)CCCn2cc(nn2)COC1CN(C)S(=O)(=O)c1ccc2ccccc2c1,0,PubChem1
COC(=O)c1sc2ccccc2c1C(=O)OC,0,PubChem1
CC=Cc1ccc2n(c1=O)CC1C(CO)C(C(=O)NCc3ccccc3Cl)N(S(C)(=O)=O)C21,0,PubChem1
CC(C)NC(=O)Nc1ccc2c(c1)CC(=O)N(C(C)CO)CC(C)C(CN(C)S(=O)(=O)c1ccc(Cl)cc1)O2,0,PubChem1
CC1CCCCOC(CN(C)C(=O)Nc2ccccc2)C(C)CN(C(C)CO)C(=O)c2cc(N(C)C)ccc2O1,0,PubChem1
COc1ccc(CN(C)CC2Oc3c(NC(=O)c4ccncc4)cccc3C(=O)N(C(C)CO)CC2C)cc1,0,PubChem1
COc1ccc(-c2ccc(C3C(C#N)N(C(=O)c4cccc(F)c4)C3CO)cc2)cc1,0,PubChem1
CC1CN(C(C)CO)C(=O)c2cc(C#CCN(C)C)cnc2OC1CN(C)Cc1ccc(C(=O)O)cc1,0,PubChem1
O=C(CC1SC(=NC2CCCCC2)NC1=O)Nc1ccccc1,0,PubChem1
N#CC1C(c2ccc(C#Cc3cccc(F)c3)cc2)C(CO)N1C(=O)C1CCCC1,0,PubChem1
COc1ccc(NC(=O)Nc2ccc3c(c2)C2CC(CC(=O)NCc4ccc5c(c4)OCO5)OC(CO)C2O3)cc1,0,PubChem1
CC1CN(C(C)CO)S(=O)(=O)c2ccc(C#Cc3ccncc3)cc2OC1CN(C)C(=O)C1CC1,0,PubChem1
N#CC1C(c2ccc(C#CC3CCCCC3)cc2)C(CO)N1C(=O)Cc1ccccn1,0,PubChem1
O=C(C1NC2c3ccc(C=Cc4ccccc4)c(=O)n3CC2C1CO)N1CCCCC1,0,PubChem1
CC=Cc1ccc(C2C(CO)N(C(=O)C3CC3)C2CN(CC)C(C)=O)cc1,0,PubChem1
CC1CN(C(C)CO)C(=O)c2cccc(NC(=O)C3CCOCC3)c2OC1CN(C)C(=O)Nc1ccc(C(F)(F)F)cc1,0,PubChem1
O=C(Nc1cccc(F)c1)NC1CCC(CCNS(=O)(=O)c2cccc(Cl)c2)OC1CO,0,PubChem1
CC1CN(C(C)CO)S(=O)(=O)c2ccc(-c3cccc(C#N)c3)cc2OC1CN(C)C(=O)Nc1ccccc1F,0,PubChem1
O=C(c1ccc(F)cc1)N1CCCCN2C(CO)C(c3ccc(C#CC4(O)CCCC4)cc3)C2C1,0,PubChem1
CC1CN(C(C)CO)S(=O)(=O)c2ccc(-c3ccccc3F)cc2OC1CN(C)C(=O)C1CC1,0,PubChem1
CC(=O)N1CCC2C(CO)Nc3ccc(C#Cc4ccccc4F)cc3C21,0,PubChem1
CC1CCCCOC(CN(C)S(=O)(=O)c2cccs2)C(C)CN(C(C)CO)C(=O)c2cc(N(C)C)ccc2O1,0,PubChem1
CCC(=O)N1CCc2cc(S(=O)(=O)NCCC(=O)NC3CCCc4ccccc43)ccc21,0,PubChem1
O=C(c1ccc(F)cc1)N1CCCCN2C(CO)C(c3ccc(-c4ccc(F)cc4)cc3)C2C1,0,PubChem1
COc1cccc(S(=O)(=O)NC2CCC(CCNC(=O)Cc3ccncc3)OC2CO)c1,0,PubChem1
CC(C)OC(=O)CSc1nnc(-c2cnccn2)n1-c1ccccc1,0,PubChem1
CC(C)NC(=O)N(C)CC1Oc2ncc(C#Cc3ccccc3F)cc2C(=O)N(C(C)CO)CC1C,0,PubChem1
CN(C)C(=O)c1ccc(-c2ccc(C3C(C#N)N(C(=O)C4CCCCC4)C3CO)cc2)cc1,0,PubChem1
CC1CCCCOC(CN(C)C(=O)c2ccccc2)C(C)CN(C(C)CO)C(=O)c2cc(NS(=O)(=O)c3ccc(Cl)cc3)ccc2O1,0,PubChem1
COc1cc2c(cc1OC)C(C(=O)Nc1ccc3c(c1)OCCO3)C1c3ccccc3CCN1C2=O,0,PubChem1
CC1CCCCOC(CN(C)C(=O)C2CCCCC2)C(C)CN(C(C)CO)C(=O)c2cc(NS(=O)(=O)c3cccs3)ccc2O1,0,PubChem1
CC1CN(C(C)CO)C(=O)c2cc(NC(=O)Nc3ccc(C(F)(F)F)cc3)ccc2OC1CN(C)S(=O)(=O)c1cccs1,0,PubChem1
COc1ccc(-c2ccc(C3C(C#N)N(C(=O)c4cccnc4)C3CO)cc2)cc1,0,PubChem1
COc1cccc(NC(=O)N2C(CO)C(c3ccccc3)C2CNC(C)C)c1,0,PubChem1
Fc1ccc(-c2cc(C(F)(F)F)nc(-n3cncn3)n2)cc1,0,PubChem1
CCCNc1nc2c(c(=O)[nH]c(=O)n2C)n1CCc1ccccc1,0,PubChem1
OCC1C(c2ccc(C3=CCCC3)cc2)C2CN(Cc3cncnc3)CCCCN12,0,PubChem1
CN1CCN(C(=O)C2C(CO)C3Cn4c(cccc4=O)C2N3Cc2ccncc2)CC1,0,PubChem1
O=C(CC1CCC2C(COCC(O)CN2C(=O)Nc2ccc(Cl)c(Cl)c2)O1)NCc1ccc(Cl)cc1,0,PubChem1
CC(C)OC(=O)CSc1nnc(-c2cnccn2)n1-c1ccc(Cl)cc1,0,PubChem1
CC(C)Sc1nc2c(c(=O)n1C)SC(C)C2,0,PubChem1
CC=Cc1ccc(C2C(CO)N(Cc3ccccn3)C2CNC(C)=O)cc1,0,PubChem1
Cc1noc(C)c1NC(=O)N(C)CC1OCc2cn(nn2)CCCC(=O)N(C(C)CO)CC1C,0,PubChem1
CC1CN(C(C)CO)C(=O)c2cccc(NC(=O)c3ccncc3)c2OC1CN(C)Cc1ccc(-c2ccccc2)cc1,0,PubChem1
CC(C)NC(=O)N1C(C#N)C(c2ccc(C#CC3CCCCC3)cc2)C1CO,0,PubChem1
CC1CN(C(C)CO)C(=O)c2cc(NS(=O)(=O)c3cn(C)cn3)ccc2OC1CN(C)Cc1ccc(C(=O)Nc2ccccc2N)cc1,0,PubChem1
CC(=O)N1C(CO)C(c2ccc(-c3cccc(F)c3)cc2)C1CNC(=O)C1CC1,0,PubChem1
COc1ccc(C#Cc2cnc3c(c2)C(=O)N(C(C)CO)CC(C)C(CN(C)C)O3)cc1,0,PubChem1
CC(C)COC(=O)N(C)CC1OCc2cnnn2CCCC(=O)N(C(C)CO)CC1C,0,PubChem1
CC1CN(C(C)CO)C(=O)c2cc(C#Cc3cccc(F)c3)cnc2OC1CN(C)C(=O)Nc1ccc2c(c1)OCO2,0,PubChem1
COCCNC(=O)c1c(NC(=O)c2ccco2)n(Cc2ccccc2)c2nc3ccccc3nc12,0,PubChem1
CC1CCCCOC(CN(C)C(=O)CCCN(C)C)C(C)CN(C(C)CO)C(=O)c2cc(NS(C)(=O)=O)ccc2O1,0,PubChem1
O=C(CC1CC2c3cc(NC(=O)C4CCOCC4)ccc3OC2C(CO)O1)NCCN1CCCCC1,0,PubChem1
CCOC(=O)c1ccc(N2CN=C3SCC(=O)N3C2)cc1,0,PubChem1
Fc1cc(Br)ccc1Nc1nc2ccccc2n2nnnc12,0,PubChem1
O=C(CC1CCC2C(COCC(O)CN2S(=O)(=O)c2cccc(Cl)c2)O1)Nc1ccc(-c2ccccc2)cc1,0,PubChem1
CC1CN(C(C)CO)C(=O)c2c(c3ccccc3n2C)-c2ccccc2COC1CN(C)S(=O)(=O)c1ccccc1C#N,0,PubChem1
CCN1C(C(=O)OC)C(CO)C2Cn3c(ccc(C4=CCCCC4)c3=O)C21,0,PubChem1
CC1CCCCOC(CN(C)S(=O)(=O)c2ccccc2)C(C)CN(C(C)CO)C(=O)c2cc(N(C)C)ccc2O1,0,PubChem1
O=C(CC1CC2c3cc(NC(=O)c4cccnc4)ccc3OC2C(CO)O1)NCc1cccnc1,0,PubChem1
COc1ccc(NC(=O)N(C)CC2OCCCCC(C)Oc3ccc(N(C)C)cc3C(=O)N(C(C)CO)CC2C)cc1,0,PubChem1
Cc1noc(C)c1NC(=O)NC1CCC(CC(=O)NCCCN(C)C)OC1CO,0,PubChem1
O=C(NCc1ccco1)c1cnn2c(C(F)(F)F)cc(-c3ccco3)nc12,0,PubChem1
COc1ccc(CN(C)CC2OCCCCC(C)Oc3ccc(NC(=O)C4CCCCC4)cc3C(=O)N(C(C)CO)CC2C)cc1,0,PubChem1
COCC(=O)NCC1NC(CO)C1c1ccc(C2=CCCCC2)cc1,0,PubChem1
O=C(c1ccncc1)N1CCC2C(CO)Nc3ccc(-c4ccc(F)cc4)cc3C21,0,PubChem1
O=C(C1CC1)N1CCCCN2C(CO)C(c3ccc(C#CC4CC4)cc3)C2C1,0,PubChem1
CSc1ccc(C2C(C#N)=C(N)N(c3ccccc3)C3=C2C(=O)CCC3)cc1,0,PubChem1
COc1ccccc1NC(=O)CC1Nc2ccccc2NC1=O,0,PubChem1
C=CCSc1nc2ccccc2c(=O)[nH]1,0,PubChem1
Cn1nnnc1SCC(=O)Nc1nc(-c2ccccc2)c(-c2ccccc2)o1,0,PubChem1
COc1cccc(-c2nnc(SCC(=O)Nc3cc(C)on3)o2)c1,0,PubChem1
CN(C)C(=O)C1C(CO)C2Cn3c(ccc(-c4ccccc4)c3=O)C1N2C(=O)C1CCC1,0,PubChem1
CN(C)c1ccc2c(c1)C1CC(CC(=O)NCc3ccc(Oc4ccccc4)cc3)OC(CO)C1O2,0,PubChem1
CC1CCCCOC(CN(C)S(=O)(=O)c2ccc(F)cc2)C(C)CN(C(C)CO)C(=O)c2cc(NS(=O)(=O)c3ccc(Cl)cc3)ccc2O1,0,PubChem1
COc1ccc(S(=O)(=O)N(C)CC2Oc3ccc(NC(=O)Cn4cnnn4)cc3C(=O)N(C(C)CO)CC2C)cc1,0,PubChem1
Cc1cc(C)n(CC(=O)n2c3c(c4ccccc42)CCCC3)n1,0,PubChem1
Cc1cccc(-c2ccc(C3C(CO)N4CCCCN(CCC(F)(F)F)CC34)cc2)c1,0,PubChem1
CC(=O)NCC1C(c2ccc(-c3ccccc3F)cc2)C(CO)N1C(=O)C1CC1,0,PubChem1
N#CC1NC(CO)C1c1ccc(C#Cc2ccc(F)cc2)cc1,0,PubChem1
N#CC1C(c2ccc(-c3ccncc3)cc2)C(CO)N1C(=O)Cc1ccccc1,0,PubChem1
CC1CCCCOC(CN(C)Cc2ccc3c(c2)OCO3)C(C)CN(C(C)CO)C(=O)c2cc(NC(=O)Nc3cccc4ccccc34)ccc2O1,0,PubChem1
CC1CN(C(C)CO)C(=O)CCCn2cc(nn2)COC1CN(C)C(=O)c1ccc(N2CCN(C)CC2)cc1,0,PubChem1
COc1ccc(S(=O)(=O)N2CC(O)COCC3OC(CC(=O)NC4CCN(Cc5ccccc5)C4)CCC32)cc1,0,PubChem1
O=C(CC1CC2c3cc(NS(=O)(=O)c4ccccc4)ccc3OC2C(CO)O1)N1CCCCC1,0,PubChem1
O=C(CC1CCC2C(COCC(O)CN2CCC(F)(F)F)O1)NCc1ccc(Oc2ccccc2)cc1,0,PubChem1
CCCC#Cc1ccc(C2C(C#N)N(C(=O)C3CCCCC3)C2CO)cc1,0,PubChem1
CC1CCCCOC(CN(C)Cc2ccncc2)C(C)CN(C(C)CO)C(=O)c2cc(NC(=O)CCCN(C)C)ccc2O1,0,PubChem1
Clc1cccc(Nc2c3c(nc4ncnn24)CCC3)c1,0,PubChem1
CN(C)C(=O)C1C(CO)C2Cn3c(ccc(-c4cccc(F)c4)c3=O)C1N2Cc1ccccc1,0,PubChem1
Cc1sc2ncnc(SCC(=O)N3CCCC3)c2c1C,0,PubChem1
CN(C)CC#Cc1ccc(C2C(CO)N3CCCCN(S(=O)(=O)c4ccccc4F)CC23)cc1,0,PubChem1
CC1CCCCOC(CN(C)S(=O)(=O)c2cccs2)C(C)CN(C(C)CO)C(=O)c2cc(NC(=O)NC3CCCCC3)ccc2O1,0,PubChem1
O=C(CC1C=CC(NC(=O)C2CC2)C(CO)O1)Nc1nccs1,0,PubChem1
COCCNCC1C(c2ccccc2)C(CO)N1c1nc(C)c(C)s1,0,PubChem1
O=C(Nc1ccccc1F)N1CC2C(c3ccccc31)C(CO)N2C(=O)C1CCOCC1,0,PubChem1
CN(C)C(=O)C1C(CO)C2Cn3c(cccc3=O)C1N2C(=O)c1ccc(F)cc1,0,PubChem1
COCCNC(=O)CC1CC2c3cc(NC(=O)Nc4ccc(C(F)(F)F)cc4)ccc3OC2C(CO)O1,0,PubChem1
CN(C)CC#Cc1ccc(C2C(CO)N3CCCCN(C(=O)Nc4cc(F)ccc4F)CC23)cc1,0,PubChem1
CC=Cc1ccc2n(c1=O)CC1C(CO)C(C(=O)NCC3CC3)N(CCC(F)(F)F)C21,0,PubChem1
O=C(CC1CC2c3cc(NC(=O)Nc4ccccc4)ccc3OC2C(CO)O1)NCc1cccc(F)c1,0,PubChem1
CC(C)NC(=O)Nc1ccc2c(c1)C(=O)N(C(C)CO)CC(C)C(CN(C)C(=O)Nc1ccccc1)OCCCCC(C)O2,0,PubChem1
CC=Cc1ccc(C2C(C#N)N(S(=O)(=O)c3cccc(F)c3)C2CO)cc1,0,PubChem1
Cc1ccc(-c2ccc3c(c2)OC(CN(C)S(C)(=O)=O)C(C)CN(C(C)CO)S3(=O)=O)cc1,0,PubChem1
CC1CN(C(C)CO)C(=O)CCCn2cc(nn2)COC1CN(C)Cc1ccc(Cl)c(Cl)c1,0,PubChem1
CN(C)C(=O)c1cccc(-c2ccc(C3C(CO)N4CCCCN(C(=O)C5CCC5)CC34)cc2)c1,0,PubChem1
C=CCNC(=O)C1CC(c2cccc(OC)c2)=NO1,0,PubChem1
CSc1oc(-c2ccco2)nc1S(=O)(=O)c1ccc(F)cc1,0,PubChem1
CCCNC(=O)N1C(CO)C(c2ccc(-c3ccccc3)cc2)C1CNC(C)=O,0,PubChem1
CC1CN(C(C)CO)C(=O)c2cccc(NC(=O)c3nc4ccccc4s3)c2OC1CN(C)C(=O)Nc1ccc(C(F)(F)F)cc1,0,PubChem1
CC1CCCCOC(CN(C)CC2CCCCC2)C(C)CN(C(C)CO)C(=O)c2cc(NC(=O)Nc3ccc(C(F)(F)F)cc3)ccc2O1,0,PubChem1
O=S(=O)(c1ccc(F)cc1)N1CCCCN2C(CO)C(c3ccc(-c4ccccc4F)cc3)C2C1,0,PubChem1
O=C(Nc1ccc(F)cc1)Nc1ccc2c(c1)C1CC(CC(=O)N3CCCCC3)OC(CO)C1O2,0,PubChem1
O=C(c1ccncc1)N1CCCCN2C(CO)C(c3ccc(-c4ccccc4)cc3)C2C1,0,PubChem1
CC1CCCCOC(CN(C)Cc2ccc3c(c2)OCO3)C(C)CN(C(C)CO)C(=O)c2cc(NC(=O)Nc3ccc(C(F)(F)F)cc3)ccc2O1,0,PubChem1
CC1CN(C(C)CO)S(=O)(=O)c2ccc(-c3ccncc3)cc2OC1CN(C)Cc1ccc(Oc2ccccc2)cc1,0,PubChem1
CC=Cc1ccc(C2C(CO)N(C(=O)NCCC)C2CNC(=O)C2CC2)cc1,0,PubChem1
COc1ccccc1-c1ccc(C2C(C#N)N(C(=O)C3CCC3)C2CO)cc1,0,PubChem1
CC(=O)N=c1sc2nc3ccccc3nc2n1N(C(C)=O)C(C)=O,0,PubChem1
COc1ccc(-c2coc3cc(O)cc(O)c3c2=O)cc1,0,PubChem1
Cc1cccc(Cc2c(C)nc3c(C(=O)NCc4ccco4)cnn3c2C)c1,0,PubChem1
CC1CN(C(C)CO)C(=O)c2cccc(NC(=O)Nc3ccc(C(F)(F)F)cc3)c2OC1CN(C)Cc1ccc(Oc2ccccc2)cc1,0,PubChem1
COc1ccc(S(=O)(=O)N2CCCCN3C(CO)C(c4ccc(C#CCC(C)C)cc4)C3C2)cc1,0,PubChem1
Cc1ccc(S(=O)(=O)Nc2ccc3c(c2)C(=O)N(C(C)CO)CC(C)C(CN(C)Cc2ccc4c(c2)OCO4)OCCCCC(C)O3)cc1,0,PubChem1
CC1CN(C(C)CO)C(=O)c2cc(C#Cc3cccc(F)c3)cnc2OC1CN(C)C(=O)Nc1ccc(F)cc1,0,PubChem1
CCn1c(=O)c2cc(S(=O)(=O)NC3CCCCC3)ccc2n(CC)c1=O,0,PubChem1
O=C(NCc1ccc(F)cc1)C1C(CO)C2Cn3c(cccc3=O)C1N2Cc1cccnc1,0,PubChem1
CC1CN(C(C)CO)C(=O)Cc2cc(NC(=O)Cc3ccccc3)ccc2OC1CN(C)Cc1ccc2c(c1)OCO2,0,PubChem1
CC(=O)N(C)CC1C(c2ccc(-c3ccccc3F)cc2)C(CO)N1C(C)=O,0,PubChem1
CCCNC(=O)N(C)CC1Oc2cc(C#CCN(C)C)ccc2S(=O)(=O)N(C(C)CO)CC1C,0,PubChem1
CCNC(=O)C1C(CO)C2Cn3c(ccc(-c4ccccc4OC)c3=O)C2N1S(C)(=O)=O,0,PubChem1
O=C(NCC1C(c2ccccc2)C(CO)N1C(=O)Cc1cccnc1)C1CC1,0,PubChem1
COc1ccc(-c2ccc(C3C(C#N)N(C(=O)C4CCCC4)C3CO)cc2)cc1,0,PubChem1
O=c1n(Cc2ccccc2)c2cc(Cl)cnc2n1Cc1ccccc1,0,PubChem1
Cc1ccc(-c2ccc3c(c2)OC(CN(C)Cc2ccncc2)C(C)CN(C(C)CO)S3(=O)=O)cc1,0,PubChem1
Cc1cc(NC(=O)COc2nnc(-c3ccccc3)c3ccccc23)no1,0,PubChem1
CCN1C2Cn3c(ccc(-c4ccccc4)c3=O)C1C(C(=O)Nc1ccccc1)C2CO,0,PubChem1
CC1CN(C(C)CO)C(=O)CCCn2cc(nn2)COC1CN(C)C(=O)CCC(F)(F)F,0,PubChem1
COCC(=O)N1CCCCN2C(CO)C(c3ccc(-c4ccc(C)cc4)cc3)C2C1,0,PubChem1
COc1ccc(S(=O)(=O)N2CCCCN3C(CO)C(c4ccc(-c5cccnc5)cc4)C3C2)cc1,0,PubChem1
CCOC(=O)N1CCN(C(=O)CCCn2c(=S)[nH]c3ccccc3c2=O)CC1,0,PubChem1
CC1CN(C(C)CO)S(=O)(=O)c2ccc(-c3cccc(C#N)c3)cc2OC1CN(C)C(=O)c1ccc(F)cc1,0,PubChem1
Cc1cc(=O)oc2cc(OCC(=O)NCCc3nc4ccccc4[nH]3)ccc12,0,PubChem1
O=CN1Cc2[nH]c3ccccc3c2N(c2ccc(Cl)cc2)C1=O,0,PubChem1
N#CC1C(c2ccc(-c3cncnc3)cc2)C(CO)N1C(=O)C1CCC1,0,PubChem1
C=CCn1c(=O)c2c(C)c(C)sc2n2c(Nc3ccc(OC)cc3)nnc12,0,PubChem1
CC(C)C#Cc1ccc(C2C(CO)N3CCCCN(C(=O)Nc4ccccc4)CC23)cc1,0,PubChem1
Cc1cc(C)nc(SCC(=O)Nc2ncc3c(n2)CC(C)(C)CC3=O)n1,0,PubChem1
CNc1nc(C)c(C(=O)OCC(=O)OC)s1,0,PubChem1
CC1CN(C(C)CO)C(=O)c2cc(C=Cc3ccccc3)cnc2OC1CN(C)Cc1ccncc1,0,PubChem1
CC1CN(C(C)CO)S(=O)(=O)c2ccc(C3=CCCC3)cc2OC1CN(C)S(=O)(=O)c1ccc(F)cc1,0,PubChem1
CC(NC(=O)C1C(CO)C2Cn3c(cccc3=O)C1N2Cc1ccccc1)c1ccccc1,0,PubChem1
CC1CCCCOC(CN(C)Cc2ccc(C(F)(F)F)cc2)C(C)CN(C(C)CO)C(=O)c2cc(NS(=O)(=O)c3ccccc3)ccc2O1,0,PubChem1
CC1CN(C(C)CO)S(=O)(=O)c2ccc(-c3ccncc3)cc2OC1CN(C)Cc1ccncc1,0,PubChem1
CC1CCCCOC(CN(C)C(=O)c2ccncc2)C(C)CN(C(C)CO)C(=O)c2cc(NC(=O)c3ccccc3)ccc2O1,0,PubChem1
COc1cc(OC)cc(C(=O)Nn2cc(C(=O)N3CCN(C)CC3)c3ccccc3c2=O)c1,0,PubChem1
COc1ccc(CN(C)CC2OCCCCC(C)Oc3ccc(NS(=O)(=O)c4ccc(Cl)cc4)cc3C(=O)N(C(C)CO)CC2C)cc1,0,PubChem1
CC1CN(C(C)CO)C(=O)c2c(c3ccccc3n2C)-c2ccccc2COC1CN(C)S(=O)(=O)c1cn(C)cn1,0,PubChem1
CC1=CC(C)(C)N=C(NC#N)N1,0,PubChem1
COc1ccc(C(=O)N2CC3C(c4ccccc42)C(CO)N3Cc2ccc3c(c2)OCO3)cc1,0,PubChem1
CCOC(=O)N1CCC(NCCNC(=O)c2ccccc2C)CC1,0,PubChem1
CC1CN(C(C)CO)S(=O)(=O)c2ccc(-c3ccccc3F)cc2OC1CN(C)Cc1ccncc1,0,PubChem1
O=C(Nc1ccccc1)N1CCCCN2C(CO)C(c3ccc(C4=CCCCC4)cc3)C2C1,0,PubChem1
COc1ccccc1-c1cnc2c(c1)C(=O)N(C(C)CO)CC(C)C(CN(C)C(C)=O)O2,0,PubChem1
CC1CN(C(C)CO)C(=O)c2cc(C#CC3CC3)cnc2OC1CN(C)C(=O)Cc1ccccn1,0,PubChem1
COc1cccc(S(=O)(=O)N(C)CC2OCc3ccccc3-c3ccccc3C(=O)N(C(C)CO)CC2C)c1,0,PubChem1
Cc1cccc(-c2ccc(C3C(CO)N4CCCCN(C(=O)NC(C)C)CC34)cc2)c1,0,PubChem1
N#CC1C(c2ccc(-c3ccc(F)cc3)cc2)C(CO)N1c1nc(-c2ccccc2)cs1,0,PubChem1
CC1CN(C(C)CO)C(=O)c2cc(C3=CCCC3)cnc2OC1CN(C)C(=O)Cc1ccncc1,0,PubChem1
CC1CN(C(C)CO)S(=O)(=O)c2ccc(C#CC3CC3)cc2OC1CN(C)Cc1ccccn1,0,PubChem1
COc1ccccc1-c1ccc2c(c1)OC(CN(C)S(=O)(=O)c1ccc(C)cc1)C(C)CN(C(C)CO)S2(=O)=O,0,PubChem1
COc1cccc(S(=O)(=O)N2CC(O)COCC3OC(CC(=O)N4CCOCC4)CCC32)c1,0,PubChem1
Cn1c2c(c3ccccc31)CCC2=NO,0,PubChem1
Cc1ccccc1-c1ccc(C2C(CO)N3CCCCN(C(=O)Nc4ccc(F)cc4)CC23)cc1,0,PubChem1
Nc1nc(CN2CCN(c3ccccn3)CC2)nc(Nc2ccc(Cl)cc2)n1,0,PubChem1
COCC(=O)N1C(C#N)C(c2ccc(C#Cc3ccccc3F)cc2)C1CO,0,PubChem1
COc1ccc(OC)c(C2=NOC(C(=O)Nc3cccc(C(C)=O)c3)C2)c1,0,PubChem1
COC1CN(C)C(=O)c2ccc(NC(=O)NC(C)C)cc2OCC(C)N(Cc2ccccn2)CC1C,0,PubChem1
CCOC(=O)NCCc1ccc(OC)cc1,0,PubChem1
CC1CN(C(C)CO)C(=O)Cc2cc(NC(=O)Cc3cn(C)c4ccccc34)ccc2OC1CN(C)Cc1ccc(C(=O)Nc2ccccc2N)cc1,0,PubChem1
CCNC(=O)C1C(CO)C2Cn3c(ccc(C4=CCCC4)c3=O)C2N1C(=O)CC1CC1,0,PubChem1
O=C(Nc1ccc(-c2ccccc2)cc1)C1C(CO)C2Cn3c(cccc3=O)C2N1CC1CCCCC1,0,PubChem1
O=C(Nc1ccccc1)N1CCCCN2C(CO)C(c3ccc(C#Cc4cccnc4)cc3)C2C1,0,PubChem1
CCCC#Cc1ccc(C2C(CO)N3CCCCN(S(=O)(=O)CC)CC23)cc1,0,PubChem1
COc1ccc(C#Cc2ccc(C3C(CO)N4CCCCN(C(=O)c5ccncc5)CC34)cc2)cc1,0,PubChem1
CCSc1cnc(-c2ccccc2)n1CC,0,PubChem1
COc1ccc(CN(C)CC2OCCCCC(C)Oc3ccc(NC(=O)Nc4ccc5c(c4)OCO5)cc3C(=O)N(C(C)CO)CC2C)cc1,0,PubChem1
O=C(CC1CCC(NC(=O)Nc2ccc(C(F)(F)F)cc2)C(CO)O1)NCc1cc(F)cc(F)c1,0,PubChem1
CC1CCCCOC(CN(C)CC2CC2)C(C)CN(C(C)CO)C(=O)c2cc(NC(=O)C3CCCCC3)ccc2O1,0,PubChem1
CCc1cnc(N2C(C#N)C(c3ccc(C#CCC4CCCC4)cc3)C2CO)s1,0,PubChem1
O=C(NCCCN1CCOCC1)C1C2NC(Cn3c2ccc(C2=CCCC2)c3=O)C1CO,0,PubChem1
CCOc1ccc(NC(SC)=C(C#N)C(N)=O)cc1,0,PubChem1
COC(=O)C1C(CO)C2Cn3c(ccc(-c4ccc(F)cc4)c3=O)C2N1C(=O)C1CCC1,0,PubChem1
COc1ccc(S(=O)(=O)N(C)CC2OCCCCC(C)Oc3ccc(N(C)C)cc3C(=O)N(C(C)CO)CC2C)cc1,0,PubChem1
CN1c2ccc(-c3ccc(F)cc3)cc2C2C(CCN2C(=O)Cc2cccnc2)C1CO,0,PubChem1
Cc1nc2sc3c(c2c(=O)[nH]1)CCC3,0,PubChem1
COC(=O)C1C(CO)C2Cn3c(ccc(-c4ccccc4F)c3=O)C1N2CC1CCCC1,0,PubChem1
CC1CN(C(C)CO)S(=O)(=O)c2ccc(C#CC(C)(C)O)cc2OC1CN(C)Cc1ccncc1,0,PubChem1
O=C(c1ccccc1F)N1CC2C(c3ccccc31)C(CO)N2C(=O)c1ccc(F)cc1,0,PubChem1
COc1ccc(S(=O)(=O)N(C)CC2OCc3cnnn3CCCC(=O)N(C(C)CO)CC2C)cc1,0,PubChem1
Cn1c(=O)c2c(-c3ccc(C(C)(C)C)cc3)n(N3CCOCC3)cc2n(C)c1=O,0,PubChem1
COC1CN(C)C(=O)c2cc(NC(=O)Nc3cc(F)ccc3F)ccc2OCC(C)NCC1C,0,PubChem1
CC1CN(C(C)CO)C(=O)c2cc(-c3cncnc3)cnc2OC1CN(C)C(=O)Nc1ccc2c(c1)OCO2,0,PubChem1
CCc1nc2sc3ccccc3c(=O)c2c(=O)n1Cc1ccco1,0,PubChem1
CCCNC(=O)N1C(CO)C(c2ccc(C3=CCCC3)cc2)C1CN(C)C(C)=O,0,PubChem1
CC1CN(C(C)CO)S(=O)(=O)c2ccc(C=Cc3ccccc3)cc2OC1CN(C)Cc1cccnc1,0,PubChem1
O=C(Nc1ccc(Cl)cc1)NC1CCC(CCn2cc(-c3ccccc3F)nn2)OC1CO,0,PubChem1
Cc1noc(C)c1CSc1ncnc2ccccc12,0,PubChem1
O=C1COc2ccccc2N1Cc1ccccc1Cl,0,PubChem1
COc1ccc(-c2ccc(C3C(C#N)N(C(=O)C4CC4)C3CO)cc2)cc1,0,PubChem1
CC(C)NC(=O)N(C)CC1OCCCCC(C)Oc2ccc(NC(=O)c3ccncc3)cc2C(=O)N(C(C)CO)CC1C,0,PubChem1
CC1CN(C(C)CO)S(=O)(=O)c2ccc(C3=CCCC3)cc2OC1CN(C)C(=O)Cc1ccncc1,0,PubChem1
CC1CN(C(C)CO)C(=O)c2cccc(N(C)C)c2OC1CN(C)C(=O)Nc1ccc(C(F)(F)F)cc1,0,PubChem1
CC(=O)N1CCC2(CC1)C(C#N)=C(N)Oc1c2sc2nc(C)cc(C)c12,0,PubChem1
Cn1cccc1C1NC(=O)c2c(sc3c2CCC(C(C)(C)C)C3)N1,0,PubChem1
CC1CN(C(C)CO)C(=O)Cc2cc(NC(=O)Cc3cn(C)c4ccccc34)ccc2OC1CN(C)Cc1ccccc1,0,PubChem1
CCCC#Cc1ccc(C2C(C#N)N(C(=O)C3CCCC3)C2CO)cc1,0,PubChem1
COc1ccc(C#Cc2ccc(C3C(CO)N4CCCCN(C(=O)Cc5ccccc5)CC34)cc2)cc1,0,PubChem1
COc1ccc(-n2nc3ccccc3n2)cc1,0,PubChem1
O=C(c1ccc2c(c1)OCO2)N1CCCCN2C(CO)C(c3ccc(-c4ccccc4)cc3)C2C1,0,PubChem1
O=C(NCc1ccccn1)C1C(CO)C2Cn3c(ccc(C=Cc4ccccc4)c3=O)C1N2CC1CC1,0,PubChem1
CC(C)NC(=O)N1CCCCN2C(CO)C(c3ccc(C#CC4CC4)cc3)C2C1,0,PubChem1
CC1CCCCOC(CN(C)CC2CCCCC2)C(C)CN(C(C)CO)C(=O)c2cc(NC(=O)Nc3ccccc3)ccc2O1,0,PubChem1
CCOc1ccccc1NC(=O)CN(C)S(=O)(=O)c1cccc2nsnc12,0,PubChem1
N#Cc1cc2ccccc2nc1SCC(=O)Nc1ccc(S(=O)(=O)N2CCCC2)cc1,0,PubChem1
CN(C)C(=O)CC1CC2c3cc(NS(=O)(=O)c4ccc(F)cc4)ccc3OC2C(CO)O1,0,PubChem1
CCOC(=O)c1c(C)c(C(=O)NCc2ccc3c(c2)OCO3)c(C)n1C,0,PubChem1
CC(CCc1oc2ccccc2c1-c1ccc(C)o1)=NO,0,PubChem1
COCC(=O)Nc1ccc2c(c1)C1CC(CC(=O)NCc3ccccc3OC)OC(CO)C1O2,0,PubChem1
CCOC(=O)C(C(N)=NCCCO)=C(O)OCC,0,PubChem1
COc1ccc(Nc2nc(N)nc(CSc3nnnn3C)n2)cc1,0,PubChem1
CCOCCOC(=O)C1=C(C)Nc2ccc(C)cc2S1,0,PubChem1
CC1CN(C(C)CO)C(=O)c2cccc(NS(=O)(=O)c3cn(C)cn3)c2OC1CN(C)Cc1ccc(C(=O)O)cc1,0,PubChem1
Cc1ccc(S(=O)(=O)N2CCN(C(=O)COC(=O)c3cc(C)oc3C)CC2)cc1,0,PubChem1
O=C(CCCc1nc2ccccc2s1)N1CCN(S(=O)(=O)c2cccs2)CC1,0,PubChem1
CCCC(=O)Nc1ccc2c(c1)OCC(C)N(C(=O)c1cccnc1)CC(C)C(OC)CN(C)C2=O,0,PubChem1
COC1CN(C)C(=O)c2ccc(NC(=O)C3CC3)cc2OCC(C)N(C(=O)c2cccnc2)CC1C,0,PubChem1
CCC(=O)N1CCCCN2C(CO)C(c3ccc(C#Cc4ccccc4F)cc3)C2C1,0,PubChem1
CC1CN(C(C)CO)C(=O)c2cc(NC(=O)C3CCCCC3)ccc2OC1CN(C)Cc1ccc(C(F)(F)F)cc1,0,PubChem1
CC1CCCCOC(CN(C)S(=O)(=O)c2ccc(F)cc2)C(C)CN(C(C)CO)C(=O)c2cc(NC(=O)NC3CCCCC3)ccc2O1,0,PubChem1
O=C1COc2ccc(C(=O)c3ccccc3)cc2CN1,0,PubChem1
CC1CN(C(C)CO)C(=O)c2cc(C#CC3CC3)cnc2OC1CN(C)C(=O)Nc1ccccc1,0,PubChem1
COCC#Cc1ccc2c(c1)OC(CN(C)Cc1ccccc1)C(C)CN(C(C)CO)S2(=O)=O,0,PubChem1
CCCSc1nsc(SCCC)c1C(N)=O,0,PubChem1
O=c1cc(-c2ccccc2)c2c([nH]1)CCCC2,0,PubChem1
O=C(CC1CCC2C(COCC(O)CN2Cc2cccc(Cl)c2)O1)NCC1CCCCC1,0,PubChem1
CC1CN(C(C)CO)C(=O)c2cc(C#CC3(O)CCCC3)cnc2OC1CN(C)Cc1ccccc1,0,PubChem1
COc1ccc(NC(=O)N(C)CC2Oc3c(NC(=O)NC4CCCCC4)cccc3C(=O)N(C(C)CO)CC2C)cc1,0,PubChem1
CC1CN(C(C)CO)S(=O)(=O)c2ccc(C#CC(C)(C)O)cc2OC1CN(C)Cc1ccc(-c2ccccc2)cc1,0,PubChem1
COc1ccc(S(=O)(=O)N2CC(O)COCC3OC(CC(=O)NCc4ccc(Cl)c(Cl)c4)CCC32)cc1,0,PubChem1
CC1CCCCOC(CN(C)Cc2ccncc2)C(C)CN(C(C)CO)C(=O)c2cc(NC(=O)CCC(F)(F)F)ccc2O1,0,PubChem1
COc1ccc(NC(=O)N2CCCCN3C(CO)C(c4ccc(-c5ccccc5C)cc4)C3C2)cc1,0,PubChem1
CCCNC(=O)N1C(CO)C(c2ccccc2)C1CNC(=O)c1ccccc1,0,PubChem1
COc1cccc(-c2ccc(C3C(CO)N4CCCCN(C(=O)Cc5ccncc5)CC34)cc2)c1,0,PubChem1
CC1CCCCOC(CN(C)Cc2ccccc2)C(C)CN(C(C)CO)C(=O)c2cc(N(C)C)ccc2O1,0,PubChem1
O=C(C1CCCC1)N1CCCCN2C(CO)C(c3ccc(-c4ccncc4)cc3)C2C1,0,PubChem1
O=C(CC1CCC2C(COCC(O)CN2Cc2cc(F)ccc2F)O1)N1CCc2ccccc2C1,0,PubChem1
CCN1C2Cn3c(ccc(C4=CCCCC4)c3=O)C1C(C(=O)NCCc1ccncc1)C2CO,0,PubChem1
CC1CN(C(C)CO)C(=O)CCCn2cc(nn2)COC1CN(C)C(=O)Nc1ccccc1,0,PubChem1
CC(=O)N1CCCCN2C(CO)C(c3ccc(-c4ccccc4)cc3)C2C1,0,PubChem1
CC1CCCCOC(CN(C)Cc2ccc3c(c2)OCO3)C(C)CN(C(C)CO)C(=O)c2cc(N(C)C)ccc2O1,0,PubChem1
CC1CN(C(C)CO)C(=O)c2cccc(NC(=O)c3ccncc3)c2OC1CN(C)CC1CC1,0,PubChem1
Cc1[nH]n(-c2ccccc2)c(=O)c1S(=O)(=O)c1ccccc1,0,PubChem1
CC1CCCCOC(CN(C)C(=O)NC2CCCCC2)C(C)CN(C(C)CO)C(=O)c2cc(N(C)C)ccc2O1,0,PubChem1
CC1CN(C(C)CO)C(=O)c2cccc(NC(=O)Nc3ccc(C(F)(F)F)cc3)c2OC1CN(C)Cc1ccc(Cl)c(Cl)c1,0,PubChem1
Cc1cc(=O)n(CC=C(Cl)Cl)c2ccccc12,0,PubChem1
CCN(CC1C(c2ccc(-c3ccccc3)cc2)C(CO)N1C(C)=O)C(C)=O,0,PubChem1
Cc1cc(-n2nc(C)cc2C)nc(NS(=O)(=O)c2ccccc2)n1,0,PubChem1
O=C(C1C(CO)C2Cn3c(cccc3=O)C1N2CC1CC1)N1CCc2ccccc2C1,0,PubChem1
O=C(Nc1ccc(F)cc1)N1CCCCN2C(CO)C(c3ccc(-c4ccccc4F)cc3)C2C1,0,PubChem1
N#Cc1c2c(nc(N)c1-c1ccccc1)CCCCC2,0,PubChem1
N#CC1C(c2ccc(-c3cncnc3)cc2)C(CO)N1C(=O)C1CCOCC1,0,PubChem1
Cc1cc(NS(=O)(=O)c2ccc(NC(=O)COc3ccccc3C(C)C)cc2)no1,0,PubChem1
COc1ccccc1NC(=O)NC1CCC(CCn2cc(C3(O)CCCC3)nn2)OC1CO,0,PubChem1
CCC(=O)N1CCCCN2C(CO)C(c3ccc(C=Cc4ccccc4)cc3)C2C1,0,PubChem1
CC1CN(C(C)CO)S(=O)(=O)c2ccc(-c3ccccc3)cc2OC1CN(C)Cc1cccnc1,0,PubChem1
CC(C)CC#Cc1ccc2c(c1)OC(CN(C)Cc1ccccc1F)C(C)CN(C(C)CO)S2(=O)=O,0,PubChem1
COc1ccc(S(=O)(=O)Nc2ccc3c(c2)C(=O)N(C(C)CO)CC(C)C(CN(C)C(=O)NC(C)C)O3)cc1,0,PubChem1
O=C(Cc1ccccc1)N1CCC2C(CO)Nc3ccc(C#Cc4ccccc4)cc3C21,0,PubChem1
CN(C)CC#Cc1ccc(C2C(CO)N3CCCCN(C(=O)Cc4ccccn4)CC23)cc1,0,PubChem1
CC1CN(C(C)CO)C(=O)c2cccc(NC(=O)c3cnccn3)c2OC1CN(C)Cc1ccc(Cl)c(Cl)c1,0,PubChem1
CCCNC(=O)C1C(CO)C2Cn3c(ccc(C4=CCCC4)c3=O)C1N2Cc1ccncc1,0,PubChem1
O=C(NC1CCCC1)N1CCCCN2C(CO)C(c3ccc(-c4ccccc4)cc3)C2C1,0,PubChem1
CC1CN(C(C)CO)C(=O)c2ccccc2-c2ccccc2COC1CN(C)Cc1ccncc1,0,PubChem1
COc1ccccc1-c1nnc2n1N=C(C(C)(C)C)CS2,0,PubChem1
CC1CN(C(C)CO)S(=O)(=O)c2ccc(C#Cc3ccc(F)cc3)cc2OC1CN(C)S(C)(=O)=O,0,PubChem1
COCC(=O)Nc1ccc2c(c1)OCC(C)N(Cc1cc(F)ccc1F)CC(C)C(OC)CN(C)C2=O,0,PubChem1
COc1cccc(CN2CCCCN3C(CO)C(c4ccc(C#Cc5cccnc5)cc4)C3C2)c1,0,PubChem1
O=C(Nc1ccccc1F)N1CCCCN2C(CO)C(c3ccc(-c4cccnc4)cc3)C2C1,0,PubChem1
N#CC1C(c2ccccc2)C(CO)N1C(=O)Cc1ccccc1,0,PubChem1
CC1CN(C(C)CO)C(=O)Cc2cc(NC(=O)CCN3CCOCC3)ccc2OC1CN(C)Cc1ccc(C(F)(F)F)cc1,0,PubChem1
CC1CCCCOC(CN(C)CC2CCCCC2)C(C)CN(C(C)CO)C(=O)c2cc(NS(C)(=O)=O)ccc2O1,0,PubChem1
N#CC1=C(N)n2c(sc(=Cc3ccco3)c2=O)=C(C#N)C1c1ccco1,0,PubChem1
COc1cccc(S(=O)(=O)N2CC(O)COCC3OC(CC(=O)Nc4ccccc4)CCC32)c1,0,PubChem1
Cc1ccc(-c2ccc(C3C(CO)N4CCCCN(C(=O)Nc5cccc(F)c5)CC34)cc2)cc1,0,PubChem1
COc1ccc(S(=O)(=O)N2CCC3C(CO)N(C)c4ccc(C5=CCCCC5)cc4C32)cc1,0,PubChem1
CC=Cc1ccc(C2C(CO)N3CCCCN(C(=O)Nc4ccc(OC)cc4)CC23)cc1,0,PubChem1
O=C(CC1CC2c3cc(NC(=O)c4cccnc4)ccc3OC2C(CO)O1)NCCc1ccccc1,0,PubChem1
CC1CN(C(C)CO)C(=O)c2cccc(NC(=O)c3ccncc3)c2OC1CN(C)Cc1ccc(C(=O)Nc2ccccc2N)cc1,0,PubChem1
N#Cc1cccc(-c2ccc3c(c2)C2C(CCN2S(=O)(=O)c2ccccc2F)C(CO)N3)c1,0,PubChem1
O=C(Nc1ccccc1)N1CCCCN2C(CO)C(c3ccc(-c4ccncc4)cc3)C2C1,0,PubChem1
CC1CCCCOC(CN(C)C(=O)C2CCCCC2)C(C)CN(C(C)CO)C(=O)c2cc(NC(=O)Nc3ccc4c(c3)OCO4)ccc2O1,0,PubChem1
O=C(CC1CCC2C(COCC(O)CN2Cc2ccccc2F)O1)NC1CCN(Cc2ccccc2)C1,0,PubChem1
Cc1ccc(-c2ccc3c(c2)OC(CN(C)C)C(C)CN(C(C)CO)S3(=O)=O)cc1,0,PubChem1
CC1CN(C(C)CO)C(=O)c2c(c3ccccc3n2C)-c2ccccc2COC1CN(C)C(=O)C(Cc1ccccc1)N(C)C,0,PubChem1
O=C(Cc1ccccc1)N1CCC2C(CO)Nc3ccc(-c4ccccc4F)cc3C21,0,PubChem1
CC1CN(C(C)CO)C(=O)CCCn2nncc2COC1CN(C)C(=O)c1ccc2ccn(C)c2c1,0,PubChem1
Cc1noc(C)c1NC(=O)Nc1ccc2c(c1)C(=O)N(C)C1CCC(CC(=O)NC3CCN(Cc4ccccc4)C3)OC1CO2,0,PubChem1
COc1ccc(-c2coc3cc(O)ccc3c2=O)cc1OC,0,PubChem1
CC=Cc1ccc(C2C(CO)N(C(C)=O)C2CNC(=O)CC2CC2)cc1,0,PubChem1
COC(CN(C)C(=O)C1CC1)C(C)CN(C(=O)Nc1ccc(C(F)(F)F)cc1)C(C)CO,0,PubChem1
O=C(C1CCC1)N1CCCCN2C(CO)C(c3ccc(-c4ccncc4)cc3)C2C1,0,PubChem1
CC1CN(C(C)CO)C(=O)CCCn2nncc2COC1CN(C)Cc1ccc(-c2ccccc2)cc1,0,PubChem1
CC(C)Cn1c(=O)c2c(c3ccccc31)OC(C)C(=O)N2,0,PubChem1
COc1ccc(C2CC(c3cc(OC)ccc3OC)n3nnnc3N2)cc1,0,PubChem1
COc1ccccc1C#Cc1ccc(C2C(CO)N3CCCCN(C(=O)C4CCCC4)CC23)cc1,0,PubChem1
OCC1C(c2ccc(C#CC3(O)CCCC3)cc2)C2CN(Cc3cncnc3)CCCCN12,0,PubChem1
O=C(c1cccc(F)c1)N1CCCCN2C(CO)C(c3ccc(-c4cncnc4)cc3)C2C1,0,PubChem1
CC(O)C#Cc1ccc(C2C(CO)N3CCCCN(C(=O)NC(C)C)CC23)cc1,0,PubChem1
CC(C)Oc1ccccc1C1CC(=O)Nc2cc3c(cc21)OCCO3,0,PubChem1
O=C(Cc1ccccn1)NC1CCC(CCNS(=O)(=O)c2cccc(F)c2)OC1CO,0,PubChem1
CC1CN(C(C)CO)C(=O)c2ccccc2-c2ccccc2COC1CN(C)S(=O)(=O)c1cccs1,0,PubChem1
O=C(CC1CC2c3cc(NS(=O)(=O)c4ccc(F)cc4)ccc3OC2C(CO)O1)NCc1ccc(-c2ccccc2)cc1,0,PubChem1
COC(CN(C)S(=O)(=O)c1ccc(Cl)cc1)C(C)CN(C(C)CO)S(=O)(=O)c1cccc(Cl)c1,0,PubChem1
Cc1noc(C)c1S(=O)(=O)N(C)CC1OCCCCC(C)Oc2ccc(NC(=O)Nc3cccc4ccccc34)cc2C(=O)N(C(C)CO)CC1C,0,PubChem1
CCOC(=O)N1CCC(NC(=O)c2cccc3c2C(=O)N(Cc2cccnc2)C3)CC1,0,PubChem1
CC1CN(C(C)CO)S(=O)(=O)c2ccc(-c3ccc(F)cc3)cc2OC1CN(C)C(=O)Nc1ccc(F)cc1,0,PubChem1
COc1ccc(Cn2nnc3c(=O)[nH]c(C4CCCN(C(=O)c5ccccc5)C4)nc32)cc1,0,PubChem1
CC=Cc1ccc(C2C(C#N)N(c3nc(CC)cs3)C2CO)cc1,0,PubChem1
CC1CCCCOC(CN(C)Cc2ccc(C(F)(F)F)cc2)C(C)CN(C(C)CO)C(=O)c2cc(NS(=O)(=O)c3ccc(Cl)cc3)ccc2O1,0,PubChem1
c1ccc(OCc2nnc3sc(-c4ccco4)nn23)cc1,0,PubChem1
COc1ccc(S(=O)(=O)Nc2ccc3c(c2)C(=O)N(C(C)CO)CC(C)C(CN(C)S(=O)(=O)c2cccs2)OCCCCC(C)O3)cc1,0,PubChem1
CC(C)CC#Cc1ccc2c(c1)OC(CN(C)C(=O)Cc1ccccc1)C(C)CN(C(C)CO)S2(=O)=O,0,PubChem1
O=C(Nc1ccc(C(F)(F)F)cc1)NC1CCC(CCNC(=O)c2ccccc2F)OC1CO,0,PubChem1
COc1ccc(NC(=O)N2CCCCN3C(CO)C(c4ccc(C#Cc5ccccc5)cc4)C3C2)cc1,0,PubChem1
O=C(NCc1ccc(F)cc1)C1C(CO)C2Cn3c(cccc3=O)C2N1CCC(F)(F)F,0,PubChem1
CC1CN(C(C)CO)S(=O)(=O)c2ccc(C#CC3CCCC3)cc2OC1CN(C)S(C)(=O)=O,0,PubChem1
CC1CN(C(C)CO)S(=O)(=O)c2ccc(C3=CCCCC3)cc2OC1CN(C)C(=O)c1ccccc1,0,PubChem1
CC1CN(C(C)CO)C(=O)c2cccc(NS(C)(=O)=O)c2OC1CN(C)S(=O)(=O)c1cccs1,0,PubChem1
CCN1C2Cn3c(ccc(C4=CCCC4)c3=O)C1C(C(=O)NCc1ccccn1)C2CO,0,PubChem1
O=C(OCC#CCSc1nnc(-c2ccc(Br)cc2)o1)c1ccco1,0,PubChem1
Nc1nc(SCC(=O)OCc2ccccc2)[nH]c(=O)c1NC(=O)c1ccco1,0,PubChem1
CC1CN(C(C)CO)S(=O)(=O)c2ccc(C#Cc3ccccn3)cc2OC1CN(C)Cc1ccccc1,0,PubChem1
CCOC(=O)CCSc1nc(C)c2ccccc2n1,0,PubChem1
CCCNC(=O)CC1CC2c3cc(NC(=O)CN(C)C)ccc3OC2C(CO)O1,0,PubChem1
COc1ccccc1-c1ccc2n(c1=O)CC1C(CO)C(C(=O)Nc3nccs3)N(CC3CC3)C21,0,PubChem1
CC1CCCCOC(CN(C)C(=O)Nc2ccccc2)C(C)CN(C(C)CO)C(=O)c2cc(NC(=O)Nc3ccccc3)ccc2O1,0,PubChem1
CC=Cc1ccc2c(c1)OC(CN(C)C(=O)Nc1ccc(C(F)(F)F)cc1)C(C)CN(C(C)CO)S2(=O)=O,0,PubChem1
CC1CCCCOC(CN(C)CC2CC2)C(C)CN(C(C)CO)C(=O)c2cc(NC(=O)Nc3ccccc3)ccc2O1,0,PubChem1
O=S(=O)(c1ccccc1F)N1CCC2C(CO)Nc3ccc(-c4ccc(F)cc4)cc3C21,0,PubChem1
CCCNC(=O)N1C(C#N)C(c2ccc(C3=CCCCC3)cc2)C1CO,0,PubChem1
O=C(c1ccccn1)N1CCC2C(CO)Nc3ccc(C#Cc4cccnc4)cc3C21,0,PubChem1
COc1ccc(-c2noc(CCC(N)=O)n2)cc1OC,0,PubChem1
COc1ccc(CN(C)CC2OCCCCC(C)Oc3ccc(NC(=O)c4ccccc4)cc3C(=O)N(C(C)CO)CC2C)cc1,0,PubChem1
COCC#Cc1ccc(C2C(CO)N3CCCCN(C(=O)CN(C)C)CC23)cc1,0,PubChem1
N#CC1C(c2ccc(C3=CCCCC3)cc2)C(CO)N1C(=O)c1ccccn1,0,PubChem1
O=C(c1ccco1)N1CCN(c2nc(C3CC3)nc3sc4c(c23)CCCC4)CC1,0,PubChem1
CC1CN(C(C)CO)C(=O)c2cc(NC(=O)Cc3ccccc3)ccc2OC1CN(C)Cc1ccc(C(=O)Nc2ccccc2N)cc1,0,PubChem1
O=C(CC1CCC2C(COCC(O)CN2Cc2cc(F)ccc2F)O1)NCc1ccc(Cl)cc1,0,PubChem1
COc1ccc(-c2csc3nc(C)n(-n4cccc4)c(=O)c23)cc1OC,0,PubChem1
CC(NC(=O)CC1C=CC(NC(=O)C2CCOCC2)C(CO)O1)c1ccccc1,0,PubChem1
CC(=O)N1C2Cn3c(ccc(C4=CCCCC4)c3=O)C1C(C(=O)NC(C)c1ccccc1)C2CO,0,PubChem1
Cc1ccc(-c2ccc3c(c2)OC(CN(C)C(=O)C2CCC2)C(C)CN(C(C)CO)S3(=O)=O)cc1,0,PubChem1
N#CCCN1CCN(S(=O)(=O)c2ccc(S(=O)(=O)NC3CCCCC3)cc2)CC1,0,PubChem1
CCCn1c(SCC(=O)Nc2sc(C)c(C)c2C(=O)OCC)nc2c1c(=O)n(C)c(=O)n2C,0,PubChem1
COc1ccc(OC)c(C2C=C(c3ccc(C)c(C)c3)Nc3nnnn32)c1,0,PubChem1
CCCCn1c2nc3ccccc3nc2c2c(=O)n(C(C)CC)cnc21,0,PubChem1
CC1CN(C(C)CO)S(=O)(=O)c2ccc(Br)cc2OC1CN(C)Cc1ccccn1,0,PubChem1
COc1ccc(-c2noc(COc3ccc4ccccc4c3Br)n2)cc1OC,0,PubChem1
COc1cccc(NC(=O)N2CC(O)COCC3OC(CC(=O)NC4Cc5ccccc5C4)CCC32)c1,0,PubChem1
CC(C)C(=O)Nc1ccc2c(c1)C(=O)N(C)C1CCC(CC(=O)NCc3ccc(F)cc3)OC1CO2,0,PubChem1
CN1c2ccc(Br)cc2C2C(CCN2C(=O)C2CC2)C1CO,0,PubChem1
CCn1ncc(C2=NOC(C(=O)Nc3ccc4c(c3)OCO4)C2)c1C,0,PubChem1
Cc1cc2cc(CN(CCN3CCOCC3)C(=O)Nc3ccccc3F)c(=O)[nH]c2cc1C,0,PubChem1
CCCNC(=O)N1CC(C)C(OC)CN(C)C(=O)c2cc(NC(=O)CC)ccc2OCC1C,0,PubChem1
CC(=O)N1CCCCN2C(CO)C(c3ccc(-c4ccc(C)cc4)cc3)C2C1,0,PubChem1
COc1ncnc2c1N=C1CC(C)(C)CC(N)=C1S2,0,PubChem1
CC1CN(C(C)CO)C(=O)CCCn2cc(nn2)COC1CN(C)Cc1cccc(O)c1,0,PubChem1
COCC#Cc1ccc2c(c1)OC(CN(C)Cc1ccncc1)C(C)CN(C(C)CO)S2(=O)=O,0,PubChem1
CSc1nc2c(c(=O)n1-c1ccccc1)SCC2,0,PubChem1
CC(O)C#Cc1ccc(C2C(CO)N3CCCCN(C(=O)c4ccncc4)CC23)cc1,0,PubChem1
CC1CN(C(C)CO)C(=O)c2cc(C#CCc3ccccc3)cnc2OC1CN(C)C(=O)C1CCCCC1,0,PubChem1
O=C(NCC1CCCCC1)C1C(CO)C2Cn3c(cccc3=O)C2N1C(=O)CC1CC1,0,PubChem1
COC1CN(C)C(=O)c2cc(NC(=O)c3ccccc3F)ccc2OCC(C)N(C(=O)c2ccccc2F)CC1C,0,PubChem1
CN1CCN(CC(O)COCc2ccc3c(c2)OCO3)CC1,0,PubChem1
COc1cccc(-c2ccc3c(c2)OC(CN(C)C(=O)C2CC2)C(C)CN(C(C)CO)S3(=O)=O)c1,0,PubChem1
CC1CCCCOC(CN(C)Cc2ccncc2)C(C)CN(C(C)CO)C(=O)c2cc(NS(C)(=O)=O)ccc2O1,0,PubChem1
CC1CN(C(C)CO)C(=O)CCCn2cc(nn2)COC1CN(C)Cc1ccccc1,0,PubChem1
COC(=O)c1c(-c2ccc(F)cc2)csc1NC(=O)c1ccco1,0,PubChem1
CC1CN(C(C)CO)C(=O)Cc2cc(NC(=O)CCN3CCOCC3)ccc2OC1CN(C)C(=O)Nc1ccc(F)cc1,0,PubChem1
CC1CCCCOC(CN(C)CC2CCCCC2)C(C)CN(C(C)CO)C(=O)c2cc(NS(=O)(=O)c3ccc(Cl)cc3)ccc2O1,0,PubChem1
Cc1noc(C)c1S(=O)(=O)Nc1ccc2c(c1)C(=O)N(C(C)CO)CC(C)C(CN(C)Cc1ccc(C(F)(F)F)cc1)OCCCCC(C)O2,0,PubChem1
COc1ccc(N2C(=O)C3CCCN3C2c2ccccc2)cc1Cl,0,PubChem1
CC1CCCCOC(CN(C)C(=O)Nc2ccc(F)cc2)C(C)CN(C(C)CO)C(=O)c2cc(NC(=O)Nc3ccc(C(F)(F)F)cc3)ccc2O1,0,PubChem1
Cc1ccc(S(=O)(=O)N2CC(O)COCC3OC(CC(=O)NC4CCN(Cc5ccccc5)C4)CCC32)cc1,0,PubChem1
O=C(NCCN1CCCC1)C1C(CO)C2Cn3c(cccc3=O)C1N2C(=O)c1ccccc1,0,PubChem1
CC1CN(C(C)CO)S(=O)(=O)c2ccc(-c3ccncc3)cc2OC1CN(C)C(=O)CC1CC1,0,PubChem1
Cc1ccc(S(=O)(=O)Nc2ccc3c(c2)C(=O)N(C(C)CO)CC(C)C(CN(C)CC2CC2)OCCCCC(C)O3)cc1,0,PubChem1
N#Cc1ccc(-c2ccc(C3C(CO)N4CCCCN(S(=O)(=O)c5ccccc5)CC34)cc2)cc1,0,PubChem1
O=C(c1cccn2c(=O)c3cc(Cl)ccc3nc12)N1CCN(Cc2ccc3c(c2)OCO3)CC1,0,PubChem1
CC1CN(C(C)CO)S(=O)(=O)c2ccc(-c3cccc(F)c3)cc2OC1CN(C)S(=O)(=O)c1ccccc1,0,PubChem1
COc1ccc(S(=O)(=O)N(C)CC2Oc3c(NC(=O)Nc4cccc5ccccc45)cccc3C(=O)N(C(C)CO)CC2C)cc1,0,PubChem1
COc1ccc(OC(=O)N(C)CC2OCc3cn(nn3)CCCC(=O)N(C(C)CO)CC2C)cc1,0,PubChem1
CCC(=O)NC(=Nc1nc2ccccc2s1)NC(=O)CC,0,PubChem1
CC1CN(C(C)CO)S(=O)(=O)c2ccc(C#Cc3ccccn3)cc2OC1CN(C)Cc1cccc(F)c1,0,PubChem1
CC1CN(C(C)CO)S(=O)(=O)c2ccc(Br)cc2OC1CN(C)C(=O)C1CCCCC1,0,PubChem1
Cc1ccc(-c2cnc3c(c2)C(=O)N(C(C)CO)CC(C)C(CN(C)Cc2ccccc2F)O3)cc1,0,PubChem1
O=C(CC1CCC2C(COCC(O)CN2C(=O)c2ccncc2)O1)NCc1ccc(-c2ccccc2)cc1,0,PubChem1
COc1ccc2[nH]c(=O)c(CN(Cc3cccs3)Cc3nnnn3C(C)(C)C)cc2c1,0,PubChem1
COc1ccc(S(=O)(=O)Nc2cccc3c2OC(CN(C)Cc2ccc(C(=O)Nc4ccccc4N)cc2)C(C)CN(C(C)CO)C3=O)cc1,0,PubChem1
COc1cccc(S(=O)(=O)N(C)CC2OCc3cn(nn3)CCCC(=O)N(C(C)CO)CC2C)c1,0,PubChem1
Cc1csc2c(C#N)c(=O)c3c(n12)CCC3,0,PubChem1
CCCC#Cc1ccc(C2C(CO)N3CCCCN(S(=O)(=O)c4ccccc4C)CC23)cc1,0,PubChem1
COc1cccc(CNC(=O)C2C(CO)C3Cn4c(cccc4=O)C2N3C(=O)C2CCCCC2)c1,0,PubChem1
COc1ccc(C#Cc2ccc(C3C(CO)N4CCCCN(C(=O)Cc5ccncc5)CC34)cc2)cc1,0,PubChem1
COc1ccc(S(=O)(=O)Nc2ccc3c(c2)C(=O)N(C(C)CO)CC(C)C(CN(C)CC2CCCCC2)OCCCCC(C)O3)cc1,0,PubChem1
CCOC(=O)N1CCC(N2Cc3cccc(C(=O)NC(C)c4ccc5c(c4)OCCO5)c3C2=O)CC1,0,PubChem1
CCn1c(=O)c(C(=O)NCc2cccnc2)c(O)c2ccccc21,0,PubChem1
O=S(=O)(NC1CCC(CCn2cc(-c3cccc(F)c3)nn2)OC1CO)c1ccc(Cl)cc1,0,PubChem1
CC(C)NC(=O)N(C)CC1OCCCCC(C)Oc2ccc(NC(=O)C3CCCCC3)cc2C(=O)N(C(C)CO)CC1C,0,PubChem1
CCOC(=O)c1ccc(Oc2cc(C)nc(SC)n2)cc1,0,PubChem1
CC1CCCCOC(CN(C)Cc2ccccc2)C(C)CN(C(C)CO)C(=O)c2cc(NC(=O)Nc3cccc4ccccc34)ccc2O1,0,PubChem1
CC(C)(O)C#Cc1ccc(C2C(CO)N3CCCCN(C(=O)c4ccc(F)cc4)CC23)cc1,0,PubChem1
CCOC(=O)c1c(C)c(C(=O)NCc2ccccc2OC)c(C)n1C,0,PubChem1
Cc1noc(C)c1S(=O)(=O)Nc1ccc2c(c1)C(=O)N(C(C)CO)CC(C)C(CN(C)Cc1ccc(Cl)c(Cl)c1)OCCCCC(C)O2,0,PubChem1
O=c1nc2scc(-c3ccccc3)n2c2ccccc12,0,PubChem1
Clc1ccc(-n2nnnc2-c2ccccc2)cc1,0,PubChem1
O=C(Nc1ccccc1)N1CCCCN2C(CO)C(c3ccc(C#CC4CC4)cc3)C2C1,0,PubChem1
O=S(=O)(c1ccccc1)N1CCC2C(CO)Nc3ccc(-c4ccccc4F)cc3C21,0,PubChem1
COc1ccc(S(=O)(=O)N(C)CC2OCCCCC(C)Oc3ccc(NC(=O)C4CCCCC4)cc3C(=O)N(C(C)CO)CC2C)cc1,0,PubChem1
CC1CN(C(C)CO)C(=O)c2cc(NC(=O)Nc3ccc(C(F)(F)F)cc3)ccc2OC1CN(C)Cc1ccc(-c2ccccc2)cc1,0,PubChem1
CC1CN(C(C)CO)S(=O)(=O)c2ccc(C3=CCCC3)cc2OC1CN(C)Cc1cccnc1,0,PubChem1
CC1CN(C(C)CO)S(=O)(=O)c2ccc(-c3ccccc3F)cc2OC1CN(C)C,0,PubChem1
CC1CN(C(C)CO)C(=O)c2cc(NC(=O)Nc3cccc4ccccc34)ccc2OC1CN(C)Cc1ccc(Cl)c(Cl)c1,0,PubChem1
CCCn1c2c(c(O)c(C(=O)NC)c1=O)CCCC2,0,PubChem1
COc1ccc(CN(C)CC2Oc3c(NC(=O)c4nc5ccccc5s4)cccc3C(=O)N(C(C)CO)CC2C)cc1,0,PubChem1
COCC(=O)NCC1C(c2ccc(C3=CCCC3)cc2)C(CO)N1C(C)=O,0,PubChem1
O=C(CCSc1nc2ccccc2o1)N1CCOCC1,0,PubChem1
CN1C(=O)c2cc(NC(=O)c3cccc(F)c3)ccc2OCC2OC(CC(=O)NCC3CCCCC3)CCC21,0,PubChem1
CCCC#Cc1ccc2c(c1)OC(CN(C)C(=O)C1CCCCC1)C(C)CN(C(C)CO)S2(=O)=O,0,PubChem1
CN(C)C(=O)C1C(CO)C2Cn3c(ccc(-c4ccccc4)c3=O)C1N2CC1CCCC1,0,PubChem1
CNCC1OCCCCC(C)Oc2ccc(NC(=O)Nc3ccc4c(c3)OCO4)cc2C(=O)N(C(C)CO)CC1C,0,PubChem1
CCOC(=O)C1CCCN(C(=O)c2cc(Cl)ccc2Cl)C1,0,PubChem1
CCCNC(=O)C1C(CO)C2Cn3c(ccc(-c4ccccc4)c3=O)C1N2C(=O)CC1CC1,0,PubChem1
COc1ccccc1CNC(=O)CC1CCC2C(COCC(O)CN2Cc2ccc3c(c2)OCO3)O1,0,PubChem1
CCCC#Cc1ccc2c(c1)OC(CN(C)Cc1ccncc1)C(C)CN(C(C)CO)S2(=O)=O,0,PubChem1
CN1C(=O)c2cc(NC(=O)C3CC3)ccc2OCC2OC(CC(=O)NCCN3CCCC3)CCC21,0,PubChem1
COc1ccc(S(=O)(=O)Nc2cccc3c2OC(CN(C)Cc2ccc(C(=O)O)cc2)C(C)CN(C(C)CO)C3=O)cc1,0,PubChem1
CSC1=NCCN1C(=O)c1ccc(Br)o1,0,PubChem1
CCCCSc1nc2c(c(=O)n1CC)SC(C)C2,0,PubChem1
O=C1N(CN2CCN(c3cccc(Cl)c3)CC2)c2ccccc2C12OCCCO2,0,PubChem1
CC(C)NC(=O)N(C)CC1Oc2c(NC(=O)C3CC3)cccc2C(=O)N(C(C)CO)CC1C,0,PubChem1
CSC1=NCCN1C(=O)Cc1cccs1,0,PubChem1
CC1CN(C(C)CO)C(=O)c2cc(C=Cc3ccccc3)cnc2OC1CN(C)C(=O)Nc1ccccc1F,0,PubChem1
CCCNC(=O)C1C2NC(Cn3c2ccc(C2=CCCC2)c3=O)C1CO,0,PubChem1
CC(C)n1c(C(O)c2ccccc2)nc2ccccc21,0,PubChem1
CCC(C)Sc1nc2c(c(=O)n1C)SC(C)C2,0,PubChem1
CC(=O)N1C2Cn3c(ccc(C4=CCCC4)c3=O)C1C(C(=O)NC(C)c1ccccc1)C2CO,0,PubChem1
N#CC1C(c2ccc(C#Cc3ccc(F)cc3)cc2)C(CO)N1C(=O)Cc1ccncc1,0,PubChem1
CC1CN(C(C)CO)S(=O)(=O)c2ccc(-c3ccncc3)cc2OC1CN(C)Cc1ccccc1,0,PubChem1
COC(=O)CC1CCC2C(COc3ccc(NS(=O)(=O)c4cccc(F)c4)cc3C(=O)N2C)O1,0,PubChem1
CC(=O)Nc1nc2n(n1)C(c1ccccc1)C=C(c1ccccc1)N2,0,PubChem1
CCC(=O)NCC1C(c2ccc(-c3cccc(F)c3)cc2)C(CO)N1C(=O)CC,0,PubChem1
CCOC(=O)c1c(-c2ccncc2)csc1N,0,PubChem1
Cc1cc(C(=O)Nc2cccc3c2OC(CN(C)Cc2ccc(C(=O)Nc4ccccc4N)cc2)C(C)CN(C(C)CO)C3=O)n(C)n1,0,PubChem1
CN1C(C(=O)NC2Cc3ccccc3C2)C(CO)C2Cn3c(ccc(-c4cncnc4)c3=O)C21,0,PubChem1
COCCNC(=O)C1C(CO)C2Cn3c(ccc(-c4ccc(OC)cc4)c3=O)C1N2C(=O)NC(C)C,0,PubChem1
N#CC1C(c2ccc(C#Cc3ccccc3F)cc2)C(CO)N1C(=O)C1CCC1,0,PubChem1
COc1ccccc1-c1ccc(C2C(CO)N3CCCCN(C(=O)CN4CCOCC4)CC23)cc1,0,PubChem1
CN1c2ccc(-c3ccccc3)cc2C2C(CCN2C(=O)Cc2ccccn2)C1CO,0,PubChem1
CC1CN(C(C)CO)C(=O)CCCn2cc(nn2)COC1CN(C)C(=O)Nc1cccc(C(F)(F)F)c1,0,PubChem1
CC1CN(C(C)CO)C(=O)c2cc(NC(=O)Cc3cn(C)c4ccccc34)ccc2OC1CN(C)Cc1ccncc1,0,PubChem1
CCn1c(SCC(=O)Nc2ccccc2N2CCCCC2)nc2c1c(=O)n(C)c(=O)n2C,0,PubChem1
COCCNC(=O)CC1CCC2C(COCC(O)CN2Cc2cccc(-c3ccncc3)c2)O1,0,PubChem1
CC1CN(C(C)CO)S(=O)(=O)c2ccc(C3=CCCC3)cc2OC1CN(C)C(=O)C1CCOCC1,0,PubChem1
COc1ccc(-c2ccc3c(c2)OC(CN(C)C(=O)c2ccccc2F)C(C)CN(C(C)CO)S3(=O)=O)cc1,0,PubChem1
c1ccc2c(c1)nc(NCC1CCCO1)c1nnnn12,0,PubChem1
Cc1cc(=O)c2n(Cc3ccc(Cl)cc3)nc[n+]2[nH]1,0,PubChem1
CC(C)CC#Cc1ccc(C2C(CO)N3CCCCN(C(=O)Nc4ccccc4)CC23)cc1,0,PubChem1
O=C(CC1CC2c3cc(NC(=O)c4ccc5c(c4)OCO5)ccc3OC2C(CO)O1)NCc1cc(F)ccc1F,0,PubChem1
CC1CCCCOC(CN(C)Cc2ccccc2)C(C)CN(C(C)CO)C(=O)c2cc(NS(C)(=O)=O)ccc2O1,0,PubChem1
CCOC(=O)c1c(C)oc2c1c(C=NCc1ccccn1)c(O)c1ccccc12,0,PubChem1
Cc1ccccc1-c1ccc2c(c1)OC(CN(C)C(=O)Nc1ccc(C(F)(F)F)cc1)C(C)CN(C(C)CO)S2(=O)=O,0,PubChem1
Cc1cccc(S(=O)(=O)N2CCCCN3C(CO)C(c4ccc(C#CC(C)O)cc4)C3C2)c1,0,PubChem1
OCC1C(c2ccc(-c3ccccc3F)cc2)C2CN(Cc3cncnc3)CCCCN12,0,PubChem1
O=C(NCCC1CCC(NS(=O)(=O)c2ccccc2F)C(CO)O1)c1ccc(F)cc1,0,PubChem1
O=C(C1C(CO)C2Cn3c(ccc(-c4ccccc4)c3=O)C1N2Cc1cccnc1)N1CCOCC1,0,PubChem1
COC(=O)N(C)CC1OCc2cn(nn2)CCCC(=O)N(C(C)CO)CC1C,0,PubChem1
Cc1ccccc1-c1ccc(C2C(CO)N3CCCCN(C(=O)CN4CCOCC4)CC23)cc1,0,PubChem1
Cc1ccc(S(=O)(=O)N(C)CC2OCCCCC(C)Oc3ccc(N(C)C)cc3C(=O)N(C(C)CO)CC2C)cc1,0,PubChem1
CC1CCCCOC(CN(C)C(=O)Nc2cccc3ccccc23)C(C)CN(C(C)CO)C(=O)c2cc(NS(=O)(=O)c3cccs3)ccc2O1,0,PubChem1
O=C(O)C1C(CO)C2Cn3c(ccc(C=Cc4ccccc4)c3=O)C2N1Cc1ccc2c(c1)OCO2,0,PubChem1
CC(C)CC#Cc1ccc(C2C(CO)N3CCCCN(C(=O)NC4CCCC4)CC23)cc1,0,PubChem1
CCOC(=O)c1c(-c2ccsc2)csc1N,0,PubChem1
Cc1ccc(-c2cc(-c3ccc(C)o3)nc(N)c2C#N)cc1,0,PubChem1
COc1cccc(C#Cc2ccc(C3C(C#N)N(C(=O)C4CC4)C3CO)cc2)c1,0,PubChem1
Cc1noc(C)c1C(=O)N(C)CC1OCc2ccccc2-c2ccccc2C(=O)N(C(C)CO)CC1C,0,PubChem1
CC(=O)N(C)CC1C(c2ccc(-c3ccccc3)cc2)C(CO)N1C(=O)C1CC1,0,PubChem1
COC(=O)C1C(CO)C2Cn3c(ccc(-c4ccccc4)c3=O)C2N1Cc1cccc(F)c1,0,PubChem1
COc1ccccc1CNC(=O)CC1CCC2C(COCC(O)CN2Cc2cccc(-c3ccncc3)c2)O1,0,PubChem1
Cc1ccccc1S(=O)(=O)N1CC(O)COCC2OC(CC(=O)N3CCN(C)CC3)CCC21,0,PubChem1
N#CC1C(c2ccc(C3=CCCCC3)cc2)C(CO)N1C(=O)c1cccc(F)c1,0,PubChem1
Cc1ccccc1S(=O)(=O)N(C)CC1OCc2cnnn2CCCC(=O)N(C(C)CO)CC1C,0,PubChem1
COCC(=O)N(C)CC1C(c2ccc(-c3cccnc3)cc2)C(CO)N1C(C)=O,0,PubChem1
CC(NC(=O)C1NC2c3ccc(C4=CCCC4)c(=O)n3CC2C1CO)c1ccccc1,0,PubChem1
COC1CN(C)C(=O)c2ccc(NC(=O)C3CC3)cc2OCC(C)N(C(=O)c2ccccn2)CC1C,0,PubChem1
Cc1ccccc1S(=O)(=O)N1CCCCN2C(CO)C(c3ccc(-c4cncnc4)cc3)C2C1,0,PubChem1
COc1ccccc1S(=O)(=O)N(C)CC1Oc2cc(C#CCC(C)C)ccc2S(=O)(=O)N(C(C)CO)CC1C,0,PubChem1
COc1ccc(-c2cnc3c(c2)C(=O)N(C(C)CO)CC(C)C(CN(C)C(=O)Cc2ccncc2)O3)cc1,0,PubChem1
O=C(CC1CCC2C(COCC(O)CN2C(=O)c2ccncc2)O1)NC1CCC1,0,PubChem1
CN(C)CC(=O)Nc1ccc2c(c1)C1CC(CC(=O)N3CCc4ccccc4C3)OC(CO)C1O2,0,PubChem1
CCCNC(=O)N(C)CC1Oc2cc(C#Cc3cccc(F)c3)ccc2S(=O)(=O)N(C(C)CO)CC1C,0,PubChem1
CCC(=O)NCC1C(c2ccc(C3=CCCC3)cc2)C(CO)N1C(C)=O,0,PubChem1
CC1CN(C(C)CO)C(=O)c2cc(N(C)C)ccc2OC1CN(C)Cc1ccc(C(=O)Nc2ccccc2N)cc1,0,PubChem1
N#Cc1cccc(-c2ccc(C3C(CO)N4CCCCN(C(=O)Nc5cccc(F)c5)CC34)cc2)c1,0,PubChem1
CCc1ccc2[nH]c(=O)c(CN(Cc3nnnn3C3CCCC3)C3CCCCC3)cc2c1,0,PubChem1
COc1ccc(NC(=O)Nc2ccc3c(c2)C(=O)N(C(C)CO)CC(C)C(CN(C)C)OCCCCC(C)O3)cc1,0,PubChem1
COCCNC(=O)CC1CCC2C(COc3ccc(NC(C)=O)cc3C(=O)N2C)O1,0,PubChem1
CC1CN(C(C)CO)S(=O)(=O)c2ccc(C3=CCCC3)cc2OC1CN(C)CC1CCCC1,0,PubChem1
O=C(Cc1ccncc1)N1CCCCN2C(CO)C(c3ccc(-c4ccncc4)cc3)C2C1,0,PubChem1
CN(C)CC(=O)N1C(C#N)C(c2ccc(C#CC3CCCC3)cc2)C1CO,0,PubChem1
COc1ccc(CCN(C)C(=O)C2CCCN(Cc3ccc(OC)c(OC)c3)C2)cc1OC,0,PubChem1
O=S(=O)(c1ccccc1F)N1CCCCN2C(CO)C(c3ccc(-c4cccnc4)cc3)C2C1,0,PubChem1
Cc1ccc(-n2cnnn2)c2cccnc12,0,PubChem1
COc1cccc(-c2nn3c(-c4cc(C)[nH]n4)nnc3s2)c1,0,PubChem1
CCOC(=O)c1c(-c2cccs2)csc1NC(=O)CSc1ncn[nH]1,0,PubChem1
CCOC(=O)C(O)(CCC(O)(C(=O)OCC)C(=O)OCC)C(=O)OCC,0,PubChem1
CCOc1cc(C2CC(=O)NC(SCC)=C2C#N)ccc1O,0,PubChem1
CCC(Sc1nc(=O)cc(N)n1CCc1ccccc1)C(=O)Nc1ccccc1C#N,0,PubChem1
CC1CCCCOC(CN(C)Cc2ccc3c(c2)OCO3)C(C)CN(C(C)CO)C(=O)c2cc(NC(=O)c3ccncc3)ccc2O1,0,PubChem1
O=C(C1C(CO)C2Cn3c(ccc(-c4cccc(F)c4)c3=O)C2N1Cc1cocn1)N1CCCCC1,0,PubChem1
COc1ccc(Cc2nnc(NC(=O)c3c(-c4ccccc4)noc3C)s2)cc1,0,PubChem1
Cc1ccc(Cn2c(-n3nc(C)cc3C)nc3c2c(=O)[nH]c(=O)n3C)cc1,0,PubChem1
Cc1ccc(S(=O)(=O)Nc2ccc3c(c2)C(=O)N(C(C)CO)CC(C)C(CN(C)Cc2ccccc2)OCCCCC(C)O3)cc1,0,PubChem1
Cc1ccc(S(=O)(=O)N(C)CC2Oc3ncc(C#Cc4ccc(C(F)(F)F)cc4)cc3C(=O)N(C(C)CO)CC2C)cc1,0,PubChem1
CC1CCCCOC(CN(C)Cc2ccc3c(c2)OCO3)C(C)CN(C(C)CO)C(=O)c2cc(NC(=O)Nc3ccccc3)ccc2O1,0,PubChem1
O=C(CSc1nc2ccccc2s1)NC(=O)NCc1ccco1,0,PubChem1
CC1CN(C(C)CO)C(=O)c2cccc(NS(=O)(=O)c3ccc(Cl)cc3)c2OC1CN(C)Cc1ccc(C(=O)Nc2ccccc2N)cc1,0,PubChem1
Cc1ccc(S(=O)(=O)N(C)CC2Oc3c(cccc3N(C)C)C(=O)N(C(C)CO)CC2C)cc1,0,PubChem1
CC1CN(C(C)CO)S(=O)(=O)c2ccc(C3=CCCCC3)cc2OC1CN(C)S(=O)(=O)c1ccc(F)cc1,0,PubChem1
COc1cccc(S(=O)(=O)N(C)CC2Oc3ncc(C#CC(C)C)cc3C(=O)N(C(C)CO)CC2C)c1,0,PubChem1
O=C(CC1CC1)Nc1ccc2c(c1)C1CC(CC(=O)N3CCCCC3)OC(CO)C1O2,0,PubChem1
CCC(=O)NCC1C(c2ccc(-c3ccccc3)cc2)C(CO)N1C(=O)C1CC1,0,PubChem1
CN1C(=O)c2cc(NS(=O)(=O)c3ccc(F)cc3)ccc2OCC2OC(CC(=O)O)CCC21,0,PubChem1
Cn1c(=O)c2c(nc(SCCCC#N)n2Cc2ccccc2F)n(C)c1=O,0,PubChem1
COC1CN(C)C(=O)c2cc(NC(=O)C3CCCCC3)ccc2OCC(C)NCC1C,0,PubChem1
CN(C)C(=O)C1C(CO)C2Cn3c(ccc(C4=CCCCC4)c3=O)C2N1Cc1ccccn1,0,PubChem1
CC(=O)NCC1C(c2ccc(-c3ccccc3)cc2)C(CO)N1C(=O)C1CC1,0,PubChem1
COc1ccc(CNC(=O)CC2CC3c4cc(NC(=O)C5CCC5)ccc4OC3C(CO)O2)cc1,0,PubChem1
CC1CN(C(C)CO)C(=O)Cc2cc(NC(=O)Nc3ccccc3)ccc2OC1CN(C)Cc1ccncc1,0,PubChem1
CC1CCCCOC(CN(C)C(=O)C2CCCCC2)C(C)CN(C(C)CO)C(=O)c2cc(NS(C)(=O)=O)ccc2O1,0,PubChem1
CC=Cc1ccc2n(c1=O)CC1C(CO)C(C(=O)NCc3ccccn3)C2N1C,0,PubChem1
COC(=O)C1C(CO)C2Cn3c(ccc(C=Cc4ccccc4)c3=O)C2N1C(=O)c1cnccn1,0,PubChem1
CCC(=O)N1CCCCN2C(CO)C(c3ccc(-c4cccc(C(=O)N(C)C)c4)cc3)C2C1,0,PubChem1
CC1CN(C(C)CO)S(=O)(=O)c2ccc(C#Cc3ccncc3)cc2OC1CN(C)S(=O)(=O)c1ccc(F)cc1,0,PubChem1
O=C(NCCCN1CCOCC1)C1NC2c3ccc(C4=CCCCC4)c(=O)n3CC2C1CO,0,PubChem1
COC(=O)C(=C1Oc2cc3c(cc2S1)OCO3)C(F)(F)F,0,PubChem1
COc1ccc(OC)c(C(=O)COC(=O)C2CC3CCCC(C2)C3=O)c1,0,PubChem1
CC=Cc1ccc2n(c1=O)CC1C(CO)C(C(=O)NCCC)C2N1C(=O)c1ccccc1F,0,PubChem1
O=S(=O)(c1ccccc1)c1nc(-c2ccco2)oc1N1CCCCCC1,0,PubChem1
O=C(CC1CCC2C(COCC(O)CN2C(=O)Nc2cccc(Cl)c2)O1)N1CCCCC1,0,PubChem1
O=C(CC1CCC(NC(=O)Nc2ccccc2)C(CO)O1)NCc1ccccn1,0,PubChem1
c1ccc(COc2nsnc2N2CCOCC2)cc1,0,PubChem1
COc1cccc(S(=O)(=O)N2CCCCN3C(CO)C(c4ccc(C#CC5CC5)cc4)C3C2)c1,0,PubChem1
CC1CN(C(C)CO)S(=O)(=O)c2ccc(C3=CCCCC3)cc2OC1CN(C)Cc1ccccc1,0,PubChem1
CC1CN(C(C)CO)S(=O)(=O)c2ccc(C#Cc3cccnc3)cc2OC1CN(C)C(=O)Nc1ccc2c(c1)OCO2,0,PubChem1
Cc1c(C)c2ccc(OC3CCCCC3=O)cc2oc1=O,0,PubChem1
Cc1ccc(CCNS(=O)(=O)c2cnc[nH]2)cc1,0,PubChem1
Cc1cc(C(=O)Nc2cccc3c2OC(CN(C)C)C(C)CN(C(C)CO)C3=O)n(C)n1,0,PubChem1
COC(CN(C)S(=O)(=O)c1ccc(F)cc1)C(C)CN(C(C)CO)S(=O)(=O)c1cccc(Cl)c1,0,PubChem1
COc1cccc(S(=O)(=O)NC2CCC(CCn3cc(-c4ccccn4)nn3)OC2CO)c1,0,PubChem1
Cc1ccc(S(=O)(=O)N(C)CC2Oc3c(NC(=O)Nc4cccc5ccccc45)cccc3C(=O)N(C(C)CO)CC2C)cc1,0,PubChem1
CC=Cc1ccc2n(c1=O)CC1C(CO)C(C(=O)NCc3ccccc3)C2N1C,0,PubChem1
CC=Cc1ccc2n(c1=O)CC1C(CO)C(C(=O)N3CCc4ccccc4C3)N(C(=O)C3CC3)C21,0,PubChem1
CC1CN(C(C)CO)S(=O)(=O)c2ccc(C3=CCCC3)cc2OC1CN(C)C(=O)C1CCCCC1,0,PubChem1
CC1CN(C(C)CO)S(=O)(=O)c2ccc(-c3ccncc3)cc2OC1CN(C)Cc1cncnc1,0,PubChem1
O=C(NCc1ccc(F)cc1)C1C2NC(Cn3c2cccc3=O)C1CO,0,PubChem1
CNCC1OCc2cnnn2CCCC(=O)N(C(C)CO)CC1C,0,PubChem1
NC(=O)c1cc(-c2ccccc2)nc(N2CCCCCC2)n1,0,PubChem1
CCC(=O)N(C)CC1Oc2cc(C#Cc3ccncc3)ccc2S(=O)(=O)N(C(C)CO)CC1C,0,PubChem1
COC(=O)c1cc(=O)n(Cc2ccco2)c(=Nc2ccc(F)c(Cl)c2)s1,0,PubChem1
Cc1cc(SCC(=O)N2CCC(c3noc4ccc(F)cc34)CC2)nc2ccccc12,0,PubChem1
CC1CCCCOC(CN(C)C(=O)Nc2ccc(F)cc2)C(C)CN(C(C)CO)C(=O)c2cc(NC(=O)c3ccccc3)ccc2O1,0,PubChem1
CCCNC(=O)N1C(C#N)C(c2ccc(-c3cccc(OC)c3)cc2)C1CO,0,PubChem1
CC1CN(C(C)CO)C(=O)c2cc(C3=CCCCC3)cnc2OC1CN(C)Cc1ccccc1C(=O)O,0,PubChem1
COc1ccc(CN(C)CC2Oc3ccc(NS(=O)(=O)c4c(C)noc4C)cc3CC(=O)N(C(C)CO)CC2C)cc1,0,PubChem1
CN1C(C(=O)Nc2ccccc2)C(CO)C2Cn3c(ccc(-c4ccc(F)cc4)c3=O)C21,0,PubChem1
CC(C)CC#Cc1ccc2c(c1)OC(CN(C)Cc1cccnc1)C(C)CN(C(C)CO)S2(=O)=O,0,PubChem1
COc1ccc(CN(C)CC2Oc3ccc(NS(=O)(=O)c4ccc(C)cc4)cc3CC(=O)N(C(C)CO)CC2C)cc1,0,PubChem1
CCOC(=O)c1c(NC(=O)c2cccs2)sc(C)c1CC,0,PubChem1
O=C(Nc1nccs1)C1C(CO)C2Cn3c(cccc3=O)C2N1C(=O)C1CCC1,0,PubChem1
COc1ccc(NC(=O)Nc2ccc3c(c2)C(=O)N(C(C)CO)CC(C)C(CN(C)Cc2ccc(Cl)c(Cl)c2)OCCCCC(C)O3)cc1,0,PubChem1
Cc1nnc(SCCn2c(N3CCCC(C)C3)nc3c2c(=O)[nH]c(=O)n3C)s1,0,PubChem1
COc1ccc(C2CC(=O)Nc3ccccc3S2(=O)=O)cc1OC,0,PubChem1
COC1CN(C)C(=O)c2cc(NC(=O)C3CCOCC3)ccc2OCC(C)N(CC2CC2)CC1C,0,PubChem1
CC1CCCCOC(CN(C)CC2CC2)C(C)CN(C(C)CO)C(=O)c2cc(NC(=O)Nc3ccc(F)cc3)ccc2O1,0,PubChem1
Nc1nc2n(n1)C(c1ccco1)CC(c1ccc(F)cc1)N2,0,PubChem1
CCc1nn(CCCC(=O)N2CCc3ccccc3C2)c(=O)c2cc3occc3n12,0,PubChem1
CNCC1OCCCCC(C)Oc2ccc(NS(C)(=O)=O)cc2C(=O)N(C(C)CO)CC1C,0,PubChem1
CC=Cc1ccc2c(c1)OC(CN(C)C(=O)Nc1cccc(F)c1)C(C)CN(C(C)CO)S2(=O)=O,0,PubChem1
CC(C)NC(=O)N(C)CC1Oc2cc(-c3ccncc3)ccc2S(=O)(=O)N(C(C)CO)CC1C,0,PubChem1
O=C(Nc1ccc(Cl)cc1)NC1CCC(CCNC(=O)c2ccccc2F)OC1CO,0,PubChem1
CC1CCCCOC(CN(C)S(C)(=O)=O)C(C)CN(C(C)CO)C(=O)c2cc(N(C)C)ccc2O1,0,PubChem1
CS(=O)(=O)N1C(C#N)C(c2ccc(C#CC3CCCC3)cc2)C1CO,0,PubChem1
O=C(CC1CCC2C(COCC(O)CN2CCC(F)(F)F)O1)N1CCC(Cc2ccccc2)CC1,0,PubChem1
CC1(C)CC(=O)C2=C(C1)OC(N)=C(C#N)C2c1cccc(OC(=O)c2ccco2)c1,0,PubChem1
COCC#Cc1ccc(C2C(CO)N3CCCCN(C(=O)COC)CC23)cc1,0,PubChem1
CC=Cc1cnc2c(c1)C(=O)N(C(C)CO)CC(C)C(CN(C)Cc1ccc(F)cc1)O2,0,PubChem1
CN(C)CC(=O)N1CCCCN2C(CO)C(c3ccc(-c4cccnc4)cc3)C2C1,0,PubChem1
COc1ccc(NC(=O)Nc2ccc3c(c2)C(=O)N(C(C)CO)CC(C)C(CN(C)Cc2ccc(C(F)(F)F)cc2)OCCCCC(C)O3)cc1,0,PubChem1
CC1CN(C(C)CO)C(=O)CCCn2cc(nn2)COC1CN(C)C(=O)c1ccc2ccn(C)c2c1,0,PubChem1
CCCC#Cc1ccc(C2C(C#N)N(C(=O)CN3CCOCC3)C2CO)cc1,0,PubChem1
CC(O)C#Cc1ccc(C2C(CO)N3CCCCN(S(=O)(=O)Cc4ccccc4)CC23)cc1,0,PubChem1
O=C(CC1CCC2C(COCC(O)CN2Cc2cccc(C(F)(F)F)c2)O1)NCc1ccc(Cl)cc1,0,PubChem1
CC1CCCCOC(CN(C)Cc2ccccc2)C(C)CN(C(C)CO)C(=O)c2cc(NC(=O)Nc3ccc(C(F)(F)F)cc3)ccc2O1,0,PubChem1
CC1CCCCOC(CN(C)Cc2ccc(C(F)(F)F)cc2)C(C)CN(C(C)CO)C(=O)c2cc(NC(=O)C3CCCCC3)ccc2O1,0,PubChem1
CN1C(=O)c2cc(NC(=O)c3ccc(Cl)cc3)ccc2OCC2OC(CC(=O)NCc3cccc(F)c3)CCC21,0,PubChem1
CCNC(=O)C1C(CO)C2Cn3c(ccc(-c4ccc(OC)cc4)c3=O)C2N1Cc1ccccc1,0,PubChem1
CC(=O)N1CCCCN2C(CO)C(c3ccc(-c4cccc(C)c4)cc3)C2C1,0,PubChem1
COC(=O)C1C(CO)C2Cn3c(ccc(-c4ccccc4OC)c3=O)C2N1CC1CCCC1,0,PubChem1
CC(O)C#Cc1ccc(C2C(CO)N3CCCCN(C(=O)c4ccc(F)cc4)CC23)cc1,0,PubChem1
CC1CN(C(C)CO)C(=O)CCCn2nncc2COC1CN(C)S(=O)(=O)c1ccc(Cl)cc1,0,PubChem1
CC1CN(C(C)CO)S(=O)(=O)c2ccc(C#CC3CCCC3)cc2OC1CN(C)C(=O)Cc1ccncc1,0,PubChem1
CCCNC(=O)CC1CCC2C(COCC(O)CN2Cc2ccccc2F)O1,0,PubChem1
O=C(C1CCCC1)N1CC2C(c3ccccc31)C(CO)N2C(=O)c1ccccc1F,0,PubChem1
Cc1ccc(S(=O)(=O)N(C)CC2Oc3cc(C#CC4CCCC4)ccc3S(=O)(=O)N(C(C)CO)CC2C)cc1,0,PubChem1
Cn1c(Cn2c(=O)sc3ccccc32)nnc1SCC(=O)N1CCOCC1,0,PubChem1
O=C(NCC(F)(F)F)C1C(CO)C2Cn3c(cccc3=O)C1N2C(=O)C1CC1,0,PubChem1
CNCC1OCCCCC(C)Oc2ccc(NS(=O)(=O)c3ccc(C)cc3)cc2C(=O)N(C(C)CO)CC1C,0,PubChem1
COC1CN(C)C(=O)c2cc(NC(=O)C3CC3)ccc2OCC(C)N(Cc2cc(F)ccc2F)CC1C,0,PubChem1
CCCC#Cc1ccc2c(c1)OC(CN(C)Cc1ccc3c(c1)OCO3)C(C)CN(C(C)CO)S2(=O)=O,0,PubChem1
COC1CN(C)C(=O)c2cc(NC(=O)C3CCC3)ccc2OCC(C)N(Cc2cccnc2)CC1C,0,PubChem1
CC1CCCCOC(CN(C)CC2CCCCC2)C(C)CN(C(C)CO)C(=O)c2cc(NC(=O)Nc3ccc(F)cc3)ccc2O1,0,PubChem1
CC1CCCCOC(CN(C)C)C(C)CN(C(C)CO)C(=O)c2cc(NC(=O)Nc3cccc4ccccc34)ccc2O1,0,PubChem1
O=C(CC1CCC2C(COCC(O)CN2Cc2ccccc2)O1)N1CCOCC1,0,PubChem1
CC1CN(C(C)CO)C(=O)c2cccc(NC(=O)Nc3ccc(C(F)(F)F)cc3)c2OC1CN(C)C(=O)Nc1cccc2ccccc12,0,PubChem1
CC1CN(C(C)CO)S(=O)(=O)c2ccc(C#CC3CCCC3)cc2OC1CN(C)CC1CC1,0,PubChem1
COC1CN(C)C(=O)c2ccc(NC(=O)Nc3cccc(F)c3)cc2OCC(C)NCC1C,0,PubChem1
COc1cccc(-c2ccc3c(c2)C2C(CCN2C(=O)Cc2ccncc2)C(CO)N3)c1,0,PubChem1
CCC(=O)n1nc(-c2cccnc2)nc1NCc1ccc(OC)cc1,0,PubChem1
CCN(CC1C(c2ccccc2)C(CO)N1C(C)=O)C(=O)c1cccc(F)c1,0,PubChem1
CC(C)NC(=O)Nc1ccc2c(c1)C(=O)N(C(C)CO)CC(C)C(CN(C)Cc1ccccc1)OCCCCC(C)O2,0,PubChem1
O=C(NCc1cccs1)C1CC(c2ccccc2O)=NO1,0,PubChem1
COCC#Cc1cnc2c(c1)C(=O)N(C(C)CO)CC(C)C(CN(C)C(=O)C1CC1)O2,0,PubChem1
CCOc1ccccc1C1NC(=O)NC(C)=C1C(=O)OC1CCCCC1,0,PubChem1
COc1cccc(-c2ccc(C3C(CO)N4CCCCN(CC5CCOCC5)CC34)cc2)c1,0,PubChem1
COc1ccc(CCNS(=O)(=O)c2ccc3c(c2)OCCO3)cc1OC,0,PubChem1
COc1ccccc1NC(=O)N1CCCCN2C(CO)C(c3ccc(C#Cc4ccccc4)cc3)C2C1,0,PubChem1
COc1ccccc1CN1C2Cn3c(ccc(C4=CCCC4)c3=O)C1C(C(=O)N(C)C)C2CO,0,PubChem1
CC=Cc1ccc(C2C(C#N)N(C(=O)Nc3ccccc3F)C2CO)cc1,0,PubChem1
COCCCNc1c2c3c(cccc3[nH]c1=O)C(=O)c1ccccc1-2,0,PubChem1
Cc1ccccc1-c1ccc(C2C(CO)N3CCCCN(C(=O)Cc4ccccn4)CC23)cc1,0,PubChem1
CCCN1C(C(=O)NCc2cccc(OC)c2)C(CO)C2Cn3c(ccc(C4=CCCC4)c3=O)C21,0,PubChem1
O=C(CN1CCOCC1)N1CCCCN2C(CO)C(c3ccc(-c4ccccc4)cc3)C2C1,0,PubChem1
CC1CN(C(C)CO)C(=O)c2cc(C#CCc3ccccc3)cnc2OC1CN(C)Cc1cccnc1,0,PubChem1
CCCCNC(=O)c1ccc2nc(-c3ccco3)c(-c3ccco3)nc2c1,0,PubChem1
CCN1C(C(=O)OC)C(CO)C2Cn3c(ccc(-c4cccc(C(=O)N(C)C)c4)c3=O)C21,0,PubChem1
CCN1C(C(=O)NCc2ccc(F)cc2)C(CO)C2Cn3c(ccc(-c4ccccc4OC)c3=O)C21,0,PubChem1
C=CCn1c(SCc2nc3c(c(=O)[nH]c(=O)n3CCCC)n2CCC)nnc1-c1ccccc1,0,PubChem1
CNCC1OCCCCC(C)Oc2ccc(NC(=O)NC3CCCCC3)cc2C(=O)N(C(C)CO)CC1C,0,PubChem1
COCC#Cc1ccc(C2C(CO)N3CCCCN(Cc4cncnc4)CC23)cc1,0,PubChem1
CCN(CCCNC(=O)CN(C)S(=O)(=O)c1cccc2nsnc12)c1cccc(C)c1,0,PubChem1
Cc1noc(C)c1NC(=O)N(C)CC1Oc2c(NS(=O)(=O)c3c(C)noc3C)cccc2C(=O)N(C(C)CO)CC1C,0,PubChem1
CC1CCCCOC(CN(C)Cc2ccc(Cl)c(Cl)c2)C(C)CN(C(C)CO)C(=O)c2cc(NC(=O)CCC(F)(F)F)ccc2O1,0,PubChem1
Cc1noc(C)c1S(=O)(=O)N(C)CC1OCCCCC(C)Oc2ccc(NS(=O)(=O)c3ccc(F)cc3)cc2C(=O)N(C(C)CO)CC1C,0,PubChem1
O=C(CC1CCC2C(COCC(O)CN2S(=O)(=O)c2ccc(F)cc2)O1)NCCN1CCCCC1,0,PubChem1
O=C(CC1CC2c3cc(NC(=O)C4CCC4)ccc3OC2C(CO)O1)NCc1ccc2c(c1)OCO2,0,PubChem1
O=C(Cc1ccccc1)N1CCCCN2C(CO)C(c3ccc(C#CC4(O)CCCC4)cc3)C2C1,0,PubChem1
O=C(NCCC1CCC(NS(=O)(=O)c2cccc(Cl)c2)C(CO)O1)c1cnccn1,0,PubChem1
COc1ccc(NC(=O)Nc2ccc3c(c2)C(=O)N(C(C)CO)CC(C)C(CN(C)Cc2ccc4c(c2)OCO4)OCCCCC(C)O3)cc1,0,PubChem1
Cn1cnc(S(=O)(=O)N2CCCCN3C(CO)C(c4ccc(C#CC5CCCC5)cc4)C3C2)c1,0,PubChem1
Cc1ccc(S(=O)(=O)Nc2ccc3c(c2)C(=O)N(C(C)CO)CC(C)C(CN(C)C(=O)NC2CCCCC2)OCCCCC(C)O3)cc1,0,PubChem1
CNCC1OCCCCC(C)Oc2ccc(NC(=O)Cc3ccccc3)cc2C(=O)N(C(C)CO)CC1C,0,PubChem1
O=C(CC1CCC2C(COCC(O)CN2Cc2ccc(Oc3ccccc3)cc2)O1)N1CCN(c2ccccc2)CC1,0,PubChem1
CCOC(=O)c1[nH]c2ccccc2c1NC(=O)C(C)(C)C,0,PubChem1
COCC(=O)Nc1ccc2c(c1)C1CC(CC(=O)NCc3ccc(-c4ccccc4)cc3)OC(CO)C1O2,0,PubChem1
Cc1ccc(S(=O)(=O)N(C)CC2Oc3cc(-c4cccc(F)c4)ccc3S(=O)(=O)N(C(C)CO)CC2C)cc1,0,PubChem1
CCC(=O)n1nc(-c2ccco2)nc1N,0,PubChem1
CC=Cc1ccc(C2C(CO)NC2CN(CC)C(=O)c2ccccn2)cc1,0,PubChem1
COc1ccc(C#Cc2ccc3c(c2)C2C(CCN2C(=O)c2ccccc2F)C(CO)N3)cc1,0,PubChem1
CC(=O)N1CCCCN2C(CO)C(c3ccc(C#Cc4ccccc4F)cc3)C2C1,0,PubChem1
CC1CCCCOC(CN(C)C(=O)Nc2ccc3c(c2)OCO3)C(C)CN(C(C)CO)C(=O)c2cc(NC(=O)CCCN(C)C)ccc2O1,0,PubChem1
COC(=O)CC1CCC2C(COc3ccc(NS(=O)(=O)c4ccc(F)cc4)cc3C(=O)N2C)O1,0,PubChem1
COc1ccc(NC(=O)N2CCCCN3C(CO)C(c4ccc(C#CCC(C)C)cc4)C3C2)cc1,0,PubChem1
COc1ccccc1CNC(=O)c1ccc(NS(=O)(=O)c2c(C)noc2C)cc1,0,PubChem1
OCC1C(c2ccc(C#CC3CCCC3)cc2)C2CN(CCC(F)(F)F)CCCCN12,0,PubChem1
COc1ccc(-c2ccc(C3C(CO)N4CCCCN(C(=O)Cc5ccncc5)CC34)cc2)cc1,0,PubChem1
Cc1ccc(S(=O)(=O)N(C)CC2OCCCCC(C)Oc3ccc(NS(=O)(=O)c4cccs4)cc3C(=O)N(C(C)CO)CC2C)cc1,0,PubChem1
COc1ccccc1S(=O)(=O)N(C)CC1Oc2cc(C#CCC3CCCC3)ccc2S(=O)(=O)N(C(C)CO)CC1C,0,PubChem1
CC1CCCCOC(CN(C)Cc2ccncc2)C(C)CN(C(C)CO)C(=O)c2cc(NC(=O)C3CCCCC3)ccc2O1,0,PubChem1
CCCn1c(=O)c2ccccc2n2c(SCc3nc4ccccc4s3)nnc12,0,PubChem1
CCS(=O)(=O)Nc1ccc2c(c1)C(=O)N(C)CC(OC)C(C)CN(Cc1ccccn1)C(C)CO2,0,PubChem1
CCCC#Cc1ccc(C2C(CO)N3CCCCN(CC4CCOCC4)CC23)cc1,0,PubChem1
N#Cc1cnn(Cc2ccccc2)c1N=CN1CCOCC1,0,PubChem1
CC(C)C#Cc1ccc(C2C(C#N)N(C(=O)c3cccc(F)c3)C2CO)cc1,0,PubChem1
C=C(C)CSc1nc2c(cc1C#N)CCC2,0,PubChem1
COc1ccc(-c2noc(-c3ccco3)n2)cc1OC,0,PubChem1
CC1CN(C(C)CO)C(=O)c2cc(NS(=O)(=O)c3ccccc3)ccc2OC1CN(C)Cc1ccc2c(c1)OCO2,0,PubChem1
O=C(Nc1ccccc1Cl)N1CC2C(c3ccccc31)C(CO)N2Cc1ccccc1,0,PubChem1
Cc1ccc(-c2ccc3c(c2)OC(CN(C)Cc2ccccc2)C(C)CN(C(C)CO)S3(=O)=O)cc1,0,PubChem1
CC1CN(C(C)CO)S(=O)(=O)c2ccc(C3=CCCCC3)cc2OC1CN(C)C(=O)Cc1ccncc1,0,PubChem1
Nc1nonc1-n1nnc(C(=O)c2ccccc2)c1-c1ccccc1,0,PubChem1
COCC#Cc1ccc(C2C(CO)N3CCCCN(Cc4cccnc4)CC23)cc1,0,PubChem1
CC1CN(C(C)CO)C(=O)c2cc(C3=CCCCC3)cnc2OC1CN(C)C(=O)Cc1ccccc1,0,PubChem1
OCC1C(c2ccc(-c3ccccc3F)cc2)C2CN(Cc3cccnc3)CCCCN12,0,PubChem1
CCS(=O)(=O)N1CCCCN2C(CO)C(c3ccc(-c4ccccc4F)cc3)C2C1,0,PubChem1
CCC(=O)N1CCCCN2C(CO)C(c3ccc(-c4cccc(C#N)c4)cc3)C2C1,0,PubChem1
CCOc1ccccc1C1CC(c2ccccc2)Nc2nc(N)nn21,0,PubChem1
N#Cc1nc(-c2ccccc2Cl)oc1N1CCOCC1,0,PubChem1
CCn1c(SCC(=O)Nc2cc(C)on2)nc2c(c1=O)SC(C)C2,0,PubChem1
O=C(NCC1CC1)C1C(CO)C2Cn3c(ccc(-c4cccnc4)c3=O)C2N1C(=O)NC1CCCC1,0,PubChem1
O=S1(=O)N=C(N2CCc3ccccc3C2)c2ccccc21,0,PubChem1
COc1ccc(-c2ccc(C3C(CO)N4CCCCN(C(=O)c5ccc6c(c5)OCO6)CC34)cc2)cc1,0,PubChem1
O=C(O)C1C(CO)C2Cn3c(ccc(-c4ccccc4)c3=O)C1N2CC1CCCCC1,0,PubChem1
CC(NC(=O)C1C(CO)C2Cn3c(cccc3=O)C1N2C(=O)C1CC1)c1ccccc1,0,PubChem1
Cc1ccccc1NC(=O)c1nc[nH]c1C(=O)NCc1ccccc1,0,PubChem1
CCOC(=O)N1CCN(C(=O)C(C)(C)Oc2ccc(Cl)cc2)CC1,0,PubChem1
CCNC(=O)C1C(CO)C2Cn3c(ccc(C4=CCCCC4)c3=O)C1N2Cc1cocn1,0,PubChem1
CCc1cnc(N2C(C#N)C(c3ccc(C#Cc4ccccc4F)cc3)C2CO)s1,0,PubChem1
CC(C)CC#Cc1cnc2c(c1)C(=O)N(C(C)CO)CC(C)C(CN(C)C(=O)Cc1ccncc1)O2,0,PubChem1
O=C(CC1CC2c3cc(NS(=O)(=O)c4ccc(F)cc4)ccc3OC2C(CO)O1)N1CCc2ccccc2C1,0,PubChem1
Brc1ccc(-c2nn3c(Cc4ccccc4)nnc3s2)o1,0,PubChem1
CN(C)C(=O)c1ccc(-c2ccc(C3C(C#N)N(C(=O)C4CCOCC4)C3CO)cc2)cc1,0,PubChem1
Cn1c(SCc2ccon2)nc2ccccc2c1=O,0,PubChem1
O=C(Cc1cccnc1)N1CCCCN2C(CO)C(c3ccc(C#CC4CCCC4)cc3)C2C1,0,PubChem1
CN1C(=O)c2cc(NC(=O)Cc3cccs3)ccc2OCC2OC(CC(=O)NC3CCN(Cc4ccccc4)C3)CCC21,0,PubChem1
CC1CN(C(C)CO)C(=O)Cc2cc(NC(=O)CCCN(C)C)ccc2OC1CN(C)C(=O)Nc1ccc2c(c1)OCO2,0,PubChem1
CC1CCCCOC(CN(C)C(=O)C2CCCCC2)C(C)CN(C(C)CO)C(=O)c2cc(N(C)C)ccc2O1,0,PubChem1
O=c1c2cc(Cl)ccc2[nH]c(=S)n1Cc1ccco1,0,PubChem1
OCC1C(c2ccc(Br)cc2)C2CN(Cc3cncnc3)CCCCN12,0,PubChem1
CC1CN(C(C)CO)S(=O)(=O)c2ccc(-c3ccncc3)cc2OC1CN(C)Cc1ccccn1,0,PubChem1
O=C(Nc1ccc2c(c1)C1CC(CC(=O)N3CCOCC3)OC(CO)C1O2)c1ccc2c(c1)OCO2,0,PubChem1
COc1ccccc1-c1ccc(C2C(C#N)N(C(=O)C3CC3)C2CO)cc1,0,PubChem1
CC1CN(C(C)CO)C(=O)c2cc(-c3cncnc3)cnc2OC1CN(C)C(=O)CN1CCOCC1,0,PubChem1
CS(=O)(=O)N1CCCCN2C(CO)C(c3ccc(C#Cc4ccccn4)cc3)C2C1,0,PubChem1
CC(NC(=O)CC1CCC2C(COCC(O)CN2Cc2ccc(C(F)(F)F)cc2)O1)c1ccccc1,0,PubChem1
O=C(CC1CC2c3cc(NC(=O)NC4CCCC4)ccc3OC2C(CO)O1)NCc1ccc(Cl)cc1,0,PubChem1
CC1CN(C(C)CO)C(=O)c2cccc(NC(=O)Nc3ccc(C(F)(F)F)cc3)c2OC1CN(C)S(=O)(=O)c1ccc(Cl)cc1,0,PubChem1
CC1CN(C(C)CO)S(=O)(=O)c2ccc(-c3ccncc3)cc2OC1CN(C)C,0,PubChem1
Cc1cccc(-c2ccc(C3C(CO)N4CCCCN(S(=O)(=O)c5cccc(C)c5)CC34)cc2)c1,0,PubChem1
CCN(CC1C(c2ccccc2)C(CO)N1C(=O)C1CC1)C(=O)NC1CCCC1,0,PubChem1
CC1CCCCOC(CN(C)Cc2ccc(Cl)c(Cl)c2)C(C)CN(C(C)CO)C(=O)c2cc(NC(=O)Nc3ccc(F)cc3)ccc2O1,0,PubChem1
CCCc1nc(N2CCOCC2)c(C#N)c2c1CCCC2,0,PubChem1
CC1CN(C(C)CO)S(=O)(=O)c2ccc(-c3ccccc3)cc2OC1CN(C)Cc1cccc(F)c1,0,PubChem1
CN(C)c1ccc2c(c1)C1CC(CC(=O)N3CCc4ccccc4C3)OC(CO)C1O2,0,PubChem1
O=C(CC1CC2c3cc(NC(=O)C4CCOCC4)ccc3OC2C(CO)O1)NCc1ccc(Oc2ccccc2)cc1,0,PubChem1
O=C(CC1CC2c3cc(NC(=O)NC4CCCC4)ccc3OC2C(CO)O1)NCc1ccccc1,0,PubChem1
CC(=O)c1cc(C#N)c(SCC(=O)OC(C)(C)C)nc1C,0,PubChem1
OCC1C(c2ccc(C=Cc3ccccc3)cc2)C2CN(CCC(F)(F)F)CCCCN12,0,PubChem1
c1ccc(Cn2nnc3c(N4CCc5ccccc54)ncnc32)cc1,0,PubChem1
O=C(NCC1C(c2ccccc2)C(CO)N1C(=O)C1CC1)NC1CCCC1,0,PubChem1
CC1CN(C(C)CO)C(=O)c2cccc(N(C)C)c2OC1CN(C)Cc1ccc(C(F)(F)F)cc1,0,PubChem1
CN(C)CC#Cc1cccc(-c2nc(C(=O)NCCCN3CCOCC3)cc3c2C(CCO)N([S+]([O-])C(C)(C)C)C3)c1,0,PubChem1
CC1CCCCOC(CN(C)Cc2ccc(Cl)c(Cl)c2)C(C)CN(C(C)CO)C(=O)c2cc(NS(=O)(=O)c3cccs3)ccc2O1,0,PubChem1
COc1c(S(=O)(=O)n2nc(C)cc2C)ccc(Cl)c1Cl,0,PubChem1
CC(C)CC#Cc1ccc2c(c1)OC(CN(C)Cc1ccncc1)C(C)CN(C(C)CO)S2(=O)=O,0,PubChem1
CC1CN(C(C)CO)C(=O)Cc2cc(N(C)C)ccc2OC1CN(C)Cc1ccc(C(F)(F)F)cc1,0,PubChem1
CCCC#Cc1ccc(C2C(CO)N3CCCCN(C(=O)Cc4ccccn4)CC23)cc1,0,PubChem1
Cc1ccc(Nc2nnc(SCc3cc(=O)n4ccsc4n3)s2)c(C)c1,0,PubChem1
CC1CCCCOC(CN(C)C(=O)c2ccccc2)C(C)CN(C(C)CO)C(=O)c2cc(NC(=O)c3ccccc3)ccc2O1,0,PubChem1
CC1CCCCOC(CN(C)Cc2ccc(C(F)(F)F)cc2)C(C)CN(C(C)CO)C(=O)c2cc(NS(=O)(=O)c3cccs3)ccc2O1,0,PubChem1
CN(C)CC(=O)N1C(C(=O)NC2CCC2)C(CO)C2Cn3c(ccc(-c4ccccc4)c3=O)C21,0,PubChem1
COC1CN(C)C(=O)c2cc(NC(=O)c3nc4ccccc4s3)ccc2OCC(C)N(Cc2ccncc2)CC1C,0,PubChem1
CC1CN(C(C)CO)C(=O)Cc2cc(N(C)C)ccc2OC1CN(C)Cc1ccc(Cl)c(Cl)c1,0,PubChem1
O=C(C1CCC1)N1CCCCN2C(CO)C(c3ccc(C#CC4(O)CCCC4)cc3)C2C1,0,PubChem1
CC(=O)c1cc(C#N)c(SCc2ccncc2)nc1C,0,PubChem1
CC1CN(C(C)CO)C(=O)c2cccc(NC(=O)NC3CCCCC3)c2OC1CN(C)Cc1ccc(C(F)(F)F)cc1,0,PubChem1
O=C(CC1CCC2C(COCC(O)CN2C(=O)Nc2ccc(Cl)c(Cl)c2)O1)NCc1ccncc1,0,PubChem1
O=S(=O)(Cc1ccccc1)N1CCCCN2C(CO)C(c3ccc(-c4cccnc4)cc3)C2C1,0,PubChem1
O=C(Nc1ccccc1)N1CCCCN2C(CO)C(c3ccc(C#Cc4ccccn4)cc3)C2C1,0,PubChem1
CC1CN(C(C)CO)S(=O)(=O)c2ccc(-c3ccncc3)cc2OC1CN(C)C(=O)C1CCC1,0,PubChem1
CC1CN(C(C)CO)S(=O)(=O)c2ccc(-c3ccccc3)cc2OC1CN(C)C(=O)C1CC1,0,PubChem1
CC1CCCCOC(CN(C)C(=O)Nc2ccc3c(c2)OCO3)C(C)CN(C(C)CO)C(=O)c2cc(NC(=O)Cc3ccccc3)ccc2O1,0,PubChem1
CC(=O)C1=C(C)NC(SCC(=O)c2ccc(F)cc2)=C(C#N)C1c1ccco1,0,PubChem1
CCCCn1c(=NC(=O)c2ccco2)c(C(=O)OCC)cc2c(=O)n3ccccc3nc21,0,PubChem1
CC1CN(C(C)CO)C(=O)c2cc(NS(=O)(=O)c3cccs3)ccc2OC1CN(C)Cc1ccc(-c2ccccc2)cc1,0,PubChem1
CSc1ccccc1NC(=O)c1onc(C)c1Cl,0,PubChem1
N#CC1NC(CO)C1c1ccc(C2=CCCC2)cc1,0,PubChem1
CC1CN(C(C)CO)C(=O)Cc2cc(NC(=O)Cc3ccccc3)ccc2OC1CN(C)Cc1ccc(C(F)(F)F)cc1,0,PubChem1
COc1ccc(NC(=O)N(C)CC2Oc3ccc(NC(=O)CCC(F)(F)F)cc3C(=O)N(C(C)CO)CC2C)cc1,0,PubChem1
COc1ccc(-c2ccc(C3C(C#N)N(C(=O)NC4CCCC4)C3CO)cc2)cc1,0,PubChem1
Cc1noc(C)c1NC(=O)Nc1ccc2c(c1)C(=O)N(C(C)CO)CC(C)C(CN(C)S(=O)(=O)c1ccc(Cl)cc1)OCCCCC(C)O2,0,PubChem1
COc1ccc(S(=O)(=O)Nc2ccc3c(c2)OCO3)cc1OC,0,PubChem1
COc1cccc(CN(C)CC2OCc3ccccc3-c3ccccc3C(=O)N(C(C)CO)CC2C)c1,0,PubChem1
CC1CCCCOC(CN(C)C(=O)CCCN(C)C)C(C)CN(C(C)CO)C(=O)c2cc(N(C)C)ccc2O1,0,PubChem1
CCc1nc(N2CCCCC2)c2oc3ccccc3c2n1,0,PubChem1
CCN1C(C(=O)N(C)C)C(CO)C2Cn3c(ccc(-c4cccc(C(=O)N(C)C)c4)c3=O)C21,0,PubChem1
O=C(CC1CCC2C(COCC(O)CN2Cc2cccc(Cl)c2)O1)N1CCCCC1,0,PubChem1
COc1ccc(S(=O)(=O)N(C)CC2Oc3ccc(NC(=O)Cc4cn(C)c5ccccc45)cc3C(=O)N(C(C)CO)CC2C)cc1,0,PubChem1
CCN(CC)CCOc1c(Br)ccc2c1sc1nc3n(c(=O)c12)CCC3,0,PubChem1
COC(=O)Nc1ccc2c(c1)N(C(=O)CCN1CCOCC1)c1ccccc1S2,0,PubChem1
Clc1ccccc1-c1nnc2sc(-c3ccc(Br)o3)nn12,0,PubChem1
N#CC1NC(CO)C1c1ccc(-c2ccccc2F)cc1,0,PubChem1
N#Cc1cccc(-c2ccc(C3C(CO)N4CCCCN(C(=O)Cc5ccccc5)CC34)cc2)c1,0,PubChem1
CCCNC(=O)C1C(CO)C2Cn3c(ccc(-c4cccc(OC)c4)c3=O)C1N2CCC,0,PubChem1
Cc1cccc(C2CC(c3ccc(F)cc3)Nc3nc(N)nn32)c1,0,PubChem1
O=C(CC1CCC2C(COCC(O)CN2Cc2cccc(-c3ccncc3)c2)O1)N1CCCCC1,0,PubChem1
COC(=O)CC1CCC2NCC(O)COCC2O1,0,PubChem1
CC1CN(C(C)CO)S(=O)(=O)c2ccc(-c3ccncc3)cc2OC1CN(C)C(=O)Nc1ccc(F)cc1,0,PubChem1
Cc1ccc(S(=O)(=O)NC2CCC(CCNC(=O)Cc3ccccn3)OC2CO)cc1,0,PubChem1
CC(C)CC#Cc1ccc2c(c1)OC(CN(C)S(=O)(=O)c1cccc(F)c1)C(C)CN(C(C)CO)S2(=O)=O,0,PubChem1
COC(=O)c1ccc(C(=O)OC)c(NC(=O)COC(=O)C23CC4CC(CC(O)(C4)C2)C3)c1,0,PubChem1
CC1CN(C(C)CO)C(=O)CCCn2cc(nn2)COC1CN(C)S(=O)(=O)c1ccccc1F,0,PubChem1
CCN1C2Cn3c(ccc(C=Cc4ccccc4)c3=O)C1C(C(=O)N1CCCCC1)C2CO,0,PubChem1
COC(=O)c1sc(=S)sc1C(=O)OC,0,PubChem1
N#Cc1cccc(-c2ccc3c(c2)C2C(CCN2C(=O)c2ccncc2)C(CO)N3)c1,0,PubChem1
NNc1nc2c(-c3ccc(Cl)cc3)nnn2c2ccccc12,0,PubChem2
CC(C)Cc1nnc(NC(=O)CC(=O)Nc2ccccc2C(=O)O)s1,0,PubChem2
Cc1cc(Nc2nc(Cl)cc(NCc3ccccc3)n2)n[nH]1,0,PubChem2
Cc1ccc(NC(=O)c2noc3c2CCCCC3)cc1C,0,PubChem2
Cc1[nH]n(-c2ccccc2)c(=O)c1N=Nc1cccc(C(=O)O)c1,0,PubChem2
O=C(COc1ccc(Cl)cc1Cl)Nc1ccccc1F,0,PubChem2
O=C(Nc1ccc(-c2nc3ccccc3s2)c(O)c1)C1=COCCO1,0,PubChem2
O=C(Nc1nnc(S(=O)(=O)N2CCCCCC2)s1)c1cccc(Br)c1,0,PubChem2
Cn1ncc2c1CCCC2=O,0,PubChem2
CCCCNc1c(-c2ccc(SC3CCCCC3)cc2)nc2ccccn12,0,PubChem2
Cc1cccc(NC(=O)NC(=O)c2ccccc2)n1,0,PubChem2
Cn1cc(Cl)c(C(=O)NN=Cc2ccc3c4c(cccc24)CC3)n1,0,PubChem2
COc1ccc(-c2cc(C(=O)Nc3ccccc3)on2)cc1,0,PubChem2
NC(=NOC(=O)c1ccccc1)c1cccnc1,0,PubChem2
O=C1c2ccccc2C(=O)C1c1ccc2ccccc2n1,0,PubChem2
Nc1cc(-c2ccc(Cl)cc2)nn1-c1ccccc1,0,PubChem2
Cc1cccc(NC(=O)Nc2ccc(-c3csc4c(C#CCN(C)C)cnc(N)c34)cc2)c1,0,PubChem2
Cc1ccc(Cn2ccc(-c3cnc(-c4ccccc4)s3)n2)cc1,0,PubChem2
COc1ccccc1-c1nc(-c2ccc(Br)cc2)no1,0,PubChem2
CC(C=NN1CCN(c2ccccc2)CC1)=Cc1ccccc1,0,PubChem2
O=C(c1cc(-c2ccc3c(c2)OCO3)on1)N1CCCCC1,0,PubChem2
Cc1nc2sc(-c3ccccc3)cc2c(=O)[nH]1,0,PubChem2
COC(=O)c1sccc1-c1ccc(C(=O)Nc2cccnc2)o1,0,PubChem2
CCNC(=O)c1ccc(CSc2nc3ccccc3s2)cc1,0,PubChem2
Oc1ccc(C=NNc2cc(N3CCCC3)nc(N3CCCC3)n2)cc1,0,PubChem2
CCOC(=O)N1CCN(C(=O)c2noc3c2COc2ccccc2-3)CC1,0,PubChem2
COc1ccc2[nH]c3c(=O)n(Cc4ccc(C(=O)N5CCCC5)cc4)c(=S)[nH]c3c2c1,0,PubChem2
N=c1oc2ccccc2cc1C(=O)Nc1cccc(F)c1,0,PubChem2
O=C1C(Nc2ccccc2)=CC(c2ccc(O)cc2)N1c1ccccc1,0,PubChem2
COc1ccc(NC(=O)Nc2cc(C)ccc2F)cc1,0,PubChem2
O=C1Cc2ccccc2C(=O)N1Cc1ccccc1,0,PubChem2
Cc1cccnc1NC(=S)NC(=O)c1oc2ccccc2c1C,0,PubChem2
CC(C)Oc1ccc(NC(=O)Oc2ccccc2)cc1,0,PubChem2
COC(=O)c1[nH]c2ccc(C)cc2c1NC(=O)Oc1ccccc1,0,PubChem2
Cc1ccc(Nc2nc(-c3cccnc3)cs2)cc1C,0,PubChem2
COc1ccc(-n2nc3cc(N)c(Br)cc3n2)cc1,0,PubChem2
Cc1cccc(-c2noc(-c3c(C)noc3C)n2)c1,0,PubChem2
CC(=O)Nc1nc(-c2ccc3c(c2)OCO3)cs1,0,PubChem2
c1ccc(-c2ccnc3[nH]ccc23)cc1,0,PubChem2
CN(CCO)c1nc(N)c2c(N)nc3c(c2c1C#N)CC(=O)N3C1CCCC1,0,PubChem2
O=C(NN=Cc1ccc(OC2CSC2)cc1)c1ccccc1,0,PubChem2
N#Cc1c(N)n(CCNC(=O)c2ccc(Cl)cc2)c2nc3ccccc3nc12,0,PubChem2
Oc1cccc(C=Nc2cccc3ccccc23)c1O,0,PubChem2
Cc1nn2cc(-c3ccc(-c4ccccc4)cc3)nc2s1,0,PubChem2
CSc1ccc(C=NNc2ccc(Cl)c(C(=O)O)c2)cc1,0,PubChem2
O=C1CCCc2nc(N3CCc4ccccc43)ncc21,0,PubChem2
Nc1ncnc2c1C(=O)Nc1ccccc1N2,0,PubChem2
Cc1ccsc1C(=O)NNC(=O)c1ccccc1F,0,PubChem2
COc1cccc(C=Nc2cccc3c(=O)[nH][nH]c(=O)c23)c1O,0,PubChem2
O=C(Nc1ccccc1)c1ccc2ccccc2n1,0,PubChem2
COc1cc(C(=O)NCCN2C(=O)SC(=Cc3cccs3)C2=O)cc(OC)c1OC,0,PubChem2
CC(=O)Nc1ccc(C=Cc2nc(-c3ccccc3O)n[nH]2)cc1,0,PubChem2
O=C(Nc1n[nH]c2ccc(-c3cn(Cc4ccccc4)nn3)cc12)c1ccccc1,0,PubChem2
COc1cc(C=C2OC(=O)c3c(OC)cccc32)ccc1O,0,PubChem2
O=C(Nc1nc2c(Cl)cccc2s1)c1ccc([N+](=O)[O-])o1,0,PubChem2
COc1ccc(-c2nc3c(Br)c(N)c(Br)cc3o2)cc1,0,PubChem2
CSc1ccc(N=Nc2c(C)[nH]n(C)c2=O)cc1,0,PubChem2
CC(=NOC(=O)c1ccc(F)cc1)c1ccc(C)cc1,0,PubChem2
CCC(=O)N(C1=C(NC)C(=O)c2ccccc2C1=O)C(C)C,0,PubChem2
Fc1ccc(C=Cc2nnc(-c3cccs3)o2)cc1,0,PubChem2
Oc1ccc(C=NNc2cc(N3CCOCC3)nc(N3CCOCC3)n2)cc1,0,PubChem2
CC(C)CC(CO)NC(=O)c1cccc(-n2nc(C(C)(C)C)cc2NC(=O)Nc2cccc3ccccc23)c1,0,PubChem2
Cc1ccc(-c2nc3ccccc3c(=O)o2)cc1,0,PubChem2
COc1ccc(C=NN2CCN(c3ccccc3OC)CC2)cc1Br,0,PubChem2
Cc1ccc(C(=O)Nc2nc3ccccc3[nH]2)cc1,0,PubChem2
N#Cc1ccc2nc(N)n(-c3nc(-c4ccccc4)cs3)c2c1,0,PubChem2
CCCc1cc(=O)n2c([nH]c3ccccc32)c1C#N,0,PubChem2
O=C(O)c1ccc(NN=Cc2cn(Cc3ccc(F)cc3)c3ccccc23)cc1,0,PubChem2
O=C(Nc1cccc(O)c1)c1cc(-c2ccccc2Cl)on1,0,PubChem2
O=C(Nc1cnccn1)Nc1ccnc2ccccc12,0,PubChem2
NC(=O)c1c(NC(=O)c2ccccc2F)sc2c1CCCC2,0,PubChem2
Clc1ccc(COn2nnc3ccccc32)c(Cl)c1,0,PubChem2
CCOC(=O)c1cnc2c(-c3ccccc3)cnn2c1N,0,PubChem2
O=C(O)c1c(Cl)ccc2cc(-n3cccc3)cnc12,0,PubChem2
Cc1ccc(OC(=O)c2cccc(S(=O)(=O)N3CCCC3)c2)c(-n2nc3ccccc3n2)c1,0,PubChem2
NC(=O)c1ccc(-c2noc(-c3cccc(Cl)c3)n2)cc1,0,PubChem2
CN(C(=O)c1ccco1)c1nc2c(s1)CCCC2,0,PubChem2
c1ccc2nc(-c3ccncc3)ccc2c1,0,PubChem2
Fc1ccc(-c2nnc(-c3ccc(Cl)cc3)o2)cc1,0,PubChem2
Cc1c(C(=O)O)cccc1-c1ccc(C=C2NC(=O)N(c3ccccc3)C2=O)o1,0,PubChem2
O=c1oc(C=Cc2ccccc2)nc2sc3c(c12)CCC3,0,PubChem2
Cn1cccc1C(=O)OCc1csc(-c2ccccc2)n1,0,PubChem2
Cc1ccc(Nc2n[nH]c(C)c2[N+](=O)[O-])cc1C,0,PubChem2
COc1ccc2c(NC(=O)Nc3cccc(C(F)(F)F)n3)ccnc2c1,0,PubChem2
Cc1ccc(NC(=O)c2scc3c2CCCC3)cc1,0,PubChem2
CN(C)CCCNc1cc(O)c2ncccc2c1,0,PubChem2
Cc1cc(NC(=O)Cc2ccc(-c3cccc4[nH]nc(N)c34)cc2)ccc1F,0,PubChem2
O=C(CCCN1C(=O)C(=Cc2ccc3c(c2)OCO3)SC1=S)Nc1ccc(C(=O)O)cc1,0,PubChem2
Cn1nnnc1SCc1nc2scc(-c3ccccc3)c2c(=O)[nH]1,0,PubChem2
COC(=O)c1ccc(NC(=O)Nc2ccc(F)cc2)cc1,0,PubChem2
Cn1c(SC(C(=O)O)c2ccccc2)nc2ccccc2c1=O,0,PubChem2
CC1=NN(c2ccc(Br)cc2)C(=O)C1=Cc1cccs1,0,PubChem2
CCOC(=O)C1CCN(Cc2cnc(Oc3ccc(C(C)(C)C)cc3)s2)CC1,0,PubChem2
Cc1cc(NS(=O)(=O)c2ccc(NC(=O)Nc3cccc(Cl)c3)cc2)no1,0,PubChem2
COc1ccccc1C(=O)ON=C(N)c1ccccn1,0,PubChem2
O=C(Nc1ccccc1F)C(=O)Nc1cccc2ccccc12,0,PubChem2
CC(C)OC(=O)CSc1ncnc2c1cnn2-c1ccccc1,0,PubChem2
NC(=O)c1c(OCc2c(F)cc(Br)cc2F)nsc1NC(=O)NCCCCN1CCCC1,0,PubChem2
CN(C)c1ccc(-c2nc3ccccc3c(=O)[nH]2)cc1,0,PubChem2
O=C(Nc1ccccc1)Nc1ccccn1,0,PubChem2
CC(C)(C)NC(=O)N1CCn2cccc2C1c1ccccc1F,0,PubChem2
Cc1nc2sc(-c3ccccc3)nn2c(=O)c1Br,0,PubChem2
Cc1ccc(C(=O)NN=Cc2ccc(-c3ccccc3[N+](=O)[O-])o2)cn1,0,PubChem2
COc1cccc(OC)c1CNc1nc(NC2CCCCC2)nc2ccc(Cl)cc12,0,PubChem2
CCOC(=O)c1sc(Nc2ccccc2Cl)nc1C,0,PubChem2
COc1cccc(-c2ccc3c(N)c(C(=O)NC4CC4)sc3n2)c1,0,PubChem2
CSc1nc(N)n2nc(-c3ccc(Cl)cc3)cc2n1,0,PubChem2
Cn1cc(Nc2ncc(Br)c(Nc3ccccc3C(N)=O)n2)cn1,0,PubChem2
Brc1ccc(-c2noc(-c3ccccn3)n2)o1,0,PubChem2
CC(C)(C)c1ccc2c(c1)C(=O)c1ccccc1C2=O,0,PubChem2
COc1cccc(C(=O)OC2C(C)NS(=O)(=O)C3CC4C=CC23O4)c1,0,PubChem2
COc1ccccc1NC(=O)C(=O)Nc1ccccn1,0,PubChem2
CCOc1ccc2nc(NC(=O)CSc3cn[nH]n3)sc2c1,0,PubChem2
C=C(C)c1sc(-c2ccc(Cl)cc2)nc1C,0,PubChem2
COc1ccccc1C=C1C(=O)N(c2ccccc2)N=C1C,0,PubChem2
Cc1ccc(NC(=O)Nc2ccc(-c3csc4ncnc(N)c34)cc2)cc1C,0,PubChem2
CN1CCCC1COc1cncc(CCc2ccccc2)c1,0,PubChem2
O=C(Nc1nc2ccccc2s1)c1ccc(F)cc1,0,PubChem2
Cc1ccc(C(=O)NNC(=S)Nc2cccc3ccccc23)s1,0,PubChem2
CN(C)c1ccc(C=CC(=O)c2cccc(Br)c2)cc1,0,PubChem2
C#Cc1cc2c(cc1OC)-c1[nH]nc(-c3ccc(C#N)nc3)c1C2,0,PubChem2
CCCc1cc(C(=O)Nc2cc(C)ccc2O)no1,0,PubChem2
Cc1cc(C)n2nc(-c3ccccc3)cc2n1,0,PubChem2
Cc1ccsc1C=NNC(=O)c1ccccn1,0,PubChem2
CC(C)c1ccc(-n2nc3ccc(N)cc3n2)cc1,0,PubChem2
c1ccc(Cn2nnc(-c3ccc4[nH]ncc4c3)c2C2CC2)cc1,0,PubChem2
Cc1oc2ccc(OCc3cccc(Cl)c3)cc2c1C(=O)O,0,PubChem2
Cc1ccc(C(N)=NOC(=O)c2ccc3c(c2)OCO3)cc1,0,PubChem2
CCN(CCN)C(=O)c1cccc(-n2nc(C(C)(C)C)cc2NC(=O)Nc2cccc3ccccc23)c1,0,PubChem2
Cc1ccc(C(=O)NN=Cc2cc(Br)c(Br)o2)cn1,0,PubChem2
COc1cc(OC)cc(C(=O)NC(=S)Nc2cccnc2)c1,0,PubChem2
CSC(N)=NN=Cc1cc(C)ccc1O,0,PubChem2
Cc1[nH]n(C(N)=S)c(=O)c1N=Nc1cc(-c2ccc(Br)cc2)[nH]n1,0,PubChem2
COc1ccc(C=C(C#N)C(=O)Nc2cccc(C)n2)cc1,0,PubChem2
CCN(CC)c1ccc(C=NN2C(=O)c3ccccc3C2=O)cc1,0,PubChem2
CC(=O)Nc1ccc(C=NNC(=O)c2cccs2)cc1,0,PubChem2
Cc1nc2nc(-c3ccc(F)cc3)cn2nc1C,0,PubChem2
O=C(O)c1cc2nc3c(c(C(F)(F)F)n2n1)CCc1ccccc1-3,0,PubChem2
Cc1ccc(-c2nc(-c3ccccn3)no2)cc1,0,PubChem2
Cc1[nH]n(-c2ccc(Cl)c(Cl)c2)c(=O)c1C=c1c(C)c(C#N)c2nc3ccccc3n2c1=O,0,PubChem2
O=C(Nc1nc(COc2ccccc2)cs1)C1CCC1,0,PubChem2
Cc1cc(N2CCOCC2)nc2ccc(NC(=S)N3CCCCC3C)cc12,0,PubChem2
O=C(ON=Cc1ccc(Br)cc1)c1ccc(F)cc1,0,PubChem2
Cc1ccc2[nH]c3c(c2c1)CN(C(=O)CN1CCCc2ccccc21)CC3,0,PubChem2
Fc1cccc2sc(Nc3nc4cc5c(cc4s3)OCO5)nc12,0,PubChem2
O=C(Nc1ccc(N2CCCC2=O)cc1)c1cccc(F)c1,0,PubChem2
Cc1ccccc1CC(=O)Nc1ccc(C(=O)N2CCCC2)cc1,0,PubChem2
Cn1c(O)c(C=Nc2ccc(Br)cc2)c(=O)n(C)c1=O,0,PubChem2
OC(=Cc1nc2ccccc2[nH]1)c1cccs1,0,PubChem2
CCOc1nc(C(=O)NCc2ccc(S(C)(=O)=O)cc2)cc(N)c1Cl,0,PubChem2
O=C(c1cccs1)c1coc2ccc(O)cc12,0,PubChem2
CC(C)(C)c1cc(NC(=O)Nc2cccc3ccccc23)n(-c2cccc(C(=O)NCCCCC(=O)O)c2)n1,0,PubChem2
O=C1CC(N2CCN(Cc3ccc4c(c3)OCO4)CC2)C(=O)N1c1ccccc1,0,PubChem2
Cc1ccc(C=Nc2ccccc2C#N)s1,0,PubChem2
O=C(Nc1nc2ccccc2s1)c1ccc(N2CCCCC2)c([N+](=O)[O-])c1,0,PubChem2
COc1cccc(-c2nnc(Nc3nc4c(F)cccc4s3)o2)c1,0,PubChem2
Cc1ccc2nc(N3C(=O)CNC3=S)sc2c1,0,PubChem2
CCCOc1ccc(C(=O)NC(=S)Nc2nc3ccccc3s2)cc1,0,PubChem2
NCCCOc1cc2c(c(-c3ccc(Nc4nc5ccc(Cl)cc5o4)cc3)c1)CNC2=O,0,PubChem2
COc1ccccc1C(=O)N=c1sc2c(C)ccc(OC)c2n1C,0,PubChem2
Oc1cc(Br)ccc1C=Nc1ccc(N2CCCCC2)cc1,0,PubChem2
O=C(CCCOc1ccccc1)N1CCCCC1,0,PubChem2
Nc1nc(N)nc(-c2ccc(Cl)c(Cl)c2)n1,0,PubChem2
CNC(=O)c1ccccc1Nc1nc(Nc2ccc(N3CCOCC3)cc2OC)ncc1Cl,0,PubChem2
NC(=O)c1cc(Cl)cc2[nH]c(-c3ccc(C4CCCNC4)cc3F)nc12,0,PubChem2
Cc1cccc(C(=O)ON=Cc2ccc(Br)cc2)c1,0,PubChem2
CN1CCN(c2ccc(Nc3nc(N)c(C(=O)c4c(Cl)cccc4Cl)s3)cc2)CC1,0,PubChem2
O=C(C=Cc1ccccc1)Nc1cccc(C(=O)O)c1,0,PubChem2
COc1ccc(Cc2nnc(SCC(=O)c3cccc([N+](=O)[O-])c3)n2C)cc1,0,PubChem2
COc1ccc(NC(=O)Nc2ccccc2C(N)=O)cc1,0,PubChem2
COc1ccc(-c2cc(C(=O)N3CCCC3)no2)cc1,0,PubChem2
C=CCc1cccc(C=NNC(=O)CNc2cccc3ccccc23)c1O,0,PubChem2
Cc1cc([N+](=O)[O-])cc(C=NNC(=O)C2COc3ccccc3O2)c1O,0,PubChem2
Cc1cccc(-c2noc(-c3cc4ccccc4oc3=O)n2)c1,0,PubChem2
Cc1ccc(C=Cc2nnc(-c3cccs3)o2)cc1,0,PubChem2
CCOC(=O)c1cc2c(=O)c3ccccc3oc2nc1C,0,PubChem2
O=C(C=Cc1cccc(F)c1)N1CCc2ccccc21,0,PubChem2
CCOc1ccc(OCc2cccc(C(=O)O)c2)cc1,0,PubChem2
O=C(C=CNc1ccc(F)cc1Br)c1ccccc1,0,PubChem2
O=C(Nc1cccnc1)c1cc(-c2ccc(Cl)cc2Cl)on1,0,PubChem2
O=C(C=Cc1cccs1)c1ccc(N2CCOCC2)cc1,0,PubChem2
COc1cccc(-c2nc3ccccc3s2)c1O,0,PubChem2
CCOc1cc(C=C2C(=O)N(c3nc(-c4ccc(Br)cc4)cs3)N=C2c2ccccc2)ccc1O,0,PubChem2
Cc1ccc(C(C[N+](=O)[O-])c2c(C)[nH]n(-c3ccccc3)c2=O)cc1,0,PubChem2
COC(=O)c1sc2nc3c(cc2c1N)CCCC3,0,PubChem2
COc1cc(OC)c(C2Nc3cccc4cccc(c34)N2)c(OC)c1,0,PubChem2
COC(=O)c1ccc(NC(=O)Nc2ccc(F)c(Cl)c2)cc1,0,PubChem2
CCn1c(C)c(C(C)=O)cc(C#N)c1=O,0,PubChem2
Cn1nc([N+](=O)[O-])nc1N1CCOCC1,0,PubChem2
CCCc1cc(=O)oc2c(C)c(OCC(=O)Nc3ccccn3)ccc12,0,PubChem2
CN(C)S(=O)(=O)c1ccccc1-c1ccc2c(c1)Nc1ccccc1NC2=O,0,PubChem2
O=C(Nc1ccc(F)cc1)Oc1ccc[nH]c1=O,0,PubChem2
Cc1ccc2oc(-c3cccc(N)c3)nc2c1,0,PubChem2
CCOc1nc(C(=O)NCc2ccc(S(N)(=O)=O)cc2)cc(N)c1C#N,0,PubChem2
O=C(NN=Cc1ccccc1Cl)c1nc2ccc([N+](=O)[O-])cc2c(=O)[nH]1,0,PubChem2
Cc1csc(NN=Cc2ccc(O)c([N+](=O)[O-])c2)n1,0,PubChem2
O=C(COc1ccc2ccccc2c1)Nc1nccs1,0,PubChem2
O=C(NCC1CCCCC1)c1cc2c(-c3ccccc3)[nH]nc2s1,0,PubChem2
O=C(Oc1ccc(-c2cn3c(n2)SCC3)cc1)c1ccccc1,0,PubChem2
Cc1ccc(NC=CC(=O)c2ccccc2)cc1C,0,PubChem2
O=C(Nc1ccc(F)cc1)Nc1ccc2c(c1)OCO2,0,PubChem2
CCn1c(C)c(-c2ccnc(Nc3cccc(OC)c3)n2)sc1=O,0,PubChem2
Cc1cc(C)c2c(N)c(C(=O)Nc3ncc(C)s3)sc2n1,0,PubChem2
Brc1ccc2[nH]nc(-c3ccccc3)c2c1,0,PubChem2
O=C(O)c1cc(-c2ccc3ccccc3c2)nc2ccc(F)cc12,0,PubChem2
COc1cccc(OCc2nc3c4cnn(-c5ccccc5)c4ncn3n2)c1,0,PubChem2
COc1ccc(C(=O)c2c(C(F)(F)F)oc3c2C(=O)c2ccccc2C3=O)cc1OC,0,PubChem2
O=C(Nc1cccc(C(=O)N2CCOCC2)c1)c1ncn[nH]1,0,PubChem2
COc1ccc(CNc2c(Nc3ccc4[nH]ncc4c3)c(=O)c2=O)cc1,0,PubChem2
Cc1ccc(C(=O)Nc2nc(C)c(C)s2)o1,0,PubChem2
O=C(CN1CCC(n2nnc3cc(F)ccc32)CC1)NCCc1nc2ccccc2[nH]1,0,PubChem2
Cc1ccccc1NC(=O)c1onc2c1CCCC2,0,PubChem2
Cc1ccnc(NC(=O)c2ccc3c(c2)NC(=O)C(C)S3)c1,0,PubChem2
O=[N+]([O-])c1cccc(C=NNc2ccccn2)c1,0,PubChem2
Cc1nc(NC(=O)c2cccc(Cl)c2)sc1C(=O)N1CCCCC1,0,PubChem2
Cc1nonc1C(=O)NN=Cc1cc2c(cc1Br)OCO2,0,PubChem2
Cc1nc2ccc(C(=O)OCc3ccccc3Br)cc2nc1C,0,PubChem2
Cn1c2ccccc2c(=O)c2cc(C#CC3(O)CCCCC3)ccc21,0,PubChem2
COc1cccc(C(C)NC(=O)N2CC=C(c3c[nH]c4ncccc34)CC2)c1,0,PubChem2
O=C(Nc1nnc(SCc2ccccc2)s1)c1ccco1,0,PubChem2
Cc1cccc(NC(=O)c2ccc(F)c(S(=O)(=O)NCc3ccco3)c2)c1,0,PubChem2
CN(C)c1ccc(-c2nnc(-c3cccs3)o2)cc1,0,PubChem2
CNC(=O)C=Cc1cnc(N)c2c(-c3ccc4c(c3)OCO4)csc12,0,PubChem2
Fc1cccc(-c2cc3nc4c(c(NCc5ccco5)n3n2)CCCC4)c1,0,PubChem2
COc1ccc(C(=O)Nc2sc3c(c2C#N)CCN(C(C)=O)C3)cc1,0,PubChem2
C(=Cc1ccccc1)C=NN1CCN(c2ccccc2)CC1,0,PubChem2
Cc1cccc(NC(=O)Nc2ccc(-c3csc4c(C#CCN5CCOCC5)cnc(N)c34)cc2)c1,0,PubChem2
O=C(Nc1c[nH]c(=O)[nH]c1=O)c1cccc(F)c1,0,PubChem2
Cc1cccc(NC=Cc2onc(C)c2[N+](=O)[O-])c1,0,PubChem2
Brc1ccccc1-c1nc2c3ccccc3ncn2n1,0,PubChem2
O=C(Nc1ccccc1)c1ccc(NC(=O)C2CC2)cc1,0,PubChem2
Cc1ccc(CN2CCN(CC(=O)NN=Cc3ccccc3F)CC2)cc1,0,PubChem2
O=C1N=c2ccc(Br)cc2=C1c1sc(=S)[nH]c1O,0,PubChem2
COc1cc(C)c(C(=O)Oc2cc(C)c(C(=O)O)c(O)c2)c(O)c1,0,PubChem2
Cn1c(C(=O)Nc2ccccc2)cc2sccc21,0,PubChem2
O=C1Nc2ccccc2Nc2cc(-c3ccncc3F)ccc21,0,PubChem2
Cc1ccc(NC(=O)COc2ccccc2[N+](=O)[O-])nc1,0,PubChem2
CC(C)C(NS(=O)(=O)c1ccccc1)C(=O)OCC(=O)NC(=O)c1cccn1C,0,PubChem2
N#Cc1c(N)n(CCSc2ccccc2)c2nc3ccccc3nc12,0,PubChem2
O=C(c1ccccc1)c1coc2c1C(=O)c1ccccc1C2=O,0,PubChem2
CC(C)(C)c1cc[n+](C2=C([O-])c3ccccc3C(=O)C2=NS(=O)(=O)c2ccccc2)cc1,0,PubChem2
COc1ccc(S(=O)(=O)Oc2ccc3cccc(N)c3c2)cc1,0,PubChem2
O=[N+]([O-])c1ccccc1CSc1nc2ccccc2o1,0,PubChem2
Nn1c(SCc2ccccc2)nc2c(cnn2-c2ccccc2)c1=O,0,PubChem2
COc1ccc(C(=O)NN=CC(=O)c2ccccc2)cc1,0,PubChem2
Cc1nccn2c(-c3ccnc(NCC(C)(C)C(=O)O)n3)c(-c3ccc(F)cc3F)nc12,0,PubChem2
CC(C)(C)OC(=O)N1CCCC1CNC(=O)c1ccc2c(c1)NC(=O)C(=Cc1ccccc1F)S2,0,PubChem2
O=C(Nc1ccc(N2CCCCC2)cc1)c1cncc(Br)c1,0,PubChem2
Cc1cc(OCc2ccc(Cl)c(Cl)c2)ccc1CN1CC(C(=O)O)C1,0,PubChem2
Nc1ncnc2c1c(-c1cccc(OCc3ccccc3)c1)cn2C1CCC(N2CCCC2)CC1,0,PubChem2
CCC(=O)Nc1ccc(-c2nnc(-c3ccccc3)o2)cc1,0,PubChem2
CCN(CC)c1nc(N)c2c(N)nc(OC)cc2c1C#N,0,PubChem2
Cc1ccc(NC(=O)c2ccn(C)n2)c(Br)c1,0,PubChem2
COc1cccc(-n2cc(-c3ccc(F)cc3)[nH]c2=S)c1,0,PubChem2
CCN(CCN(C)C)C(=O)c1cccc(-n2nc(C(C)(C)C)cc2NC(=O)Nc2cccc3ccccc23)c1,0,PubChem2
COc1ccccc1N=Cc1c(O)n(C)c(=O)n(C)c1=O,0,PubChem2
O=C1NCCc2[nH]c(-c3ccnc(Cl)c3)cc21,0,PubChem2
CCOC(=O)C(C)On1c(-c2ccccc2)nc2ccc([N+](=O)[O-])cc21,0,PubChem2
O=C(Nc1cccc(F)c1)c1ccc(-c2ccccc2Cl)o1,0,PubChem2
O=C(NN=Cc1ccc(-c2ccccc2C(=O)O)o1)c1cccs1,0,PubChem2
Cc1ccccc1-c1nnc(-c2ccc(Cl)cc2)o1,0,PubChem2
CCc1cccc(NC(=S)Nc2cccc3ccccc23)c1,0,PubChem2
CCc1cc2cc(C(=O)Nc3ccccc3F)sc2s1,0,PubChem2
Cc1cc(C(=O)CS(=O)(=O)c2ccccc2)cc(C)c1OC(=O)N(C)C,0,PubChem2
COC(=O)c1sccc1NC(=O)Nc1cccc([N+](=O)[O-])c1,0,PubChem2
CS(=O)(=O)c1ccc(-c2cn3cc(C(=O)O)ccc3n2)cc1,0,PubChem2
Cc1ccc(NC(=S)Nc2cccc3ccccc23)cc1,0,PubChem2
COc1ccc(Cl)cc1C(=O)OCC(=O)NC(=O)c1cccn1C,0,PubChem2
CCOC(=O)c1c(C)[nH]c(C(=O)Nc2ccc3c(c2)OCO3)c1C,0,PubChem2
NC(COCc1ccccc1)COc1cncc(C=Cc2ccncc2)c1,0,PubChem2
CCOc1cccc(C=NNC(=S)Nc2ccccc2[N+](=O)[O-])c1O,0,PubChem2
COc1cc(C)c(Cl)cc1NC(=O)Nc1cnc(C#N)cn1,0,PubChem2
COc1ccc(C(=O)Nc2ccc(N3CCCCC3)cc2)cc1Br,0,PubChem2
COc1ccc(C(N)c2nccc3cc(OC)c(OC)cc23)cc1OC,0,PubChem2
CC(=NNc1nc2ccccc2[nH]1)c1cccs1,0,PubChem2
CNCc1ccc(-c2[nH]c3cc(F)cc4c3c2CCNC4=O)cc1,0,PubChem2
Cn1ccc(C(=O)Nc2ccc(Br)cc2Br)n1,0,PubChem2
CON=CC(C(C)=O)C(=O)Nc1ccc(Cl)cc1Cl,0,PubChem2
c1ccc2[nH]c(-c3nc4ccccc4[nH]3)nc2c1,0,PubChem2
N#Cc1ccc(C2N=C(c3ccccc3)NO2)cc1,0,PubChem2
CC(=O)NCc1ccc(-c2csc(-c3cccs3)n2)cc1,0,PubChem2
O=C(Nc1nc2ccccc2s1)c1cccc2c1CN(c1nc(C(=O)O)c(-c3ccc(CO)cc3)s1)CC2,0,PubChem2
O=C(Nc1ccc(F)cc1)Nc1ccc(N2CCOCC2)c2nonc12,0,PubChem2
O=C(Nc1ccc(Cl)cn1)Nc1ccccc1F,0,PubChem2
Cc1cccc(C=C2CCC(=C3SCCCS3)C2=O)c1,0,PubChem2
Cc1cc(C)cc(Nc2ncnc3nc[nH]c23)c1,0,PubChem2
CCOC(=O)c1c(C)oc2ccc(NS(=O)(=O)c3cccs3)cc12,0,PubChem2
O=C1NCCc2[nH]c(-c3ccnc(-c4cnc5ccccc5c4)c3)cc21,0,PubChem2
CN(N=Nc1ccc([N+](=O)[O-])cc1)c1ccccc1,0,PubChem2
O=C(Nc1ccccc1)c1ccc(-c2ccccc2)s1,0,PubChem2
CC(=NN=Cc1ccccc1O)c1ccccc1O,0,PubChem2
O=c1cc(-c2cccc(F)c2)nc2c(-c3ccc(F)cc3)c[nH]n12,0,PubChem2
CCN1C(=O)c2cccc3c(S(=O)(=O)Nc4ncccc4C)ccc1c23,0,PubChem2
CS(=O)(=O)c1cccc(-c2cnn3c(C(N)=O)cc(-c4ccccc4)nc23)c1,0,PubChem2
CN(CCO)c1nc(N)c2c(N)nc3c(c2c1C#N)CC(=O)N3Cc1cccs1,0,PubChem2
Nc1c(Cl)ncnc1NN=Cc1cccc(O)c1,0,PubChem2
COc1ccc(C(=O)c2ccc(OC)c(Br)c2)cc1Br,0,PubChem2
CCCN1C(=O)c2ccc(C(=O)Nc3ccc4c(c3)OCO4)cc2C1=O,0,PubChem2
Cc1noc(C)c1C(=O)OCC(=O)c1cc(C)n(Cc2ccccc2Cl)c1C,0,PubChem2
Cc1cccc(NC(=O)Nc2ccc(-c3csc4c(C#CCCCCCCCCN)cnc(N)c34)cc2)c1,0,PubChem2
O=C(Nc1sc2c(c1C(=O)O)CCCC2)c1cccs1,0,PubChem2
COc1ccc2nc(NC(=O)c3ccc(F)cc3)sc2c1,0,PubChem2
COc1ccc(C=NOCC(=O)Nc2nc3ccccc3s2)cc1,0,PubChem2
CS(=O)(=O)N(Cc1ccc2[nH]c(=O)c3cccn3c2c1)C1CC1,0,PubChem2
Nc1ccc(-c2nc3c(ccc4ccccc43)[nH]2)cc1,0,PubChem2
O=C(Nc1ccc(C(=O)O)cc1)Nc1cccc2ccccc12,0,PubChem2
CC(=NNC(=O)CNc1cccc2ccccc12)c1ccccc1,0,PubChem2
CC(C)c1ccc(-c2csc(NC(=O)c3cccs3)c2C(=O)O)cc1,0,PubChem2
CC(=NNC(=O)c1nn(C)c(C)c1Br)c1ccc(NC(=O)c2ccoc2C)cc1,0,PubChem2
COc1ccc(C=NN2CCN(c3ccccc3)CC2)cc1Br,0,PubChem2
O=C(Nc1nc2ccccc2[nH]1)c1cccc(F)c1,0,PubChem2
FC(F)(F)c1cc(Cl)c2nc(-c3ccccc3)cn2c1,0,PubChem2
O=c1ncn2nc(Sc3ccc(F)cc3F)ccc2c1-c1c(Cl)cccc1Cl,0,PubChem2
O=C(CNc1cccc2ccccc12)NN=CC(Br)=Cc1ccccc1,0,PubChem2
Clc1c(-c2ccccc2)nc2ccccn12,0,PubChem2
CNC(=O)c1cnc(N)c2c(-c3ccc(NC(=O)Nc4cc(C)ccc4F)cc3)csc12,0,PubChem2
COc1ccc2nc(NC(=O)c3ccccc3O)sc2c1,0,PubChem2
O=c1[nH]c2sc3c(c2c2nc(-c4cccnc4)nn12)CCCC3,0,PubChem2
COc1cccc(CNC(=O)c2cnc(-c3ccncc3)nc2)c1,0,PubChem2
O=C(O)c1ccc(N2Cc3ccccc3C2)cc1O,0,PubChem2
NC(=O)c1cc(-c2cccs2)n2nccc2n1,0,PubChem2
NC(COc1cncc(C=Cc2ccncc2)c1)Cc1ccccc1,0,PubChem2
Cc1cc(N2CCOCC2)cc2[nH]c(-c3c(NCC(O)c4cccc(Cl)c4)cc[nH]c3=O)nc12,0,PubChem2
COc1cc(Nc2nccc(Nc3cc(C4CCCCC4)no3)n2)cc(OC)c1OC,0,PubChem2
Cc1ccc(-c2cc3c(N=O)c4ccccc4c-3n[nH]2)cc1,0,PubChem2
NC(=O)C1CCN(C2=C(Cl)C(=O)c3ccccc3C2=O)CC1,0,PubChem2
O=C(O)c1ccccc1Nc1ncnc(Nc2cccc(F)c2)n1,0,PubChem2
CN1CCC(c2c(O)cc(O)c3c(=O)cc(-c4ccccc4Cl)oc23)C(O)C1,0,PubChem2
O=C1COc2ccc(C(=O)COC(=O)c3ccccc3Cl)cc2N1,0,PubChem2
CCOc1cccc(C=Cc2ccc3cccc(O)c3n2)c1O,0,PubChem2
CCOC(=O)c1c(CN(C)C)n(C)c2c(O)c(N=NC(N)=O)c3ccc(Br)cc3c12,0,PubChem2
Cn1cc(Br)c(C(=O)Nc2ncc(Br)s2)n1,0,PubChem2
O=C(C=Cc1cccs1)Nc1ccc(Br)cn1,0,PubChem2
Cc1ccc2nc(-c3ccccn3)oc2c1,0,PubChem2
COc1ccc(C2C(=C(O)c3ccc(Br)cc3)C(=O)C(=O)N2C)cc1OC,0,PubChem2
Cc1ccc(-c2cnn(-c3cccc([N+](=O)[O-])c3)c2N)cc1,0,PubChem2
COc1ccc(C(=O)N=c2sc3c(C)ccc(OC)c3n2C)cc1OC,0,PubChem2
CCN(CC)c1ccc(NC(=O)Nc2ccccc2)cc1,0,PubChem2
COc1cccc(C(=O)Nc2ccc(C(F)(F)F)n(C)c2=O)c1,0,PubChem2
CCNc1nc(N)nc(Oc2ccc(OCC)nn2)n1,0,PubChem2
C=C1CCc2c([nH]c3ccc(OCC(C)C)cc23)C1=O,0,PubChem2
Cc1nc(-c2noc(-c3ccccc3Cl)n2)c(C(F)(F)F)o1,0,PubChem2
COc1ccc(C2=NN(CN3C(=O)C(=O)c4ccccc43)C(c3ccc(Br)cc3)C2)cc1,0,PubChem2
COc1ccc(C(=O)C=Cc2cccs2)c(OC(=O)c2cccc([N+](=O)[O-])c2)c1,0,PubChem2
CCN(CC)CCNc1ccc(O)c2ccccc12,0,PubChem2
COc1ccc(N2CCN(C(CNC(=O)Oc3ccccc3)c3cccnc3)CC2)cc1,0,PubChem2
Clc1cc2n[nH]nc2cc1Cl,0,PubChem2
COc1ccc(C(=O)Nc2nnc(SCC(=O)NC3CCCC3)s2)c(OC)c1,0,PubChem2
O=C(NC(CO)c1ccccc1)N1CC=C(c2c[nH]c3ncccc23)CC1,0,PubChem2
Nc1n[nH]c2ccc(-c3cn(Cc4ccccc4)nn3)cc12,0,PubChem2
O=C(COc1ccc(-c2ccccc2)cc1)N1CCCC1,0,PubChem2
Cc1cc(=O)n2[nH]c(SCc3ccc(Cl)cc3)nc2n1,0,PubChem2
Clc1ccc2nc(N3CCCCC3)[nH]c2c1,0,PubChem2
O=C1C(=Cc2cccs2)Sc2ccc3ccccc3c21,0,PubChem2
c1ccc2c(c1)oc1c(Nc3ccc4c(c3)OCCO4)ncnc12,0,PubChem2
O=C(Oc1ccc(-c2ccccc2)cc1)N1CCCCC1,0,PubChem2
O=C1c2ccccc2-c2nc3ccccc3cc21,0,PubChem2
Cc1ccc2nccc(NC(=O)Nc3cccc(C(F)(F)F)n3)c2c1,0,PubChem2
CCOc1ccc(C(=O)Nc2nc(C)c(C(=O)OC)s2)cc1,0,PubChem2
CCN1CCN(c2ccc(Nc3nccc(-c4c(-c5cccc(C(=O)Nc6ccccc6F)c5)nc5ccccn45)n3)cc2)CC1,0,PubChem2
CCOC(=O)c1cc2cc3ccccc3cc2[nH]1,0,PubChem2
CC(C)C(=O)Nc1ccc(-c2nnc(-c3ccccc3)o2)cc1,0,PubChem2
O=C(Nc1nc2c(F)cc(F)cc2s1)c1ccc([N+](=O)[O-])o1,0,PubChem2
Cc1cc(C)c(NC(=O)C2CCCCN2C)c(C)c1,0,PubChem2
COc1ccc2c(c1)CCc1c(C(=O)NCC(C)C)noc1-2,0,PubChem2
O=C(C=Cc1ccc(Cl)c(Cl)c1)N1CCc2ccccc21,0,PubChem2
CCCCc1cc(=O)oc2cc(C)cc(OCC(=O)Nc3ccccn3)c12,0,PubChem2
CCOc1ccc(C=CC(=O)Oc2ccccc2)cc1,0,PubChem2
O=C(Nc1ccccc1)C(=O)Nc1cccnc1,0,PubChem2
N#Cc1c(C(F)(F)F)cc(-c2ccc(Cl)cc2)[nH]c1=O,0,PubChem2
CCSc1nn2c(=O)c3ccccc3nc2s1,0,PubChem2
O=C(Nc1cccc(Br)c1)c1cccc(OC(=S)N2CCOCC2)c1,0,PubChem2
Cc1ccccc1Nc1nccc(-c2c(-c3cccc(NC(=O)Cc4ccccc4)c3)nc3sccn23)n1,0,PubChem2
NC(=O)c1ccc(NC2CCCCC2N)nc1Nc1cccc(Cl)c1,0,PubChem2
COc1cccc(C(=O)C=C2Sc3ccccc3N2C)c1,0,PubChem2
O=C(c1ccc2nc(-c3ccco3)c(-c3ccco3)nc2c1)N1CCC2(CC1)OCCO2,0,PubChem2
COc1ccc(CNC(=O)Nc2ncc([N+](=O)[O-])s2)cc1,0,PubChem2
c1ccc(-c2ncc3c(ccc4ccccc43)n2)cc1,0,PubChem2
CSc1ccc(C2C(C(=O)c3ccco3)=C(O)C(=O)N2c2nnc(SC)s2)cc1,0,PubChem2
N#Cc1ccc(C(=O)Nc2ccc3ccccc3c2)cc1,0,PubChem2
Cc1ccc2ccc(C3C(=O)c4ccccc4C3=O)nc2c1,0,PubChem2
COCC(C)NC(=O)c1noc2c1CCc1cc(OC)ccc1-2,0,PubChem2
COc1cccc(C=NNC(=O)CNC(=O)C(c2ccccc2)c2ccccc2)c1O,0,PubChem2
O=[N+]([O-])c1nn(-c2ccc3c(c2)OCCO3)n(O)c1=NCc1ccc(F)cc1Cl,0,PubChem2
COc1ccc(-c2nc(-c3ccc(Br)o3)no2)cc1,0,PubChem2
CN(C(=O)c1ccc(-c2ccccc2)cc1)C1CCCCC1,0,PubChem2
O=C(CNc1ccc(Br)cc1)c1ccccc1,0,PubChem2
Cc1ccc(C(=O)CC2SC(N)=NC2=O)cc1,0,PubChem2
CCOc1ccc(C=C2SC(=O)NC2=S)cc1,0,PubChem2
CN(c1ccc(C(=O)NCCc2ccccc2)cc1)S(C)(=O)=O,0,PubChem2
CNC(=S)Nc1ccc(-c2nc3ccc(C)cc3s2)cc1,0,PubChem2
N#Cc1ncc2nc1OCC(O)C(O)COc1ccc(Cl)cc1NC(=O)N2,0,PubChem2
O=c1c2ccccc2cnn1-c1ccc(Cl)cc1,0,PubChem2
Fc1ccccc1-c1nc(-c2ccccc2)no1,0,PubChem2
Cc1oc2c(c1C(=O)N1CCC(C)CC1)C(=O)c1ccccc1C2=O,0,PubChem2
Cc1ccc(C=CC(=O)c2c(C)nc3ccccn23)cc1,0,PubChem2
O=C(C=Cc1cccc(O)c1)c1ccc(N2CCOCC2)cc1,0,PubChem2
Cc1nc(-c2ccc(C(=O)Nc3ccc(F)cc3)cc2)cs1,0,PubChem2
Cc1nc2cc(NC(=O)Nc3cccc([N+](=O)[O-])c3)ccc2n1C,0,PubChem2
Nc1ccccc1C#Cc1ccc([N+](=O)[O-])cc1,0,PubChem2
O=C1CCCN1Cc1ccc2c(c1)[nH]c(=O)c1cccn12,0,PubChem2
COc1cc(-c2ccc3c(c2)Nc2ccc(C(=O)NCc4cccc(F)c4)cc2NC3=O)ccc1O,0,PubChem2
NC(=NN=Cc1cccc([N+](=O)[O-])c1)c1nonc1N,0,PubChem2
CCN(CC)S(=O)(=O)c1ccc2oc(Nc3ccccc3)nc2c1,0,PubChem2
COc1ccc(-c2cc3cc(F)ccc3cn2)cc1,0,PubChem2
CC(=O)Nc1ccc(-c2nc3cc(Cl)ccc3o2)cc1,0,PubChem2
Nc1c(N=Nc2ccccc2F)c(=O)[nH]n1-c1ccccc1,0,PubChem2
O=C(ONc1ccc(N=NC(=O)c2ccccc2O)cc1)c1ccccc1,0,PubChem2
Nc1scc2c(C(=O)NN=Cc3ccc(Cl)cc3)nn(-c3ccccc3)c(=O)c12,0,PubChem2
Cc1ccsc1C(=O)OCC(=O)c1cc(C)n(CC2CCCO2)c1C,0,PubChem2
Cc1ccc(Cl)c2sc(NC(=O)C3=COCCO3)nc12,0,PubChem2
N#Cc1c(N2CCCC(O)C2)nc(N)c2c(N)nc3c(c12)CC(=O)N3C12CC3CC(CC(C3)C1)C2,0,PubChem2
Cc1nc2ccc(NC(=O)c3ccc4ccccc4n3)cc2s1,0,PubChem2
Brc1cnc2[nH]cc(-c3ccccc3)c2c1,0,PubChem2
Cc1ccc2oc(-c3cccc(NC(=O)Cc4cccs4)c3)nc2c1,0,PubChem2
Fc1ccccc1COc1ccc(C(=S)N2CCCC2)cc1,0,PubChem2
CN(N=Nc1cccc([N+](=O)[O-])c1)c1ccccc1,0,PubChem2
COc1ccc2cc(C(=O)N3CCc4ccccc43)[nH]c2c1,0,PubChem2
Oc1cccc2ccc(C=Cc3c(F)cccc3Cl)nc12,0,PubChem2
CSc1ccccc1NC(=O)Nc1ccc(F)c(Cl)c1,0,PubChem2
CCOc1cc(C=O)cc(N=Nc2cccc([N+](=O)[O-])c2)c1O,0,PubChem2
CC1CCCN(c2ccc3nc4ccccc4c(=O)n3n2)C1,0,PubChem2
Nn1c(-c2cccs2)nc2sc3c(c2c1=O)CCCC3,0,PubChem2
COc1cc(SC)ccc1C(=O)Nc1ccc(C)cc1C,0,PubChem2
OCCCn1cnc(-c2ccc(F)cc2)c1-c1ccncc1,0,PubChem2
COc1ccccc1CN=C(N)Nc1nccc(-c2cccs2)n1,0,PubChem2
CCc1cc(=O)oc2c3c(cc(OCC(=O)NCc4ccncc4)c12)OC(C)(C)CC3,0,PubChem2
COc1ccc(C=NOCC(=O)Nc2nc3ccccc3s2)cc1OC,0,PubChem2
COc1ccc(-c2csc(NC(=O)c3ccccc3F)c2C(=O)O)cc1,0,PubChem2
Cc1cc(Cl)ccc1NC(=S)NNC(=O)C(O)(c1ccccc1)c1ccccc1,0,PubChem2
CC(=O)Oc1ccc2cc(-c3ccccc3)c(=O)oc2c1,0,PubChem2
Cc1nnc(NC(=O)Nc2cccc(Cl)c2)s1,0,PubChem2
NC(=NOC(=O)c1cccc([N+](=O)[O-])c1)c1ccccn1,0,PubChem2
Cc1ccnc(NC(=O)Nc2ccc3c(c2)OCO3)c1,0,PubChem2
COc1ccc(-c2cc(-c3ccc(Cl)cc3)n[nH]2)c(O)c1,0,PubChem2
CC(=O)c1ccc(NC(=O)CSc2nnc(NC(=O)c3ccco3)s2)cc1,0,PubChem2
CN(C)c1ccc(C(=O)Nc2n[nH]c3ccc(-c4cn(Cc5ccccc5)nn4)cc23)cc1,0,PubChem2
Cn1cc(-c2cc3nc(Br)cnc3[nH]2)c2cc(C#N)ccc21,0,PubChem2
CN(C)C(=O)Nc1ccc2nc(-c3ccco3)c(-c3ccco3)nc2c1,0,PubChem2
O=C(O)c1cc2c(-c3ccccc3)cncc2s1,0,PubChem2
CNC(=O)c1cc(Oc2ccc(NC(=O)Nc3cccc(C(F)(F)F)c3)cc2)ccn1,0,PubChem2
O=c1nc(-c2ccccc2)cc(-c2ccncc2)[nH]1,0,PubChem2
O=C(O)c1cc(NN=Cc2ccc3c(c2)OCO3)ccc1Cl,0,PubChem2
CCOc1ccc(-c2nnc(-c3ccccc3)o2)cc1,0,PubChem2
O=C(Nc1ccc(Br)cn1)c1ccc(Br)s1,0,PubChem2
CNC(C)C#Cc1ccc2c(=O)c3cc(C)c(C)cc3oc2c1,0,PubChem2
O=C(C=CNc1ccc(Oc2ccccc2)cc1)c1ccco1,0,PubChem2
O=C(Nc1cnccn1)Nc1ccnc2c(C(F)(F)F)cccc12,0,PubChem2
C=CCn1c(SCc2nc(N)nc(N3CCCCC3)n2)nnc1-c1ccco1,0,PubChem2
Cc1occc1C(=O)Nc1ccc(Br)cc1F,0,PubChem2
Cc1ccc(O)c(-c2cc(-c3ccc(F)cc3)no2)c1,0,PubChem2
Cc1ccc(-c2nnc(-c3ccccc3Br)o2)cc1,0,PubChem2
Cc1ccc2c(c1)NC(=O)c1ccccc1N2,0,PubChem2
CSc1nn(-c2ccccn2)c(N)c1C(N)=O,0,PubChem2
CC(Nc1c(Nc2ccncc2)c(=O)c1=O)C1CCCCC1,0,PubChem2
Cc1ccc(C)c(S(=O)(=O)N=C2C=C(NS(=O)(=O)c3ccccc3)C(=O)c3ccccc32)c1,0,PubChem2
O=C(C=CNc1ccc(Br)cc1F)c1cccs1,0,PubChem2
NCCOc1cncc(C=Cc2ccncc2)c1,0,PubChem2
COC(=O)COc1ccc2cc(-c3ccccc3)c(=O)oc2c1,0,PubChem2
Nc1n[nH]c2ccc(-c3nnn(Cc4ccccc4)c3-c3ccc(F)cc3)cc12,0,PubChem2
COc1ccc(C(=O)Nc2ccc3c(c2)OCO3)cc1OC,0,PubChem2
Cc1cc(C(=O)Nc2ccc3c(c2)OCCO3)ccc1[N+](=O)[O-],0,PubChem2
Nc1cccc2c(O)cccc12,0,PubChem2
Cc1oncc1C(=O)Nc1ccc2ccccc2c1,0,PubChem2
N#CC(=C(O)c1cc2ccccc2o1)c1nc2ccccc2s1,0,PubChem2
COc1cccc2cc(-c3cn4ccc(C)cc4n3)c(=O)oc12,0,PubChem2
Cc1ccc(-c2ccc(NC(=O)Nc3cccc(Br)c3)cc2)c2c(N)n[nH]c12,0,PubChem2
NC1CCC(Nc2nc(Cl)cc(-c3c[nH]c4ncccc34)n2)CC1,0,PubChem2
CC(C)(C)c1cnnn1-c1ccc(C=NNc2ccc([N+](=O)[O-])cc2)cc1,0,PubChem2
Cc1cc(C)c2oc(Nc3ccc(-c4cccc(C(N)=O)c4N)cc3F)nc2c1,0,PubChem2
COc1ccc(NC(=O)C(NS(=O)(=O)c2ccc3c(c2)CCCN3C(C)=O)C(C)C)c(OC)c1,0,PubChem2
Nc1c2c(nc3sc4c(c13)CCCCC4)CCCC2,0,PubChem2
O=C(Nc1ccc(Br)cn1)c1ccc2ccccc2c1,0,PubChem2
O=C1CN2C(=NN1)COc1ccccc12,0,PubChem2
COc1cc(CN(CC2CCCO2)C(=O)c2cccs2)cc(OC)c1OC,0,PubChem2
Cc1cc(C(=O)ON=C(N)c2ccncc2)ccc1[N+](=O)[O-],0,PubChem2
CSc1c[nH]c2c(ccc3cnccc32)c1=O,0,PubChem2
CCOc1nc(NC(=O)Cc2cc(OC)ccc2OC)cc(N)c1C#N,0,PubChem2
Nc1ncnc2c1c(-c1ccc(Oc3ccc(CO)cc3)cc1)cn2C1CCOC1,0,PubChem2
O=C1C(=Cc2ccc(O)cc2)SC(=S)N1N=Cc1ccc(O)cc1,0,PubChem2
Cc1cc2cc(OCc3ccccc3)ccc2n1C,0,PubChem2
Cc1ccc(NC(=O)Nc2ccccc2C(=O)NCc2ccccc2)cc1,0,PubChem2
CC(C)(C)OC(=O)N1CCC(c2c(C(=O)NCC3CCN(C4CCCC4)C3)cnn2-c2ccc(F)cc2)CC1,0,PubChem2
COc1ccc(-c2cc(-c3ccc(C)cc3)n[nH]2)c(O)c1,0,PubChem2
O=C(c1cc(-c2ccc(Br)cc2)on1)N1CCOCC1,0,PubChem2
c1nc(-c2ccc3c(c2)OCO3)c2cc[nH]c2n1,0,PubChem2
O=C(Nc1cccc(N2CCOCC2)n1)Nc1ccnc2c(C(F)(F)F)cccc12,0,PubChem2
Cc1nc(NC(=O)c2ccc3c(c2)OCO3)ccc1Br,0,PubChem2
CC(=O)OCCNc1cc(SC(C)C)c2nonc2c1[N+](=O)[O-],0,PubChem2
CCN1CCN(Cc2ccc(NC(=O)Nc3ccc(Oc4cc(NC)ncn4)cc3)cc2C(F)(F)F)CC1,0,PubChem2
Cc1ccc2nc(NC(=O)c3ccccc3F)sc2c1,0,PubChem2
O=c1cc(-c2ccncc2)nc(NC2CCCCC2)[nH]1,0,PubChem2
CCN(C(=S)Nc1cccnc1)c1cccc2ccccc12,0,PubChem2
Nc1ncc(-c2ccoc2)c2scc(-c3ccc(NC(=O)Nc4cccc(F)c4)cc3)c12,0,PubChem2
CC(=NNc1ccc([N+](=O)[O-])cc1)c1ccco1,0,PubChem2
O=C(NC(=O)c1ccccc1)Nc1ccccc1O,0,PubChem2
CCOc1cccc(C(=O)Nc2nnc(-c3ccco3)s2)c1,0,PubChem2
Cc1ccc(C(=O)Nc2ccon2)cc1Nc1ncnc2c1cnn2-c1ccccc1,0,PubChem2
CCC(C)NC(=O)c1c(N)n(CCCOC)c2nc3ccccc3nc12,0,PubChem2
O=C(O)c1ccccc1NN=Cc1ccnc2ccccc12,0,PubChem2
O=C(O)c1ccccc1Nc1ccnc(Nc2cccc(F)c2)n1,0,PubChem2
O=C(NCc1ccc(Cl)cc1)c1cc2c(-c3ccccc3)[nH]nc2s1,0,PubChem2
COc1ccc(OC)c(-n2nnnc2SCC(=O)Nc2ccc(C(=O)N3CCCCC3)cc2)c1,0,PubChem2
COc1ccc(NC=CC(=O)c2ccc3c(c2)OCO3)cc1,0,PubChem2
Cn1c(NC(=O)c2ccc(F)cc2)nc2ccccc21,0,PubChem2
COc1ccc(OC(=O)c2ccc3nsnc3c2)cc1,0,PubChem2
CCCc1cc(C(=O)NNC(=S)Nc2cccc(C)c2)cs1,0,PubChem2
Nc1nnc(-c2cc3c(Oc4ccc(Cl)cc4)cncc3s2)o1,0,PubChem2
O=C(Nc1ccc2c(c1)OCCO2)c1cccc(Cl)c1,0,PubChem2
c1csc(-c2cn3ccc4ccccc4c3n2)c1,0,PubChem2
O=C(C=Cc1ccc(O)cc1)c1ccccc1,0,PubChem2
CC(C)(C)c1cc(NC(=O)Nc2cccc3ccccc23)n(-c2cccc(C(=O)N(CCN)CCO)c2)n1,0,PubChem2
CCOC(=O)c1sc(NC(=O)c2ccc(CC)s2)nc1C,0,PubChem2
O=C(c1cc(-c2ccc3[nH]ncc3c2)on1)N1CCCC(O)C1,0,PubChem2
COc1cc(C(=O)c2nccc3cc(OC)c(OC)cc23)c([N+](=O)[O-])cc1OC,0,PubChem2
COc1cc(-c2ccc3c(c2)Nc2ccc(C(=O)NCCCN(C)C)cc2NC3=O)ccc1O,0,PubChem2
O=C(CNc1cccc2ccccc12)NN=CC=Cc1ccco1,0,PubChem2
CCCc1cc(C(=O)Nc2cccc([N+](=O)[O-])c2)cs1,0,PubChem2
CC(C)(C)c1ccc(C=C2SC(=O)N(CCNC(=O)c3cccc(S(=O)(=O)N4CCOCC4)c3)C2=O)cc1,0,PubChem2
Cc1cc(O)c(-c2cc(C(=O)Nc3cccnc3)[nH]n2)cc1C,0,PubChem2
Cc1ccc2oc(-c3ccco3)nc2c1,0,PubChem2
CCc1ccc(-c2nc(CCl)cs2)cc1,0,PubChem2
Oc1ccc(NCc2cccc(OCc3ccccc3)c2)cc1,0,PubChem2
CC(C)(C)N1C(=O)Cc2c1nc(N)c1c(N)nc(N3CCCCC3CO)c(C#N)c21,0,PubChem2
CC(=O)c1ccc(NC(=O)CC2Nc3cccc4cccc(c34)NC2=O)cc1,0,PubChem2
Cn1nc(N)c2c(-c3ccc(NC(=O)Nc4cccc(C(F)(F)F)c4)cc3)cncc21,0,PubChem2
O=C(Nc1ccc(F)cc1F)c1cc2ccccc2oc1=O,0,PubChem2
COc1cc2c(C#N)c(N3CCN(C)CC3)nc(N)c2c(N)n1,0,PubChem2
CC(C=NNC(=O)c1cc(C)oc1C)=Cc1ccccc1,0,PubChem2
Cc1ccc(C(=O)Nc2cc3ccccc3oc2=O)cc1,0,PubChem2
Cc1ccc(C=CC(=O)c2ccc(C)cc2)cc1,0,PubChem2
O=C(Nc1ccc(F)cc1)C(Cl)=Cc1ccccc1,0,PubChem2
Cc1ccc2oc3nc(C)c(C(=O)O)cc3c(=O)c2c1,0,PubChem2
N#Cc1c(N(CCO)CCO)nc(N)c2c(N)nc3c(c12)CC(=O)N3CC1CCCO1,0,PubChem2
CNC(=O)c1cc(-c2ccccc2)n[nH]1,0,PubChem2
Nc1ncc(Br)cc1N=Cc1ccccc1,0,PubChem2
Cc1ccc(-n2nc3ccc(NC(=O)C(C)C)cc3n2)cc1,0,PubChem2
NC(=O)c1cccc2c1Nc1nnc(Cl)cc1C(=O)N2,0,PubChem2
Cc1ccc(-c2cc(-c3ccccc3)no2)cc1,0,PubChem2
C=CCn1c(C)cc(C2=NNC(=NCC)SC2)c1C,0,PubChem2
Cc1cc(OCc2cccc(C(F)(F)F)c2)ccc1CN1CC(C(=O)O)C1,0,PubChem2
Cc1ccc(C(=O)NN=CC(=O)c2ccccc2)c(C)c1,0,PubChem2
CCOC(=O)c1c(C)oc2c1cc(O)c1ccccc12,0,PubChem2
CC(C)(C)c1ccc(C=NNC(=O)c2ccccn2)cc1,0,PubChem2
Cc1ccc2nc(-c3sc4nc(C)ccc4c3N)[nH]c2c1,0,PubChem2
CCOc1ccc(OCc2ccc(C(=O)OCc3ccccn3)o2)cc1,0,PubChem2
COC(=O)c1sc(NC(=O)c2cc3c(s2)CCCC3)nc1C,0,PubChem2
N=c1c2c3c(sc2nc2n1CCCCC2)CCCC3,0,PubChem2
COc1cc(-c2ccc3c(c2)Nc2c(O)cccc2NC3=O)ccc1O,0,PubChem2
CN(C)c1ccc(C=NNC(=O)c2ccccc2)cc1,0,PubChem2
COCCn1nnnc1C(c1cc2ccc(OC)cc2[nH]c1=O)N1CCc2ccccc2C1,0,PubChem2
Cc1c(C=CC(=O)c2ccccc2O)cnn1C,0,PubChem2
Cc1ccc(-c2nc3ccccc3nc2NN)cc1,0,PubChem2
c1csc(-c2cnc3ccccc3n2)c1,0,PubChem2
Cn1c(SCC(=O)NCc2ccccc2)ncc(C(=O)Nc2ccccc2)c1=O,0,PubChem2
Cc1ccc(CSc2nnc(SCC(=O)NN=Cc3c(C)nn(-c4ccccc4)c3C)s2)cc1,0,PubChem2
O=C(Nc1ccc2ccccc2c1)c1cccc(F)c1,0,PubChem2
c1ccc(Cn2nc(-c3ccccc3)nc2-c2ccccc2)cc1,0,PubChem2
COCC(C)(C)CNc1nccc(-c2c(-c3ccc(F)cc3)nc3c(C)nccn23)n1,0,PubChem2
CN1CCN(Cc2ccc3c(c2)Cc2c(-c4csc(C#CCOCC5CC5)c4)n[nH]c2-3)CC1,0,PubChem2
Cc1ccc(NC(=O)c2ccccc2F)nc1,0,PubChem2
O=c1[nH]c2sc3c(c2c2nc(-c4ccncc4)nn12)CCCC3,0,PubChem2
COc1ccc(CCNC(=O)CCn2c(SCC(=O)N3CCCC3)nc3ccccc3c2=O)cc1OC,0,PubChem2
CCCC(=O)Nc1ccc(NC(=O)c2cc3ccccc3o2)c(OC)c1,0,PubChem2
Cc1cccc(Nc2nc(-c3ccccn3)cs2)n1,0,PubChem2
Cc1cc(C(=O)Nc2cccc(C(=O)O)c2)c(C)o1,0,PubChem2
CCOC(=O)c1sc(NC(=O)c2ccc3nc[nH]c3c2)nc1C,0,PubChem2
CC(C)c1cc(=O)[nH]c2[nH][nH]c(=O)c12,0,PubChem2
Cc1cc(N)n2nc(-c3ccc(C(C)(C)C)cc3)cc2n1,0,PubChem2
CC(C)(O)c1nnc2ccc(-c3c(-c4ccc(F)cc4F)nc4n3CCC4)nn12,0,PubChem2
Cc1c(C(=O)Nc2nc3ccccc3[nH]2)oc2ccccc12,0,PubChem2
COc1ccc(-c2nnc(-c3ccccc3)o2)cc1OC,0,PubChem2
O=C(CCCN1C(=O)C(=Cc2cccc(Br)c2)SC1=S)N1CCOCC1,0,PubChem2
Nc1nccc2cnc(-c3ccccc3)n12,0,PubChem2
O=C(NN=Cc1ccc([N+](=O)[O-])cc1)c1[nH]ncc1Br,0,PubChem2
CCOC(=O)c1sc(NC(=O)c2ccc(C)o2)nc1C,0,PubChem2
COCCNC(=O)C(C#N)=Cc1ccc(O)cc1,0,PubChem2
CC(=O)Oc1ccc2c(c1)C(=O)c1ccccc1C2=O,0,PubChem2
Cc1c(NC(=O)c2cc(CC(C)C)on2)c(=O)n(-c2ccccc2)n1C,0,PubChem2
N#CC(C#N)=NNc1ccc([N+](=O)[O-])cc1,0,PubChem2
NC1CCCC(Nc2nc(Cl)cc(-c3c[nH]c4ncccc34)n2)C1,0,PubChem2
Cc1ccc(-c2nc3cc(N)ccc3o2)cc1Br,0,PubChem2
O=C(NC(CO)Cc1ccccc1)c1ccc(-c2ccncc2)cc1F,0,PubChem2
O=C(Oc1ccc2ccc(O)cc2c1)c1ccccc1Cl,0,PubChem2
CCSc1nsc(NC(=O)Nc2ccc(F)cc2F)n1,0,PubChem2
Cc1cc(C(=O)Nc2cc(C(C)(C)C)on2)c(C)o1,0,PubChem2
Cc1ccc(NCc2ccccc2O)cc1C,0,PubChem2
COc1ccc(C=CC(=O)NCC(=O)NN=Cc2cc(Br)ccc2OC)cc1,0,PubChem2
CC(C)(C)c1ccc(C(=O)NNc2cc(N3CCCCC3)nc(N3CCCCC3)n2)cc1,0,PubChem2
O=C(Nc1ccc(C(=O)N2CCCCC2)cc1)c1cccs1,0,PubChem2
O=C(Nc1ccccc1)c1ccc2c(c1)OCCO2,0,PubChem2
Cc1nn(-c2ccccc2Cl)c(Cl)c1C=NNc1nc2ccccc2s1,0,PubChem2
CC1(C)Cc2c(sc(NC(=O)Nc3ccccc3)c2C(N)=O)CO1,0,PubChem2
Cc1[nH]n(C(N)=S)c(=O)c1N=Nc1cccc(C(F)(F)F)c1,0,PubChem2
Cc1cccc(NC(=O)Nc2ccc(-c3csc4c(C#CCN5CCCC5)cnc(N)c34)cc2)c1,0,PubChem2
Cc1cc(C)c(O)c(-c2cc(C(=O)Nc3cccnc3)[nH]n2)c1,0,PubChem2
Cc1ccc(NC2=CC(=NS(=O)(=O)c3cccs3)c3ccccc3C2=O)cc1,0,PubChem2
CN(C)c1ccnc2sc3c(SCc4ccc(Cl)cc4)ncnc3c12,0,PubChem2
Cc1cc(C)cc(NC2=C(N)C(=O)c3ccccc3C2=O)c1,0,PubChem2
O=C1NC(=S)NC1=Cc1cc2c(cc1[N+](=O)[O-])OCO2,0,PubChem2
Cc1ccccc1NC(=O)Nc1ccc2c(c1)OCO2,0,PubChem2
O=C(Nc1cnccn1)Nc1ccnc2ccc(C(F)(F)F)cc12,0,PubChem2
CCOC(=O)c1c(N)sc(C(=O)Nc2ccc3c(c2)OCO3)c1C,0,PubChem2
N#CC(=C(O)c1ccc(-c2cccc([N+](=O)[O-])c2)o1)c1nc2ccccc2s1,0,PubChem2
O=C1C(=Cc2cccc([N+](=O)[O-])c2)Oc2cc(O)ccc21,0,PubChem2
COc1ccc(C=NNc2cc(N(C)C)nc(N(C)C)n2)cc1,0,PubChem2
COc1ccc(NC(=S)Nc2cccc3cnccc23)cc1,0,PubChem2
CCN(CC)CCCNC(=O)c1c(O)c2c([nH]c1=O)CCCC2,0,PubChem2
NC(CC(=O)OC1CCCCC1)C(=O)OC1CCCCC1,0,PubChem2
CC(=O)Oc1ccc(C(=O)Cc2ccc3ccccc3n2)c(O)c1C,0,PubChem2
O=C(Nc1ccc2c(c1)OCCO2)c1cnc2ccccn2c1=O,0,PubChem2
O=c1oc(-c2cccs2)nc2sc3c(c12)CCCCC3,0,PubChem2
COc1ccc(-c2nc(C#N)c(NCCc3ccccc3)o2)cc1OC,0,PubChem2
COc1ccc(Cn2c(C3CC3)nc3ccc(NC(=O)C4CC4)cc3c2=O)cc1,0,PubChem2
CCC(C)NC(=O)c1cc2cc3ccc(OC)cc3nc2s1,0,PubChem2
Cc1cccc(C(=O)Nc2sc3c(c2C#N)CCCCC3)c1,0,PubChem2
CC(=NNC(=O)c1ccccc1O)c1c(O)cc(C)oc1=O,0,PubChem2
Cc1cc(Nc2ncc(F)c(NC3C4C=CC(C4)C3C(N)=O)n2)ccc1N1CCN(C)CC1,0,PubChem2
Cc1[nH]nc2ncc(C#N)c(-c3ccccc3)c12,0,PubChem2
N=C1C(=Cc2cccs2)C(=O)N=C2SN=C(SCc3ccccc3)N12,0,PubChem2
NC(=O)c1ccccc1NC(=O)C=Cc1c(Cl)cccc1Cl,0,PubChem2
O=C(Nc1ccc(OCc2ccccc2)cc1)c1cccc([N+](=O)[O-])c1,0,PubChem2
O=[N+]([O-])c1c(NCCO)cc(N2CCCCCC2)c2nonc12,0,PubChem2
Cc1nc(-c2ccc(C(=O)Nc3cccc(F)c3)cc2)cs1,0,PubChem2
Cc1ccc(CNc2ccc3nnc(-c4ccccc4)n3n2)cc1,0,PubChem2
Cc1cc(C(=O)Nc2ccc([N+](=O)[O-])cn2)cs1,0,PubChem2
COc1ccc(NC(=O)c2csc3c2CCCC3)cc1,0,PubChem2
CC(C=NNC(=O)c1ccccc1F)=Cc1ccccc1,0,PubChem2
O=C(CCN1C(=O)C(=Cc2ccccc2Cl)SC1=S)NN1CCOCC1,0,PubChem2
O=C(Nc1cccc(F)c1)Nc1cccc(-c2ccc3cn[nH]c3c2)c1,0,PubChem2
COCCn1c(C)cc(C(=O)CSc2nnc(C)s2)c1C,0,PubChem2
CC(C)COc1ccc(-c2nnc(-c3ccncc3)o2)cc1,0,PubChem2
COC(=O)c1ccc(C(=O)N=c2sccn2C)cc1,0,PubChem2
Cc1ccccc1NC(=O)Nc1ccc(NC(=O)c2csc3ncnc(N)c23)cc1,0,PubChem2
COc1ccccc1CNC(=O)COc1ccccc1C(=O)c1cnn(-c2ccccc2)c1,0,PubChem2
Cc1cccc(NC(=O)Nc2ccc(-c3csc4nc(N)nc(N)c34)cc2)c1,0,PubChem2
Cc1ccc(-c2nnc(-c3cccc(Br)c3)o2)cc1,0,PubChem2
COC(=O)c1sccc1NC(=O)Cc1ccc(OC)cc1,0,PubChem2
O=C(CCc1nc2ccccc2s1)NC1CCOC1=O,0,PubChem2
O=c1c2c(nc3cc(-c4ccccc4)[nH]n13)CCC2,0,PubChem2
O=C(Nc1ccccn1)c1ccc2ccccc2c1O,0,PubChem2
O=C(NCCN1CCOCC1)C1CCC(CNS(=O)(=O)c2ccc(Cl)cc2)CC1,0,PubChem2
CC(C)Nc1[nH][nH]c(=O)c1C=C1C=c2ccccc2=N1,0,PubChem2
Cc1cc(C)c2nc(NC(=O)c3ccco3)sc2c1,0,PubChem2
COc1cccc(C(CN)NC(=O)c2ccc(-c3ccncc3)cc2)c1,0,PubChem2
O=C(C=Cc1ccccc1)Nc1cccnc1,0,PubChem2
O=C(C=Cc1ccc(Br)cc1)NC(=O)c1ccccc1O,0,PubChem2
CC(=NOCc1ccc(Br)cc1)c1ccccn1,0,PubChem2
COc1cccc(CNC(=O)c2cc3c(-c4ccccc4)[nH]nc3s2)c1,0,PubChem2
COCCN(C)C(=O)c1c(-c2ccc3[nH]ncc3c2)nnn1Cc1ccccc1,0,PubChem2
CC1=NN(C(N)=S)C(=O)C1N=Nc1cc(Cl)ccc1Cl,0,PubChem2
N#Cc1ccc2nc(N)n(-c3nc4c(s3)CCCC4)c2c1,0,PubChem2
CCCCn1c(NC(=O)c2ccc(Br)o2)c(S(=O)(=O)c2ccccc2)c2nc3ccccc3nc21,0,PubChem2
CCN(CC)CCNC(=O)c1cccc(-n2nc(C(C)(C)C)cc2NC(=O)Nc2cccc3ccccc23)c1,0,PubChem2
COc1cccc2sc3cc(NCc4ccc5c(c4)OCO5)ccc3c(=O)c12,0,PubChem2
Cc1cccc(Nc2nc(NC3CCCCC3N)cnc2C(N)=O)c1,0,PubChem2
O=C(Nc1cccc2nsnc12)c1ccc2c(c1)OCCO2,0,PubChem2
O=C(NN=Cc1ccccc1Cl)c1n[nH]c2c1CCCC2,0,PubChem2
Cc1ccnc(NC=CC(=O)c2ccc(Br)cc2)c1,0,PubChem2
COC(=O)c1ccc(NC=CC(=O)c2ccccc2)cc1,0,PubChem2
Cc1ccc(C)c(NC(=O)c2cc(-c3cc(C)ccc3O)n[nH]2)c1,0,PubChem2
COc1ccc2c(NC(=O)Nc3cccc(Br)n3)ccnc2c1,0,PubChem2
Cc1cc(OCC2CCC(C(=O)O)C2)c(NC(=O)Nc2cnc(C#N)cn2)cc1Cl,0,PubChem2
O=C(NC=Cc1ccccc1)c1ccccc1,0,PubChem2
Cc1ccc(-c2cc(NC(=O)c3ccccc3)on2)cc1,0,PubChem2
CCOc1ccc(OCCSc2nc(C)cc(=O)[nH]2)cc1,0,PubChem2
FC(F)(F)c1ccc(Cn2cc(-c3ccc4[nH]ncc4c3)nn2)c(C(F)(F)F)c1,0,PubChem2
Cc1c(C(=O)O)[nH]c2c1C(=O)CC(c1ccc(Cl)cc1)C2,0,PubChem2
O=C(Nc1ccccc1F)c1c[nH]c(=O)[nH]c1=O,0,PubChem2
CC1=NN(c2nc(-c3ccc(C)cc3)cs2)C(=O)C1N=Nc1cccc(C)c1,0,PubChem2
O=C(Nc1cccc2ccccc12)c1onc2c1CCCC2,0,PubChem2
Nc1ncnc2c1c(-c1cccc(OCc3ccccc3)c1)cn2C1CC(CN2CCCC2)C1,0,PubChem2
COc1cccc(Cn2c(N)c(C#N)c3nc4ccccc4nc32)c1OC,0,PubChem2
Fc1ccc2cnc(-c3ccccc3F)cc2c1,0,PubChem2
Cn1cc(Cl)c(C(=O)Nc2nc3ccccc3s2)n1,0,PubChem2
Cn1c(-c2ccc(C(=O)c3ccccc3)s2)nc2ccccc21,0,PubChem2
CC(=O)c1cc(O)c2ccccc2c1O,0,PubChem2
CC(C)CCn1c(N)c(C(=O)NCc2cccs2)c2nc3ccccc3nc21,0,PubChem2
Cc1cccc(-n2ncc3c(N(C)C4CCCCC4)ncnc32)c1,0,PubChem2
CCCCN1CC2([N+](=O)[O-])C=CC(=O)C([N+](=O)[O-])(C1)C2CC(=O)c1ccccc1,0,PubChem2
O=C(Nc1ccc(NC(=O)c2cccs2)c(Cl)c1)c1cccs1,0,PubChem2
Cc1c(-c2cccc(OCc3ccccc3)c2)c2c(N)ncnc2n1C1CCC(N2CCCC2)CC1,0,PubChem2
COC(=O)c1sccc1NC(=O)COc1ccccc1Cl,0,PubChem2
CC(C)Oc1ccc(-c2noc(-c3ccc(NC4CCC(C(=O)O)C4)cc3)n2)cc1C(F)(F)F,0,PubChem2
CN1CCN(c2ccc(-c3cnc4c(c3)N(Cc3cc(Cl)ccc3C(F)(F)F)CCN4)cn2)CC1,0,PubChem2
Cc1cc(C=NNc2ncnc(N)c2[N+](=O)[O-])c(C)n1-c1ccccc1,0,PubChem2
Cc1cccc(-c2[nH]c(-c3ccnc(N)n3)cc2C(N)=O)c1C,0,PubChem2
Cc1ccnc2ccc(-c3nc4ccccc4o3)cc12,0,PubChem2
CC1CCCC(C)N1C(=O)CSc1nc(N)c(-c2ccccc2)c(=O)[nH]1,0,PubChem2
CN1c2ccsc2C(O)=C(C(=S)Nc2ccc(F)c(Cl)c2)S1(=O)=O,0,PubChem2
Clc1ccc(-c2nnc(-c3ccccc3Cl)o2)cc1,0,PubChem2
CCCSC(N)=NN=Cc1cc(C)ccc1O,0,PubChem2
O=C(Nc1nc2ccsc2c(=O)s1)c1ccc(F)cc1Cl,0,PubChem2
O=C(Nc1ccc2[nH]ncc2c1)c1cccc(F)c1,0,PubChem2
CCn1nccc1C(=O)Nc1ccc(Cl)cn1,0,PubChem2
Cc1ccc(C)c(-c2nc3cc(N)ccc3o2)c1,0,PubChem2
Cc1[nH]n(-c2cccc(Cl)c2)c(=O)c1C=NCc1ccco1,0,PubChem2
Cc1cc(C)nc(SCc2ccc(Br)cc2)n1,0,PubChem2
CCOC(=O)C=C(C)N1N=C(c2ccccc2)CC1c1ccccc1,0,PubChem2
O=C(Nc1n[nH]c2ccc(-c3cn(Cc4ccccc4)nn3)cc12)c1ccc(F)cc1,0,PubChem2
Cc1ccc(OCc2nc(-c3ccccn3)no2)cc1,0,PubChem2
Cc1c(Cl)cnc(NC(=O)COC(=O)c2ccc([N+](=O)[O-])s2)c1Cl,0,PubChem2
Cc1cc(C(=O)COC(=O)c2ccc(F)cc2)c(C)n1C,0,PubChem2
CC(C)Oc1cc(Nc2nc(NC(C)c3ccc(F)cn3)ncc2Cl)[nH]n1,0,PubChem2
CC(C)(C)c1cc(NC(=O)C(=O)c2cccc3ccccc23)n(-c2ccc(OCCC(N)=O)cc2)n1,0,PubChem2
CN(C)c1ccc(C=Nc2cnn(C)c2C(N)=O)cc1,0,PubChem2
N#Cc1c(N=Cc2ccco2)sc2c1CCCCC2,0,PubChem2
CCN1CCN(C2=C(NS(=O)(=O)c3ccc(Br)cc3)C(=O)c3ccccc3C2=O)CC1,0,PubChem2
CCOC(=O)C=Cc1ccc2oc3ccccc3c(=O)c2c1,0,PubChem2
Cc1cccc(OCc2cc(-c3ccccc3)no2)c1C,0,PubChem2
Nc1ncnc2c1N=C(c1ccccc1)CCN2,0,PubChem2
Fc1ccc2nc(Nc3nc4cc5c(cc4s3)OCCO5)sc2c1,0,PubChem2
Cn1c2ccccc2c(=O)c2ccc(-c3ccc4c(c3)OCO4)cc21,0,PubChem2
COc1ccc(C)c2sc(=NC(=O)c3ccccc3)n(C)c12,0,PubChem2
CSc1c[nH]c2ncnc(NCCCO)c12,0,PubChem2
O=C(Oc1ccc2ccccc2c1Cl)N1CCCC1,0,PubChem2
O=C(O)c1ccc(NN=Cc2ccc(-c3cc(Cl)ccc3Cl)o2)cc1,0,PubChem2
Nc1nonc1-n1nnc(C(=O)NN=Cc2cccs2)c1-c1cccs1,0,PubChem2
Cc1ccc(SC2=C(Sc3ccc(C)cc3)C(=O)c3ccccc3C2=O)cc1,0,PubChem2
Cc1ccc2nc(NC(=O)CCCC(=O)O)sc2c1,0,PubChem2
C(=NNC1=Nc2cccc3cccc1c23)c1ccccc1,0,PubChem2
O=C(C=Cc1ccco1)N1CCc2ccccc21,0,PubChem2
O=C(Nc1nc2c(F)cccc2s1)c1ccc([N+](=O)[O-])o1,0,PubChem2
Cc1nnc(NC(=O)c2ccc3ccccc3c2)s1,0,PubChem2
Nc1ccccc1-c1nnc(-c2ccc(-c3ccccc3)cc2)o1,0,PubChem2
COc1ccc(C(=O)Nc2nnc(C(F)(F)F)s2)cc1,0,PubChem2
Cn1nc(N)c2c(-c3ccc(NC(=O)Nc4ccc(F)c(C(F)(F)F)c4)cc3)ccnc21,0,PubChem2
Nc1ccc(-c2cccn3c(=O)[nH]nc23)cc1,0,PubChem2
COc1ccc(-c2cc3ccc(F)cc3cn2)cc1,0,PubChem2
Cc1sc(NC(=O)c2ccc(Cl)s2)c(C(N)=O)c1C,0,PubChem2
COc1cc2c(C#N)c(N3CCCC3)nc(N)c2c(N)n1,0,PubChem2
O=[N+]([O-])c1cccc(-c2nc(-c3ccccc3)no2)c1,0,PubChem2
O=C1C(=Cc2ccco2)CCC1C1CCCC1,0,PubChem2
Cc1csc(NC(=O)c2ccc3ccccc3n2)n1,0,PubChem2
CC(=NOC(=O)c1ccc(F)cc1)c1nccs1,0,PubChem2
COc1cccc(C=NNc2ncnc(N)c2[N+](=O)[O-])c1OC,0,PubChem2
CCc1cnn2c(NCc3ccc[n+]([O-])c3)cc(N3CCCCC3CCO)nc12,0,PubChem2
CCC(C)n1c(NC(=O)c2ccccc2)c(C#N)c2nc3ccccc3nc21,0,PubChem2
Cc1nc2ccccc2c(=O)n1NC(=O)COc1ccccc1,0,PubChem2
O=C(CCC(=O)Nc1cc(C(F)(F)F)ccc1Cl)NN=Cc1c[nH]c2ccccc12,0,PubChem2
Cn1c(-c2ccc(C(F)(F)F)cc2)cc2onc(-c3ccccc3)c2c1=O,0,PubChem2
Cc1nc(Nc2nc3ccccc3o2)nc(C)c1C,0,PubChem2
Clc1ccc2oc(-c3ccccc3)nc2c1,0,PubChem2
O=C(CSc1ncnc2c1cnn2-c1cccc(Cl)c1)NCC1CCCO1,0,PubChem2
O=C(Nc1ccc2ncccc2c1)c1cccc(Br)c1,0,PubChem2
O=C1NC(=S)SC1=Cc1ccc2ccccc2c1,0,PubChem2
CC1=NN(C(N)=S)C(=O)C1N=Nc1ccc(F)cc1,0,PubChem2
Cc1nc(NC(=O)c2csc3ccccc23)sc1C,0,PubChem2
O=C(Cc1ccccc1)c1nc2ccccc2s1,0,PubChem2
O=C(Nc1n[nH]c2ccc(-c3cn(Cc4ccccc4)nn3)cc12)c1ccc(Cl)cc1,0,PubChem2
N#Cc1ccc(C(=O)Nc2nc3ccccc3[nH]2)cc1,0,PubChem2
O=[N+]([O-])c1ccccc1NN=Cc1ccccc1Cl,0,PubChem2
O=C(C=CNc1ccc(Br)cc1F)c1ccco1,0,PubChem2
COc1cc2c(C#N)c(N3CCCCC3)nc(N)c2c(N)n1,0,PubChem2
COc1ccc(COC(=O)c2c(C)nn(-c3ccccc3)c2Cl)cc1,0,PubChem2
Cc1nn(C)c2c1c(=O)c1cc(Cl)ccc1n2OCC(C)C,0,PubChem2
S=c1[nH]nc2c3c4c(sc3n3c(=S)[nH]nc3n12)CCC4,0,PubChem2
O=C(CNc1cccc2ccccc12)NN=Cc1ccccn1,0,PubChem2
CN(c1cccc(NC(=O)COc2ccccc2)c1)S(C)(=O)=O,0,PubChem2
CC(C)(C)C(=O)Oc1ccc2c(c1)nc(NC(=O)c1cccc([N+](=O)[O-])c1)n2CCCO,0,PubChem2
Cn1sc(NC(=O)c2cccc(Cl)c2)nc1=O,0,PubChem2
O=C(O)CSc1nc2c(cnn2-c2ccccc2)c(=O)n1-c1ccc(Br)cc1,0,PubChem2
CCc1cc[n+](C2=C([O-])c3ccccc3C(=O)C2=NS(=O)(=O)c2cccs2)cc1,0,PubChem2
Cc1csc(NC(=O)c2ccc(Br)s2)n1,0,PubChem2
Cc1cccc(N=Cc2sc3ccccc3c2O)n1,0,PubChem2
O=C(Nc1n[nH]c2ccc(-c3cn(Cc4ccccc4)nn3)cc12)c1cc(F)ccc1F,0,PubChem2
Nc1cc(-c2c[nH]c3ncccc23)cc(Cl)n1,0,PubChem2
CC(C)(C)NC(=O)COC(=O)c1ccccc1Nc1ccc(SC(F)F)cc1,0,PubChem2
O=C(NCCCCCCNC(=O)Nc1cccnc1)Nc1cccnc1,0,PubChem2
O=C(CC(Nc1ccc(Cl)cc1)C(=O)O)c1ccccc1,0,PubChem2
O=C(NN=Cc1ccccc1Cl)c1cccc(F)c1,0,PubChem2
CCC(=O)c1cc(F)c(N2CCN(S(=O)(=O)c3ccccc3)CC2)cc1C,0,PubChem2
O=C(NCCc1cccs1)N1CC=C(c2c[nH]c3ncccc23)CC1,0,PubChem2
Cc1nn2cc(-c3ccc(Cl)cc3)cnc2c1Br,0,PubChem2
Nc1ncnn2ccc(C(=O)Nc3ccc(NC(=O)Nc4cccc(F)c4)cc3)c12,0,PubChem2
Cc1[nH]nc2c1C(c1ccccc1I)C(C#N)=C(N)O2,0,PubChem2
CCc1ccc(NSc2ccccc2[N+](=O)[O-])cc1,0,PubChem2
Cc1ccsc1C=C1Oc2cc(OCC(=O)c3ccccc3)ccc2C1=O,0,PubChem2
COC(=O)c1sccc1NC(=O)Nc1ccc(Cl)c(Cl)c1,0,PubChem2
Fc1ccc(-c2nnc(NC3=NCCCCC3)o2)cc1,0,PubChem2
O=C(Nc1ccc(F)cc1F)c1ccc2c(c1)OCCO2,0,PubChem2
Cc1ccc(O)c(NC(=O)c2cc(-c3ccco3)on2)c1,0,PubChem2
NC(=O)c1cc2c(-c3ccc(Br)c(F)c3F)cncc2s1,0,PubChem2
Cc1ccccc1-c1nnc(-c2ccccc2C)o1,0,PubChem2
Cc1cc(C)cc(NC(=O)Nc2ccc3c(c2)CCc2sc4ncnc(N)c4c2-3)c1,0,PubChem2
O=C1CN(C(=O)COC(=O)c2ccc([N+](=O)[O-])s2)c2ccccc2N1,0,PubChem2
COc1ccc2c(c1)CCC2=NOC(=O)c1ccccc1C,0,PubChem2
O=C(NN=Cc1cccc(Oc2ccccc2)c1)c1cccc(O)c1,0,PubChem2
O=[N+]([O-])c1cccc(-c2noc(-c3ccco3)n2)c1,0,PubChem2
COc1cc(Nc2ncnc(N3CCCc4cc(C)ccc43)n2)cc(OC)c1OC,0,PubChem2
CCN(CCO)CCCOc1ccc2c(Nc3cc(CC(=O)Nc4cccc(F)c4)[nH]n3)ncnc2c1,0,PubChem2
CC(=O)OCCn1nc(-c2cccc(Br)c2)c2c(C(F)(F)F)cc(=O)[nH]c21,0,PubChem2
CCN1C(=O)N(C)c2cnc(Nc3ccc(C(=O)NC4CCN(C)CC4)cc3OC)nc2N1C1CCCC1,0,PubChem2
CC(C)(C)c1ccc(C=CC(=O)Nc2nncs2)cc1,0,PubChem2
COc1ccc(C(=O)Nc2ccc3c(c2)C(=O)N(C)C3=O)cc1OC,0,PubChem2
O=C(Nc1cc(Cl)cc(Cl)c1)c1cccc(OC(F)F)c1,0,PubChem2
CSc1nnc(NC(=O)c2ccc3c(c2)OCO3)s1,0,PubChem2
O=C1CC(c2ccc3c(c2)OCCO3)Oc2ccc([N+](=O)[O-])cc21,0,PubChem2
O=C(ON=C1CCCc2occc21)c1ccc(Cl)cc1Cl,0,PubChem2
CC(C)(C)c1nc2c3cc[nH]c(=O)c3c3cc(F)ccc3c2[nH]1,0,PubChem2
O=C(O)c1cccc(NN=Cc2ccc(OC(F)(F)F)cc2)c1,0,PubChem2
COC(=O)c1ccc(COc2ccc3c(C)c(C)c(=O)oc3c2)o1,0,PubChem2
CCC(=O)Nc1ccc2nn(-c3ccc(F)cc3)nc2c1,0,PubChem2
Brc1ccc(-c2nc(NN=Cc3cccnc3)c3ccccc3n2)cc1,0,PubChem2
COc1cccc(NC(=O)c2ccccc2F)c1,0,PubChem2
O=C(Nc1nnc(-c2ccccc2)s1)c1ccccc1O,0,PubChem2
Cc1cccc(-c2noc(-c3ccc4c(c3)OCO4)n2)c1,0,PubChem2
O=C(Nc1ccc([N+](=O)[O-])cc1)N1CCc2[nH]c3c(Cl)cc(Cl)cc3c2C1,0,PubChem2
CCN(CC)CCOc1ccc(-c2nc3c(C(N)=O)cccc3[nH]2)cc1,0,PubChem2
COc1ccc2c(c1)sc1nc(-c3ccccc3)cn12,0,PubChem2
Nc1[nH]nc2nc(Cl)sc12,0,PubChem2
O=C(c1cc(-c2ccc(Cl)cc2)on1)N1CCCC1,0,PubChem2
O=C(O)c1ccc(C(=O)Nc2cccc3ccccc23)c(C(=O)O)c1,0,PubChem2
Cc1cc(C)c(S(=O)(=O)N=C2C=C(SCC(=O)O)C(=O)c3ccccc32)cc1C,0,PubChem2
Cc1[nH]nc2ccc(-c3cncc(OCCN(C)S(C)(=O)=O)c3)cc12,0,PubChem2
O=C(Nc1scc(-c2ccc(F)cc2)c1C(=O)O)c1ccco1,0,PubChem2
CC(C)(CO)CNc1nccc(-c2c(-c3ccc(F)cc3)nc3c(Cl)nccn23)n1,0,PubChem2
c1ccc(Nc2nc3ccccc3o2)cc1,0,PubChem2
CN(C)c1ccc(C(=O)Nc2nc3c(s2)CCCC3)cc1,0,PubChem2
CCc1ccc(C=NNC(=O)c2ccc(Br)o2)s1,0,PubChem2
Clc1nc(-c2ccccn2)nc2scc(-c3ccccc3)c12,0,PubChem2
O=C(COC(=O)c1ccc([N+](=O)[O-])s1)Nc1ncc(C(F)(F)F)cc1Cl,0,PubChem2
COc1ccc(CCNC(=O)CCNS(=O)(=O)c2cccc3nonc23)cc1OC,0,PubChem2
O=C(Nc1n[nH]c2nc3ccccc3cc12)c1ccncc1,0,PubChem2
Cc1ccc(C(=O)c2c3ccc(N)cc3nn2CCC(N)=O)cc1,0,PubChem2
CCOc1cc(C)c(Cl)cc1S(=O)(=O)N(CC)CC,0,PubChem2
COc1cc(OC)cc(-c2cc3ncccc3cn2)c1,0,PubChem2
CCOC(=O)c1ccc(Nc2cc3ccccc3c(=O)[nH]2)cc1,0,PubChem2
COc1cc([N+](=O)[O-])cc(C=NNC(=O)C(C)Nc2cccc3ccccc23)c1O,0,PubChem2
CCS(=O)(=O)Nc1ccc(-c2ccc3[nH]nc(N)c3c2)cc1,0,PubChem2
O=C(Nc1cc([N+](=O)[O-])ccc1O)c1ccc2c(c1)C(=O)N(Cc1ccco1)C2=O,0,PubChem2
Cc1cccc(NC(=O)Nc2ccc(-c3csc4c(C#CCNS(C)(=O)=O)cnc(N)c34)cc2)c1,0,PubChem2
COc1cccc(NC=CC(=O)c2ccc(OC)c(OC)c2)c1,0,PubChem2
COc1ccc(C(=O)Nc2nnc(-c3ccco3)s2)cc1,0,PubChem2
C=CCn1c(=O)c2cnc(Nc3ccc(N4CCN(C)CC4)cc3)nc2n1-c1cccc(C(C)(C)O)n1,0,PubChem2
O=C(Nc1ccc(NC(=O)c2ccco2)cc1)c1ccc2c(c1)OCO2,0,PubChem2
Cc1ccc(-c2csc(NC(=O)c3ccccc3F)c2C(=O)O)cc1,0,PubChem2
Cc1[nH]n(-c2ccc([N+](=O)[O-])cc2)c(=O)c1C=NCCN1CCN(C(=O)C(C)C)CC1,0,PubChem2
O=C1C(=Cc2cccs2)Sc2ccccc21,0,PubChem2
CCOC(=O)c1nnsc1NC(=O)Nc1ccc(OC)cc1,0,PubChem2
CCCCC#Cc1ccc2c(c1)COc1c3ccccc3nn1-2,0,PubChem2
COc1cc(NC(=O)c2ccc(N3CCCC3=O)cc2)cc(OC)c1,0,PubChem2
O=C(Nc1ccc(COc2ccccc2)cc1)c1cccc([N+](=O)[O-])c1,0,PubChem2
COC(=O)c1sccc1NC(=O)C=Cc1c(Cl)cccc1Cl,0,PubChem2
Cc1cccc(C(=O)OCC(=O)c2ccc3c(c2)OCCO3)c1O,0,PubChem2
O=c1oc2ccccc2cc1-c1cn2cccnc2n1,0,PubChem2
Cc1ccc(F)c(NC(=O)Nc2ccc(-c3coc4c(-c5cccnc5)cnc(N)c34)cc2)c1,0,PubChem2
c1csc(-c2csc(-c3cccs3)n2)c1,0,PubChem2
Clc1cc(-c2c[nH]c3ncccc23)nc(NC2CCCCC2)n1,0,PubChem2
O=C(Nc1cccc(C(F)(F)F)n1)Nc1ccnc2ccc(F)cc12,0,PubChem2
Cc1ccc(-c2nc(-c3ccncc3)no2)c(Cl)c1,0,PubChem2
CN(C(=O)c1ccc(NC(=O)c2ccco2)cc1)c1ccccc1,0,PubChem2
COc1ccc(CNc2cc(-c3c[nH]c4ncccc34)cc(F)n2)cc1,0,PubChem2
CCCC(=O)Nc1cccc(-c2nc(Nc3ccc4[nH]ncc4c3)c3cc(OCCN4CCCC4)ccc3n2)c1,0,PubChem2
COc1cc2ncn(-c3cc(OCc4ccccc4C(F)(F)F)c(C(=O)O)s3)c2cc1OC,0,PubChem2
Cc1nc(C)c(-c2csc(Nc3ccccn3)n2)s1,0,PubChem2
COc1cccc(-c2nc3ccc([N+](=O)[O-])cc3o2)c1,0,PubChem2
COC(=O)c1sccc1NN=Cc1cccc(Oc2ccccc2)c1,0,PubChem2
CN1CCN(c2nc(-c3ccc(C(C)(C)C)cc3)nc3ccccc23)CC1,0,PubChem2
CCOC(=O)c1c(NC(=O)CN2CCN(c3ccc(Cl)cc3)CC2)sc(C)c1C,0,PubChem2
COc1cccc(-c2cc(C(F)(F)F)c(C#N)c(=O)[nH]2)c1,0,PubChem2
NCC1CCC(CNc2nc(NCc3ccccc3Cl)ncc2[N+](=O)[O-])CC1,0,PubChem2
C=CCc1cccc2c(=NO)cc(-c3ccccc3)oc12,0,PubChem2
O=C(NNC(=O)c1ccc(-c2ccccc2)cc1)c1ccccc1,0,PubChem2
COc1cc2sc3cc(NCc4ccc(C)o4)ccc3c(=O)c2cc1OC,0,PubChem2
O=C(CCCN1C(=O)C(=Cc2ccccc2Cl)SC1=S)N1CCOCC1,0,PubChem2
O=C(Oc1cccc(-c2cnc3ccccc3n2)c1)c1ccco1,0,PubChem2
O=[N+]([O-])c1ccccc1NN=C1CCc2ccccc21,0,PubChem2
O=C(NCCN1CCOCC1)c1ccc2c(c1)NC(=O)c1ccccc1S2,0,PubChem2
COc1ccc2nc(SCC(C)=O)c(C#N)cc2c1,0,PubChem2
Clc1ccc(-c2cc(-c3ccccc3)on2)cc1,0,PubChem2
Nc1c(-c2ccc(NC(=O)Nc3cccc(C(F)(F)F)c3)cc2)ccc2nccnc12,0,PubChem2
Cc1cc(C)nc(Nc2nc(-c3ccccc3)cs2)n1,0,PubChem2
NCc1cc(Nc2ncnc(-c3ccccc3)n2)ccc1O,0,PubChem2
Fc1ccc(Nc2ncnc(Nc3ccc4[nH]ncc4c3)n2)cc1,0,PubChem2
O=C(COc1cccc2cccnc12)N1CCc2ccccc21,0,PubChem2
O=C(Nc1cnccn1)Nc1ccnc2ccc(N3CC4COCC4C3)cc12,0,PubChem2
O=c1c2cc(-c3ccccc3)sc2nc2n1N=C(c1cccs1)CS2,0,PubChem2
CC(C)Cn1c(N)nc2ccc(-c3c(-c4ccc(F)cc4)nc4sccn34)cc21,0,PubChem2
COc1ccc(-c2csc(Nc3cccc(C)n3)n2)cc1,0,PubChem2
Cc1ccc(C=C2OC(=O)c3ccccc32)cc1,0,PubChem2
COCC(C)N1C(=O)Cc2c1nc(N)c1c(N)nc(N3CCN(c4ccccc4F)CC3)c(C#N)c21,0,PubChem2
O=[N+]([O-])c1nn(-c2ccc3c(c2)OCCO3)n(O)c1=NCc1ccccc1Cl,0,PubChem2
NC(=O)c1cn(-c2ccc(O)cc2Cl)c2cc(-c3ccncc3)ccc2c1=O,0,PubChem2
COc1ccc(NC(=O)Nc2ccc(-c3csc4c(-c5cnn(CCO)c5)cnc(N)c34)cc2)cc1,0,PubChem2
CC(=NNc1nncc2ccccc12)c1ccc(O)cc1,0,PubChem2
CCOC(=O)c1ccc(NC(=O)c2c(O)[nH]c(=O)[nH]c2=O)cc1,0,PubChem2
O=c1c2sc(-c3ccccc3)cc2nc2n1CCCCC2,0,PubChem2
NC(=O)c1cccc2[nH]c(-c3ccncc3)nc12,0,PubChem2
O=C(NN=Cc1ccc(O)cc1O)Nc1cccc2nsnc12,0,PubChem2
Cc1ccc(NC(=O)ON=Cc2c(C)nn(C(C)(C)C)c2C)cc1Cl,0,PubChem2
Fc1ccc2c(Cl)c(-c3nnc(-c4cccs4)o3)sc2c1,0,PubChem2
O=C(c1ccc(Cl)cc1)c1coc2ccc(O)cc12,0,PubChem2
COc1ccc(C=C2Oc3ccccc3C2=O)cc1,0,PubChem2
Brc1ccc(-c2nc(-c3ccccc3)no2)o1,0,PubChem2
CC1=NN(C(N)=S)C(=O)C1N=Nc1ccccc1C,0,PubChem2
Cc1nc2nc(-c3ccccc3)nn2c(C)c1Cl,0,PubChem2
Cc1cccc(NC(=O)Nc2ccc(-c3coc4ncnc(N)c34)cc2)c1,0,PubChem2
Cc1cc(C)nc(SCC(=O)NN=Cc2ccc3c(c2)OCO3)n1,0,PubChem2
c1cncc(-c2nc(-c3ccc4c(c3)OCCO4)cs2)c1,0,PubChem2
CCC(C)NC(=O)C1CCN(C(=O)N(C)C)CC1,0,PubChem2
CCCCN1CCN(c2ccc(-c3nc4c(C(N)=O)cccc4[nH]3)cc2)CC1,0,PubChem2
OC1CCCC(Nc2cc(Cl)nc(-c3c[nH]c4ncccc34)n2)C1,0,PubChem2
Oc1[nH]c2ccccc2c1N=Nc1ccc(F)cc1,0,PubChem2
Cn1c(NCC(N)Cc2ccccc2)nc(-c2ccncc2)c(-c2ccc3ccccc3c2)c1=O,0,PubChem2
COc1cccc(C=C2SC(=Nc3ccccc3)NC2=O)c1,0,PubChem2
C=CCN(CC=C)C(=S)Nc1ccc2nsnc2c1,0,PubChem2
O=c1c2ccccc2ncn1N=Cc1ccccc1,0,PubChem2
CCN1C(=O)C(=CN2CCc3ccccc32)SC1=S,0,PubChem2
CCC(C)(C)c1ccc2c(c1)C(=O)c1ccccc1C2=O,0,PubChem2
N=c1oc2cc(O)ccc2cc1C(=O)Nc1ccc(Br)cc1,0,PubChem2
CN(C)CC(C)(C)CNc1nccc(-c2c(-c3ccc(F)cc3)nc3occn23)n1,0,PubChem2
O=C(Nc1ccccn1)c1cc2ccccc2cc1O,0,PubChem2
Cc1cc(C)cc(NC(=O)Nc2ccc(N3CCCCC3)cc2)c1,0,PubChem2
CC1CCCN(C(=O)c2ccc(-c3ccccc3Cl)o2)C1,0,PubChem2
CCCCC(=O)Nc1cc(-c2c[nH]c3ncccc23)cc(Cl)n1,0,PubChem2
COCCSc1nnc(NC(=O)c2ccco2)s1,0,PubChem2
CCc1ccc(OCC(=O)NN=C2CC(=O)c3ccccc32)cc1,0,PubChem2
Cc1ccc(C=C(C#N)c2nc3ccccc3[nH]2)s1,0,PubChem2
O=C(Nc1ccc2c(c1)CCC2)c1cccc(S(=O)(=O)Nc2ccccc2Cl)c1,0,PubChem2
CCc1cccc(NC(=O)Nc2ccc3c(c2)CCc2sc4ncnc(N)c4c2-3)c1,0,PubChem2
O=C(O)c1ccc(NN=Cc2ccc(OC(=O)c3cccc(Cl)c3)cc2)cc1,0,PubChem2
COc1ccc(Cn2c(-c3ccco3)nc3oc4cc(OC)ccc4c(=O)c3c2=O)cc1,0,PubChem2
O=C(NC(=S)Nc1cccnc1Cl)c1ccc(Cl)cc1,0,PubChem2
CCCCOc1ncnc2c1[nH]c1ccc(OC)cc12,0,PubChem2
O=C(COc1ccc2c(c1)OCO2)N1CCc2ccccc21,0,PubChem2
O=C(Nc1ccc(N2CCCC2)cc1)c1cccc(Cl)c1,0,PubChem2
CC(=O)C=C(C)Nc1ccc(-c2cnc(-c3ccccc3)o2)cc1,0,PubChem2
CCCCN(C(=O)NC(=O)Nc1ccccc1OC)S(C)(=O)=O,0,PubChem2
CC(=O)c1sc(Nc2nc3ccc(F)cc3s2)nc1C,0,PubChem2
Cc1nc(NC(=O)c2ccccc2)sc1-c1csc(NCc2ccco2)n1,0,PubChem2
Cc1ccc(-c2nc3ccc([N+](=O)[O-])cc3[nH]2)cc1,0,PubChem2
c1ccn2cc(-c3ccc4c(c3)OCCO4)nc2c1,0,PubChem2
Cc1cccc(NC(=O)Nc2ccc(-c3cccc(C(N)=O)c3)cc2)c1,0,PubChem2
CC(C)CC(NC(=O)OC(C)(C)C)C(=O)NN=Cc1ccc2nccnc2c1,0,PubChem2
Oc1cc(NCCc2cccnc2)cc2cccnc12,0,PubChem2
COc1ccc(NC(=O)OC(C)C)cc1,0,PubChem2
COc1ccc(OC)c(NC(=O)c2cnn3c(-c4ccccc4)ccnc23)c1,0,PubChem2
CC1(C(=O)Nc2cccc3ccccc23)CC1(Br)Br,0,PubChem2
Cc1ccccc1NC(=O)Cn1c(C)nc2ccc(NC(=O)C3CC3)cc2c1=O,0,PubChem2
CCOc1ccc(C=C2CCC(C3CCCC3)C2=O)cc1,0,PubChem2
CC1=C2N=C(C=C3N=C(C(C)=C4[N-]C(C)(C5N=C1C(C)(CCC(=O)NCC(C)OP(=O)([O-])OC1C(CO)OC(n6cnc7cc(C)c(C)cc76)C1O)C5CC(N)=O)C(C)(CC(N)=O)C4CCC(N)=O)C(C)(CC(N)=O)C3CCC(N)=O)C(C)(C)C2CCC(N)=O,0,PubChem2
O=c1cc(-c2ccccc2)nc2cc(-c3ccc(F)cc3)[nH]n12,0,PubChem2
O=c1[nH]c2ccc(Cl)cc2c(-c2ccccc2)c1C1=NNC(c2ccccc2)C1,0,PubChem2
CCOC(=O)c1c[nH]n2c(=O)cc(-c3ccncc3)nc12,0,PubChem2
Cc1ccccc1C=Cc1nc2ccccc2c(=O)[nH]1,0,PubChem2
CC1Cc2cc(C=C3SC(=S)N(C)C3=O)ccc2O1,0,PubChem2
CC(C)=CC(=O)Nc1ccc(OCc2ccccc2)cc1,0,PubChem2
c1ccc(Nc2nnc(-c3cccc4ccccc34)o2)cc1,0,PubChem2
O=C(COC(=O)c1cc(Cl)ccc1O)c1ccc2c(c1)OCO2,0,PubChem2
CNc1ncnc2c1N=C(c1ccc(NC(=O)Nc3cccc(C(F)(F)F)c3)cc1)CCN2,0,PubChem2
Nc1nc(-c2ccc3ccccc3c2)cs1,0,PubChem2
O=C1c2ccccc2S(=O)(=O)c2cc(N3CCOCC3)ccc21,0,PubChem2
N#CC(=Cc1ccc(O)c(O)c1)C(=O)NCc1ccccc1,0,PubChem2
c1ccc(Cc2cc(-c3ccc4[nH]ncc4c3)on2)cc1,0,PubChem2
O=C(Nc1ccc(-c2nc3ccccc3s2)cc1)C1=COCCO1,0,PubChem2
COc1ccc(-c2cc3nccn3c(Nc3ccccc3C(N)=O)n2)cc1OC,0,PubChem2
COc1cccc(C(c2c(C)[nH]n(-c3ccccc3)c2=O)c2c(C)[nH]n(-c3ccccc3)c2=O)c1O,0,PubChem2
Fc1ccc(-c2nnc(-c3ccc(F)cc3)o2)cc1,0,PubChem2
Cc1cc(O)c(NC(=O)c2ccc(Br)o2)cc1C,0,PubChem2
Nc1ccc(-c2nc3ccc([N+](=O)[O-])cc3[nH]2)cc1,0,PubChem2
N#Cc1cnc(NC(=O)Nc2ccc3cc(C(=O)O)ccc3c2)cn1,0,PubChem2
Cc1cc(C)cc(NC(=O)Nc2ccc(-c3cccc4c3CNC4=O)c(C(F)(F)F)c2)c1,0,PubChem2
C=C(C)CN(CC)c1nc(N)c2c(N)nc3c(c2c1C#N)CC(=O)N3C12CC3CC(CC(C3)C1)C2,0,PubChem2
Cc1cc(C(=O)Nc2ccc(Br)cc2)cs1,0,PubChem2
O=C(C=CNc1cccc(F)c1)c1ccco1,0,PubChem2
O=C1Nc2ccccc2Nc2cc(-c3ccccc3O)ccc21,0,PubChem2
COc1ccc(NC(=O)CC2Nc3cccc4cccc(c34)NC2=O)cc1,0,PubChem2
CC(C)(C)C(=O)Nc1ccc(N=Nc2ccccc2)cc1,0,PubChem2
Cc1csc(C(C#N)C(=O)c2cc3ccccc3o2)n1,0,PubChem2
[O-][n+]1cccc2c(Br)cc(Br)c(O)c21,0,PubChem2
N#Cc1ccsc1NC(=O)CSc1nnnn1-c1ccc(O)cc1,0,PubChem2
Oc1c(Br)cc(Br)cc1CNc1cccc2cccnc12,0,PubChem2
CCC1C(=O)N(C)c2cnc(Nc3ccc(C(=O)NC4CCCCC4)cc3OC)nc2N1C1CCCC1,0,PubChem2
CCCN(CC1CC1)c1nc(N)c2c(N)nc(OC)cc2c1C#N,0,PubChem2
Cc1nccn2c(-c3ccnc(NCC4(O)CC4)n3)c(-c3ccc(F)cc3F)nc12,0,PubChem2
NC(=NOC(=O)c1cccs1)c1ccc(Cl)cc1,0,PubChem2
Cc1ccsc1C=Nn1cnc2sc(C)c(C)c2c1=O,0,PubChem2
COc1ccc(Nc2ccc(OC)cc2)cc1,0,PubChem2
CCOC(=O)C1(C(F)(F)F)N=C(C(F)(F)F)Nc2ccccc21,0,PubChem2
C=CCOC(=O)c1sc(NC(=O)c2ccc(OC)cc2)nc1C,0,PubChem2
CCOC=C1C(=O)N(c2ccc(OC)cc2)C(=O)c2ccccc21,0,PubChem2
CC(C)CCNC(=O)c1c(N)n(Cc2ccc3c(c2)OCO3)c2nc3ccccc3nc12,0,PubChem2
Cc1ccc(Nc2ncnc3c2oc2ccccc23)cc1,0,PubChem2
O=c1[nH]c2ccccc2nc1C=Cc1ccc(F)cc1,0,PubChem2
COc1ccc(C(C)(C)C)cc1NC(=O)CNc1cccc2ccccc12,0,PubChem2
c1ccc(Cn2cc(-c3ccc4[nH]ncc4c3)nn2)cc1,0,PubChem2
Cc1ccc(N=Nc2c(=O)[nH]n3c(=O)cc(C)[nH]c23)cc1,0,PubChem2
COc1ccc(C=C2OC(=O)c3c(OC)cccc32)cc1OC,0,PubChem2
CCOc1cc2c(C#N)c(N3CCCCC3)nc(N)c2c(N)n1,0,PubChem2
c1ccc(-c2[nH]ncc2-c2ccncc2)cc1,0,PubChem2
Cc1cccc(C=NNC(=O)c2cc(-c3cccnc3)nc3c2c(C)nn3-c2ccccc2)c1,0,PubChem2
O=C(Nc1ccccc1)c1ccc(-c2ccccc2Cl)o1,0,PubChem2
N#Cc1ncc2nc1OCCCCCOc1cc(CCCO)c(Cl)cc1NC(=O)N2,0,PubChem2
O=C(c1ccc([N+](=O)[O-])cc1)c1cc2ccc(O)cc2oc1=O,0,PubChem2
NCCCOc1cc2c(c(-c3ccc(Nc4nc5ccccc5o4)cc3)c1)CNC2=O,0,PubChem2
Nc1ccc(-c2nc3cc(N)ccc3o2)cc1,0,PubChem2
Cc1ccc2c(c1N)C(=O)c1ccccc1C2=O,0,PubChem2
NC(=NOC(=O)c1ccc(Cl)cc1Cl)c1ccc(Cl)cc1,0,PubChem2
Nc1c(-c2cccs2)cnc2c(-c3ccc(F)cc3)cnn12,0,PubChem2
COC(=O)c1ccc2nc(-c3ccc4c(c3)OCO4)cn2c1,0,PubChem2
O=C(Nc1ccc2nccnc2c1)Nc1ccccc1Cl,0,PubChem2
NC(COc1cc(C=Cc2ccncc2)cnc1Cl)Cc1c[nH]c2ccccc12,0,PubChem2
c1ccc(-c2ccc(-c3nc(-c4ccccn4)no3)cc2)cc1,0,PubChem2
CCCCn1c(N)c(C(=O)NCc2cccs2)c2nc3ccccc3nc21,0,PubChem2
Cc1[nH]nc(Nc2ccc(C(C)C)cc2)c1[N+](=O)[O-],0,PubChem2
Cc1c(Cc2ccccc2)c(=O)n2c([nH]c3ccccc32)c1C#N,0,PubChem2
Cc1ccc(NC(=O)CC2C(=O)NC3CCCCC3N2C(=O)c2ccc(F)cc2)cc1C,0,PubChem2
COc1ccc2cc3cc(C(=O)N(C)C4CCCCC4)oc3nc2c1,0,PubChem2
Nc1ccc(-c2nc3ccccc3[nH]2)cc1,0,PubChem2
CCOC(=O)c1cn(-c2ccc(O)cc2C)c2cc(-c3ccncc3)ccc2c1=O,0,PubChem2
COc1ccc(OC)c(NC(=O)C(=O)NN=Cc2ccccc2[N+](=O)[O-])c1,0,PubChem2
CCC(=O)Nc1cccc(-c2ccc(N3CCC(C)CC3)nn2)c1,0,PubChem2
COc1ccc(C(=O)CNc2ccccc2Br)cc1,0,PubChem2
CCCCOc1ccc(C=C2Sc3ccccc3C2=O)cc1,0,PubChem2
O=C1NCc2c1cccc2-c1ccc(Nc2nc3ccccc3[nH]2)cc1,0,PubChem2
COc1cccc(N=Cc2c(O)c3ccccc3oc2=O)c1,0,PubChem2
Brc1ccccc1C=NNc1ccccn1,0,PubChem2
CC(=O)Nc1c(C(N)=O)sc2ccc(Cl)c(Cl)c12,0,PubChem2
Cc1ccc(OCc2nc(-c3ccccc3)no2)cc1,0,PubChem2
c1ccc(Nc2ccnc(Nc3ccccc3)n2)cc1,0,PubChem2
c1ccc(-c2noc(-c3ccc4ccccc4c3)n2)cc1,0,PubChem2
O=C(NN=Cc1ccc(O)cc1)c1cccc(NN=Cc2ccc(O)cc2)c1,0,PubChem2
N#Cc1ccc(NC(=O)Nc2ccnc3cc(C(F)(F)F)ccc23)nc1,0,PubChem2
COc1ccc2nc(NC(=O)c3cnccn3)sc2c1,0,PubChem2
Nc1cccnc1Sc1ccc(Cl)cc1,0,PubChem2
CCCCc1ccc(-c2ccc(Br)cc2O)nc1,0,PubChem2
CCOC(=O)C1CCN(Cc2ccc(O)c(OC)c2)CC1,0,PubChem2
Cc1ccc(C(=O)Nc2ccc(Cl)cn2)cc1,0,PubChem2
O=C(Nc1ccc2c(c1)OCO2)c1ccc(Br)o1,0,PubChem2
Cc1ccc(C(O)C(=O)c2ccco2)cc1,0,PubChem2
O=C1NC2=C(C(=O)CCC2)C(c2ccc3ncccc3c2)N1,0,PubChem2
Cc1[nH]n(-c2ccc([N+](=O)[O-])cc2)c(=O)c1C=NCCN1CCN(C(=O)c2ccccc2)CC1,0,PubChem2
Cc1ccc(F)c(NC(=O)Nc2ccc(-c3cncc4[nH]nc(N)c34)cc2)c1,0,PubChem2
COc1ccc(Nc2nc(-c3ccccc3)cs2)cc1,0,PubChem2
CC(C=NNC(=O)c1cccs1)=Cc1ccccc1,0,PubChem2
O=C(Nc1cccc([N+](=O)[O-])c1)c1ccc2c(c1)OCO2,0,PubChem2
O=C(Nc1cnccn1)Nc1ccnc2c(F)cc(F)cc12,0,PubChem2
O=C(NC(=S)Nc1ccc(S(=O)(=O)Nc2nccs2)cc1)c1cccc(F)c1,0,PubChem2
CCCNC(=O)c1c(N)n(Cc2ccc3c(c2)OCO3)c2nc3ccccc3nc12,0,PubChem2
O=C(COc1ccc(F)cc1)Nc1nccs1,0,PubChem2
O=C(Nc1ccc(N2CCCCC2)cc1)C(Cl)c1ccccc1,0,PubChem2
O=S(=O)(O)c1ccc(NCc2ccc3c(c2)OCO3)c2c(O)cccc12,0,PubChem2
CNS(=O)(=O)c1ccccc1Nc1nc(Nc2cc(OC)c(OC)c(OC)c2)ncc1Cl,0,PubChem2
CCCN1CCN(CCCNC(=S)Nc2ccc3nc(N4CCN(CC)CC4)cc(C)c3c2)CC1,0,PubChem2
COc1ccccc1OCc1ccc(C(=O)Nc2ccccc2)cc1,0,PubChem2
Cc1cc(C=C2C(=O)c3ccccc3C2=O)c(C)n1C,0,PubChem2
CC(N)C1CCC(C(=O)Nc2ccnc3[nH]ccc23)CC1,0,PubChem2
Clc1ccc(OCc2nc(-c3ccncc3)no2)c(Cl)c1,0,PubChem2
O=C(O)c1ccccc1Nc1ccnc(Nc2ccc3[nH]ncc3c2)n1,0,PubChem2
O=C(OCC(=O)N1CCC(c2ccccc2)=N1)c1ccc([N+](=O)[O-])s1,0,PubChem2
CCc1ccc2oc(-c3ccc(NC(C)=O)cc3)nc2c1,0,PubChem2
O=C(Nc1ccc2ccccc2n1)c1ccccc1Br,0,PubChem2
O=C(Nc1ccc(-c2nc3cc(Cl)ccc3o2)cc1)C1CCCO1,0,PubChem2
NNc1nc2c(-c3ccc(F)cc3)nnn2c2ccccc12,0,PubChem2
COc1ccc(COc2ccc(Cc3cnc(N)nc3N)cc2OC)cc1,0,PubChem2
O=C(C=Cc1cccs1)Nc1sc2c(c1C(=O)O)CCCC2,0,PubChem2
FC(F)Oc1ccc(NC(=S)N2CCc3ccccc32)cc1,0,PubChem2
COc1cc(C=C2SC(=Nc3ccccc3)NC2=O)ccc1O,0,PubChem2
COc1ccc2cc1Oc1ccc(cc1)CC1c3cc(c(OC)cc3CCN1C)Oc1c(OC)c(OC)cc3c1C(C2)N(C)CC3,0,PubChem2
Cc1ccc(O)c(CNc2nc3ccccc3n2C)c1,0,PubChem2
O=C1c2ccccc2C(=O)N1CCOc1ccccc1,0,PubChem2
O=C(C=CNc1ccc(Br)cn1)c1cccc(OC(F)F)c1,0,PubChem2
Nc1nc2n(n1)C(c1cccc(Cl)c1)CC(c1ccc(F)cc1)N2,0,PubChem2
c1ccc2c(Nc3nnc(-c4ccncc4)s3)cccc2c1,0,PubChem2
Nc1nnc2ccc(-c3ccccc3)cn12,0,PubChem2
CC(=NNC(=O)c1cc2ccccc2cc1O)c1cccs1,0,PubChem2
OCc1ccc(N=Nc2ccccc2)cc1,0,PubChem2
CCc1ccc(OCC(=O)N2CCc3ccccc32)cc1,0,PubChem2
O=C(C=Cc1c(F)cccc1Cl)Nc1ccncc1,0,PubChem2
CN1CCC(NC(=O)c2cc3c(-c4ccccc4)[nH]nc3s2)CC1,0,PubChem2
O=C(CC(c1cccs1)S(=O)(=O)c1ccccc1)c1ccc(F)cc1,0,PubChem2
Oc1ccc(-c2[nH]nc(Nc3cccc(Cl)c3)c2-c2ccc(O)cc2)cc1,0,PubChem2
CCOC(=O)C(=NNc1ncnc2ccccc12)c1ccc(OC)cc1,0,PubChem2
O=C(Oc1cccc(N=C2C(=O)c3ccccc3C(O)=C2n2nnc3ccccc32)c1)c1cccc([N+](=O)[O-])c1,0,PubChem2
CCC(C)C(NC(=O)OC(C)(C)C)c1cn(C(Cc2ccc(O)cc2)C(=O)N2CCN(C(=O)OC(C)(C)C)CC2)nn1,0,PubChem2
c1ccc(-c2cnc(-c3ccccn3)nn2)cc1,0,PubChem2
CCOc1ccc2nc(NC(=O)c3ccc(C)o3)sc2c1,0,PubChem2
CCC(C)c1ccc(OCc2ccc(C(=O)O)o2)cc1,0,PubChem2
CCOc1ccc2nc(SCC(=O)NCC3CCCO3)c(C#N)cc2c1,0,PubChem2
Cc1cccc(C(=O)Nc2nc3ccc(S(C)(=O)=O)cc3s2)c1,0,PubChem2
Cc1cc(O)ccc1-n1cc(C(=O)NN)c(=O)c2ccc(-c3ccncc3)cc21,0,PubChem2
Cc1csc(-c2coc3cc(O)cc(C)c3c2=O)n1,0,PubChem2
Cc1ccc2nc(-c3cccnc3SCC(=O)N3c4ccccc4CC3C)[nH]c2c1,0,PubChem2
CC(=Cc1ccccc1)C=C1SC(=S)N(NS(=O)(=O)c2ccc(C)cc2)C1=O,0,PubChem2
COc1ccc(C=NNc2ccccn2)c(OC)c1,0,PubChem2
Cc1c(NC(=O)c2cc3c(s2)CCCC3)c(=O)n(-c2ccccc2)n1C,0,PubChem2
CCn1c(SCC(=O)NN=Cc2ccccc2OCC(=O)O)nnc1-c1ccccc1,0,PubChem2
COc1cc2sc3ccc(-c4ccc(N(C)C)nc4)cc3c(=O)c2cc1OC,0,PubChem2
CCOc1ccc(NC(=O)Nc2ccon2)cc1,0,PubChem2
Fc1cc(F)c2nc(N3CCCCC3)sc2c1,0,PubChem2
O=C(Nc1ccc(NC(=O)c2ccco2)c(Cl)c1)c1cccc([N+](=O)[O-])c1,0,PubChem2
Cc1ccc(O)c(C2=Nc3ccccc3C2(C)C)c1,0,PubChem2
COc1ccc(-c2cc(=O)c3c(O)cc(O)cc3o2)cc1,0,PubChem2
Fc1cccc2sc(N3CCCCC3)nc12,0,PubChem2
Cc1cc(-c2ncnc3[nH]ccc23)ccc1F,0,PubChem2
COC(=O)c1ccc(COc2ccc3c4c(c(=O)oc3c2)CCC4)o1,0,PubChem2
C=CCn1c2ccccc2c(=O)c2cc(C#CC3(O)CCCCC3)ccc21,0,PubChem2
CCn1c(Cc2ccccc2)nnc1SC(C)C(=O)NC1CC1,0,PubChem2
O=C(O)c1ccccc1Nc1ccnc(Nc2ccc([N+](=O)[O-])cc2)n1,0,PubChem2
CCN(CC)CCCC(C)Nc1ccnc2cc(Cl)ccc12,0,PubChem2
Cc1ccc(CN2CCN(Cc3ccncc3)CC2CCO)o1,0,PubChem2
Cc1ccc(O)c(NC(=O)c2cc(-c3ccccc3Cl)on2)c1,0,PubChem2
O=C1C(=Cc2ccc([N+](=O)[O-])cc2)CCc2ccccc21,0,PubChem2
COc1ccc(NC(=O)Nc2nccs2)cc1,0,PubChem2
O=c1c2ccccc2nc2oc3ccccc3n12,0,PubChem2
Cn1c2ccccc2c(=O)c2cc(C#Cc3ccccn3)ccc21,0,PubChem2
NC(=O)c1cc2c(-c3cc(C(F)(F)F)cc(C(F)(F)F)c3)cncc2s1,0,PubChem2
Cc1ccsc1C(=O)Nc1ccc(C(=O)O)cc1,0,PubChem2
CCOC(=O)c1cccc(NC(=O)CSc2nnc(-c3ccncc3)n2CCCOC)c1,0,PubChem2
O=C(Nc1nc2ccccc2[nH]1)c1ccccc1F,0,PubChem2
CC1=NN(C(N)=S)C(=O)C1N=Nc1c(Br)cc(Br)cc1Br,0,PubChem2
O=C(Nc1ccccc1)Nc1ccccc1Br,0,PubChem2
CCN(CC)CCCNC1=C(Cl)C(=O)c2ccccc2C1=O,0,PubChem2
COc1cccc(C(=O)NC(=S)Nc2ccc(N(C)C)cc2)c1,0,PubChem2
CCN1CCN(C2=C(NS(=O)(=O)c3ccc(NC(C)=O)cc3)C(=O)c3ccccc3C2=O)CC1,0,PubChem2
CN(C)c1nn(C(=O)Nc2ccc(Cl)cc2Cl)cc1-c1ccccc1,0,PubChem2
Cc1ccc2nc(-c3cccc(N)c3)[nH]c2c1,0,PubChem2
COc1ccc2oc(=O)c(C(=O)Nc3ccccc3C)cc2c1,0,PubChem2
O=C(NCc1ccccc1)c1c(F)c(F)c(F)c(F)c1F,0,PubChem2
CCOC(=O)c1c(C)[nH]c(C(=O)OCC(=O)c2ccccc2)c1C,0,PubChem2
COc1ccc2oc(C(=O)Nc3nnc(C)s3)c(C)c2c1,0,PubChem2
C(=NNc1nc2ccccc2[nH]1)c1c[nH]c2ccccc12,0,PubChem2
CC(=NN=C(N)N)c1cc(NC(=O)NCCCN(C)CCCNC(=O)Nc2cc(C(C)=NN=C(N)N)cc(C(C)=NN=C(N)N)c2)cc(C(C)=NN=C(N)N)c1,0,PubChem2
Cc1ccc(CNC(=O)CSc2ncc(C(=O)Nc3ccccc3)c(=O)n2C)cc1,0,PubChem2
Fc1ccccc1C=NNc1nc2ccccc2o1,0,PubChem2
COC(=O)c1cccc(CSc2nc3ccccc3[nH]2)c1,0,PubChem2
CCOC(=O)c1sc(NC(=O)c2cccs2)cc1C,0,PubChem2
O=C(c1cc(-c2ccc(Br)cc2)on1)N1CCCC1,0,PubChem2
CC(=NNC(=O)c1ccccc1O)c1ccc(N2C(=O)C3CCCCC3C2=O)cc1,0,PubChem2
O=c1c(-c2ccc(Cl)cc2)c[nH]n1-c1ccccc1,0,PubChem2
O=C(Cc1ccccc1)Nc1cc(-c2nc3sccn3c2-c2ccnc(Nc3cccc(N4CCOCC4)c3)n2)ccc1Cl,0,PubChem2
COc1cc2c(Nc3ccc(Br)cc3F)ncnc2cc1OCC1CCN(C)CC1,0,PubChem2
COC(=O)c1sccc1NC(=O)Nc1ccccc1Cl,0,PubChem2
COc1ccc(OC)c(N2C(=O)NC(=O)C(=Cc3ccc([N+](=O)[O-])s3)C2=O)c1,0,PubChem2
O=C(ON=C1CCCc2ccccc21)c1cccs1,0,PubChem2
O=C1C=C(Nc2ccccc2)C(=O)c2ccccc21,0,PubChem2
COc1ccc(Nc2nccc(Nc3c(NC(C)C(C)(C)C)c(=O)c3=O)n2)cc1OC,0,PubChem2
CC1=CC(=C(C#N)c2nc3ccccc3s2)C=C(C)N1c1ccc(F)cc1,0,PubChem2
O=C1c2ccccc2C(=O)N1CCSc1ccccc1,0,PubChem2
O=C1C(=Cc2ccco2)Cc2ccccc21,0,PubChem2
COc1cc(C)nc(NS(=O)(=O)c2ccccc2Cl)n1,0,PubChem2
O=C(COC(=O)c1cccc(NC(=O)c2ccco2)c1)c1ccc(Br)cc1,0,PubChem2
COc1ccc(CCNC(=O)c2cccn2C)cc1,0,PubChem2
Cc1cc(C)c2sc(NC(=O)C3=COCCO3)nc2c1,0,PubChem2
Oc1cccc2c(NC(=S)Nc3ccc(SC(F)F)cc3)cccc12,0,PubChem2
COc1ccc(-c2nc(C#N)c(N3CCCCCC3)o2)cc1,0,PubChem2
O=C(CCCc1ccccc1)c1ccccc1,0,PubChem2
c1ccc2c(c1)Cc1cn[nH]c1-2,0,PubChem2
O=C(Nc1ccccn1)c1ccc2c(c1)OCO2,0,PubChem2
Cc1ccccc1OCC(O)Cn1c(=N)n(Cc2ccccc2)c2ccccc21,0,PubChem2
CC(=O)Nc1ccc(C(=O)COC(=O)C2CCCCC2)c(F)c1,0,PubChem2
CN(C)S(=O)(=O)Oc1cccc(C(=O)Nc2ccc(Cl)c(Cl)c2)c1,0,PubChem2
Cc1ccc(NC(=O)Nc2ccc(-c3c(C(C)C)sc4ncnc(N)c34)cc2)cc1,0,PubChem2
COc1nc(C)ccc1-c1noc(-c2cccs2)n1,0,PubChem2
Cc1cc(C=C2SC(=S)N(C)C2=O)c(C)n1-c1ccc(O)cc1,0,PubChem2
COCCNC(=O)c1c(N)n(CCCn2ccnc2)c2nc3ccccc3nc12,0,PubChem2
CCN(CC)S(=O)(=O)c1ccc(N=Nc2c(N)[nH]c(=O)[nH]c2=O)cc1,0,PubChem2
O=C1C(Cl)=C(NCc2cccnc2)C(=O)c2ccccc21,0,PubChem2
Oc1ccccc1C=NCCCCCCN=Cc1ccccc1O,0,PubChem2
COc1cc(C=Cc2ccc3cccc(O)c3n2)cc(Cl)c1OC,0,PubChem2
C(=Cc1cncc(OCCc2c[nH]c3ccccc23)c1)c1ccncc1,0,PubChem2
O=C(ON=C1CCCc2ccccc21)c1ccc(F)cc1,0,PubChem2
COc1ccc2c(c1)CCc1c-2n[nH]c1C(=O)NCCC(C)C,0,PubChem2
Cc1ccc(NC(=O)Nc2cccc(F)c2)nc1,0,PubChem2
O=C(NCc1ccc(Br)cc1)Nc1ccc2[nH]ncc2c1,0,PubChem2
O=C(Nc1nc2ccccc2[nH]1)c1ccccc1O,0,PubChem2
NC(=NOC(=O)c1ccc(Cl)c(Cl)c1)c1ccccn1,0,PubChem2
c1cnc2[nH]cc(-c3ccnc(NC4CCCCC4)n3)c2c1,0,PubChem2
c1ccc2sc(Nc3nc4cc5c(cc4s3)OCO5)nc2c1,0,PubChem2
O=C(Nc1cccc(C(F)(F)F)n1)Nc1ccnc2c(C(F)(F)F)cccc12,0,PubChem2
Cc1[nH]nc2ccc(-c3cncc(OCC(N)Cc4cccc(Cl)c4)c3)cc12,0,PubChem2
Nc1cc(S(=O)(=O)NC(=O)c2ccc(-c3ccc(F)cc3)cc2)ccc1NC1CCCCC1,0,PubChem2
Fc1ccc(NC(=S)Nc2cccc3ccccc23)cc1F,0,PubChem2
CC(C)(CO)c1nnc2ccc(-c3c(-c4ccc(F)cc4F)nc4n3CCC4)nn12,0,PubChem2
COC(=O)c1ccc(NC(=O)c2ccc(OC(C)=O)c(OC)c2)cc1,0,PubChem2
COc1ccc(C)cc1Nc1n[n+](-c2ccccc2)c(-c2ccc(SC)cc2)s1,0,PubChem2
COC(=O)c1sccc1NC(=O)COc1ccc(F)cc1Cl,0,PubChem2
Cn1cc(Cl)c(C(=O)Nc2nc3ccc(Cl)cc3s2)n1,0,PubChem2
CCC1CC(NS(=O)(=O)C2CC2)CC1c1ncc2cnc3[nH]ccc3n12,0,PubChem2
Cc1ccc(SCC(=O)Nc2cc([N+](=O)[O-])ccc2O)cc1,0,PubChem2
COc1cc(C=C2C(=O)N(c3cccc(Br)c3)N=C2C)cc(OC)c1O,0,PubChem2
CCCOc1ccc(-c2nnc(-c3cccs3)o2)cc1,0,PubChem2
O=C(C=Cc1ccccc1[N+](=O)[O-])NCCN1C(=O)SC(=Cc2ccc(F)cc2)C1=O,0,PubChem2
COc1cc2sc3cc(NCc4ccc5c(c4)OCO5)ccc3c(=O)c2cc1OC,0,PubChem2
COc1ccc(NC(=O)NC(=O)c2ccccc2)cc1,0,PubChem2
COc1ccc(Nc2nnc(-c3ccncc3)s2)cc1Cl,0,PubChem2
Cc1ccc2c(c1)NC(=O)c1cccnc1N2,0,PubChem2
Cc1ccc(C)c(Nc2nc(N)c3ccccc3n2)c1,0,PubChem2
C=CCNc1nc(-c2ccc(Cl)cc2)cs1,0,PubChem2
O=C(Nc1cc(-c2c[nH]c3ncccc23)cc(Cl)n1)c1ccccc1,0,PubChem2
CNC(=O)COC(=O)c1ccc(-c2nc3ccccc3s2)s1,0,PubChem2
CCCNC(=O)C1CC(=O)N(c2ccc(OCc3ccc(Cl)cc3)cc2)C1,0,PubChem2
COc1ccc(NC(=O)c2ccc3ccccc3c2)cc1,0,PubChem2
O=C(COc1ccc(Cc2ccccc2)cc1)c1ccc(F)cc1,0,PubChem2
O=C(Nc1ccc(Cl)cc1)c1ccsn1,0,PubChem2
O=C(C=Cc1ccc2c(c1)OCO2)Nc1cccnc1,0,PubChem2
O=C(Nc1cccc(F)c1)Nc1ccccn1,0,PubChem2
Cc1ccc(Nc2nc(-c3cccs3)cs2)nc1,0,PubChem2
CSc1ccc(C=NNC(=O)c2cccc(Cl)c2)cc1,0,PubChem2
O=c1c(NCc2ccc(Cl)cc2Cl)c(Nc2ccc3[nH]ncc3c2)c1=O,0,PubChem2
COc1n[nH]c(C(=O)Nc2cc(Cl)ccc2Cl)c1[N+](=O)[O-],0,PubChem2
CS(=O)(=O)Nc1ccc(Nc2ccc3[nH]nc(N)c3c2)cc1,0,PubChem2
COc1ccccc1NC(=O)C(=O)Nc1ccc2c(c1)N(C(=O)C1CC1)CCC2,0,PubChem2
Cc1ccc(S(=O)(=O)Oc2ccccc2C=NNC(N)=S)cc1,0,PubChem2
Cc1nc2cc(NC(=O)Nc3cccc4ccccc34)ccc2n1C,0,PubChem2
CCCCN(CC)c1nc(N)c2c(N)nc(OCC)cc2c1C#N,0,PubChem2
Cc1ccc(C=NOC(=O)c2nn(C)cc2Cl)cc1,0,PubChem2
COc1cccc2sc(N(C)c3ccccc3)nc12,0,PubChem2
Cc1ccc(C2(c3ccc(C)cc3)CC2C(=O)Nc2ccncc2)cc1,0,PubChem2
OCCNc1cc2cc(-c3cccnc3)ccc2cn1,0,PubChem2
CC(C)(C)c1cc(NC(=O)C(=O)c2cccc3ccccc23)n(-c2ccc(OCC(=O)NCCO)cc2)n1,0,PubChem2
CN(C)CCCN(C(=O)COc1ccccc1)c1nc2c(F)cccc2s1,0,PubChem2
Fc1ccccc1-c1nc(-c2ccc(Br)o2)no1,0,PubChem2
COc1ccc(-c2ccc(N)cc2)c2cnoc12,0,PubChem2
COc1ccc(C=C2CCC(C3CCCC3)C2=O)cc1,0,PubChem2
CC(=O)NCc1ccc(-c2nc3ccccc3s2)cc1,0,PubChem2
COc1ccc(-c2cc3ncnc(Cl)c3s2)cc1,0,PubChem2
O=C(CNC(=O)c1ccccc1F)c1ccccc1,0,PubChem2
O=C(Nc1ccccc1)Nc1ccc2c(c1)CCC2,0,PubChem2
O=C(C=Cc1cccc(Br)c1)c1ccc2c(c1)OCO2,0,PubChem2
COc1ccc(-c2cn3ccc(C)cc3n2)cc1,0,PubChem2
COc1ccc(C(=O)COC(=O)c2ccc([N+](=O)[O-])s2)cc1OC,0,PubChem2
CCc1ccc(C(=O)COC(=O)c2n[nH]c3ccccc23)cc1,0,PubChem2
O=C(O)c1cccc(NN=Cc2cc(Br)cc(Br)c2O)c1,0,PubChem2
COc1ccc(-c2cc3nccn3c(Nc3ncccc3C(N)=O)n2)cc1OC,0,PubChem2
CCOc1ccc(OCCn2nnc3ccccc3c2=O)cc1,0,PubChem2
CCOc1ccc(C(=O)Nc2cccc(SC)c2)cc1,0,PubChem2
CC(C)NS(=O)(=O)c1ccc(OCC(=O)Nc2ccccc2F)cc1,0,PubChem2
O=C(c1ccccc1)c1cnc(-c2ccc(Cl)cc2)s1,0,PubChem2
O=C(COC(=O)CCC(=O)c1ccc(F)cc1)Nc1cccc(S(=O)(=O)N2CCCC2)c1,0,PubChem2
CCN1C(=O)c2ccc(C(=O)Nc3ccc4c(c3)OCO4)cc2C1=O,0,PubChem2
O=C(CSc1ccccn1)c1ccc2c(c1)OCO2,0,PubChem2
CCOc1ccc(Nc2nc(-c3cccnc3)cs2)cc1,0,PubChem2
Oc1cc(O)cc(C=Cc2ccc(O)c(O)c2)c1,0,PubChem2
c1ccc(Oc2cc(-n3cccn3)ncn2)cc1,0,PubChem2
c1ccc(-c2ccc3ccccc3n2)cc1,0,PubChem2
NC1CCC(Nc2cc(Cl)nc(-c3c[nH]c4ncccc34)n2)CC1,0,PubChem2
COc1ccc(C=Nc2ccc3[nH]ncc3c2)c(O)c1,0,PubChem2
Cn1c(-c2ccccc2F)cc2onc(-c3ccccc3)c2c1=O,0,PubChem2
Cc1ccc(C2CC3CN(Cc4cccc(Cl)c4)C(=O)C34CCCN24)o1,0,PubChem2
COCC#Cc1cccc2c1Cc1c-2n[nH]c1-c1cccs1,0,PubChem2
Clc1ccc(-c2nnc(N3CCCC3)nn2)cc1,0,PubChem2
CC(=NNC(=O)c1ccc(Br)cc1)c1ccccc1,0,PubChem2
Cc1cccc(NC(=O)Nc2ccc(-c3cccc4[nH]nc(N)c34)c(F)c2)c1,0,PubChem2
c1cc2c(s1)CCc1cn[nH]c1-2,0,PubChem2
O=C(NCc1ccccc1)Nc1ncc([N+](=O)[O-])s1,0,PubChem2
O=C(NC(=S)Nc1ccc(S(=O)(=O)Nc2nccs2)cc1)c1ccc(F)cc1,0,PubChem2
CN1CCN(c2ccc(Nc3ncc(Cl)c(Nc4ccc5[nH]ncc5c4)n3)cc2)CC1,0,PubChem2
COc1ccccc1NS(=O)(=O)c1cccc(-n2c(O)c(C=Nc3ccccc3C(=O)O)c3ccccc3c2=O)c1,0,PubChem2
CSc1ccccc1NC(=O)c1cc(C2CC2)on1,0,PubChem2
NNc1nc(-c2ccccc2)nc2sc3c(c12)CCCC3,0,PubChem2
O=C(O)c1ccc2c3c(cccc13)C(=O)N(OS(=O)(=O)c1ccccc1)C2=O,0,PubChem2
Clc1cc(NC2CCCCC2)nc(-c2c[nH]c3ncccc23)n1,0,PubChem2
CCCCCCN1C=CC(=C2C(=O)c3ccccc3C2=O)C=C1,0,PubChem2
Cc1c(O)ccc2c1CCCC2=NNC(=O)Cc1cccc2ccccc12,0,PubChem2
CCN(CC)C(=O)Nc1ccc2nc(-c3ccco3)c(-c3ccco3)nc2c1,0,PubChem2
Cc1occc1-c1nc(-c2ccncc2)no1,0,PubChem2
CCn1ccc(C(=O)Nc2ccccc2Cl)n1,0,PubChem2
c1ccc(Cn2c(-c3ccco3)nc3nc4ccccc4nc32)cc1,0,PubChem2
CCc1cc(C(=O)NNC(=S)Nc2cccc(C)c2)cs1,0,PubChem2
O=C(Nc1ccc2c(c1)OCCO2)c1ccccc1,0,PubChem2
O=C(Nc1nc2ccc(Cl)cc2s1)c1ccco1,0,PubChem2
O=C(Oc1ccccc1)c1ccc(NC(=O)c2ccco2)cc1,0,PubChem2
COc1ccc(C(=O)C=Cc2ccc(O)cc2)cc1,0,PubChem2
O=C(NC1=NCCS1)c1csc2ccccc12,0,PubChem2
CN1C(=O)C(=Cc2coc3ccc(O)cc3c2=O)SC1=S,0,PubChem2
O=C(Cn1nnc(-c2ccc3c(c2)OCO3)n1)Nc1ccccc1C(=O)O,0,PubChem2
NC(=S)NNc1cccc2cccnc12,0,PubChem2
C=C(C)Cn1c(N2CCC(Cc3ccccc3)CC2)nc2c1c(=O)[nH]c(=O)n2C,0,PubChem2
CC(C)(CO)CNc1nccc(-c2c(-c3ccc(F)cc3)nc3c(OCC(F)(F)F)nccn23)n1,0,PubChem2
CN1CCc2nc(SCc3ccc(Cl)cc3)c(C#N)c(-c3cccs3)c2C1,0,PubChem2
O=C(Nc1cccnc1)c1cc2c(ccc3ccccc32)o1,0,PubChem2
CC(C)OCCCNC(=O)c1cc2c(s1)CS(=O)(=O)C2,0,PubChem2
Cc1occc1C(=O)NN=Cc1ccccc1[N+](=O)[O-],0,PubChem2
Cc1cc(C(N)=NOC(=O)c2ccc(Cl)cc2)no1,0,PubChem2
Cc1cc(O)ccc1-n1c2cc(Cl)ccc2c(=O)c2c(N)nc(N)nc21,0,PubChem2
O=c1oc(CCCO)cc2ccc(C=Cc3cccc([N+](=O)[O-])c3)cc12,0,PubChem2
CCOC(=O)CN1C(=O)SC(=Cc2ccc(-c3cccc(C(=O)O)c3C)o2)C1=O,0,PubChem2
Cc1cc(NC(=O)c2ccccc2)sc1C,0,PubChem2
CCOC(=O)Nc1ccc2nc(N3CCCCCC3)sc2c1,0,PubChem2
NS(=O)(=O)c1cccc(Nc2ncc3ccn(-c4ccccc4)c3n2)c1,0,PubChem2
COc1ccc(C(=O)Nc2ccc(C(=O)N3CCCCC3)cc2)cc1OC,0,PubChem2
CCN(CC)C(=O)Oc1ccc2c(=O)c(-c3ccccc3)coc2c1,0,PubChem2
Cc1ccn2c(c1)nc(=S)n2C(=O)c1ccccc1,0,PubChem2
CCCS(=O)(=O)Nc1ccc(-c2ccc3[nH]nc(NC(C)=O)c3c2)cc1,0,PubChem2
O=C(O)c1cc2c(-c3cccc(F)c3)cncc2s1,0,PubChem2
NC(COc1cncc(-c2ccc3c(c2)CC(=O)N3)c1)Cc1c[nH]c2ccccc12,0,PubChem2
Nc1nc(-c2ccc(-c3ccccc3)cc2)cs1,0,PubChem2
Cc1ccc(C(=O)ON=C(N)c2ccccc2)c(Cl)c1,0,PubChem2
CCN(CC)S(=O)(=O)c1ccc(N=Nc2c(C)[nH]n(C(N)=S)c2=O)cc1,0,PubChem2
Cc1cnc(NC(=O)COc2ccc3c(c2)CCC3)s1,0,PubChem2
CCOc1ccc(C(=O)Nc2cccc(C)n2)cc1,0,PubChem2
NC(Cc1c[nH]c2ccccc12)C(=O)Nc1cncc(C=Cc2ccncc2)c1,0,PubChem2
O=C(Nc1ccc(C(F)(F)F)cc1)c1ccccc1,0,PubChem2
COc1ccc(C(N)=NOC(=O)c2ccc3c(c2)OCO3)cc1OC,0,PubChem2
Clc1cccc(-c2cc3nc4c(c(NCc5ccco5)n3n2)CCCC4)c1,0,PubChem2
Cc1cc(C)c(NC(=O)CSc2nnc(-c3ccncc3)n2Cc2ccco2)c(C)c1,0,PubChem2
Cc1ccc(NC(=O)COc2cccc(C=C3SC(=S)N(CCC(=O)O)C3=O)c2)cc1Cl,0,PubChem2
O=C(C=Cc1ccco1)NC(=S)Nc1cccc(-c2nc3ccccc3s2)c1,0,PubChem2
O=C(Nc1ccc(-c2noc(-c3cccs3)n2)cc1)c1cccnc1,0,PubChem2
O=C(Nc1cccc2nsnc12)c1ccc2c(c1)OCO2,0,PubChem2
CCN1c2cc(N)ccc2-c2ccc(N)cc2C1(O)c1ccccc1,0,PubChem2
CN(C(=O)c1ccccc1)c1nc2ccccc2s1,0,PubChem2
Cc1sc(NC(=O)c2ccc3ncsc3c2)c(C(N)=O)c1C,0,PubChem2
Cc1cc(N2CCN(C)CC2)nc2ccc(NC(=S)N3CCN(c4ccc(Cl)cc4)CC3)cc12,0,PubChem2
Nc1nonc1-n1nnc(C(=O)NN=Cc2ccncc2)c1-c1ccccc1,0,PubChem2
Fc1ccc2nc(N3CCCC3)sc2c1,0,PubChem2
Brc1ccc(OCc2nc3ccccc3[nH]2)cc1,0,PubChem2
O=C(C=CNc1ccc([N+](=O)[O-])cc1Br)c1cccc2ccccc12,0,PubChem2
COc1ccccc1-c1nc(-c2ccccn2)no1,0,PubChem2
COc1cccc(NC(=O)C=Cc2ccco2)c1,0,PubChem2
Cc1ccccc1C(=O)Nc1ccc(Cl)cn1,0,PubChem2
N#Cc1cccc(Nc2ncnc(Nc3ccc(F)cc3)n2)c1,0,PubChem2
CCCCC#Cc1ccc(CN2CC(C(=O)O)C2)cc1,0,PubChem2
NS(=O)(=O)c1ccc(NC(=O)COC(=O)c2ccc([N+](=O)[O-])s2)cc1,0,PubChem2
COc1ccccc1NC(=S)NNC(=O)c1ccc(Cl)cc1Cl,0,PubChem2
COc1cc(C(=O)Nc2ccc3c(c2)OCCO3)ccc1OC(F)F,0,PubChem2
O=C1c2ccccc2C(=O)C1(CO)c1ccc(OC(F)F)cc1,0,PubChem2
Cc1cccc(C(=O)OCC(=O)c2ccc3c(c2)NC(=O)CO3)c1,0,PubChem2
CCOc1ccc2nc(NC(=O)c3ccccn3)sc2c1,0,PubChem2
Cc1sc(NC(=O)c2ccccc2)c(C#N)c1-c1ccccc1,0,PubChem2
Brc1ccsc1-c1csc(-c2ccncc2)n1,0,PubChem2
Cc1cc(N2CCOCC2)cc2[nH]c(-c3c(NCCc4ccccc4)cc[nH]c3=O)nc12,0,PubChem2
O=c1c(-c2ccc(F)cc2)coc2c3c(ccc12)OCCO3,0,PubChem2
N#Cc1ccc2nc(N)n(-c3nccs3)c2c1,0,PubChem2
CC1=NN(c2ccc(Cl)cc2)C(=O)C1C(c1ccccc1O)c1c(C)[nH]n(-c2ccc(Cl)cc2)c1=O,0,PubChem2
Cc1cccc(NC(=O)c2cc3ccccc3c(=O)o2)n1,0,PubChem2
COc1ccccc1NC(=S)Nc1cccc2cnccc12,0,PubChem2
Cc1nn(-c2ccc(F)cc2)c2sc(C(=O)O)cc12,0,PubChem2
c1ccc(-c2cc(-c3ccccc3)on2)cc1,0,PubChem2
Oc1ccc(-c2nc3ccccn3c2NCc2ccco2)cc1,0,PubChem2
CC(C)(C)c1cnc(CSc2cnc(NC(=O)C3CCNCC3)s2)o1,0,PubChem2
COc1ccc2c(c1)CCC(=CNc1ccc3c(c1)OCO3)C2=O,0,PubChem2
NC(=O)c1c(NC(=O)c2ccccc2)sc2c1CCc1ccccc1-2,0,PubChem2
CCOC(=O)C1(CCc2ccccc2)CCN(Cc2ccc3c(c2)OCCO3)CC1,0,PubChem2
CC(=Nc1ccc(Br)cc1)c1sc2ccccc2c1O,0,PubChem2
COc1ccc(CN(C)C)cc1Nc1nccc(-c2c(-c3cccc(NC(=O)Cc4ccccc4)c3)nc3sccn23)n1,0,PubChem2
CCCn1c(O)c(N=Nc2ccc3ccccc3n2)c2ccccc21,0,PubChem2
CN(C)c1ccc(C=C2CCCCC2=O)cc1,0,PubChem2
Cc1cc(C)nc(N(C#N)Cc2ccccc2C)n1,0,PubChem2
COc1ccc2c(NC(=O)Nc3cc(C(F)(F)F)ccn3)ccnc2c1,0,PubChem2
CC1CCN(C2=C(NS(=O)(=O)c3ccc(Br)cc3)C(=O)c3ccccc3C2=O)CC1,0,PubChem2
O=C(CSc1nnc(-c2cccnc2)n1Cc1ccco1)NCc1ccc2c(c1)OCO2,0,PubChem2
CCc1cccc(CC)c1C(OC(C)=O)c1cccnc1,0,PubChem2
Clc1ccc(-n2nnc(-c3cccnc3)n2)cc1Cl,0,PubChem2
Cc1cc2ncn(S(=O)(=O)c3ccc(S(=O)(=O)N4CCCCCC4)cc3)c2cc1C,0,PubChem2
COc1ccc(NC(=O)c2cnc(SCC(=O)NCCc3ccccc3)n(C)c2=O)cc1,0,PubChem2
CCN(CC)c1ccc(C(=O)OCC(=O)Nc2sccc2C#N)cc1,0,PubChem2
CC(C)(O)CNc1nccc(-c2c(-c3ccc(F)cc3F)nc3c(CC4CC4)nccn23)n1,0,PubChem2
O=C(C=Cc1ccc(O)c(O)c1)c1ccccc1O,0,PubChem2
CN(C)c1ccc(NC=CC(=O)c2ccc(F)cc2)cc1,0,PubChem2
COC(=O)c1cccc(-c2noc(-c3ccccc3F)n2)c1,0,PubChem2
CCOc1nc(NC(=O)Cc2cc(OC)c(S(C)(=O)=O)cc2OC)cc(N)c1Cl,0,PubChem2
O=c1sc2ccccc2c(N2CCOCC2)c1[N+](=O)[O-],0,PubChem2
Nc1n[nH]c2cc(-c3ccc(NC(=O)Nc4cccc(C(F)(F)F)c4)cc3)ccc12,0,PubChem2
CC(C)(C)NCCCCOc1ccccc1F,0,PubChem2
COc1cc(C=C(C#N)c2nc3ccccc3c(=O)[nH]2)ccc1O,0,PubChem2
Cc1[nH]c(C=C2C(=O)Nc3ccccc32)c(C)c1CCC(=O)O,0,PubChem2
CCOC(=O)N1CCN(C(=O)Nc2cccc3ccccc23)CC1,0,PubChem2
CCOCC(=O)Nc1cc(C(=O)Nc2ccc(F)cc2)ccc1Cl,0,PubChem2
Cc1cccc(C)c1OCc1cc(C(=O)N2CCN(c3ccc(F)cc3)CC2)no1,0,PubChem2
CC(CCc1ccccc1)NC(=O)C(Cc1ccccc1)NS(=O)(=O)c1cccs1,0,PubChem2
Cc1cccc2c1cnn2C(=O)Nc1cc(F)ccc1F,0,PubChem2
O=c1c2cc(-c3ccccc3)sc2nc2n1CCC2,0,PubChem2
O=C(O)c1ccc(-c2noc(-c3ccccc3C(F)(F)F)n2)cc1,0,PubChem2
COc1nccc(-c2c(-c3ccc(F)cc3)ncn2C2CCC(O)CC2)n1,0,PubChem2
Fc1ccc2cc(-c3ccccc3F)ncc2c1,0,PubChem2
CC(=O)Nc1cccc(NC(=O)CSc2ncc(C(=O)Nc3ccccc3)c(=O)n2C)c1,0,PubChem2
O=C1C(=Cc2ccc([N+](=O)[O-])cc2)Oc2cc(O)ccc21,0,PubChem2
CN(C)c1ccc(-c2cc(-c3ccc([N+](=O)[O-])cc3)nc(NS(=O)(=O)c3ccc(N)cc3)n2)cc1,0,PubChem2
Cc1cnc(NC(=O)c2ccc3c(c2)OCCO3)s1,0,PubChem2
c1csc(-c2nnc(-c3ccc(N4CCOCC4)cc3)o2)c1,0,PubChem2
COc1cccc(C(=O)Nc2ccc(F)c(F)c2F)c1,0,PubChem2
COc1cc(-c2ccc3c(c2)NC(=O)c2ccc(-c4ccccc4NS(C)(=O)=O)cc2N3)cc(OC)c1OC,0,PubChem2
COc1cc(C=C2SC(=O)NC2=O)ccc1O,0,PubChem2
O=C(NN=C1CC(=NNC(=O)c2ccncc2)c2ccccc21)c1ccncc1,0,PubChem2
CCCCCn1c(NC(=O)c2ccco2)c(C(=O)OCC)c2nc3ccccc3nc21,0,PubChem2
CCNC(=O)c1cnc(N)c2c(-c3ccc(NC(=O)Nc4cccc(F)c4)cc3)csc12,0,PubChem2
O=c1c2c(nc3cc(-c4ccco4)[nH]n13)CSC2,0,PubChem2
COc1cccc(-c2csc(N3CCN(CC(=O)NNC(=O)c4ccc(Br)cc4)CC3)n2)c1,0,PubChem2
COc1ccc(-c2nc(-c3cccc(C)c3)no2)cc1OC,0,PubChem2
Cc1ccc(-n2nc3ccc(N)cc3n2)cc1Cl,0,PubChem2
O=c1cc(-c2ccc(F)cc2)nc2c(-c3ccc(F)cc3)c[nH]n12,0,PubChem2
O=C(Nc1ccc(Br)cc1F)c1ccc2c(c1)OCCO2,0,PubChem2
O=c1c(NCc2ccc(Cl)c(Cl)c2)c(Nc2ccncc2)c1=O,0,PubChem2
COc1ccc(C(N)=NOC(=O)c2ccc3c(c2)OCO3)cc1,0,PubChem2
Cc1ccc(C(=O)Nc2ccc3c(c2)OCO3)o1,0,PubChem2
CCn1c(Cc2ccccc2)nnc1SCC(=O)Nc1nccs1,0,PubChem2
Cc1cc(C(=O)Nc2ccccn2)cs1,0,PubChem2
COc1ccc2nc(NC(=O)Nc3ccccc3)sc2c1,0,PubChem2
O=C(Nc1ccc(F)cc1)Nc1cccnc1Cl,0,PubChem2
O=C(NN=Cc1c(O)ccc2ccccc12)c1[nH]ncc1Br,0,PubChem2
NC(=O)c1cccc2[nH]c(-c3ccc(-n4ccc(CN5CCCCC5)c4)cc3)nc12,0,PubChem2
CNC(=O)NC1CCC(Nc2nc(Cl)cc(-c3c[nH]c4ncccc34)n2)CC1,0,PubChem2
CC(C)OCCCNC1=C(Cl)C(=O)c2ccccc2C1=O,0,PubChem2
C=CCOC(=O)c1sc(NC(=O)c2ccco2)nc1C,0,PubChem2
Nc1nnc2c(n1)CCCC2,0,PubChem2
COc1ccc(NC(=O)c2ccc(C)cc2)cc1,0,PubChem2
CC(=O)c1sc(NC(=O)c2ccc(C)cc2)nc1C,0,PubChem2
CSc1ccc(C=CC(=O)NC(=O)c2ccccc2O)cc1,0,PubChem2
O=C1C=C(Nc2ccccc2C(=O)O)c2ccccc2C1=O,0,PubChem2
O=C(Nc1ccc(Br)cc1)c1cc2ccccn2n1,0,PubChem2
CC(Oc1cc(-c2cnn(C3CCNCC3)c2)cnc1N)c1c(Cl)ccc(F)c1Cl,0,PubChem2
Cc1ccc(S(=O)(=O)N=C(NNC(=O)c2cccc(Cl)c2)c2ccccc2)cc1,0,PubChem2
Nc1ncnc2c1c(-c1cnc3[nH]ccc3c1)nn2C1CCCC1,0,PubChem2
N#Cc1ccc(-c2n[nH]c3c2Cc2ccc(OCCN4CCOCC4)cc2-3)cn1,0,PubChem2
CSc1ccc2nc3c(c(Cl)c2c1)CCNC3=O,0,PubChem2
CCOc1ccc(NC=CC(=O)c2ccccc2)cc1,0,PubChem2
Fc1ccccc1-c1cc2cc3c(cc2cn1)OCO3,0,PubChem2
O=C(Nc1cccc(F)c1)Nc1ccc2c(c1)CCC2,0,PubChem2
COc1ccc(-c2coc3cc(O)c(OC)cc3c2=O)cc1,0,PubChem2
O=[N+]([O-])c1ccc(N2CCCC2)c2ccncc12,0,PubChem2
Cc1ccc(SCCC(=O)Nc2ccccc2Br)cc1,0,PubChem2
CCCOc1ccc(-c2nnc(-c3ccco3)o2)cc1,0,PubChem2
Cc1nc(NS(=O)(=O)c2ccccc2)sc1NC(=O)OC(C)C,0,PubChem2
CC(=O)c1sc(NN=Cc2ccccc2O)nc1C,0,PubChem2
O=C(O)C1CN(Cc2ccc(OCc3cccc(C(F)(F)F)c3)cc2)C1,0,PubChem2
Cc1ccccc1C(=O)Oc1ccc2ccc(O)cc2c1,0,PubChem2
Cc1nc2ccccn2c1-c1csc(Nc2ccc(O)cc2)n1,0,PubChem2
Cn1cncc1C(OCc1c(-c2ccc(OC(F)(F)F)cc2)cc(C#N)c(=O)n1C)c1ccc(C#N)cc1,0,PubChem2
Cc1ccc(NC(=O)Nc2ccc(-c3csc4c(-c5cnn(C(C)C(=O)N(C)C)c5)cnc(N)c34)cc2)cc1,0,PubChem2
CN(CC(=O)Nc1ccccc1Cl)C(=O)COC(=O)c1ccccc1[N+](=O)[O-],0,PubChem2
CC(=O)Nc1nc(COc2ccc3ccccc3c2)cs1,0,PubChem2
O=C(Nc1ccc2c(c1)OCO2)c1ccccc1,0,PubChem2
Cn1cccc1C(=O)C(=O)Nc1ccc(F)c(F)c1,0,PubChem2
CCOC(=O)c1cc2ccc3ccccc3c2s1,0,PubChem2
O=C(Nc1ccc(Cl)cn1)c1ccccc1F,0,PubChem2
O=C(Nc1ccc(NC(=O)C2CC2)nc1)c1ccccn1,0,PubChem2
CCCCOC(=O)c1ccc(NC(=O)c2ocnc2C)cc1,0,PubChem2
O=C(NN=Cc1cc([N+](=O)[O-])ccc1O)c1ccc2c(c1)OCCO2,0,PubChem2
Cc1cccc(NC(=S)NC(=O)c2ccc(-c3ccccc3)cc2)n1,0,PubChem2
O=Nc1c2nc3ccccc3n(O)c-2c2ccccc12,0,PubChem2
Cc1ccc(C(N)=NOC(=O)c2ccc(F)cc2)cc1,0,PubChem2
CC(C)c1nnc2ccc(-c3c(-c4ccc(F)cc4F)nc4occn34)nn12,0,PubChem2
CCc1ccc(OC(=O)C=Cc2ccco2)cc1,0,PubChem2
Clc1cc(-c2c[nH]c3ncccc23)nc(NC2CCOCC2)n1,0,PubChem2
O=C(NCCCCCCNC(=O)NCc1cccnc1)NCc1cccnc1,0,PubChem2
O=C(Nc1cccnc1)c1cc(-c2ccc(Cl)cc2)on1,0,PubChem2
Nc1ccccc1C(=O)N1CCc2ccccc21,0,PubChem2
CSc1ccc(C=NNC(=O)c2cccs2)cc1,0,PubChem2
c1ccc(-c2ccc(-n3ccnc3)cc2)cc1,0,PubChem2
COc1cccc(C(C)NC(=O)c2ccc(-c3ccncn3)cc2)c1,0,PubChem2
O=Cc1c(-c2ccccc2)cc2oc3ccccc3cc1-2,0,PubChem2
O=C(c1cc2ccccc2o1)c1cccs1,0,PubChem2
CC1Sc2ccc(C(=O)OCc3ccccc3Cl)cc2NC1=O,0,PubChem2
COc1cc(OC)cc(C(=O)Nc2ccc(NC(=O)c3ccco3)c(Cl)c2)c1,0,PubChem2
O=C(O)c1ccc(OS(=O)(=O)c2ccc(Cl)s2)c(Cl)c1,0,PubChem2
O=C1Nc2ccccc2Nc2ccccc21,0,PubChem2
COc1ccc(C=CC=C2N=C(SC)SC2=O)cc1,0,PubChem2
O=C(Nc1cnccn1)Nc1ccnc2c(F)cccc12,0,PubChem2
O=C(C=Cc1ccccc1Cl)Nc1ccccc1,0,PubChem2
Cc1[nH]n(-c2cccc(Br)c2)c(=O)c1C=c1c(C)c(C#N)c2nc3ccccc3n2c1=O,0,PubChem2
CN(C)c1c(NC(=O)c2c(F)cccc2F)cccc1-c1nc2sccn2c1-c1ccnc(Nc2cccc(N3CCOCC3)c2)n1,0,PubChem2
CCOc1ccc(NC(=O)Nc2cc(C)ccc2OC)cc1,0,PubChem2
Cc1nc(-c2ccc(Cl)cc2)sc1C1(C)CC(c2ccccc2)=NO1,0,PubChem2
Cc1cccc(OCC(=O)Nc2ccccc2F)c1,0,PubChem2
Cc1cc(C)nc(NC(=O)C=Cc2ccc(Cl)cc2Cl)c1,0,PubChem2
CCc1ccc(NC(=O)c2cnn(-c3ccccc3)c2C)cc1,0,PubChem2
COc1ccc(OC(=O)Nc2ccccc2)cc1,0,PubChem2
O=C(Nc1ccccc1O)c1ccc2c(c1)C(=O)N(c1ccccc1)C2=O,0,PubChem2
CCCNS(=O)(=O)c1ccc(NC(=O)c2ccccn2)cc1,0,PubChem2
CCOc1ccc2nc(NC(=O)c3cccnc3)sc2c1,0,PubChem2
COc1ccc(C(=O)Nc2nc3ccccc3s2)cc1,0,PubChem2
COc1ccccc1CCn1c(N)c(C#N)c2nc3ccccc3nc21,0,PubChem2
CS(=O)(=O)c1ccc2nc(NC(=O)c3ccccc3)sc2c1,0,PubChem2
O=C(Nc1ccccc1)Oc1ccc[nH]c1=O,0,PubChem2
Cc1nccn2c(-c3ccnc(NCCC(C)(C)O)n3)c(-c3ccc(F)cc3F)nc12,0,PubChem2
O=C1CCCC(O)=C1N=Nc1cccc(C(=O)O)c1,0,PubChem2
CC(=O)c1cccc2c(O)c(C3=Nc4ccccc4C3=O)[nH]c12,0,PubChem2
C=CCn1c(NC(=O)c2ccc(Br)o2)c(S(=O)(=O)c2ccccc2)c2nc3ccccc3nc21,0,PubChem2
O=C1NCc2ccc(-c3ccccc3)cc21,0,PubChem2
COc1ccc(-c2csc(-n3cccn3)n2)cc1,0,PubChem2
NC(COc1cncc(C=Cc2ccncc2)c1)Cc1c[nH]c2ccccc12,0,PubChem2
O=c1[nH]c2ccccc2n2cc(-c3ccc(Cl)cc3)cc12,0,PubChem2
COc1ccc2c(C#N)c3ccccn3c2c1,0,PubChem2
Cc1cc(N2CCCCC2)n2ncc(-c3ccccc3)c2n1,0,PubChem2
Cc1ccc(C(=O)Nc2nc3c(s2)CCCC3)o1,0,PubChem2
N#CCSc1nnc2sc3ccccc3n12,0,PubChem2
Cc1cccc(NC(=O)Nc2ccc(-c3cccc4[nH]ncc34)cc2)c1,0,PubChem2
COc1ccc2[nH]c(-c3ccccc3)cc2c1,0,PubChem2
Cc1nc(Cl)sc1C(=O)Nc1ccc2ccccc2c1,0,PubChem2
CCOc1ccc(-c2nc3ccccc3c(=O)o2)cc1,0,PubChem2
Cc1ccc(-n2cc(C(=O)c3ccccc3O)cn2)cc1,0,PubChem2
Clc1ccc(-n2ncc3c(N4CCCCCC4)ncnc32)cc1,0,PubChem2
O=C(Nc1ccc(N2CCCCC2)cc1)c1ccc(F)cc1F,0,PubChem2
O=C(Nc1ccc(SC(F)F)cc1)c1ccccc1F,0,PubChem2
Cc1ccc(NC(=O)c2cc3ccccc3oc2=O)cc1S(=O)(=O)N(C)C,0,PubChem2
Nc1ncnc2sc(Br)c(-c3ccc(NC(=O)Cc4cccc(Cl)c4)cc3)c12,0,PubChem2
O=C(NN=Cc1cc2c(cc1Cl)OCO2)c1cccc(Br)c1,0,PubChem2
Nc1c2c(nc3sc4c(c13)CCCCC4)CCCCC2,0,PubChem2
COc1cccc(-c2cc3nc(-c4ccccc4)cc(=O)n3[nH]2)c1,0,PubChem2
OC(COc1cncc(C=Cc2ccncc2)c1)Cc1c[nH]c2ccccc12,0,PubChem2
O=C(COC(=O)c1ccc([N+](=O)[O-])s1)NCc1ccc(F)cc1,0,PubChem2
O=C(Nc1cccc(C(F)(F)F)n1)Nc1ccnc2cc(Cl)ccc12,0,PubChem2
Clc1ccc2nc(-c3ccccc3)cn2c1,0,PubChem2
O=C(Nc1nnc(SCC(=O)N2CCCCC2)s1)c1ccccc1F,0,PubChem2
COc1ccc(C(=O)CSc2nnc(Cc3ccccc3)o2)cc1,0,PubChem2
Cc1ccc(O)c(NC(=O)c2noc3c2CCCCC3)c1,0,PubChem2
CCOC(=O)c1oc2cccc(O)c2c1C,0,PubChem2
O=C(Nc1ccccc1)Nc1ccc2ocnc2c1,0,PubChem2
COc1ccccc1C(=O)NC(=O)Nc1cccc(Cl)c1,0,PubChem2
COc1cccc2cc(-c3nc4ccccc4[nH]3)c(=O)oc12,0,PubChem2
CC(C)Cc1cc(C(=O)Nc2ccc(F)cc2F)no1,0,PubChem2
COc1cc(Cl)c(NC2=CC(=O)C(=O)c3ccccc32)c(OC)c1,0,PubChem2
CCOc1ccccc1NC(=O)Nc1ccc2c(c1)OCO2,0,PubChem2
c1ccc2c(C3=NNC(=NC4CC4)SC3)c[nH]c2c1,0,PubChem2
COc1cc(O)c(CC=C(C)C)c(O)c1C(=O)CCc1ccc(O)cc1,0,PubChem2
Cc1cccc(NC=CC(=O)c2cccs2)c1C,0,PubChem2
O=C(Nc1ccc(NC(=O)c2ccco2)nc1)c1ccccn1,0,PubChem2
CCOc1ccc(-c2nnc(-c3ccco3)o2)cc1,0,PubChem2
Cc1cc2nc(-c3ccc(NC(=O)C(C)C)cc3)oc2cc1C,0,PubChem2
CN(C)S(=O)(=O)c1cccc(C(=O)N=C2N=C3C=CC(Cl)=CN3Cc3ccccc32)c1,0,PubChem2
COc1cccc(C(C)NC(=O)c2ccc(-c3ccncc3)cc2)c1,0,PubChem2
COc1ccc(-c2csc(NC(=O)c3ccccc3Br)c2C(=O)O)cc1,0,PubChem2
Nc1nccc(-c2c(-c3ccc(F)cc3)ncn2C2CCNCC2)n1,0,PubChem2
O=[N+]([O-])c1ccc2cn(-c3ccccc3)nc2c1,0,PubChem2
COc1ccc(-c2nnc(SCC(=O)c3cccs3)o2)cc1,0,PubChem2
O=c1cc(-c2ccc(O)cc2)oc2ccc(O)cc12,0,PubChem2
NC(=O)c1cccc2[nH]c(-c3cccc(NCCN4CCCC4)n3)nc12,0,PubChem2
O=C(c1ccccc1)n1c(=S)nc2ccccn21,0,PubChem2
CC(C)CC(CO)NC(=O)C=Cc1cnc(N)c2ccccc12,0,PubChem2
OCCCNc1ncnc2sc3c(c12)CCN(Cc1ccccc1)C3,0,PubChem2
CCN1CC=C2C(C#N)=C(N)C(C#N)(C#N)C(c3ccoc3)C2C1,0,PubChem2
CCCC(=O)Nc1n[nH]c2nc3ccccc3cc12,0,PubChem2
O=C1Nc2cc(CCOc3ccc(N4CCOCC4)cc3)ccc2Nc2cc(-c3cn(Cc4cc(F)c(F)c(F)c4)c4cnccc34)ccc21,0,PubChem2
CCN(CC)CC#Cc1ccc2c(c1)-c1[nH]nc(-c3ccc(C#N)nc3)c1C2,0,PubChem2
Oc1ccc(-c2nc3ncccn3c2Nc2ccc3c(c2)OCO3)cc1,0,PubChem2
O=C(c1cccc(-c2cnc3[nH]ccc3c2)c1)N1CCOCC1,0,PubChem2
Cn1c(-c2ccc(Br)o2)nc2cc(Br)ccc21,0,PubChem2
COc1ccc(C(N)=NOC(=O)Cc2cccs2)cc1,0,PubChem2
CN(C)c1ccc(C=NN=Cc2ccccc2O)cc1,0,PubChem2
N#Cc1ccc2[nH]c(O)c(-c3ccc(CN4CCOCC4)cn3)c2c1,0,PubChem2
CC(=O)c1sc(NC(=O)c2ccc(Cl)cc2)nc1C,0,PubChem2
NC(=O)c1cc2c(Oc3cccc(F)c3)cncc2s1,0,PubChem2
O=C(Oc1ccc2ccccc2c1Br)N1CCCCCC1,0,PubChem2
CC(=O)Nc1cc(N)c(C#N)c(-c2ccc3ccccc3c2)n1,0,PubChem2
COCCCNC(=O)CN(c1cc(Cl)ccc1OC)S(=O)(=O)c1ccc(C)c([N+](=O)[O-])c1,0,PubChem2
Cc1cnc(NC(=O)c2sc3ccccc3c2Cl)s1,0,PubChem2
Cc1ccc(NC(=O)C(=O)NNC(=O)c2cccs2)cc1,0,PubChem2
O=C(NCCN1CCCCC1)c1ccc2c(c1)NC(=O)c1ccccc1S2,0,PubChem2
O=C(Nc1nc(=O)c2ccccc2s1)c1ccccc1,0,PubChem2
O=C(Nc1nc2ccc(Br)cc2s1)c1ccco1,0,PubChem2
CCn1c(O)c(N=Nc2ccc3ccccc3n2)c2ccccc21,0,PubChem2
O=C1NCCc2[nH]c(-c3ccnc(C=Cc4ccccc4)c3)cc21,0,PubChem2
Cn1c(O)c(N=Nc2nc(-c3ccccc3)cs2)c2ccccc21,0,PubChem2
COc1ccccc1-c1nnc(-c2ccc(F)cc2)o1,0,PubChem2
Cc1ccc(NC(=O)c2ccccc2)cc1,0,PubChem2
Cc1cc(=O)oc2cc(OCc3ccccc3)ccc12,0,PubChem2
Cc1ccc(C(=O)C=CNc2cccc(O)c2)cc1,0,PubChem2
CC1=NN(C(N)=S)C(=O)C1N=Nc1cccc(C)c1,0,PubChem2
Cc1ccc(-c2cc(C(=O)N3CCCC3)no2)cc1,0,PubChem2
Cc1[nH]nc2ccc(-c3cncc(OCC(N)Cc4ccc(Cl)c(Cl)c4)c3)cc12,0,PubChem2
O=C(Nc1cccnc1)c1cc(-c2ccccc2)on1,0,PubChem2
CCC(N)(C#Cc1cnc(N)c2c(-c3ccc(NC(=O)Nc4cccc(C)c4)cc3)csc12)CC,0,PubChem2
CCOC(=O)C1=C(N)n2c(sc(=Cc3cccs3)c2=O)=C(C(N)=O)C1c1cccs1,0,PubChem2
O=C1C(=O)N(CCCN2CCOCC2)C(c2ccc([N+](=O)[O-])cc2)C1=C(O)c1ccc2c(c1)OCCO2,0,PubChem2
CN1CCN(C(=O)CCCN2C(=O)C(=Cc3cccc(Br)c3)SC2=S)CC1,0,PubChem2
Cc1ccc(NC2=Nc3ccccc3CS2)cc1,0,PubChem2
Cc1cc(C(=O)CSc2nnc3ccccn23)c(C)n1-c1ccccc1,0,PubChem2
Cc1cccc(C=NNc2ccc3ccccc3n2)c1,0,PubChem2
O=C1C=C(Nc2ccccc2)c2ccccc2C1=O,0,PubChem2
COc1ccc(-c2cc3ccccc3[nH]2)cc1,0,PubChem2
COc1c(O)ccc(C=C(C#N)c2nc3ccccc3[nH]2)c1[N+](=O)[O-],0,PubChem2
COc1ccc(NC(=O)C=C(C)C)cc1Cl,0,PubChem2
O=C(Nc1nnc(S(=O)(=O)N2CCCC2)s1)c1cccc([N+](=O)[O-])c1,0,PubChem2
Clc1ccc(C2=CSC3=Nc4cccc5cccc(c45)N23)cc1,0,PubChem2
CCOC(=O)c1ccc(NC(=O)c2ccnn2C)cc1,0,PubChem2
Cc1csc2nc(CSc3nc4ccccc4o3)c(Br)n12,0,PubChem2
CSc1ccccc1NC(=O)Nc1ccccc1,0,PubChem2
Cn1c(N=Nc2ccccc2)nc2ccccc21,0,PubChem2
Cc1cc(C)cc(NC(=S)Nc2cccc3ccccc23)c1,0,PubChem2
O=C(NC1=NC2CCCCC2N1)c1ccccc1,0,PubChem2
Nc1cc(C2CCCC2)nn1-c1ccccc1,0,PubChem2
Cc1ccc(NC2=CC(=O)C(=O)c3ccccc32)c(C)c1,0,PubChem2
CC(=O)Nc1cc2ccccn2n1,0,PubChem2
O=C(NCc1ccccc1)c1c[nH]n2c(=O)cc(-c3ccncc3)nc12,0,PubChem2
Fc1ccccc1NC(=S)Nc1cccc2cnccc12,0,PubChem2
O=C(NC(CO)c1cc(Cl)cc(Cl)c1)c1ccc(-c2ccncc2)cc1,0,PubChem2
CCCCN1C(=O)C(=Nc2cccc3cnccc23)c2ccccc21,0,PubChem2
CC(C=NN1CCN(c2ccccc2)CC1)=Cc1ccco1,0,PubChem2
CN(C(=O)c1ccc(NC(=O)Cc2ccccc2)cc1)c1ccccc1,0,PubChem2
O=c1cc(-c2ccccc2)[nH]n1-c1nc2ccccc2[nH]1,0,PubChem2
O=C1Cc2cc(-c3ccccc3)cnc2N1,0,PubChem2
CCOC(=O)c1sc(=NC(=O)c2ccccc2)n(C)c1C,0,PubChem2
COc1ccc(Cn2c(N)c(C(=O)NCc3ccco3)c3nc4ccccc4nc32)cc1,0,PubChem2
O=C(Nc1ccccc1)Nc1cccn(Cc2c(F)cccc2Cl)c1=O,0,PubChem2
Cc1ccc(-c2nc3cc(Cl)ccc3o2)cc1,0,PubChem2
CC(C)(C)c1ccc(C(=O)Nc2cccnc2)cc1,0,PubChem2
Cc1ccc(C(NC(N)=O)c2ccccc2)cc1,0,PubChem2
Nc1nn(-c2cccc(F)n2)cc1-c1ccc(Cl)cc1,0,PubChem2
COc1ccc(C(=O)Nc2nnc(SCC(=O)NCc3ccco3)s2)c(OC)c1,0,PubChem2
COc1ccc(NC(=O)n2ncc3cc(Cl)ccc32)cc1OC,0,PubChem2
C=CCNC1=C(Cl)C(=O)c2ccccc2C1=O,0,PubChem2
NC(=NOC(=O)C1CCCCC1)c1cccc(Br)c1,0,PubChem2
CCSc1nnc(NC(=O)c2ccc3c(c2)OCO3)s1,0,PubChem2
O=C(C=CNc1cccc([N+](=O)[O-])c1)c1ccco1,0,PubChem2
COc1ccc(-c2nc3ccc([N+](=O)[O-])cc3o2)cc1,0,PubChem2
CC(C)=C(C)c1cccc2c(CCCOc3cccc(Cl)c3Cl)c(C(=O)O)[nH]c12,0,PubChem2
Cc1cccc(OC(=O)c2sc3ncn(C)c(=O)c3c2C)c1,0,PubChem2
Cn1nnc(NC(=O)c2cccc(F)c2)n1,0,PubChem2
COC(=O)c1ccc(NC(=O)Nc2ccc(F)cc2F)cc1,0,PubChem2
CCc1cccc2c(C(=O)COC(=O)c3ccccc3)c[nH]c12,0,PubChem2
O=C(Nc1cccnc1Cl)c1cc(-c2ccccc2O)on1,0,PubChem2
CN(C)c1ccc(-c2nc3sccn3c2-c2ccnc(Nc3cccc(N4CCOCC4)c3)n2)cc1NC(=O)Cc1ccccc1,0,PubChem2
COc1ccc(-c2nc3ccccc3c(=O)[nH]2)cc1,0,PubChem2
CN(C)CC1CCn2cc(c3ccccc32)C2=C(C(=O)NC2=O)c2cn(c3ccccc23)CCO1,0,PubChem2
Cc1ccccc1Nc1nccc(-c2c(-c3cccc(NC(=O)c4ccccc4)c3)nc3sccn23)n1,0,PubChem2
Cc1nc2sc(-c3ccccc3)cc2c(=O)n1-n1cccc1,0,PubChem2
COc1cc(OC)cc(C(=O)Nc2ccc3c(c2)OCCO3)c1,0,PubChem2
CCCCc1ccc(-c2ccc(C)cc2O)nc1,0,PubChem2
Brc1ccc2cnc(Nc3ccncn3)cc2c1,0,PubChem2
CN1N=C2c3ccccc3CCC2C1c1ccc(Cl)cc1,0,PubChem2
COC(=O)c1ccc(COn2nnc3ccccc32)cc1,0,PubChem2
Cn1c(CNc2ccc(Br)cc2)nc2ccccc21,0,PubChem2
CC(C)(C)NC(=O)c1ccc2nc3[nH]c4ccccc4c3nc2c1,0,PubChem2
Clc1ccc(C2=Nc3cc(Cl)ccc3OC2)cc1,0,PubChem2
O=C(Nc1nc2ccccc2[nH]1)c1cccs1,0,PubChem2
O=C1CN(C(=O)c2ccc(Cl)c(S(=O)(=O)N3CCc4ccccc43)c2)c2ccccc2N1,0,PubChem2
O=C1CCCc2oc3cc(C(F)(F)F)ccc3c(=O)c21,0,PubChem2
Cc1cccc(Nc2nc(-c3ccccc3)cs2)n1,0,PubChem2
O=c1[nH]c(=S)[nH]c(O)c1N=Nc1ccc2c(c1)OCCO2,0,PubChem2
Oc1ccc(C=Nc2cccc3ncccc23)c(O)c1,0,PubChem2
Cn1c(CSc2nc3ccccc3s2)nnc1SCC(=O)NCCN1CCOCC1,0,PubChem2
Cc1ccc(N=Nc2ccc3ccccc3c2O)cc1,0,PubChem2
O=c1c2c([nH]c3ccccc13)CCCCC2,0,PubChem2
COc1ccc(-n2nc3ccc(NS(C)(=O)=O)cc3n2)cc1Cl,0,PubChem2
O=c1[nH]c(-c2ccccc2)cnc1-c1ccccc1,0,PubChem2
N#Cc1cc2ccc(N3CCOCC3)cc2cc1C#N,0,PubChem2
Cc1cccc(NC(=O)c2ccc3c(c2)OCCO3)c1,0,PubChem2
CC(=O)Nc1ccc(NC(=O)CC2Nc3cccc4cccc(c34)NC2=O)cc1,0,PubChem2
CCOC(=O)c1nc2c(=O)[nH]c3cc([N+](=O)[O-])c(NC(C)=O)cc3n2c1C,0,PubChem2
N#CC(=C(O)c1ccc([N+](=O)[O-])s1)c1nc2ccccc2[nH]1,0,PubChem2
c1ccc(OCc2nc3ccccc3[nH]2)cc1,0,PubChem2
CN(CCN)C(=O)c1cccc(-n2nc(C(C)(C)C)cc2NC(=O)Nc2cccc3ccccc23)c1,0,PubChem2
Cc1ccc2nc(NC(=O)c3ccc4c(c3)OCO4)sc2c1,0,PubChem2
Cc1ccc(NC(=O)Nc2ccc(NC(=O)c3csc4ncnc(N)c34)cc2)cc1,0,PubChem2
Cc1ccc(F)c(-c2ccc3nnc(N)n3c2)c1,0,PubChem2
O=C(O)c1cc(Cl)c(Cl)cc1C(=O)Nc1cccc2cccnc12,0,PubChem2
O=C(O)c1ccc(C=NNc2ccc(Cl)nn2)cc1,0,PubChem2
Cc1ccc(-c2nnc(-c3ccc4c(c3)OCO4)o2)cc1,0,PubChem2
COc1ccc(Cn2c(O)c(C=Nc3ccc(OC)cc3)c3ccccc3c2=O)cc1,0,PubChem2
O=C(Oc1ccc(-c2cnc3ccccc3n2)cc1)c1ccc(Br)o1,0,PubChem2
CNCC#Cc1cnc(N)c2c(-c3ccc(NC(=O)Nc4cccc(C)c4)cc3)csc12,0,PubChem2
CC(=NN=Cc1ccc(N(C)C)cc1)c1ccccc1,0,PubChem2
CC(=NNC(=O)c1n[nH]c2c1CCC2)c1cccs1,0,PubChem2
Nc1ncnc2nc3ccccc3n12,0,PubChem2
O=C(Nc1ccc(-c2nnc(-c3ccccc3)o2)cc1)C(F)(F)F,0,PubChem2
O=c1c2ccccc2oc2ccc(-c3ccc4[nH]ccc4c3)cc12,0,PubChem2
O=C(Nc1ccccc1)c1ccc2c(c1)OCO2,0,PubChem2
Fc1ccc(COc2ccc(-c3nnco3)cc2)cc1,0,PubChem2
CCCCOc1ccc(-c2cn3ccccc3n2)cc1[N+](=O)[O-],0,PubChem2
O=[N+]([O-])c1ccccc1NN=Cc1c[nH]c2ccccc12,0,PubChem2
COc1ccc(C(=O)C=CNc2cc(C)ccn2)cc1,0,PubChem2
Cn1cnnc1SCC(=O)c1cc2ccccc2oc1=O,0,PubChem2
Cc1cccc2c1OCCC2=NNC(=O)COc1ccccc1Cl,0,PubChem2
O=C(NN=Cc1ccc(OC(=O)c2ccccc2Cl)cc1)c1ccccn1,0,PubChem2
CC1CCCC(=NNc2nc3ccccc3s2)C1,0,PubChem2
Cn1ccnc1SCC(=O)c1c[nH]c2ccccc12,0,PubChem2
O=C(CCCN1C(=O)C(=Cc2ccccc2)SC1=S)Nc1ccc(C(=O)O)cc1,0,PubChem2
O=C(Nc1ccccn1)c1sc2cccc(F)c2c1Cl,0,PubChem2
CN(C)c1ccc(-c2c(-c3ccc4[nH]nc(N)c4c3)nnn2Cc2ccccc2)cc1,0,PubChem2
c1ccc(-c2ccc(-c3ccncn3)cc2)cc1,0,PubChem2
Cc1ccc(C(=O)CC(c2cccs2)S(=O)(=O)c2ccc(C)cc2)cc1,0,PubChem2
O=C(NN=Cc1cc2c(cc1Br)OCO2)c1ccccn1,0,PubChem2
CC(=NCc1ccco1)c1c(C)[nH]n(-c2nc3ccccc3s2)c1=O,0,PubChem2
O=C(C=CNc1ccc(F)cc1)c1ccc(Br)cc1,0,PubChem2
Cc1nc(NC(=O)c2cccnc2Cl)sc1C,0,PubChem2
Cc1ccc(-n2nc3c(n2)C(=NO)CCC3=NO)cc1,0,PubChem2
O=C(ON=CC1=C(Cl)c2ccccc2CC1)c1ccc(F)cc1,0,PubChem2
COc1ccc(C=C(C#N)C(=O)OCC(=O)Nc2ccc(-c3nc4ccc(C)cc4s3)cc2)cc1,0,PubChem2
Cc1ccc(C(=O)c2c(C)oc3c2C(=O)C(=O)c2ccccc2-3)cc1,0,PubChem2
CCC(=O)N(c1ccc(F)cc1)C1C=CS(=O)(=O)C1,0,PubChem2
COc1ccc(C(=O)Nc2ccc(Cl)c(Cl)c2)c(OC)n1,0,PubChem2
Clc1ccsc1-c1ccc2ccccc2n1,0,PubChem2
O=C(NS(=O)(=O)c1ccc(NCCSc2ccc(O)cc2)c([N+](=O)[O-])c1)c1ccc(-c2ccc(F)cc2)cc1,0,PubChem2
Cc1c(Cl)ccc2sc(NC(=O)c3ccco3)nc12,0,PubChem2
O=C(C=Cc1cccs1)Nc1nccs1,0,PubChem2
Nc1ncnc2c1sc1ncnc(N)c12,0,PubChem2
Brc1ccc(C=NNc2nc3ccccc3o2)cc1,0,PubChem2
COc1ccc(N=C(C)C2=C(O)c3ccccc3C2=O)cc1,0,PubChem2
Cc1ccc(OCc2ccc(C(=O)N3CCOCC3)cc2)cc1C,0,PubChem2
O=S(=O)(O)c1ccc(N=Nc2ccccc2)cc1,0,PubChem2
COc1ccc(S(=O)(=O)NCCC(C)C)cc1OC,0,PubChem2
COc1ccc(Cl)cc1Nc1nnc(-c2ccncc2)s1,0,PubChem2
Fc1cccc(CNc2ncnc3nc[nH]c23)c1,0,PubChem2
CC(C)Oc1ccc2c(=O)c(-c3ccccc3)coc2c1,0,PubChem2
CCN1CCN(c2ccc(Nc3ncc(C#N)c(Nc4ccc5[nH]ncc5c4)n3)cc2)CC1,0,PubChem2
COC(=O)c1ccc(COc2ccccc2C=CC(=O)c2ccc(OCC(=O)O)cc2)cc1,0,PubChem2
CCc1cccc(NC(=O)c2cnn(-c3ccccc3)c2C)c1,0,PubChem2
Cc1ccnc(NC(=O)Nc2ccc(F)cc2)c1,0,PubChem2
COc1ccc2c(c1)CCC2=NOC(=O)c1cccc(C)c1,0,PubChem2
O=C(O)c1cccc(NC(=O)c2cccc(S(=O)(=O)N3CCc4ccccc43)c2)c1,0,PubChem2
CN1CCN(c2ccc(-c3cccc(NC(=O)COc4ccc(Cl)cc4Cl)c3)nn2)CC1,0,PubChem2
CCOc1ccc(NC(=O)Nc2cccs2)cc1,0,PubChem2
COc1cccc(C(=O)Nc2nc3ccc(S(C)(=O)=O)cc3s2)c1,0,PubChem2
COc1ccc(NC(=O)c2cc3ccccc3cc2O)cc1,0,PubChem2
Cc1cccc(NC(=O)c2cc3c(s2)-c2c(C)cccc2OC3)n1,0,PubChem2
CCn1c(SCc2ccccc2Cl)nc2ccccc21,0,PubChem2
CC(=O)Nc1cccc(OCC(=O)Nc2sccc2C(N)=O)c1,0,PubChem2
CC(C)(C)c1ccc(NC(=O)NCc2ccco2)cc1,0,PubChem2
O=C(Nc1ccc2ccccc2c1)c1onc2c1CCCC2,0,PubChem2
Oc1[nH]c2ccccc2c1N=Nc1nncc2ccccc12,0,PubChem2
O=C1c2ccccc2-c2nc3ccccc3nc21,0,PubChem2
O=C(NN=Cc1ccc(Cl)cc1Cl)c1cccc(F)c1,0,PubChem2
Fc1ccc2cc(-c3ccccc3)ncc2c1,0,PubChem2
Cc1ccc(-c2cc3nc(C)cc(NCc4ccco4)n3n2)cc1,0,PubChem2
CCOC(=O)CCS(=O)(=O)c1ccc(-c2ccc(S(=O)(=O)CCC(=O)OCC)cc2)cc1,0,PubChem2
Cc1cc(C)c(C)c(OCCCc2c(C(=O)O)[nH]c3c(-c4ccccc4C)cccc23)c1,0,PubChem2
O=C(CC1Nc2cccc3cccc(c23)NC1=O)Nc1ccc(F)cc1,0,PubChem2
O=C(NCCNC1CCCCC1)c1ccc2c(c1)NC(=O)c1ccccc1S2,0,PubChem2
O=C(CCl)Oc1ccc2occ(C(=O)c3cccs3)c2c1,0,PubChem2
CCOC(=O)c1c(N)n(CCOC(=O)c2cccs2)c2nc3ccccc3nc12,0,PubChem2
COc1cc2ncc3c(N)nc4c(C)c(N)ccc4c3c2cc1OC,0,PubChem2
CS(=O)(=O)c1ccc2nc(NC(=O)c3cc4ccccc4o3)sc2c1,0,PubChem2
ON=Cc1ccc(OCc2ccccc2)c(Cl)c1,0,PubChem2
Nc1c(C(=O)NCc2ccccc2)c2nc3ccccc3nc2n1CCCN1CCOCC1,0,PubChem2
O=C1c2ccccc2-c2n[nH]c3cccc1c23,0,PubChem2
COc1cccc(C(C[N+](=O)[O-])c2c(C)[nH]n(-c3ccccc3)c2=O)c1,0,PubChem2
Clc1nnc(NN=Cc2ccccc2)c2ccccc12,0,PubChem2
NC1CCN(C(=O)c2ccc3c(c2)NC(=O)c2ccccc2S3)C1,0,PubChem2
O=c1[nH]c2ccc(S(=O)(=O)N3CCN(c4ccc(F)cc4)CC3)cc2o1,0,PubChem2
COc1ccccc1OCCCOc1ccc(C=C2SC(=O)NC2=O)cc1OC,0,PubChem2
Cc1cc2c(cc1C)C(=O)NC(C)(C)C2,0,PubChem2
COc1cc(C=NNc2nc3ccccc3s2)cc([N+](=O)[O-])c1O,0,PubChem2
COCn1c(COc2ccccc2)nc2ccccc21,0,PubChem2
CC(C)c1ccc2oc(-c3cc(N)ccc3O)nc2c1,0,PubChem2
O=C(NCc1ccco1)c1cc([N+](=O)[O-])ccc1N1CCOCC1,0,PubChem2
Cc1nc2c3cnn(-c4ccc(C)c(C)c4)c3ncn2n1,0,PubChem2
Cc1ccc(C2CCN(C(=O)Nc3ccc(F)cc3)C2)cc1,0,PubChem2
CN(C)c1ccc(N=Cc2nc(-c3ccccc3)oc2OC(=O)c2cccc(Br)c2)cc1,0,PubChem2
Cc1ccc(F)c(NC(=O)Nc2ccc(-c3cccc4[nH]nc(N)c34)c(F)c2)c1,0,PubChem2
Cc1cc(NC(=O)c2ccc3c(c2)OCO3)ccc1NC(=O)c1ccco1,0,PubChem2
O=C(Nc1cccc(Cl)c1)Nc1nc(CCNc2ncnc3ccsc23)cs1,0,PubChem2
COc1ccc(-c2cc3c(nn2)-c2ccccc2C3=O)cc1,0,PubChem2
CC(C)(C(N)=O)n1cc(-c2cnc(N)c3c(-c4ccc(NC(=O)Nc5cccc(F)c5)cc4)csc23)cn1,0,PubChem2
O=C(O)c1ccc(C(=O)Nc2ccc(F)cc2)cc1,0,PubChem2
COc1ccc(CN=C(C)c2c(C(F)(F)F)[nH]n(-c3nc4ccccc4s3)c2=O)cc1,0,PubChem2
CCN1CCN(c2ccc(Nc3ncc(Cl)c(Nc4ccc5[nH]ncc5c4)n3)cc2)CC1,0,PubChem2
Fc1ccc2nc(N3CCCCC3)sc2c1,0,PubChem2
COc1cc2c(cc1OC)-c1c(OC)c(OC)cc3c1C(C2)N(C)CC3,0,PubChem2
CCN1C=Nc2cccc3cccc1c23,0,PubChem2
O=C(CCc1ccccc1)NNc1cc(N2CCCCC2)nc(N2CCCCC2)n1,0,PubChem2
COCCOC1CCC(n2nc(-c3ccc(Nc4nc5cc(C)cc(C)c5o4)cc3)c3c(N)ncnc32)CC1,0,PubChem2
CCc1ccc(NC(=O)Nc2ccon2)cc1,0,PubChem2
Cc1nccn2c(-c3ccnc(NCC(C)(C)CO)n3)c(-c3ccc(F)cc3)nc12,0,PubChem2
COc1ccc(S(=O)(=O)N2CCN(c3ccccn3)CC2)cc1[N+](=O)[O-],0,PubChem2
COc1ccc2[nH]c3c(c2c1)CCn1c-3nc2ccccc2c1=O,0,PubChem2
O=C(Nc1nc2ccc([N+](=O)[O-])cc2s1)c1ccncc1,0,PubChem2
Cn1c(SCC(=O)NCc2ccc3c(c2)OCO3)ncc(C(=O)Nc2ccc(F)cc2)c1=O,0,PubChem2
Oc1ccc(-c2csc(-c3cccnc3)n2)c(O)c1,0,PubChem2
CCCC(=O)Nc1n[nH]c2ccc(-c3nnn(Cc4ccccc4)c3-c3ccccc3)cc12,0,PubChem2
O=C(Nc1ccc(CSc2ccccc2)cc1)c1ccccc1,0,PubChem2
Cc1ccccc1NC(=S)Nc1cccc2cnccc12,0,PubChem2
O=C(Nc1nnc(CCc2ccccc2)s1)c1ccccc1F,0,PubChem2
CCOC(=O)c1ccccc1NC=CC(=O)c1ccccc1,0,PubChem2
COc1cc(N2CCN(C)CC2)ccc1C(=O)Nc1n[nH]c2ccc(Cc3cc(F)cc(F)c3)cc12,0,PubChem2
CC(=CC(=O)c1ccccc1)Nc1cccc(O)c1,0,PubChem2
Cc1cccc(Nc2nccc(Nc3c(NC(C)C(C)(C)C)c(=O)c3=O)n2)c1,0,PubChem2
O=C1NN=Cc2c[nH]c3cc(NC(=O)C4CC4c4ccccc4)cc1c23,0,PubChem2
Cc1ccsc1C=NNc1nc2ccccc2s1,0,PubChem2
CN(C)CCOc1cccc(-c2nc3c(C(N)=O)cccc3[nH]2)c1,0,PubChem2
COc1ccc(C)cc1NC(=O)Nc1ccc2c(c1)CCC2,0,PubChem2
CCCCCSc1cc(OC)c(CCN(C)C)cc1OC,0,PubChem2
Nc1ccc(-c2nc3ccc(N)cc3o2)cc1,0,PubChem2
COc1ccc(C(=O)Nc2cccc(C(=O)O)c2)cc1S(=O)(=O)N1CCCC1,0,PubChem2
Cc1cccc(-c2nnc(-c3ccc(N)cc3)o2)c1,0,PubChem2
COc1ccc(NC(=O)c2ccc3c(c2)OCO3)cc1Cl,0,PubChem2
Cc1cc(C(=O)Nc2sc3c(c2C#N)CCCCC3)cs1,0,PubChem2
Cc1ccccc1-c1nc2sc(C)c(C)c2c(=O)o1,0,PubChem2
Cc1ccc(C=NN=Cc2ccc(C)s2)s1,0,PubChem2
COc1ccc(C)cc1NC(=O)C1CCCN(S(=O)(=O)c2cccnc2)C1,0,PubChem2
O=C(NNC(=O)c1ccccc1[N+](=O)[O-])c1cnccn1,0,PubChem2
Cc1ccnc(NS(=O)(=O)c2ccc(NC(=O)C(C)(C)C)cc2)n1,0,PubChem2
O=C(COC(=O)c1ccccc1Nc1ccc(SC(F)F)cc1)NCc1ccco1,0,PubChem2
CC1=NN(C(N)=S)C(=O)C1N=Nc1cccc([N+](=O)[O-])c1,0,PubChem2
O=C(c1cnn(-c2ccc(Cl)cc2)c1)c1ccccc1O,0,PubChem2
CCOC(=O)c1ccc2nc(NC(=O)c3cccs3)sc2c1,0,PubChem2
O=c1[nH]c2ccccc2nc1C=Cc1ccccc1,0,PubChem2
CC(C)CNC(=O)c1c(N)n(Cc2ccc3c(c2)OCO3)c2nc3ccccc3nc12,0,PubChem2
Cc1ccc(S(=O)(=O)C(C#N)c2nc3ccccc3nc2N2CCCC2)cc1C,0,PubChem2
CCn1nccc1C(=O)Nc1ccc(C(=O)OC(C)C)cc1,0,PubChem2
O=C(CCC(=O)OCCCC(F)(F)C(F)(F)F)Nc1ccccc1,0,PubChem2
CN(C)c1ccc(N=Nc2cccc(F)c2)cc1,0,PubChem2
Cc1noc(NS(=O)(=O)c2ccc(NC(=O)c3cnc4scc(C)n4c3=O)cc2)c1C,0,PubChem2
Cc1nc2c(-c3ccc(F)cc3)cnn2c(N)c1-c1ccccc1,0,PubChem2
CC(=O)c1cccc(NC(=O)CSc2ncc(C(=O)Nc3ccccc3)c(=O)n2C)c1,0,PubChem2
O=C(Nc1ccc2c(c1)OCCO2)c1ccc2ccccc2n1,0,PubChem2
C#Cc1cn(C2CCCC2)c2ncnc(N)c12,0,PubChem2
O=C(Nc1ccc([N+](=O)[O-])cn1)c1ccc(Br)o1,0,PubChem2
CN1C(=O)CC(Nc2cccc3cccc(N)c23)C1=O,0,PubChem2
Cc1ccccc1-c1c(-c2ccc3[nH]nc(N)c3c2)nnn1Cc1ccccc1,0,PubChem2
CN1CCN(c2cccc(Nc3nccc(-c4c(C(N)=O)nc5ccccn45)n3)c2)CC1,0,PubChem2
Nc1n[nH]c2cccc(-c3ccc(NC(=O)Nc4cc(C(=O)O)ccc4F)cc3)c12,0,PubChem2
CCOc1ccc(NC(=O)Nc2cccnc2)cc1,0,PubChem2
COc1cc(-c2ccc3[nH]nc(C(=O)Nc4ccccc4)c3c2)ccc1O,0,PubChem2
C=CCNC(=S)N1CCN(CCN=Cc2c(C)[nH]n(-c3ccc([N+](=O)[O-])cc3)c2=O)CC1,0,PubChem2
Cc1occc1C(=O)ON=C(N)c1ccc(Cl)cc1,0,PubChem2
COc1cc(-c2ccc(Nc3ccccc3C(=O)O)c(OC)c2)ccc1Nc1ccccc1C(=O)O,0,PubChem2
CCc1cc(-c2n[nH]c(C)c2-c2ccc3c(c2)OCCO3)c(O)cc1O,0,PubChem2
Cc1cc(C)nc(NC(=O)C=Cc2cccs2)c1,0,PubChem2
Cc1ccc(C2=Nc3ccccc3N=C(C(Cl)Cl)C2)cc1,0,PubChem2
Oc1ccc(Nc2ncnc3scc(Cl)c23)cc1,0,PubChem2
S=c1nc(-c2ccccc2)oc2c1CCCC2,0,PubChem2
COc1cc(C=C(C#N)c2nc3ccc(C)cc3[nH]2)c(Br)cc1O,0,PubChem2
C=CCN1C=Nc2cccc3cccc1c23,0,PubChem2
Cc1ccc(-n2nc3ccc(N)cc3n2)c(C)c1,0,PubChem2
O=[N+]([O-])c1cccc(-c2cn3ccccc3n2)c1,0,PubChem2
NC(=O)C1CCCN(C(=O)c2cc(-c3ccc4[nH]ncc4c3)on2)C1,0,PubChem2
COc1ccc(N=CC2=C(O)c3ccccc3C2=O)cc1,0,PubChem2
Cc1cccc(NC(=S)NNC(=O)c2csc(C(C)C)c2)c1,0,PubChem2
O=C1COc2ccc(C(=O)COC(=O)c3ccccc3F)cc2N1,0,PubChem2
CN(CCC#N)C(=O)c1cccc(-n2nc(C(C)(C)C)cc2NC(=O)Nc2cccc3ccccc23)c1,0,PubChem2
Nc1cc2nc(-c3ccccc3)cn2cn1,0,PubChem2
CCCNC(=O)c1ccc(Nc2nc(CC)c3cc[nH]c3n2)cc1,0,PubChem2
Cc1nc2ccc(NC(=O)c3ccc(Cl)nc3)cc2s1,0,PubChem2
Cc1ccc(C(=O)Nc2nc3ccc(Cl)cc3s2)o1,0,PubChem2
COc1ccc2sc3ccccc3c(=O)c2c1,0,PubChem2
CN(C)CC(=O)Nc1n[nH]c2ccc(-c3cn(Cc4ccccc4)nn3)cc12,0,PubChem2
COc1ccc(N=Cc2nc(-c3ccccc3)oc2OC(=O)c2ccccc2)cc1,0,PubChem2
CC(=NNC(=O)c1cc(Br)ccc1O)c1cccs1,0,PubChem2
CCOCC(C)Oc1cccc2[nH]nc(N)c12,0,PubChem2
COc1ccc(C(=O)ON=C(N)c2ccc(Cl)cc2)cc1,0,PubChem2
NC(=O)c1cc(-c2ccnc(N)n2)[nH]c1-c1ccc(Cl)cc1F,0,PubChem2
CC1OC(Nc2cccc3ccccc23)C(O)C(O)C1O,0,PubChem2
CC1CCCC(NC(=O)COC(=O)c2ccc([N+](=O)[O-])s2)C1C,0,PubChem2
CCOC(=O)c1sc(NC(=O)Nc2ccccc2F)nc1C,0,PubChem2
O=C(Nc1nnc(CSCc2ccccc2F)s1)c1cccc([N+](=O)[O-])c1,0,PubChem2
O=C(Nc1ccc(Cl)cn1)c1ccc(Oc2ccccc2)cc1,0,PubChem2
Cc1ccc(SC=CC(=O)c2ccccc2)cc1,0,PubChem2
Brc1c(-c2ccccc2)nc2n1Cc1ccccc1-2,0,PubChem2
O=[N+]([O-])c1cc(NCCO)c(N2CCCCCC2)c2nonc12,0,PubChem2
Oc1cccc2c(NC(=S)Nc3ccc(OC(F)F)cc3)cccc12,0,PubChem2
NC1CCN(C(=O)c2ccc3c(c2)[nH]c(=O)c2cccn23)CC1,0,PubChem2
Cc1c(O)cccc1NC(=O)c1cnn2c(-c3ccccc3)ccnc12,0,PubChem2
Cc1ccnc(Nc2nc(-c3ccccc3)cs2)c1,0,PubChem2
CC(=O)N(C)c1ccc(NC(=O)Nc2ccccc2C)cc1,0,PubChem2
Cc1nn2cc(-c3cccc(Cl)c3)cnc2c1Br,0,PubChem2
O=C(Nc1ccc(Cl)c(Cl)c1)c1ccc2c(c1)OCO2,0,PubChem2
OC1CCC(Nc2cc(Cl)nc(-c3c[nH]c4ncccc34)n2)CC1,0,PubChem2
COc1ccc(C(=O)ON=C(C)c2cccs2)cc1,0,PubChem2
Cc1nnc(-c2cc3c(Oc4ccc(C(F)(F)F)cc4)cncc3s2)o1,0,PubChem2
Nc1[nH][nH]c(=O)c1N=Nc1ccc2c(c1)OCO2,0,PubChem2
O=C(Nc1ccc(Cl)cc1)Nc1ccccc1C(=O)O,0,PubChem2
N#Cc1ccc(-c2ccncc2)cc1NCc1ccccc1,0,PubChem2
Cc1ccc2c(c1)C(N1CCCC1=O)CC(c1ccco1)N2,0,PubChem2
COc1ccc(C)c2sc(=NC(=O)c3cccc(N4C(=O)CCC4=O)c3)n(C)c12,0,PubChem2
O=C(Nc1nc2ccc(F)cc2s1)C1=NN(c2ccccc2)C(=O)CC1,0,PubChem2
O=Cc1ccc(-c2nc3ccccc3s2)o1,0,PubChem2
Cc1ccc(S(=O)(=O)c2c(C)cc(C)nc2Cl)cc1,0,PubChem2
COc1ccc(Nc2nc3ccccc3n2C)cc1,0,PubChem2
Nc1nc2c(-c3ccc(Br)cc3)nnn2c2ccccc12,0,PubChem2
COc1ccccc1C=Cc1ccc2cccc(O)c2n1,0,PubChem2
Cc1cccc(-c2c(-c3ccncc3)nc(NCC(N)Cc3ccccc3)n(C)c2=O)c1,0,PubChem2
Cn1c(C(=O)O)cc2cc(Oc3ccccc3)ccc21,0,PubChem2
CCCC(=O)Nc1ccc(NC(=O)c2cccc(OC)c2)nc1,0,PubChem2
COc1ccc(OC)c(S(=O)(=O)Oc2ccc(N)c3ccccc23)c1,0,PubChem2
CCCCNc1nc(N)c(C(=O)c2ccccc2)s1,0,PubChem2
NC1C2CN(c3nc4c(cc3F)c(=O)c(C(=O)O)cn4-c3ccc(F)cc3F)CC12,0,PubChem2
N#Cc1ccsc1NC(=O)CCc1ccccc1,0,PubChem2
Nc1ccc(-c2nc(-c3ccccc3)n[nH]2)cc1,0,PubChem2
COc1cccc(C=C2CCC(C3CCCC3)C2=O)c1,0,PubChem2
O=C(Nc1scc(-c2cccs2)c1C(=O)O)c1cccs1,0,PubChem2
Cc1cccc(NC(=O)Nc2ccc(-c3csc4c(C#CC(C)(C)N)cnc(N)c34)cc2)c1,0,PubChem2
COc1ccc(C(=O)Nc2nccs2)cc1,0,PubChem2
Cc1[nH]n(-c2ccc([N+](=O)[O-])cc2)c(=O)c1C=NCCN1CCN(C(=O)c2cccc(F)c2)CC1,0,PubChem2
O=c1c2ccccc2nnn1COc1cccc(Cl)c1,0,PubChem2
CCCOc1ccc(C(=O)Nc2ccc(Cl)cn2)cc1,0,PubChem2
O=C(Nc1ccccc1C(=O)O)c1ccc(Br)o1,0,PubChem2
COc1ccc(C=NNC(=O)c2ccoc2C)cc1OC,0,PubChem2
Cc1ccc(C=Nc2sc3c(c2C#N)CCC3)s1,0,PubChem2
NC(=O)c1ccccc1NC(=O)C=Cc1ccc(Cl)cc1,0,PubChem2
CCOC(=O)COc1cc(N)c(Cl)cc1Cl,0,PubChem2
CCCC(=O)Nc1ccc(C#Cc2ccccc2)cc1,0,PubChem2
Cc1cc(C)cc(NC(=O)Nc2ccc(NC(=O)c3csc4ncnc(N)c34)cc2)c1,0,PubChem2
Cc1cccc(NC(=O)Nc2ccc(-c3csc4c(C#Cc5cccnc5)cnc(N)c34)cc2)c1,0,PubChem2
COc1nccnc1NS(=O)(=O)c1ccc(NC(=S)NC(=O)c2ccccc2)cc1,0,PubChem2
Oc1c(Br)cc(Br)cc1C=Nc1ccc2[nH]ncc2c1,0,PubChem2
Cc1nn(Cc2ccccc2)c(C)c1C(=O)N1CCN(CC(=O)Nc2ccc(F)cc2)CC1,0,PubChem2
CCOC(=O)c1sc(-c2ccc(OC)cc2)cc1N,0,PubChem2
N#CCC(C1CCCC1)n1cc(-c2ncnc3[nH]ccc23)cn1,0,PubChem2
COCCN(CCOC)c1nc(N)c2c(N)nc3c(c2c1C#N)CC(=O)N3Cc1ccc(Cl)cc1,0,PubChem2
COc1ccc(-n2c(N)c(C(=O)NCC3CCCO3)c3nc4ccccc4nc32)c(OC)c1,0,PubChem2
Cc1cccc2c1-c1sc(C(=O)Nc3nccs3)cc1CO2,0,PubChem2
CCCS(=O)(=O)Nc1ccc(-c2ccc3[nH]nc(N)c3c2)cc1,0,PubChem2
NC(=O)c1ccc(-c2ncc(-c3ccccc3)o2)cc1,0,PubChem2
CSc1nnc(NC(=O)c2ccc(S(=O)(=O)N(C)C)cc2)s1,0,PubChem2
Cc1csc(NC(=O)c2ccc3nc[nH]c3c2)n1,0,PubChem2
CC(=O)NC1CCN(c2nc3[nH]cc(C(=O)O)c(=O)c3c(C)c2F)C1,0,PubChem2
COc1ccc2c(c1)oc(=O)c1cc(OC)ccc12,0,PubChem2
Cc1c(OCc2ccc(C(=O)O)o2)ccc2c3c(c(=O)oc12)CCC3,0,PubChem2
Cc1ccc2nc(-c3cccc(NC(=O)c4ccco4)c3)[nH]c2c1,0,PubChem2
COc1cc(Cn2c(N)c(C#N)c3nc4ccccc4nc32)cc(OC)c1,0,PubChem2
COc1ccc(C(=O)Nc2n[nH]c3ccc(-c4cn(Cc5ccccc5)nn4)cc23)cc1OC,0,PubChem2
NC(=O)c1csc2c1NCCC2=O,0,PubChem2
Cn1c(=O)c2c(nc(NCC3CCCO3)n2C)n(C)c1=O,0,PubChem2
O=[N+]([O-])c1ccc(C=Nc2ccc(Cl)c([N+](=O)[O-])c2)s1,0,PubChem2
Cc1nc2ccc(NC(=O)c3cc(Cl)ccn3)cc2s1,0,PubChem2
CC1CCN(c2ccc(NC(=O)c3ccc(Br)o3)cc2)CC1,0,PubChem2
O=C(Nc1ccccc1)Nc1ccccc1C(=O)NCc1ccco1,0,PubChem2
COc1cccc(C(=O)Nc2nc(C)cs2)c1,0,PubChem2
CCc1ccc(NC2=CC(=O)C(=O)c3ccccc32)cc1,0,PubChem2
CN(C)c1ccc(-c2cc3ccccc3c(=O)o2)cc1,0,PubChem2
COc1ccc(NC(=O)Nc2ccc(N(C)C)cc2)cc1,0,PubChem2
Cc1ccc(C(=O)Nc2cccc3cccnc23)cc1C,0,PubChem2
Nc1c(-c2ccccc2)c2cc(Cl)ccc2[nH]c1=O,0,PubChem2
O=C(O)c1ccc(NCCC2=CCCCC2)c([N+](=O)[O-])c1,0,PubChem2
NC(=O)c1cccc2cn[nH]c12,0,PubChem2
Cc1cc(C=C2C(=O)NN(c3ccccc3)C2=O)c(C)n1-c1ccc(O)cc1,0,PubChem2
Cc1nc(N)sc1-c1ccnc(Nc2ccc(N3CCOCC3)cc2)n1,0,PubChem2
CCOc1ccc(-c2nc3sccn3c2-c2ccnc(Nc3cccc(N4CCOCC4)c3)n2)cc1NC(=O)Cc1ccccc1,0,PubChem2
CC1CSc2c(C(=O)O)c(=O)c3cc(F)c(N4CCC(N)C4)cc3n21,0,PubChem2
Cc1ccc2nc(C=Cc3cccc(F)c3)ccc2c1,0,PubChem2
CCCS(=O)(=O)c1nc(S(=O)(=O)c2ccc(C)cc2)c(NCCN2CCOCC2)s1,0,PubChem2
Cc1nn2cc(-c3ccc(Cl)cc3)cnc2c1Cl,0,PubChem2
O=C(CSCc1ccco1)N1CCc2ccccc21,0,PubChem2
CN(C)c1ccc(N)c2ccccc12,0,PubChem2
COc1ccc(N=Nc2c(O)[nH]c(=S)[nH]c2=O)cc1,0,PubChem2
O=C(C=CNc1ccccc1Br)c1ccccn1,0,PubChem2
Cc1cc(=O)[nH]nc1-c1ccc(NC(=O)Nc2cc(C(F)(F)F)ccc2F)cc1,0,PubChem2
O=C(Nc1ccc(O)cc1)C1CCCO1,0,PubChem2
CCOC(=O)Nc1ccc(NCc2ccc(F)cc2)nc1N,0,PubChem2
O=C(COC(=O)c1cccnc1Cl)c1ccc(F)cc1,0,PubChem2
O=C(CC1Nc2cccc3cccc(c23)NC1=O)Nc1ccccc1,0,PubChem2
COCCn1cc(-c2ccncn2)c(-c2ccc(Cl)cc2)n1,0,PubChem2
CN(C)c1ccc(C=NNC(=O)C(=O)N2CCCCCC2)cc1,0,PubChem2
O=c1nc(NN=CC=Cc2ccccc2)cn[nH]1,0,PubChem2
Cc1ccc(-c2nc(Nc3ccccc3)n[nH]2)cc1,0,PubChem2
c1ccc(-c2ccc(-c3nc(-c4ccncc4)no3)cc2)cc1,0,PubChem2
O=[N+]([O-])c1cccc(C=Cc2nc[nH]c2[N+](=O)[O-])c1,0,PubChem2
S=C(Nc1cccnc1)Nc1cccc2cnccc12,0,PubChem2
CSc1ccc(NC(=O)Nc2cc(C)ccn2)cc1,0,PubChem2
Cc1nnsc1NC(=O)OCc1ccccc1Cl,0,PubChem2
COc1ccc(Cl)cc1NC(=S)NNC(=O)c1cccs1,0,PubChem2
Oc1cncc2nc(-c3ccncc3)ccc12,0,PubChem2
CCc1c(-c2ccc(C(C)(C)O)cc2)[nH]c2nccnc12,0,PubChem2
S=C(Nc1ccccc1)c1ccccn1,0,PubChem2
COc1c(-c2nc3ccccc3[nH]2)c(O)cc2oc(C)cc(=O)c12,0,PubChem2
CCOc1ccc(NC(N)=Nc2nc(CSc3nnc(C)s3)cc(=O)[nH]2)cc1,0,PubChem2
O=C(CCCN1C(=O)C(=Cc2ccccc2Cl)SC1=S)Nc1cccnc1,0,PubChem2
Cc1cnc(C(=O)Nc2ccc(F)cc2)cn1,0,PubChem2
CCOC(=O)C(Oc1ccc(=O)n(-c2ccccc2)n1)C(C)=O,0,PubChem2
Clc1ccc2nc(-c3ccc4c(c3)OCO4)cn2c1,0,PubChem2
O=C(O)c1ccc(C(=O)C(=O)c2ccccc2)cc1,0,PubChem2
CC(=O)NC1Sc2ccccc2N=C1c1ccccc1,0,PubChem2
CN1CCC2(C)c3cc(O)ccc3N(C)C2O1,0,PubChem2
CN(C)c1ccc(C=Nc2ccccc2C(N)=O)cc1,0,PubChem2
O=C(c1cc(-c2ccc(Cl)c(Cl)c2)on1)N1CCCCC1,0,PubChem2
COc1ccc(NC(=O)c2cnn(-c3ccccc3)c2C)cc1,0,PubChem2
COc1ccc(C=CC(=O)OCC(=O)c2ccccc2F)cc1,0,PubChem2
CN(C(=O)COc1ccc2ccc(=O)oc2c1)C1CCS(=O)(=O)C1,0,PubChem2
CCOC(=O)CNC(=O)c1sc(NC(=O)c2ccccc2F)nc1C,0,PubChem2
CCCNC(=O)c1ccc(Nc2nc(NCC(F)(F)F)c3cc[nH]c3n2)cc1,0,PubChem2
COc1ccc(CCn2c(N)c(C#N)c3nc4ccccc4nc32)cc1OC,0,PubChem2
Cc1nn(CC(=O)O)c(C)c1Cl,0,PubChem2
COc1ccccc1C=Cc1nc2ccc(OC(C)=O)cc2c(=O)o1,0,PubChem2
Cc1ccc(-c2nc(-c3nccc4ccccc34)oc2-c2ccccc2)cc1,0,PubChem2
CC(=O)c1ccccc1-c1ncnc2[nH]ccc12,0,PubChem2
COc1ccc(-c2ccc(NC(=O)c3ccc(Br)o3)cc2)nn1,0,PubChem2
N#CC1=C(N)n2c(sc(=Cc3ccco3)c2=O)=C(C(N)=O)C1c1ccco1,0,PubChem2
O=C(CNc1ccc2ccccc2c1)NN=Cc1ccc([N+](=O)[O-])o1,0,PubChem2
COc1cccc(C(=O)Nc2ccc3c(c2)C(=O)NC3=O)c1,0,PubChem2
Cc1ccc(F)c(NC(=S)Nc2cccc3ccccc23)c1,0,PubChem2
COC(=O)c1ccc(-c2nc3cc(N)ccc3o2)cc1,0,PubChem2
O=C(Nc1ccc2c(c1)OCO2)c1ccc(Cl)s1,0,PubChem2
O=[N+]([O-])c1ccc(NN=Cc2ccccc2O)cc1,0,PubChem2
O=C(NC(=S)Nc1ccccc1C(=O)O)c1ccc2ccccc2c1,0,PubChem2
O=c1oc2ccccc2cc1-c1nc2c(s1)CCCC2,0,PubChem2
O=C(Nc1ccccc1)c1ccc(OC(=O)c2ccccc2)cc1,0,PubChem2
O=C(O)c1ccccc1Nc1ccnc(NCc2ccccc2)n1,0,PubChem2
CSCc1ccc(C(=O)Nc2ccc(C(N)=O)cc2)cc1,0,PubChem2
c1cc2c3c(cccc3c1)C(N1CCOCC1)=N2,0,PubChem2
Cc1nccn2c(-c3ccnc(NCC(C)(C)CO)n3)c(-c3ccc(F)cc3F)nc12,0,PubChem2
CCCCNc1ccc2c3c(cccc13)C(=O)N(CCNCCO)C2=O,0,PubChem2
COc1cccc(NC(=O)c2ncc(Cl)c(Cl)c2Cl)c1,0,PubChem2
CCCC(=O)Nc1ccc(-c2nc3cc(C)ccc3o2)cc1,0,PubChem2
CCNC(=O)c1cnc(N)c2c(-c3ccc(NC(=O)Nc4cccc(Cl)c4)cc3)csc12,0,PubChem2
Cc1[nH]n(C(N)=S)c(=O)c1N=Nc1cccc(Cl)c1,0,PubChem2
CCc1nc(-c2cccc(C)c2)c(-c2ccnc(NC(=O)c3ccccc3)c2)s1,0,PubChem2
Cc1occc1C(=O)Nc1ccc2c(c1)OCCO2,0,PubChem2
Cc1ccc2c(CC(=O)N3CCc4ccccc43)coc2c1,0,PubChem2
Cc1ccc(F)c(NC(=O)Nc2ccc(-c3ccc4nccnc4c3N)cc2)c1,0,PubChem2
CCCCOC(=O)Nc1ccc2c(C)cc(=O)oc2c1,0,PubChem2
ON=C(c1nc2ccccc2[nH]1)c1nc2ccccc2[nH]1,0,PubChem2
O=S(=O)(Nc1ccc(O)c2ccccc12)c1cccs1,0,PubChem2
Cc1ccc(CNc2c(Nc3ccncc3)c(=O)c2=O)cc1C,0,PubChem2
O=C(Cc1ccccc1)N1CCN(c2ccccc2F)CC1,0,PubChem2
O=C(NCCCN1CCOCC1)c1sc2cc([N+](=O)[O-])ccc2c1Cl,0,PubChem2
COc1ccc(-n2nnnc2SCC(=O)Nc2nnc(C)s2)cc1OC,0,PubChem2
COc1ccc(C2=NN(C(C#N)c3ccc(OC)c(OC)c3)C(c3ccccc3)C2)cc1,0,PubChem2
Oc1[nH]c2ccccc2c1N=Nc1cccc(Cl)c1,0,PubChem2
Cc1ccc(-c2cc3onc(-c4ccccc4)c3c(=O)n2C)cc1,0,PubChem2
CN1CCN(c2ccc(NC(=O)c3cccs3)cc2)CC1,0,PubChem2
COc1ccc(N(C(=O)CNC(=O)c2ccco2)C(C(=O)NC2CCCCC2)c2ccco2)cc1,0,PubChem2
Cc1ccnc2[nH]c3cc(C(C)C)ccc3c(=O)c12,0,PubChem2
COc1cc(C(C#N)N2N=C(c3ccccc3)CC2c2ccccc2)ccc1O,0,PubChem2
CC(=O)Nc1ccc(NC(=O)CSc2nnc(NC(=O)c3ccc(Br)o3)s2)cc1,0,PubChem2
CCCCNc1n[s+]([O-])nc1Nc1ccc(F)cc1,0,PubChem2
O=C(Nc1nnc(-c2ccco2)o1)c1ccc2ccccc2c1,0,PubChem2
CCS(=O)(=O)c1ccc(-c2cncc3sc(C(N)=O)cc23)cc1,0,PubChem2
CC(=NN=C(N)N)c1cc(NC(=O)NCCCCCCNC(=O)Nc2cc(C(C)=NN=C(N)N)cc(C(C)=NN=C(N)N)c2)cc(C(C)=NN=C(N)N)c1,0,PubChem2
Clc1cccc(-c2ccc(-c3nc4ccccn4c3NCc3ccccc3)cc2)c1,0,PubChem2
Cc1nc(Nc2nc3ccccc3o2)nc2c1CCC2,0,PubChem2
CCN1CCN(CCCC(=O)Nc2n[nH]c3nnc(-c4cccc(F)c4F)cc23)CC1,0,PubChem2
Nc1ccc(N2CCOCC2)c2nonc12,0,PubChem2
O=C(c1cc(-c2ccc(Cl)cc2Cl)on1)N1CCOCC1,0,PubChem2
O=C1C(=Cc2ccc(-c3ccccc3[N+](=O)[O-])o2)C(c2ccccc2)=NN1c1ccccc1,0,PubChem2
O=c1[nH]c(C=Cc2cccc(Br)c2)nc2ccccc12,0,PubChem2
Nc1cccc(-c2cnc3ccccc3n2)c1,0,PubChem2
COc1ccc(C=NNc2nncc3ccccc23)c(OC)c1,0,PubChem2
Cc1ccc(C(=O)Nc2ccsc2C(=O)O)cc1,0,PubChem2
CC(C)NC(=O)COc1cccc(-c2nc(Nc3ccc4[nH]ncc4c3)c3ccccc3n2)c1,0,PubChem2
C1=C(CCNc2ncnc3c2cnn3-c2ccccc2)CCCC1,0,PubChem2
CN(C)c1ccc(C=NN2C(=O)c3ccccc3C2=O)cc1,0,PubChem2
O=C(Nc1ccc(N2CCCCCC2)cc1)c1ccc[nH]1,0,PubChem2
CCOc1ccc(Br)cc1C(=O)NN=Cc1c[nH]c2ccccc12,0,PubChem2
COc1cc(-c2ccc3c(c2)Nc2ccc(CCOc4ccc(N5CCOCC5)cc4)cc2NC3=O)ccc1CC#N,0,PubChem2
COc1cccc(C(=O)Oc2ccc3ccc(O)cc3c2)c1,0,PubChem2
N#Cc1cccc(NC(=O)Nc2ccnc3cc(C(F)(F)F)ccc23)n1,0,PubChem2
COc1ccc(C(=O)Nc2sc3c(c2C(=O)O)CC(C)(C)OC3)cc1,0,PubChem2
CN1CCN(CCCNc2cccc(-c3nc4c(C(N)=O)cccc4[nH]3)n2)CC1,0,PubChem2
Cc1ccc2nsnc2c1S(=O)(=O)N(CCO)Cc1cc2cc3c(cc2[nH]c1=O)OCCO3,0,PubChem2
NC(=O)c1ccc(-c2ccncc2)cc1N1CCCC1,0,PubChem2
O=C(Nc1cccnc1)c1cc(-c2ccc(Cl)c(Cl)c2)on1,0,PubChem2
COc1ccc(C2NN=C(c3ccc(C)cc3)S2)cc1OC,0,PubChem2
CC(=O)c1cccc(-c2cnc3ccccc3c2)c1,0,PubChem2
O=c1[nH]cc(I)c2nc(-c3ccccc3)cn12,0,PubChem2
CN(C)c1ccc(C=Nn2ncc3ccccc32)cc1,0,PubChem2
O=C(C=Cc1ccc([N+](=O)[O-])cc1)Nc1cccnc1,0,PubChem2
O=c1[nH]c2cnc(-n3cnc4ccc(F)cc43)nc2n1C1CCOc2c(F)cccc21,0,PubChem2
Cc1oc2ccc(OCc3ccc(Cl)cc3Cl)cc2c1C(=O)O,0,PubChem2
CN(C)c1ccc(N=Cc2nc(-c3ccccc3)oc2OC(=O)c2cccc(Cl)c2)cc1,0,PubChem2
Cc1cccc(NC(=O)CN2C(=O)SC(=Cc3ccc(O)c([N+](=O)[O-])c3)C2=O)c1,0,PubChem2
CCOC(=O)c1cnn(-c2ncnc3c2oc2ccccc23)c1N,0,PubChem2
CNC(=O)N1CCN(CCCOc2ccc3c(c2)-c2[nH]nc(-c4ccc(C#N)nc4)c2C3)CC1,0,PubChem2
CS(=O)(=O)Nc1cc2c(cc1Cl)NC(=O)Nc1cnc(C#N)c(n1)OCCCCCO2,0,PubChem2
CN(C)CC(C)(C)CNc1nccc(-c2c(-c3ccc(F)cc3)nc3cnccn23)n1,0,PubChem2
O=C(Nc1cnccn1)Nc1cccc2c(O)cccc12,0,PubChem2
CN(C)c1ccc(C=CC(=O)c2ccccc2O)cc1,0,PubChem2
COc1ccccc1C1Nc2cccc3cccc(c23)N1,0,PubChem2
COc1cccc(Nc2ncnc3ccccc23)c1,0,PubChem2
CN=C1SC(=Cc2ccc(N3CCCC3)c(F)c2)C(=O)N1C,0,PubChem2
Cc1ccc(OCc2nc(-c3ccccc3)no2)c(C)c1,0,PubChem2
Cc1ccc2c(c1)C(=O)Nc1ccccc1N2,0,PubChem2
NC(=O)CSc1nc(C2CC2)nc2sc3c(c12)CCCC3,0,PubChem2
COc1ccc(Cn2c(N)c(C(=O)NCc3ccco3)c3nc4ccccc4nc32)cc1OC,0,PubChem2
Clc1ccc2oc(-c3ccccn3)nc2c1,0,PubChem2
Nc1noc2c(CN3CCOCC3)ccc(-c3ccc(NC(=O)Nc4cc(C(F)(F)F)ccc4F)cc3)c12,0,PubChem2
Cn1c(=NC(=O)c2ccccc2[N+](=O)[O-])sc2cccc(F)c21,0,PubChem2
O=C(CSc1ccccn1)NN=Cc1cc([N+](=O)[O-])ccc1O,0,PubChem2
Cc1ccc2nc(-c3ccc(NC(=O)C4CCCO4)cc3)[nH]c2c1,0,PubChem2
Nc1ncnc2scc(C(=O)Nc3ccc(NC(=O)Nc4ccccc4)cc3)c12,0,PubChem2
COc1cccc(-c2noc(-c3cccs3)n2)c1,0,PubChem2
COc1ccccc1NC(=O)c1cc2ccc(O)cc2oc1=NO,0,PubChem2
Cc1occc1C(=O)NN=Cc1ccc(N(C)C)cc1,0,PubChem2
COc1ccc(C(=O)Nc2nc3c(s2)Cc2cc(OC)ccc2-3)cc1,0,PubChem2
O=C(Nc1cccnc1)c1cc(-c2ccc(Br)cc2)on1,0,PubChem2
COc1ccc2nc3ccccc3nc2c1N,0,PubChem2
N#Cc1cccc(C(=O)Nc2n[nH]c3ccc(-c4cn(Cc5ccccc5)nn4)cc23)c1,0,PubChem2
O=C(NN=Cc1ccc(OC(=O)c2ccccc2Br)cc1)c1ccccn1,0,PubChem2
CCN(CC)c1cc(NCCO)c([N+](=O)[O-])c2nonc12,0,PubChem2
CC(=NOC(=O)c1ccc(Cl)cc1)c1nccs1,0,PubChem2
CC(=O)N1CCN(C2CCC(n3nc(-c4ccc(NC(=O)c5cc6ccccc6n5C)cc4)c4c(N)ncnc43)CC2)CC1,0,PubChem2
COc1ccc(NC(C)C(=O)NN=Cc2ccccc2OCc2cccc(Br)c2)cc1,0,PubChem2
CSc1nsc(C=CNc2ccc(Cl)cc2)c1C#N,0,PubChem2
Cc1[nH]nc2c1C(c1ccccc1F)C1=C(CC(C)(C)CC1=O)N2,0,PubChem2
CC(=O)N=Cc1c(C)c(C#N)c(=O)n(C)c1O,0,PubChem2
O=C(Nc1cccc(C(F)(F)F)n1)Nc1ccnc2c(Cl)cccc12,0,PubChem2
O=C(Cn1ccc([N+](=O)[O-])n1)NCc1cccs1,0,PubChem2
Cc1cc(O)c(C=Nc2ccc(N3CCOCC3)cc2)c(C)c1Cl,0,PubChem2
Clc1ccccc1-c1nc(-c2ccc(Br)o2)no1,0,PubChem2
CCC1(c2ccc(F)cc2)NC(=O)N(CC(=O)Nc2ccc(-c3nc4ccc(C)cc4s3)cc2)C1=O,0,PubChem2
Cc1cccc(N=Cc2c(O)[nH]c3ccccc23)n1,0,PubChem2
c1ccc(-c2nc(-c3nccc4ccccc34)oc2-c2ccccc2)cc1,0,PubChem2
CCOc1ccc(NC(=O)c2ccncc2)cc1,0,PubChem2
Cc1cc(C)n(C(=O)C=Cc2cccs2)n1,0,PubChem2
Oc1cccc(Nc2ncnc3scc(Cl)c23)c1,0,PubChem2
Cc1cccc(NC(=S)Nc2cccc3ccccc23)c1,0,PubChem2
O=C(Nc1ccc(C#Cc2ccccc2)cc1)C1CC1,0,PubChem2
CC1=NN(C(N)=S)C(=O)C1N=Nc1ccccc1,0,PubChem2
O=C(COC(=O)c1ccc([N+](=O)[O-])s1)Nc1ccc(Cl)cn1,0,PubChem2
O=C(C=CNc1ccccc1C(=O)O)c1cccs1,0,PubChem2
Cc1ccc(-c2csc(NC(=O)c3cccc(C)c3)c2C(=O)O)cc1,0,PubChem2
Cc1ccc(C)c(NC(=O)c2cc3ccccn3n2)c1,0,PubChem2
COc1cccc(S(=O)(=O)Nc2ccc3c(c2)C(=NO)c2ccccc2-3)c1,0,PubChem2
CCN(CC)S(=O)(=O)c1ccc(NC(=O)c2ccccn2)cc1,0,PubChem2
O=C(Nc1ccc(-c2ccc3cn[nH]c3c2)cc1)Nc1cccc(F)c1,0,PubChem2
O=C(Nc1ncccc1O)c1ccc(OCC2CCCO2)cc1,0,PubChem2
COc1ccc(C(=O)Nc2ccccc2C(=O)NN=Cc2ccccc2OC)cc1,0,PubChem2
CC(=O)Nc1ccc(-c2cc(N)n(-c3ccccc3)n2)cc1,0,PubChem2
N#Cc1c(N=Cc2cccs2)sc2c1CCC2,0,PubChem2
Cc1cccc(NC(=O)Nc2ccc3c(c2)CCC3)c1,0,PubChem2
CC(C)(C)c1ccc(NC(=O)c2ccccc2)c([N+](=O)[O-])c1,0,PubChem2
Cc1ccc(OCc2nc3ccccc3n2C)cc1,0,PubChem2
O=C(Nc1ccccc1F)Nc1ccccc1Br,0,PubChem2
CC(C)(C)c1[nH]nc2c1C(c1ccccc1F)C(C#N)=C(N)O2,0,PubChem2
CC(C)(C)c1ccc(C(=O)NCCOc2ccccc2)cc1,0,PubChem2
c1coc(C2=Nc3cccc4cccc(c34)N2)c1,0,PubChem2
COc1ccc(OC)c2c(C)cc(N3CCN(C(=O)c4ccc(Cl)cc4)CC3)nc12,0,PubChem2
CN(C)c1ccc(-c2noc(-c3ccccc3O)n2)cc1,0,PubChem2
Fc1cccc(NC(=S)N2CCc3ccccc32)c1,0,PubChem2
O=C(Nc1ccc(C2SCCS2)cc1)c1ccccc1,0,PubChem2
Brc1ccccc1-n1nnc(-c2nccs2)n1,0,PubChem2
Cc1nc(NC(=O)c2ccccc2)sc1-c1csc(NCc2ccccc2)n1,0,PubChem2
CCCOc1ccc(-c2cn3ccccc3n2)cc1[N+](=O)[O-],0,PubChem2
COc1cccc(Nc2nc(-c3sc(NC(=O)c4ccccc4)nc3C)cs2)c1,0,PubChem2
CCN1CCN(c2ccc(NC(=O)c3cccc(OCc4ccccc4)c3)cc2)CC1,0,PubChem2
COc1ccc2cc(-c3ccn[nH]3)ccc2c1,0,PubChem2
Cc1ccc(O)c(NC(=O)CCC2CCCCC2)c1,0,PubChem2
Fc1ccc2cnc(-c3ccccc3)cc2c1,0,PubChem2
CC1CCN(C(=O)CC#N)CC1c1ncc2cnc3[nH]ccc3n12,0,PubChem2
CC1=NN(C(N)=S)C(=O)C1N=Nc1ccc(Cl)cc1,0,PubChem2
COc1ccccc1-c1nc2cc3ccccc3cc2nc1-c1ccccc1,0,PubChem2
CCC(=O)OCCNc1cc(Sc2nc3ccccc3s2)c2nonc2c1[N+](=O)[O-],0,PubChem2
CCc1cc2cc(C(=O)Nc3ccc(F)cc3)sc2s1,0,PubChem2
Cc1cccn2cc(-c3ccccc3)nc12,0,PubChem2
CCOC(=O)NN=Cc1ccc(OC(=O)c2ccc3c(c2)OCO3)cc1,0,PubChem2
CN(C)c1ccc(C=NNc2nc3ccccc3o2)cc1,0,PubChem2
Cc1ccc(-c2noc(-c3ccoc3C)n2)cc1,0,PubChem2
CCOc1ccc(N=Cc2c(C)[nH]n(-c3nc4ccccc4[nH]3)c2=O)cc1,0,PubChem2
O=C(O)c1nccnc1C(=O)Nc1ccc(Cl)cn1,0,PubChem2
COc1ccc(CONc2ncnc3nonc23)cc1[N+](=O)[O-],0,PubChem2
CC(C)Cc1cc(-c2ccc3[nH]nc(N)c3c2)on1,0,PubChem2
CCOc1ccccc1NC(=O)C1CCN(S(=O)(=O)c2ccc(OC)c(OC)c2)CC1,0,PubChem2
COc1ccccc1-c1nc(-c2cccc(C)c2)no1,0,PubChem2
NC(=O)c1sc2c(Br)ccc(Cl)c2c1N,0,PubChem2
CC(=O)Nc1ccc(-c2csc(-c3cccnc3)n2)cc1,0,PubChem2
NNCc1cccc(O)c1,0,PubChem2
COc1ccc(NC(=O)c2ccc(Br)o2)cc1,0,PubChem2
O=C(Nc1ccc(Br)cc1)c1cccc(S(=O)(=O)Nc2ccccn2)c1,0,PubChem2
CC(C)NC1=C(Cl)C(=O)c2ccccc2C1=O,0,PubChem2
O=C(Nc1ccc(CSc2ccccc2)cc1)c1ccco1,0,PubChem2
O=C(Nc1ccc(Cl)cc1Cl)C1=Cc2ccccc2OC1,0,PubChem2
Fc1ccc(-c2nc3cnccn3c2-c2ccnc(NCC3CC3)n2)cc1,0,PubChem2
CC(=O)N(c1ccncc1)c1c(NC(C)C(C)(C)C)c(=O)c1=O,0,PubChem2
C=CCn1c(NC(=O)c2ccccc2Cl)c(C#N)c2nc3ccccc3nc21,0,PubChem2
COC(=O)c1ccc(-c2ccc(F)cc2)nc1C,0,PubChem2
Clc1ccc(-n2nnc(-c3nccs3)n2)cc1Cl,0,PubChem2
CCCn1c(C2CCNCC2)nc(-c2ccc(Cl)c(Cl)c2)c1-c1ccnc(NC2CCCCC2)n1,0,PubChem2
COc1ccc(-c2cn3cc(C)ccc3n2)cc1F,0,PubChem2
CS(=O)(=O)c1ccc2nc(NC(=O)c3cccs3)sc2c1,0,PubChem2
COc1ccc(C(=O)Nc2nc3ccccc3[nH]2)cc1,0,PubChem2
COc1ccccc1NC(=O)c1ccc(N2CC3CC(C2)c2cccc(=O)n2C3)c(NC(=O)c2cccnc2)c1,0,PubChem2
O=c1nc(-c2ccc3[nH]ncc3c2)cc(-c2ccccc2)[nH]1,0,PubChem2
O=[N+]([O-])c1ccc(O)c(C=Nc2cccc3ccccc23)c1,0,PubChem2
OC(c1ccc(OCc2ccccc2)cc1)c1nnc(-c2ccccc2)o1,0,PubChem2
Cn1c(SCC(=O)NCc2ccc(F)cc2)ncc(C(=O)Nc2ccccc2)c1=O,0,PubChem2
CCN1C(=O)c2ccc(C(=O)Nc3cccc(C(=O)O)c3)cc2C1=O,0,PubChem2
O=C(CO)N1CCC(c2[nH]nc(-c3ccc(Cl)cc3F)c2-c2ccncn2)CC1,0,PubChem2
Cc1ccc(C=NNc2nnc(Cl)c3ccccc23)cc1,0,PubChem2
COc1ccc(-c2cc(=Nc3ccc(C(=O)O)cc3)c3cc(C)ccc3o2)cc1,0,PubChem2
O=C(Nc1ccc2c(c1)oc1ccccc12)c1ccc2c(c1)OCO2,0,PubChem2
CCCCCCOC(=O)c1ccc(OC(=O)c2cccnc2)cc1,0,PubChem2
O=C(COC(=O)c1ccco1)NCc1ccc2c(c1)OCO2,0,PubChem2
COc1ccc(C(=O)COC(=O)c2n[nH]c3ccccc23)c(OC)c1,0,PubChem2
O=[N+]([O-])c1ccc(NN=Cc2cccc(O)c2O)cc1,0,PubChem2
Nc1ccc(-n2nc3ccccc3n2)cc1,0,PubChem2
O=C(Nc1ccc2c(c1)CCC2)c1ccccc1F,0,PubChem2
CCN(CCCOc1ccc2c(Nc3cc(CC(=O)Nc4cccc(F)c4)[nH]n3)ncnc2c1)CCOP(=O)(O)O,0,PubChem2
COc1ccc(-c2cc(=O)c3cc(OC)ccc3o2)cc1,0,PubChem2
COc1nccc(-c2c(-c3ccc(F)cc3)ncn2C2CCNCC2)n1,0,PubChem2
Cc1ccc(NC2=CC(=O)C(=O)c3ccccc32)cc1,0,PubChem2
c1cnc2nc(-c3ccc4[nH]ncc4c3)c(NC3CCCCC3)n2c1,0,PubChem2
Cc1[nH]n(-c2ccc([N+](=O)[O-])cc2)c(=O)c1C=NN1CCOCC1,0,PubChem2
O=C(Nc1ccc(Cl)c(Cl)c1)c1ccccc1,0,PubChem2
O=C(c1cccs1)N1CCc2ccccc21,0,PubChem2
O=C(C=CNc1ccc(F)c(Cl)c1)c1ccccc1,0,PubChem2
CC(=O)Nc1ccc(NC=CC(=O)c2ccccc2)cc1,0,PubChem2
S=C1NC(c2ccccc2)N2C(=S)NC(c3ccccc3)N12,0,PubChem2
c1ccc(-c2nnc(-c3ccccc3)nn2)cc1,0,PubChem2
N#Cc1ccc(NC(=O)c2cc(-c3cccs3)on2)cc1,0,PubChem2
CCCNC(=O)c1ccc(Nc2nc(CCC(F)(F)F)c3cc[nH]c3n2)cc1,0,PubChem2
COc1cccc(C(C)=NN=C(C)c2cccc(OC)c2)c1,0,PubChem2
CN1CCN(c2cc(N3CCN(C(=O)c4ccco4)CC3)c3c4c(onc24)-c2ccccc2C3=O)CC1,0,PubChem2
Cc1ccc(N=Nc2c(N)n(-c3ccccc3)[nH]c2=O)cc1,0,PubChem2
Fc1ccc(-c2nc3occn3c2-c2ccnc(NC3CCNCC3)n2)cc1,0,PubChem2
CN(C)c1ccc(C(=O)C=Cc2ccccc2)cc1,0,PubChem2
O=C(c1cnn(-c2nc3ccccc3s2)c1)c1ccccc1O,0,PubChem2
Cn1ccsc1=NC(=O)Nc1cccc(Cl)c1,0,PubChem2
Cc1cc(NC(=O)Nc2ccc(-c3ccnc4n[nH]c(N)c34)cc2)ccc1F,0,PubChem2
CCOC(=O)C(C)On1c(-c2cccc(Cl)c2)nc2ccc([N+](=O)[O-])cc21,0,PubChem2
COc1cccc(NC(=O)Nc2ccc3c(c2)CCC3)c1,0,PubChem2
CCOc1ccc(NC(=O)CN2C(=O)NC(CCc3ccccc3)C2=O)cc1OCC,0,PubChem2
O=C1c2cc([N+](=O)[O-])ccc2-n2c1nc1cccc(Br)c1c2=O,0,PubChem2
COc1ccc(COc2ccc3c(C)cc(=O)oc3c2)cc1,0,PubChem2
COc1ccc(-c2nsc3c(N4CCCCC4)ncnc23)cc1,0,PubChem2
COc1ccc(-c2nc3ccccn3c2Cl)cc1,0,PubChem2
COC(=O)c1sccc1NC(=O)Nc1cccc(Cl)c1Cl,0,PubChem2
CCCc1nc(-c2ccc(-c3ccc(F)cc3)cc2)no1,0,PubChem2
O=[N+]([O-])c1ccc2oc(-c3ccccc3)nc2c1,0,PubChem2
Cc1ccc(C=Cc2nc3ccccc3c(=O)[nH]2)cc1,0,PubChem2
CCc1ccc(Nc2nnc(SCC(=O)Nc3ccc(C(=O)O)cc3)s2)cc1,0,PubChem2
O=C1C(C2=C(O)c3ccccc3C2=O)=Nc2ccccc21,0,PubChem2
Cc1ccc(C(=O)Nc2nc3ccc(S(C)(=O)=O)cc3s2)s1,0,PubChem2
Cc1cccc(NCc2nc3ccccc3n2C)c1,0,PubChem2
Oc1[nH]c2ccccc2c1N=Nc1nc2ccccc2s1,0,PubChem2
COC(=O)c1ccccc1NC1=CC(=NS(=O)(=O)c2cccs2)c2ccccc2C1=O,0,PubChem2
O=[N+]([O-])c1ccccc1NN=Cc1ccc2c(c1)OCO2,0,PubChem2
CCc1ccn2cc(-c3cc(-c4ccccc4)no3)nc2c1,0,PubChem2
Cc1ccc(-c2nc3cc(N)ccc3o2)cc1,0,PubChem2
COc1ccc(N2C(=O)C(=Cc3ccc([N+](=O)[O-])cc3)C=C2c2ccccc2)cc1,0,PubChem2
O=C(Nc1nnc(C2CC2)s1)c1ccccn1,0,PubChem2
CNc1nccn2c(-c3ccnc(NCC(C)(C)CO)n3)c(-c3ccc(F)cc3)nc12,0,PubChem2
N#Cc1c(NC(=O)COC(=O)c2ccc(F)cc2)sc2c1CCC2,0,PubChem2
Oc1c(N=Nc2ccc(F)cc2)ccc2ccccc12,0,PubChem2
Oc1ccc(C=Nc2cccc3ccccc23)c(O)c1,0,PubChem2
Cc1c(C(=O)N2CCC(C)CC2)oc2ccc(S(=O)(=O)N3CCC4(CC3)OCCO4)cc12,0,PubChem2
Fc1ccccc1CSc1nnc(-c2ccccc2)o1,0,PubChem2
Cc1ccc(-c2cnc(N)c3c(-c4ccc(NC(=O)Nc5cccc(F)c5)cc4)csc23)cn1,0,PubChem2
O=C(Cn1ncc(Cl)c(Cl)c1=O)c1ccc2c(c1)OCCO2,0,PubChem2
Cc1cc(C)cc(NC(=O)Nc2ccc(-c3cccc4sncc34)cc2)c1,0,PubChem2
O=[N+]([O-])c1ccc(C=Cc2ccc3cccc(O)c3n2)cc1,0,PubChem2
COc1ccc(C(C)=NOCC(=O)Nc2nc3ccccc3s2)cc1OC,0,PubChem2
O=[N+]([O-])c1cccc(C=Nc2cccc3ccccc23)c1O,0,PubChem2
Cc1ccc(C)c(NC(=O)Nc2ccc(-c3c(C)sc4ncnc(N)c34)cc2)c1,0,PubChem2
CCCC(=O)Nc1nn(C(=O)CC)c2nc3ccccc3cc12,0,PubChem2
COc1ccc2nc(NC(=O)Nc3ccccc3OC)sc2c1,0,PubChem2
COc1ccc(-n2ncc3c(SCC(=O)NNC(C)=O)ncnc32)cc1,0,PubChem2
O=C(NN=Cc1cccs1)c1n[nH]c2c1CCCC2,0,PubChem2
CC(C)CCOCC(=O)Nc1cccc(C(=O)O)c1,0,PubChem2
COc1ccc(-c2nc(-c3ccccn3)no2)cc1,0,PubChem2
O=C(Nc1nc2ccccc2[nH]1)Nc1ccccc1F,0,PubChem2
N#Cc1ncc2nc1OCCCCCOc1cc(OCCO)c(Cl)cc1NC(=O)N2,0,PubChem2
Cn1c(SCC(=O)c2ccccc2)ncc(C(=O)Nc2ccc(F)cc2)c1=O,0,PubChem2
CCCOc1ccc(-c2cc3onc(-c4ccccc4)c3c(=O)n2C)cc1,0,PubChem2
O=C(NC1CCCCC1)N1CCN(Cc2nc3ccccc3c(=O)[nH]2)CC1,0,PubChem2
CN1c2ccc(N)cc2C(c2ccccc2)c2cc(N)ccc21,0,PubChem2
Nc1c2c(nc3sc4c(c13)CCCC4)CCCCC2,0,PubChem2
Nc1c(C(=O)NCCCc2ccccc2)c2nc3ccccc3nc2n1Cc1cccs1,0,PubChem2
Cc1ccc(C)c(S(=O)(=O)C(C#N)c2nc3ccccc3nc2N2CCCC2)c1,0,PubChem2
Cc1ccc(C=CC(=O)c2ccc(N3CCOCC3)cc2)s1,0,PubChem2
O=C(NCc1cccnc1)c1ccc(-c2cccc(Cl)c2Cl)o1,0,PubChem2
C[S+]([O-])c1ccc(-c2nc(-c3ccc(F)cc3)c(-c3ccncc3)[nH]2)cc1,0,PubChem2
O=C(Nc1ccc(C(=O)N2CCCCC2)cc1)Nc1cccc(Cl)c1,0,PubChem2
NC(=O)c1c(NC(=O)c2cc3ccccc3o2)sc2c1CCC2,0,PubChem2
Cc1cc(C(=O)NN=C2CC(=O)c3ccccc32)c(C)n1-c1ccc(F)cc1,0,PubChem2
Cc1cccc(-c2cc3c(nn2)-c2ccccc2C3=O)c1,0,PubChem2
COc1ccc2oc(=N)c(C(=O)Nc3ccccc3Cl)cc2c1,0,PubChem2
CN(C)C(=O)CN1CCN(Cc2nc(CC3CC3)no2)CC1,0,PubChem2
NC(COc1cncc(-c2cc3ccncc3s2)c1)Cc1c[nH]c2ccccc12,0,PubChem2
O=C(Nc1cccc(Br)c1)c1ccc(CSc2ccccc2)cc1,0,PubChem2
CN(C)c1cc(Cl)c2nonc2c1N,0,PubChem2
O=C(Nc1cc2ccccc2oc1=O)C1CCCCC1,0,PubChem2
Brc1ccc(-c2nc(-c3ccncc3)no2)cc1,0,PubChem2
CCCN1C(=O)c2ccc(C(=O)Nc3cc(C)ccc3O)cc2C1=O,0,PubChem2
Cc1ccc2oc(-c3ccccc3)nc2c1,0,PubChem2
CCOC(=O)c1ccc(NC(=O)N2CCc3ccccc32)cc1,0,PubChem2
CCC(C)COC(=O)c1ccc(C(=O)O)cc1,0,PubChem2
O=c1[nH]cc(I)c2nc(-c3cccc(Cl)c3)cn12,0,PubChem2
O=C(C1CC1)N1CCC(c2nc(-c3ccc(S(=O)(=O)N4CCCC4)cc3)no2)CC1,0,PubChem2
CCCC(=O)Nc1ccc2oc(-c3ccc(OC)c(Br)c3)nc2c1,0,PubChem2
Oc1ccc(Nc2n[nH]c(-c3ccc(O)cc3)c2-c2ccc(O)cc2)cc1,0,PubChem2
CN(C)c1ccc(NC(=O)CC2Nc3ccccc3NC2=O)cc1,0,PubChem2
Cc1ccc(-n2nc(C(C)(C)C)cc2NC(=O)Nc2ccc(OCCN3CCOCC3)c3ccccc23)cc1,0,PubChem2
Nc1nsc2cccc(C(=O)Nc3cccc(CNC(=O)Nc4cccc(F)c4)c3)c12,0,PubChem2
COc1ccc(C(=O)Nc2ccc(F)cc2F)cc1,0,PubChem2
CCOc1ccccc1C=NNC(=O)c1nnn(-c2nonc2N)c1N1CCCC1,0,PubChem2
CC(C)(CNc1cc(-c2c[nH]c3ncccc23)cc(Cl)n1)CNS(C)(=O)=O,0,PubChem2
CC(C)c1ccc(NC(=O)c2cccc(Br)c2)cc1,0,PubChem2
Clc1ccccc1-c1nc(-c2cccnc2)no1,0,PubChem2
Cc1[nH]nc2ccc(-c3cncc(OCC(N)Cc4ccccc4)c3)cc12,0,PubChem2
N#Cc1c(N)n(CCc2ccc(F)cc2)c2nc3ccccc3nc12,0,PubChem2
C1=CC2=NC34CCCCC3CC3=C(CCCC3)N4C2=CC1=NC1CCCCC1,0,PubChem2
Cc1cc(NC(=O)c2ccc(Br)o2)ccc1NC(=O)c1ccco1,0,PubChem2
CCOc1ccc(NC(=O)n2ncc3c(C)cccc32)cc1,0,PubChem2
CCCOc1ccc(C(=O)Nc2ccc3c(c2)OCO3)cc1,0,PubChem2
O=C(C=CNc1ccccc1C(F)(F)F)c1ccco1,0,PubChem2
O=C(NN=CC(Br)=Cc1ccccc1)c1cccs1,0,PubChem2
c1cc2[nH]snc2c2nc(C3CC3)nc12,0,PubChem2
CCc1ccc2oc(-c3ccc(OC)cc3)cc(=[NH+]c3c(C)n(C)n(-c4ccccc4)c3=O)c2c1,0,PubChem2
CCOc1ccc(NC(=O)Nc2cc(C)ccc2F)cc1,0,PubChem2
Cc1ccnc(NC(=O)c2ccc3c(c2)C(=O)N(CC(C)C)C3=O)c1,0,PubChem2
COc1cccc(C(=O)Nc2nc3ccccc3[nH]2)c1,0,PubChem2
Cc1ccc(OCC(=O)Nc2cccc(C)n2)c(C)c1,0,PubChem2
CC(=NNc1cccc2cccnc12)c1ccccc1O,0,PubChem2
O=C(O)c1ccc(-c2nc(-c3ccc(Cl)cc3Cl)cs2)cc1,0,PubChem2
CS(=O)(=O)c1ccc(-c2cncc3sc(C(N)=O)cc23)cc1,0,PubChem2
O=c1c(NCc2ccccc2F)c(Nc2ccncc2)c1=O,0,PubChem2
O=C(Nc1cccc(-c2nc3sccn3c2-c2ccnc(Nc3cccc(N4CCCC4=O)c3)n2)c1)c1c(F)cccc1F,0,PubChem2
Cn1c(=N)n(CC(=O)c2ccc(F)cc2)c2ccccc21,0,PubChem2
Cc1nsc2[nH]cc(C(=O)O)c(=O)c12,0,PubChem2
Clc1cc(Cl)c(OCc2nc(-c3ccccn3)no2)cc1Cl,0,PubChem2
Cc1ccc(OC(=O)COc2ccccc2C)c(-n2nc3ccccc3n2)c1,0,PubChem2
CCCCN(CCC#N)C(=O)c1ccc2nc(-c3n[nH]c4ccccc34)[nH]c2c1,0,PubChem2
c1ccc(Nc2ncnc3c2oc2ccccc23)cc1,0,PubChem2
O=C(O)c1cc(-c2cccs2)n2nccc2n1,0,PubChem2
COc1nccn2c(-c3ccnc(NCC(C)(C)CO)n3)c(-c3ccc(F)cc3)nc12,0,PubChem2
COc1ccc(C(=O)N=c2sc3ccccc3n2C)cc1,0,PubChem2
Cc1cccc(NC(=O)COc2ccc(Br)cc2C)n1,0,PubChem2
CC#Cc1ccc2nccc(NC(=O)Nc3cccc(C(F)(F)F)n3)c2c1,0,PubChem2
Nc1ccc(-c2cc3ccccc3c(=O)o2)cc1,0,PubChem2
COc1nccn2c(-c3ccnc(NCC(C)(C)CO)n3)c(-c3ccc(F)cc3F)nc12,0,PubChem2
Clc1ccccc1-c1nc(-c2ccccc2)n[nH]1,0,PubChem2
Nc1ccc(N(CCO)CCO)cc1,0,PubChem2
CCCn1c(=O)c(C(=O)NCc2ccccc2OC)c(O)c2ccccc21,0,PubChem2
O=C(Cc1ccccc1)Nc1cccc(-c2nc3sccn3c2-c2ccnc(Nc3ccc(N4CCOCC4)cc3)n2)c1,0,PubChem2
O=[N+]([O-])c1ccccc1NN=Cc1ccccc1,0,PubChem2
Nc1nonc1C(=O)NCCNS(=O)(=O)c1ccc(Br)cc1,0,PubChem2
CC(C)Nc1c(-c2ccc3[nH]ncc3c2)nc2ncccn12,0,PubChem2
Cc1cc(C)cc(C(=O)NC(=S)Nc2ccc3c(c2)OCCO3)c1,0,PubChem2
CCCCc1ccc(-c2ccc(Br)cc2)nc1,0,PubChem2
CN1CCC1COc1cncc(CCc2ccncc2)c1,0,PubChem2
O=C(C=Cc1ccc(OC2CSC2)cc1)c1ccccc1,0,PubChem2
O=c1[nH][nH]c(=O)c2c(N=Nc3c(-c4ccccc4)[nH]n(-c4ccccc4)c3=O)cccc12,0,PubChem2
Cc1c(CCO)c(=O)[nH]n1C(=O)c1ccc(F)cc1,0,PubChem2
CC(C)Oc1nccn2c(-c3ccnc(NCC(C)(C)CO)n3)c(-c3ccc(F)cc3F)nc12,0,PubChem2
N#Cc1c(=O)[nH]c(O)c2c(=N)oc3ccc(Cl)cc3c12,0,PubChem2
CN(C)c1cccc2c(S(=O)(=O)N(CCN)c3cncc(-c4ccc5cnccc5c4)c3)cccc12,0,PubChem2
COc1cccc(C(=O)Cn2c(=N)n(C)c3ccccc32)c1,0,PubChem2
CCC(COC)Oc1cc(NCc2ccccc2)c2ncn(C(C)C)c2c1,0,PubChem2
O=C(c1ccc(-c2nnc(-c3ccccc3)o2)cc1)N1CCCCCC1,0,PubChem2
CCCCNC(=O)c1cn(C(CC)CC)c(=O)c2cc(OC)c(OC)cc12,0,PubChem2
COc1ccc2nc(Nc3nc4cc5c(cc4s3)OCCO5)sc2c1,0,PubChem2
CC(=O)c1sc(NC(=O)c2cccc(C)c2)nc1C,0,PubChem2
CC1=NN(c2ccc(F)cc2)C(=O)C1C(c1cccc(O)c1)c1c(C)[nH]n(-c2ccc(F)cc2)c1=O,0,PubChem2
Cc1ccc(N=Nc2c(O)n(CN3CCOCC3)c3ccccc23)cc1,0,PubChem2
CN(CC(=O)Nc1ccc(Cl)cc1)C(=O)CNC(=O)c1ccc2ccccc2c1,0,PubChem2
CC(=O)N(N=C1Sc2ccccc2C1=O)c1ccc(C)cc1C,0,PubChem2
O=C(Nc1cccc(C(F)(F)F)n1)Nc1ccnc2c(Cl)c(Cl)ccc12,0,PubChem2
COCCCN1C(=O)c2ccc(C(=O)Nc3cccc(OC)c3)cc2C1=O,0,PubChem2
CC(=O)Oc1c(C)cc(Cl)cc1C(=O)Nc1ccc([N+](=O)[O-])cc1Cl,0,PubChem2
Cc1cnc(Nc2nc(NC(C)C)ncc2Br)s1,0,PubChem2
CCCCCc1ccc(-c2ccc(OC)cc2)nc1,0,PubChem2
CC(=NNC(=O)c1nnn(-c2nonc2N)c1-c1ccccc1)c1ccco1,0,PubChem2
COc1cccc(C(=O)Nc2ccc(NC(=O)c3ccco3)c(Cl)c2)c1,0,PubChem2
COc1ccc2c(c1OC)C(=O)OC2Nc1nc(-c2cc3cc([N+](=O)[O-])ccc3oc2=O)cs1,0,PubChem2
O=[N+]([O-])c1ccc2nc(-c3ccccc3)[nH]c2c1,0,PubChem2
O=c1[nH]c(N2CCOCC2)cc2ccccc12,0,PubChem2
Nc1ccc2nn(-c3ccccc3)nc2c1,0,PubChem2
Cc1nc2n[nH]c(N)c2c2c1CCCC2,0,PubChem2
COc1ccc(NC(=O)c2sc(SC)nc2N)cc1,0,PubChem2
O=c1cc(C=Cc2ccccc2)oc2ccccc12,0,PubChem2
CCOC(=O)c1ccc2[nH]c3c(c2c1)CCNC3=O,0,PubChem2
c1ccc(COc2ccc(Nc3ncnc4ccccc34)cc2)cc1,0,PubChem2
COc1ccccc1N1C(=O)N(C(C)=O)C2C1Nc1ccccc1N2C,0,PubChem2
Cc1cc(C)n(CCc2nc(-c3ccc(-c4ccccc4)cc3)cs2)n1,0,PubChem2
COc1cccc(-c2nc(=S)c3c(o2)CCCC3)c1,0,PubChem2
O=C(Nc1ccccc1N1CCCC1)c1ccc2ccccc2n1,0,PubChem2
Cc1ccc(NC(=O)c2cnn(-c3ccccc3)c2C)cc1C,0,PubChem2
COc1cc(NC(=O)c2ccccc2)cc(OC)c1,0,PubChem2
NC(=O)c1ccc(NC(=O)c2cccc(Oc3ccccc3)c2)cc1,0,PubChem2
O=C(C1=C(N2CCCC2)CCc2ccccc21)c1ccccc1Cl,0,PubChem2
CSc1nc2ccc(NC(=O)c3cc4ccccc4o3)cc2s1,0,PubChem2
c1coc(-c2nc(-c3ccncc3)no2)c1,0,PubChem2
Nc1c(Cl)cc2c(c1Oc1ccccc1)C(=O)c1ccccc1C2=O,0,PubChem2
CC(=O)c1c(C)c2cnc(Nc3ccc(N4CCNCC4)cn3)nc2n(C2CCCC2)c1=O,0,PubChem2
O=C1Nc2ccccc2C1=Cc1ccc[nH]1,0,PubChem2
COc1ccc(Cn2c(O)c(C=Nc3ccc(O)cc3)c3ccccc3c2=O)cc1,0,PubChem2
Cc1ccccc1NC(=O)Nc1ccc2c(c1)CCc1sc3ncnc(N)c3c1-2,0,PubChem2
NC(=O)c1cccc(-c2cnc3[nH]cc(-c4ccccc4)c3c2)c1,0,PubChem2
O=C(Nc1ccnc(=O)[nH]1)c1sc2ccccc2c1Cl,0,PubChem2
O=C(Nc1nnc(CCc2ccccc2)s1)c1cccc(F)c1,0,PubChem2
COc1ccc2nc(NC(=O)c3cccc(OCc4c(C)noc4C)c3)sc2c1,0,PubChem2
Nc1ncc(C=CC(=O)NCCCn2ccnc2)c2scc(-c3ccc(Br)cc3)c12,0,PubChem2
Cc1ccccc1-c1nc(-c2ccc(Br)o2)no1,0,PubChem2
O=C1C2=C(c3ccccc31)[N+](=O)C1CCCCC1N2[O-],0,PubChem2
Brc1ccc(-c2nnc(-c3ccccc3Br)o2)cc1,0,PubChem2
CCN(CC)CCCNC(=O)c1cnc(N)c2c(-c3ccc(NC(=O)Nc4cccc(F)c4)cc3)csc12,0,PubChem2
CCOC(=O)c1sc(NC(=O)c2ccc3ncsc3c2)nc1C,0,PubChem2
CCOC(=O)Cn1c2ccc(C)cc2c2nc(C)sc21,0,PubChem2
COc1cncc(C=Cc2ccncc2)c1,0,PubChem2
Cc1nc(-c2cc(-c3ccc(Cl)cc3)no2)cs1,0,PubChem2
O=c1c(=Cc2ccc3c(c2)OCO3)sc2n1CCCN=2,0,PubChem2
COc1cc(NC(=O)C=Cc2ccccc2[N+](=O)[O-])cc(OC)c1,0,PubChem2
O=C(c1ccc(Br)cc1)c1coc2ccc(O)cc12,0,PubChem2
CC(C)C(=O)N1CCN(c2ccccc2NC(=O)c2ccco2)CC1,0,PubChem2
CC(=O)c1sc(NC(=O)c2ccccc2C)nc1C,0,PubChem2
COc1ccc(CN2C(=O)Cc3c2nc(N)c2c(N)nc(N4CCOCC4)c(C#N)c32)cc1,0,PubChem2
Cc1ccc(-c2cc3ncc(C#N)c(N)n3n2)cc1,0,PubChem2
O=C(Nc1cccc(Br)c1)c1ccn[nH]1,0,PubChem2
CC(=O)Oc1ccc(-c2cc3ccc(OC(C)=O)cc3oc2=O)cc1,0,PubChem2
NC(COc1cncc(-c2cc3cnccc3s2)c1)Cc1c[nH]c2ccccc12,0,PubChem2
CCC(C)NC(=O)c1c(N)n(Cc2ccc3c(c2)OCO3)c2nc3ccccc3nc12,0,PubChem2
CCC(=O)Nc1cc2nn(-c3ccc(OC)cc3)nc2cc1C,0,PubChem2
Cc1ccsc1C(=O)Nc1ccc(OCc2ccccc2)cc1,0,PubChem2
COc1ccc(-c2cc(=O)n(-c3ccc([N+](=O)[O-])cc3)[nH]2)cc1,0,PubChem2
COC(=O)CSc1nnc(-c2sc3ccccc3c2Cl)o1,0,PubChem2
Cc1c(N=Cc2c(O)n(C)c(=O)c3ccccc23)c(=O)n(-c2ccccc2)n1C,0,PubChem2
Cn1nccc1C(=O)Nc1ccc2c(c1)OCO2,0,PubChem2
CCC(=O)Oc1ccc(C(=O)Nc2ccc3c(c2)OCO3)cc1,0,PubChem2
COc1ccccc1N=Cc1c(O)c2ccccc2oc1=O,0,PubChem2
Cc1cc(-c2csc(Nc3ccccn3)n2)ccc1F,0,PubChem2
CSc1nc2ccc(NC(=O)c3ccc(F)c(F)c3)cc2s1,0,PubChem2
COc1ccc(NC(=O)c2ccccc2)cc1,0,PubChem2
Nc1nc2ccc(-c3c(-c4ccc(F)cc4)nc4sccn34)cc2n1CC1CC1,0,PubChem2
CCOc1ccc(OCc2ccc(C(=O)NN=Cc3ccc[nH]3)cc2)cc1,0,PubChem2
CCN1C(=O)C(=CC=C2SCCN2C)SC1=S,0,PubChem2
COc1ccccc1N1C(=O)Cc2ccccc2C1=O,0,PubChem2
O=C(Nc1cccc(C(F)(F)F)n1)Nc1ccnc2c(F)cccc12,0,PubChem2
O=C1C(=Cc2ccc(F)cc2)CCC1C1CCCC1,0,PubChem2
Cn1c(=O)c2ncn(CC(=O)Nc3cccc(-c4nc5ccccc5s4)c3)c2n(C)c1=O,0,PubChem2
CCOC(=O)N=S(N)(=O)c1ccc(Cl)cc1,0,PubChem2
O=C(Cc1ccc(-c2cccnc2)cc1)Nc1ccc(SC(F)F)cc1,0,PubChem2
O=c1[nH]c(C(Cl)(Cl)Cl)nc2ccc3ccccc3c12,0,PubChem2
Oc1ccc(C=NN2CCCCC2)c(O)c1O,0,PubChem2
O=C(O)COn1c(-c2ccccc2)nc2ccc([N+](=O)[O-])cc21,0,PubChem2
Cc1ccc(C=C2CCc3c([nH]c4ccccc34)C2=O)cc1,0,PubChem2
O=C(Nc1cc(-c2c[nH]c3ncccc23)cc(Cl)n1)c1c(F)cccc1F,0,PubChem2
O=C(NNc1cc(N2CCCC2)nc(N2CCCC2)n1)c1ccc([N+](=O)[O-])cc1,0,PubChem2
CC(C)Oc1ccc(-c2noc(-c3ccc(NC4CCC(C(=O)O)C4)cc3)n2)cc1Cl,0,PubChem2
Cc1nc(C#N)c(NN=Cc2cccc(Cl)c2)o1,0,PubChem2
CC(=NNC(=O)c1ccoc1C)c1ccccc1,0,PubChem2
O=C(Nc1ccc2c(c1)oc1ccccc12)c1ccc(Br)o1,0,PubChem2
OCCNc1cc2cc(-c3ccsc3)ccc2cn1,0,PubChem2
Fc1cccc(F)c1-c1nc(-c2ccc(Cl)cc2)no1,0,PubChem2
CCCC(=O)Nc1cccc(-c2nc3cc(C)c(C)cc3o2)c1,0,PubChem2
CN1CCc2nc(SCC(=O)Nc3cccc(F)c3)c(C#N)c(-c3cccs3)c2C1,0,PubChem2
c1ccc(Nc2nc(-c3cccnc3)cs2)nc1,0,PubChem2
CC1CCN(C2=C(NS(=O)(=O)c3ccc(Cl)cc3)C(=O)c3ccccc3C2=O)CC1,0,PubChem2
CCOC(=O)COc1ccc(-c2nnc(-c3ccccc3)o2)cc1,0,PubChem2
Cc1ccc2nc(-c3ccc(NC(=O)c4ccco4)cc3)[nH]c2c1,0,PubChem2
Cc1cc(Nc2cc(N3CCN(C)CC3)nc(Sc3ccc(NC(=O)C4CC4)cc3)n2)n[nH]1,0,PubChem2
Cc1ccc(C(=O)Nc2scc(-c3ccccc3)c2C(=O)O)cc1,0,PubChem2
CCOc1ccc(C(C)=NNC(=O)Cc2ccccc2)cc1,0,PubChem2
O=C(CNc1cccc2ccccc12)NN=Cc1ccc([N+](=O)[O-])o1,0,PubChem2
COc1cc2c(cc1OC)-c1c(OC)c(OC)cc3c1C(C2)[NH+](C)CC3,0,PubChem2
COCC(C)n1c(C)cc(C(=O)COC(=O)c2n[nH]c3ccccc23)c1C,0,PubChem2
CCOc1ccc2oc(C(=O)Nc3nccs3)c(C)c2c1,0,PubChem2
CC(C)N(C(=O)Nc1ccc2nc(-c3ccco3)c(-c3ccco3)nc2c1)C(C)C,0,PubChem2
COc1ccc(O)c(-c2cc(-c3cccc(Br)c3)n[nH]2)c1,0,PubChem2
CCc1ccc(NC(=S)Nc2cccc3cnccc23)cc1,0,PubChem2
CN(C)c1ccc(C=NNC(=O)c2nonc2N)cc1[N+](=O)[O-],0,PubChem2
COc1ccc(C2=NN3C(C2)c2ccccc2OC32C(=O)N(C)c3ccccc32)cc1,0,PubChem2
COc1cccc(C(C)NC(=O)c2ccc(-c3ccncc3F)cc2OC)c1,0,PubChem2
c1cnc2[nH]cc(-c3ccnc(NCC4CCCCC4)n3)c2c1,0,PubChem2
CN(C)c1ccccc1CNC(=O)c1ccc2c(c1)NC(=O)C(=Cc1ccccc1F)S2,0,PubChem2
O=C(COC(=O)c1cccnc1Cl)c1ccc(OC(F)F)cc1,0,PubChem2
Cc1nn(-c2ccccc2)c(Cl)c1C=NNC(=O)c1[nH]ncc1Br,0,PubChem2
COc1ccc(-c2noc(-c3ccccc3Cl)n2)cc1OC,0,PubChem2
Cc1ccc(NC(=O)c2oc3ccccc3c2C)nc1,0,PubChem2
O=c1c2ccccc2oc2ccc(-c3ccc4cc[nH]c4c3)cc12,0,PubChem2
O=C1C(=CN(C(=O)c2ccco2)c2ccc(Br)cc2)Sc2ccccc21,0,PubChem2
CC(=NNc1ccccc1[N+](=O)[O-])c1ccccc1O,0,PubChem2
CC1(O)CC(c2nc(-c3ccc4ccc(-c5ccccc5)nc4c3)c3c(N)nccn23)C1,0,PubChem2
Cc1nccn2c(-c3ccnc(NCC(C)(C)O)n3)c(-c3ccc(F)cc3F)nc12,0,PubChem2
COc1ccc(-c2csc(NC(=O)c3ccco3)n2)cc1,0,PubChem2
O=C(c1cc(-c2cccc(O)c2)on1)N1CCCC1,0,PubChem2
c1cnc2nc(-c3ccc4[nH]ncc4c3)cn2c1,0,PubChem2
O=C(Nc1ccc(Cl)cc1Cl)c1ccc(Br)o1,0,PubChem2
Cc1ccsc1C=NN=Cc1sccc1C,0,PubChem2
CCOC(=O)c1sc(=NC(=O)c2cccs2)n(C)c1C,0,PubChem2
O=c1[nH]c2cc(-c3ccccc3)cnc2[nH]1,0,PubChem2
Cc1ccc(C(=O)CC(=O)c2ccccc2)cc1,0,PubChem2
O=C(NN=Cc1ccccc1Cl)c1ccc(F)cc1,0,PubChem2
Nc1n[nH]c2ccc(-c3nnn(Cc4ccccc4)c3-c3ccccc3)cc12,0,PubChem2
O=C(COc1ccccc1Cl)Nc1ccc(Cl)cn1,0,PubChem2
CC(=O)Nc1nc2ccc(-c3nc4ccccc4o3)cc2s1,0,PubChem2
Cc1cc(C=C2SC(=S)N(C)C2=O)c(C)n1-c1cccc(O)c1,0,PubChem2
c1ccc(OCCSc2nnc3sc4ccccc4n23)cc1,0,PubChem2
Cc1nnsc1C(=O)NN=Cc1ccc(OC(F)(F)F)cc1,0,PubChem2
COc1ccc(C2Nc3cccc4cccc(c34)N2)cc1,0,PubChem2
Cc1ccnc(NC(=O)Nc2cccc(F)c2)n1,0,PubChem2
Cc1ccc(C=Cc2nnc(-c3cccc(C)c3)o2)cc1,0,PubChem2
Cc1cc(C(=O)NN=Cc2c(C)nn(-c3ccccc3)c2C)c(C)o1,0,PubChem2
COC(=O)CCc1c(C)c(C(=O)c2cc(F)c(F)c(F)c2F)c2ccccn12,0,PubChem2
O=C(Nc1nc2ccccc2n1CCCO)c1cccc([N+](=O)[O-])c1,0,PubChem2
O=C(Nc1cccs1)Nc1ccccc1Br,0,PubChem2
CS(=O)(=O)Nc1ccc(C(=O)Nc2ccc3ccccc3c2)cc1,0,PubChem2
O=C(C(C=Nc1ccc(F)cc1)=C(O)c1ccco1)C(F)(F)F,0,PubChem2
O=c1oc(Nc2ccccc2F)nc2ccccc12,0,PubChem2
COc1ccc(C=NNc2ccccn2)cc1O,0,PubChem2
COc1cc(O)oc1C=Nc1ccc(C(F)(F)F)cc1,0,PubChem2
O=C(COC(=O)c1ccccc1)c1ccc(Br)cc1,0,PubChem2
CCCOc1ccc(OCCSc2ncccn2)cc1,0,PubChem2
Cc1cc(C)c[n+](C2=C([O-])c3ccccc3C(=O)C2=NS(=O)(=O)c2cccs2)c1,0,PubChem2
Cc1ccc(-c2cc(-c3cc(Br)ccc3O)[nH]c(=O)c2C#N)s1,0,PubChem2
NC(=O)c1ccc(-c2noc(-c3ccccc3F)n2)cc1,0,PubChem2
COc1ccc(-c2ccc(NC(=O)Nc3ccc(F)c(C)c3)cc2)c2c(N)noc12,0,PubChem2
CCC(C)N1C(=O)NC(=O)C2(Cc3c(ccc4ccccc34)N(C)C2)C1=O,0,PubChem2
COc1cc(-c2csc3c(C=CC(=O)NCCN(C)C)cnc(N)c23)ccc1NC(=O)c1cc2ccccc2n1C,0,PubChem2
Cc1ccc(OCc2nc(-c3ccccn3)no2)c(Br)c1,0,PubChem2
O=C(Nc1cccc(Cl)c1)Nc1ccc2c(c1)OCO2,0,PubChem2
COc1ccc(C(N)=NOC(=O)C2CCCCC2)cc1,0,PubChem2
Cc1ccnc(Nc2cc(C)nc(-c3ccccc3)n2)c1,0,PubChem2
COc1ccc(-c2ccc3oc(-c4ccsc4)cc(=O)c3c2)cn1,0,PubChem2
CNCC(=O)NC1CCC(Nc2nc(Cl)cc(-c3c[nH]c4ncccc34)n2)CC1,0,PubChem2
O=C(CSc1nnc(NC(=O)c2ccccc2F)s1)Nc1ccccc1F,0,PubChem2
O=C(Nc1ccc(Br)cc1)Nc1ccccc1Cl,0,PubChem2
CCOc1ccccc1Nc1nc(-c2sc(NC(=O)c3cccc(Cl)c3)nc2C)cs1,0,PubChem2
O=C(Nc1cnc2[nH]cc(-c3ccccc3)c2c1)c1c(F)cccc1F,0,PubChem2
O=C(Nc1ccc2[nH]ncc2c1)c1ccc(Cl)cc1,0,PubChem2
c1ccc(CNc2nc3ccc(-c4ccncc4)cc3s2)cc1,0,PubChem2
O=c1cc(-c2ccc3c(c2)OCCO3)oc2ccc(Cl)cc12,0,PubChem2
NS(=O)(=O)c1ccc(NC2=CC(=O)C(=O)c3ccccc32)cc1,0,PubChem2
Nc1[nH]n(-c2ccccc2)c(=O)c1N=Nc1ccccc1,0,PubChem2
NCCCOc1cncc(C=Cc2ccncc2)c1,0,PubChem2
COc1ccc(C(CC(=O)c2ccccc2)S(=O)(=O)c2ccccc2)cc1,0,PubChem2
CC(C)(C)C(=O)Nc1sc(-c2ccccc2)cc1C(=O)O,0,PubChem2
CC(NC(=O)COC(=O)c1ccc([N+](=O)[O-])s1)c1ccccc1,0,PubChem2
Cc1ccc(-n2ncc3c2ncn2c(C)nnc32)cc1C,0,PubChem2
CNC(=O)COc1ccc(Nc2nc(Nc3ccc(C)c(S(N)(=O)=O)c3)ncc2F)cc1,0,PubChem2
CN(CCCNC(=O)CSc1cc(=O)n(C)c2cc(Cl)ccc12)Cc1ccccc1,0,PubChem2
O=S(=O)(Nc1ccc2c(c1)C(=NO)c1ccccc1-2)c1cccc(Br)c1,0,PubChem2
CCOCCCNC1=C(Cl)C(=O)c2ccccc2C1=O,0,PubChem2
CSc1cccc(NC(=O)Nc2ccccc2C(N)=O)c1,0,PubChem2
O=C(Nc1cccc(C2Nc3ccc4ccccc4c3C3C=CCC32)c1)c1ccc(F)cc1,0,PubChem2
O=[N+]([O-])c1ccc(C=Nn2cnc3ccccc32)s1,0,PubChem2
COCCCNC(=O)c1cccn2c(=O)c3cc4ccccc4cc3nc12,0,PubChem2
Cc1cc(C(=O)COC(=O)c2cccnc2Cl)c(C)n1C,0,PubChem2
Cc1ncc(CO)c(C=NN=Cc2ccccc2O)c1O,0,PubChem2
CN(C)c1ccc(Nc2nc(-c3cccnc3)cs2)cc1,0,PubChem2
CCN1CCN(C(=O)CSc2cc(=O)n(C)c3ccccc23)CC1,0,PubChem2
Cc1cccc(C(=O)Nc2scc(-c3ccc(Br)cc3)c2C(=O)O)c1,0,PubChem2
COc1ccc(-n2nc3cc(C)c(N)c(Br)c3n2)cc1,0,PubChem2
CCCCOc1ccc(-c2nc(-c3cccnc3)no2)cc1,0,PubChem2
O=C(Nc1cnc2sccn2c1=O)c1ccc(Cl)cc1Cl,0,PubChem2
COc1cc(CNc2ccc(O)cc2)cc(Br)c1OCc1ccccc1F,0,PubChem2
CSc1ccccc1CNc1ncc([N+](=O)[O-])c(NCC2CCC(CN)CC2)n1,0,PubChem2
O=[N+]([O-])c1ccc(O)c(C=Nc2cccc3ncccc23)c1,0,PubChem2
O=C(Cc1ccccc1)Nc1cccc(-c2nc3sccn3c2-c2ccnc(Nc3cccc(N4CCOCC4)c3)n2)c1,0,PubChem2
CC1CCN(C(=O)CC#N)CC1N(C)c1ncnc2[nH]ccc12,0,PubChem2
Cc1ccc2nc(NC(=O)c3ccco3)sc2c1,0,PubChem2
COc1cc2ccccc2cc1C(=O)Nc1ccc(O)cc1,0,PubChem2
Cc1cccc(NC(=O)Cc2ccc(-c3cccc4[nH]nc(N)c34)cc2)c1,0,PubChem2
O=C(NC1=C(Nc2ccc(F)cc2)C(=O)c2ccccc2C1=O)c1ccc(Cl)cc1,0,PubChem2
COc1ccc(C=NNC(=O)c2nonc2C)cc1,0,PubChem2
CC(C)CNC1CCC(Nc2nc(Cl)cc(-c3c[nH]c4ncccc34)n2)CC1,0,PubChem2
Oc1cccc(C=NNc2cc(N3CCCC3)nc(N3CCCC3)n2)c1,0,PubChem2
C(=Cc1ccc2nccn2n1)c1ccccc1,0,PubChem2
COc1ccc(N2CCN(C(=S)Nc3cc(C)ccc3C)CC2)cc1,0,PubChem2
COc1ccc(-c2noc(-c3cccc(OC)c3OC)n2)cc1OC,0,PubChem2
Cn1nc(N)c2c(-c3ccc(NC(=O)Nc4cccc(Cl)c4)cc3)cncc21,0,PubChem2
Cc1ccc(C=C2SC(=S)N(CCCC(=O)Nc3cccnc3)C2=O)cc1,0,PubChem2
O=C(C=CNc1ccccn1)c1ccc(Cl)cc1,0,PubChem2
CC(OC(=O)c1ccc([N+](=O)[O-])s1)C(=O)NC1CCCCC1C,0,PubChem2
CC(C)Oc1[nH][nH]c(=O)c1C=C1C=Nc2ccccc21,0,PubChem2
O=[N+]([O-])c1cc(-c2cnc3ccccc3n2)ccc1Cl,0,PubChem2
CC(=O)N1C(=O)C(=C2SC(=S)N(NC(=O)c3ccc(O)cc3)C2=O)c2ccccc21,0,PubChem2
CC(=O)N1N=C(c2ccccc2)OC1c1ccc([N+](=O)[O-])s1,0,PubChem2
Cc1csc(NC(=O)c2ccc3c(c2)OCO3)n1,0,PubChem2
Cc1cccc(Nc2nc(-c3cccs3)cs2)n1,0,PubChem2
CCOc1ccccc1-c1cccc(-c2[nH]nc3[nH]c(=O)cc(C)c23)c1,0,PubChem2
N#CC(=Cc1cccs1)C(=O)Nc1ccccn1,0,PubChem2
O=c1[nH]c(SCc2ccc(Cl)cc2)nc2ccsc12,0,PubChem2
c1ccc(-c2cn3nc(-c4ccccc4)sc3n2)cc1,0,PubChem2
Cc1cccc(-c2cccc3onc(N)c23)c1,0,PubChem2
Brc1ccc(-c2nnc(-c3ccccc3)o2)o1,0,PubChem2
Nc1n[nH]c2ccc(-c3nnn(Cc4ccccc4)c3C3CC3)cc12,0,PubChem2
Clc1cnc(NN=Cc2ccco2)c(Cl)c1,0,PubChem2
Cc1cccc(-c2noc(C3CCCCC3)n2)c1,0,PubChem2
Cc1ccc2sc(-c3ccc(NC(=O)C=CC(=O)O)cc3)nc2c1,0,PubChem2
CCOC(=O)Cc1nc2c(N)cccc2[nH]1,0,PubChem2
O=c1c2c(nc3cc(-c4ccc(F)cc4)[nH]n13)CCCC2,0,PubChem2
O=[N+]([O-])c1cc([N+](=O)[O-])c2nonc2c1Nc1ccc(O)cc1,0,PubChem2
CN(C)CCCN(C)C(=O)c1cccc(-n2nc(C(C)(C)C)cc2NC(=O)Nc2cccc3ccccc23)c1,0,PubChem2
Oc1ccccc1-c1csc(-c2ccccc2)n1,0,PubChem2
COc1ccc2cc(-c3cccnc3)ncc2c1,0,PubChem2
CSc1ncccc1C(=O)OCc1ccccc1,0,PubChem2
O=c1cc(-c2ccc3c(c2)OCO3)oc2ccccc12,0,PubChem2
Cc1cc(C)c2cccc(N)c2n1,0,PubChem2
COC(=O)c1ccc(C=Cc2nc3ccccc3c(=O)[nH]2)cc1,0,PubChem2
COc1ccc2[nH]cc(C=C3C(=O)Nc4ccccc43)c2c1,0,PubChem2
O=C(Nc1cccnc1)c1cc(-c2cccs2)on1,0,PubChem2
Cc1ccc(C(=O)Nc2cccc3cccnc23)cc1Br,0,PubChem2
Nc1ncnc2onc(-c3ccc(NC(=O)Nc4cccc(C(F)(F)F)c4)cc3)c12,0,PubChem2
O=c1[nH]c(CCl)nc2cc(-c3ccc(Cl)cc3)sc12,0,PubChem2
O=C(Nc1ccccn1)c1ccc(Cl)s1,0,PubChem2
Cc1cccc(C(=O)Nc2sc(C)c(-c3ccccc3)c2C#N)c1,0,PubChem2
COC(=O)c1sc(NC(=S)NC(=O)c2ccccc2F)nc1C,0,PubChem2
COc1ccc(NC=C2CCc3ccccc3C2=O)cc1,0,PubChem2
O=C(OCC(=O)N1CCc2ccccc21)c1ccccc1F,0,PubChem2
Cc1cccc(NC(=O)Nc2ccc(-c3cccc4c3CNC4=O)cc2C)c1,0,PubChem2
O=C(c1ccccc1)c1ccc2cc(O)ccc2c1,0,PubChem2
Cc1ccsc1C1NC(=O)c2c(sc3c2CCCC3)N1,0,PubChem2
O=C(NN=Cc1cccnc1)c1cc2ccccc2cc1O,0,PubChem2
CCN(CC)c1ccc(NC(=O)COC(=O)c2cccs2)cc1,0,PubChem2
Cc1cccc(NC(=S)NNC(=O)c2csc3c2CCCC3)c1,0,PubChem2
CC(Nc1nccc(-c2c(-c3ccc(F)cc3)nc3occn23)n1)c1ccccc1,0,PubChem2
COC(=O)C(Cc1c[nH]c2ccccc12)NC(=O)c1ccc2c(c1)OCO2,0,PubChem2
CCc1ccc(CNc2ccc(O)cc2)cc1,0,PubChem2
Cn1cc(-c2cc3nc(Br)cnc3[nH]2)c2cc(F)ccc21,0,PubChem2
CCn1c2cc(Cl)c(F)cc2c(=O)c2c(=O)o[nH]c21,0,PubChem2
Cc1nc(SCCC(=O)O)c2cc(-c3ccccc3)sc2n1,0,PubChem2
O=C(Nc1sc2c(c1C(=O)O)CCC2)c1ccccc1,0,PubChem2
N#CC(=Cc1ccc(N2CCOCC2)c([N+](=O)[O-])c1)C(N)=O,0,PubChem2
Cc1cc(C=C2C(=O)c3ccccc3C2=O)c(C)n1-c1ccccc1,0,PubChem2
CS(=O)(=O)Nc1ccc(-c2ccc3[nH]nc(N)c3c2)cc1,0,PubChem2
COc1ccc2oc(=N)c(C(=O)Nc3ccccc3)cc2c1,0,PubChem2
O=c1c2c(nc3cc(-c4ccc(Cl)cc4)[nH]n13)CCS2,0,PubChem2
COc1cccc(NC(=O)c2cc3ccccc3oc2=O)c1,0,PubChem2
Cc1c(NC(=O)c2ccc(C(C)(C)C)cc2)cccc1-c1cc(Nc2ccc(C(=O)N3CCOCC3)cn2)c(=O)n(C)c1,0,PubChem2
COc1cccc(NC(=O)c2ccc(NC(=O)C(C)C)cc2)c1,0,PubChem2
Cc1ccccc1N=C1Nc2ccccc2CS1,0,PubChem2
CCOc1cccc(-c2nc3cc(C)ccc3o2)c1,0,PubChem2
COc1ccc(-c2cn(Cc3ccc(C(=O)c4ccccc4)cc3)nn2)cc1,0,PubChem2
O=C(NC(CO)c1ccccc1)c1ccc(-c2ccncc2)cc1,0,PubChem2
Cc1ccc(CN=c2c([N+](=O)[O-])nn(-c3ccc4c(c3)OCCO4)n2O)cc1,0,PubChem2
Nc1ccc2nn(-c3cccc4ccccc34)nc2c1,0,PubChem2
CC(C)c1ccc(-c2nnn(CCC(=O)O)n2)cc1,0,PubChem2
CCOc1ccc(C=C2SC(N)=NC2=O)c(O)c1,0,PubChem2
Cc1cc(C)c(C(N)=O)c(Nc2cccc3ccccc23)n1,0,PubChem2
CN(C)c1ccc(-c2nnc(-c3ccccc3F)o2)cc1,0,PubChem2
O=C(Nc1cccc(C(F)(F)F)n1)Nc1ccnc2cc(C(F)(F)F)ccc12,0,PubChem2
C(C=Cc1ccccn1)=Cc1ccccc1,0,PubChem2
Clc1ccc(-c2nnc(NC3=NCCCCC3)o2)cc1,0,PubChem2
O=C(COC(=O)c1cccnc1Cl)c1ccc(Cl)cc1Cl,0,PubChem2
Cc1cccc(NC(=O)CC2Nc3cccc4cccc(c34)NC2=O)c1,0,PubChem2
CC1(C)CCC(=O)N2CCC3CC(OC(=O)Nc4ccccc4)CC1C32,0,PubChem2
COc1ccc(-c2cn3cc(C)ccc3n2)cc1Br,0,PubChem2
Clc1cc(-c2c[nH]c3ncccc23)cc(NCc2ccccc2)n1,0,PubChem2
Cc1cc(OCc2ccc(C(=O)n3cccn3)o2)ccc1Cl,0,PubChem2
Cc1ccccc1OCc1nc2ccccc2n1C,0,PubChem2
NC(=NOC(=O)COc1cc(Cl)c(Cl)cc1Cl)c1ccccn1,0,PubChem2
O=C(c1cc(-c2ccc(Cl)cc2Cl)on1)N1CCCC1,0,PubChem2
COc1ccc2c(c1)Cc1sc(NC(=O)c3ccco3)nc1-2,0,PubChem2
O=c1cc(-c2ccccc2)oc2ccc(Br)cc12,0,PubChem2
COc1ccc(NC(=O)c2cccc([N+](=O)[O-])c2)cc1,0,PubChem2
Cc1ccc(-c2cc3c(NCCN)ccc(C(N)=O)c3[nH]2)cc1,0,PubChem2
CC(NC(=O)c1ccc(-c2ccncc2)cc1)c1ccccc1,0,PubChem2
Cc1c[nH]c2nccc(Oc3c(F)cc(Nc4cc(Cl)nc(N)n4)cc3F)c12,0,PubChem2
Cc1cc(-c2ccccc2)n(-c2cc(NN=Cc3ccco3)ncn2)n1,0,PubChem2
Cc1cc(C(=O)Nc2ccc(C(=O)O)cc2)c(C)o1,0,PubChem2
O=C(Nc1cccc(-c2nc3sccn3c2-c2ccnc(Nc3cccc(N4CCOCC4)c3)n2)c1Cl)c1ccccc1F,0,PubChem2
COc1ccc(-c2cc3cc4c(cc3cn2)OCO4)cc1,0,PubChem2
O=C(COc1cc2oc(=O)c3c(c2cc1Cl)CCC3)Nc1cccnc1,0,PubChem2
O=C(Nc1ccccc1Cl)Nc1cccc2cccnc12,0,PubChem2
O=[N+]([O-])c1cc2c(cc1CN1CCN(CC=Cc3ccccc3)CC1)OCO2,0,PubChem2
CCc1ccc(C(=O)C=Cc2cnn(C)c2C)s1,0,PubChem2
Cc1ccc(OC(=O)COc2ccccc2)c(-n2nc3ccccc3n2)c1,0,PubChem2
Cc1ccc2nc(N3C(=O)C(O)=C(C(=O)c4ccco4)C3c3cccs3)sc2c1,0,PubChem2
CC(C)(O)Cc1nnc2ccc(-c3c(-c4ccc(F)cc4F)nc4occn34)nn12,0,PubChem2
Nc1nc(-c2nc3ccccc3[nH]2)cs1,0,PubChem2
CSc1ccccc1NC(=O)Nc1ccc(Cl)cc1,0,PubChem2
COc1cccc(CNc2cccc3cccnc23)c1O,0,PubChem2
O=C(C=CNc1ccc2c(c1)OCO2)c1cccs1,0,PubChem2
CCC1CSC(Nc2ccc(C(=O)C=Cc3cccc(C)c3)cc2)=N1,0,PubChem2
O=C(Nc1cccnc1)c1cc(-c2ccco2)on1,0,PubChem2
Nc1cccc2cnccc12,0,PubChem2
O=C(Nc1ccc(N2CCCCC2)cc1)c1ccc(F)cc1,0,PubChem2
COc1cccc(Nc2nc(-c3ccc4c(c3)OCCO4)cs2)c1,0,PubChem2
O=C(Nc1ccccc1Cl)C(=O)c1cn(CC(=O)N2CCOCC2)c2ccccc12,0,PubChem2
COc1ccc(-c2cc(=O)n(-c3nc4ccccc4[nH]3)[nH]2)cc1,0,PubChem2
Cc1cnc(NC(=O)c2cc3ccccc3o2)s1,0,PubChem2
CCNNc1cc(C)c(C#N)c2nc3ccccc3n12,0,PubChem2
O=C(O)c1ccc(-c2nnc(-c3ccccc3)o2)cc1,0,PubChem2
CC(C)(CO)CNc1nccc(-c2c(-c3ccc(F)cc3)nc3cnccn23)n1,0,PubChem2
CC(C)COc1ccc(C=C2Sc3ccccc3C2=O)cc1,0,PubChem2
CCN(CC)c1ccc(N=Nc2nn(C)c(C)c2[N+](=O)[O-])cc1,0,PubChem2
Cc1ccccc1-c1nc2sc3c(c2c(=O)o1)CCC3,0,PubChem2
CC(C)(C)Nc1ncnc2[nH]cc(-c3ccccc3)c12,0,PubChem2
Brc1ccc2c(c1)-c1[nH]ncc1C2,0,PubChem2
c1cc2[nH]ncc2cc1-c1cn(CC2CCOCC2)nn1,0,PubChem2
Cc1ccccc1N=Nc1c(C)[nH]n(C(N)=S)c1=O,0,PubChem2
Cc1ccc(-c2cc(C(=O)N3CCCCCC3)no2)cc1,0,PubChem2
c1ccc2sc(-c3ccncc3)nc2c1,0,PubChem2
CC1=NN(C(N)=S)C(=O)C1N=Nc1ccc(Br)cc1,0,PubChem2
NC(=O)c1cc2c(-c3ccc(F)cc3F)cncc2s1,0,PubChem2
O=C(N=Nc1c(O)[nH]c2ccccc12)c1ccco1,0,PubChem2
CC1=NN(C(N)=S)C(=O)C1N=Nc1cccc(Cl)c1,0,PubChem2
Cc1cccn2cc(-c3ccc(F)cc3)nc12,0,PubChem2
O=C1CNC(=S)N1c1nc(-c2ccccc2)cs1,0,PubChem2
Cc1cc(NC(=O)CSc2ccc(-c3nc4cc(C)c(C)cc4[nH]3)cn2)no1,0,PubChem2
O=C(Nc1ccc(Cl)cn1)c1ccc2c(Cl)c3c(nc2c1)CCC3,0,PubChem2
O=C(O)c1cccc(-n2cc(-c3cccc(C(F)(F)F)c3)cn2)c1,0,PubChem2
COc1cc(C=O)c(Cl)cc1NC(=O)Nc1cnc(C#N)cn1,0,PubChem2
OC1CCN(c2ncnc3[nH]cc(-c4ccccc4)c23)CC1,0,PubChem2
COc1ccc(C(=O)N=c2sc3c(C)ccc(OC)c3n2C)cc1,0,PubChem2
CCc1ccc2cccc3c2c1N=CN3C,0,PubChem2
Cc1cc(-c2nc(-c3ccncc3)no2)ccc1[N+](=O)[O-],0,PubChem2
CCc1cc2c(=O)c(-c3ccc4c(c3)OCCO4)coc2cc1OC(=O)c1ccco1,0,PubChem2
Cc1ccc2c(c1)c(=O)c1c3n2CCN(C(=O)CCl)C3CC1,0,PubChem2
COc1ccc2c(c1)c(-c1cc3nc(Br)cnc3[nH]1)cn2C,0,PubChem2
O=C1CC(C=Cc2ccccc2)=Nc2ccccc2N1,0,PubChem2
COc1ccc(C=Cc2ccc3cccc(O)c3n2)cc1Br,0,PubChem2
CCCCNC(=O)c1c(N)n(CCCOC)c2nc3ccccc3nc12,0,PubChem2
O=C(Nc1ccc2c(c1)OCO2)c1cccc(Cl)c1,0,PubChem2
[O-]C(=C(C(=S)Nc1cccc2ccccc12)[n+]1ccccc1)c1cccs1,0,PubChem2
Cc1ccc(NC(CC(=O)c2ccccc2)C(=O)O)cc1Cl,0,PubChem2
CCC(=O)Nc1cc2nn(-c3ccc(C)cc3)nc2cc1C,0,PubChem2
O=C(Oc1ccccc1)c1ccc(COC(=O)c2cnccn2)cc1,0,PubChem2
CCc1ccc(S(=O)(=O)Nc2cc(SCC(=O)O)c(O)c3ccccc23)cc1,0,PubChem2
Nc1n[nH]c2cccc(-c3ccc(Br)cc3)c12,0,PubChem2
CN(C)CCCOc1cc2c(c(-c3ccc(Nc4nc5ccccc5o4)cc3)c1)CNC2=O,0,PubChem2
COc1cc(Nc2ncc([N+](=O)[O-])c(Nc3ccccc3C(N)=O)n2)cc(OC)c1OC,0,PubChem2
Cc1ccc(N=CC(C(=O)C(F)(F)F)=C(O)c2ccco2)cc1Cl,0,PubChem2
Nc1[nH]n(-c2ccccc2)c(=O)c1N=Nc1ccccc1[N+](=O)[O-],0,PubChem2
O=C(COC(=O)c1ccc(O)cc1)Nc1ccccc1[N+](=O)[O-],0,PubChem2
Cc1cccc(C(N)=NOC(=O)c2cccnc2)c1,0,PubChem2
O=c1[nH]c(C=Cc2ccccc2Cl)nc2ccccc12,0,PubChem2
COC(=O)c1ccc(NC(=O)c2ccc3c(c2)OCO3)cc1,0,PubChem2
O=C(COc1ccc(Cl)cc1Cl)Nc1ccc(Cl)cn1,0,PubChem2
CCCc1nc(SCC(=O)N2CCc3ccccc3C2)c2ccccc2n1,0,PubChem2
COc1ccc(C(=O)Nc2ccc3ccccc3c2)cc1,0,PubChem2
COc1ccc2nc(NC(=O)CSc3cn[nH]n3)sc2c1,0,PubChem2
COc1ccccc1C(=O)Nc1nc2cc3c(cc2s1)OCCO3,0,PubChem2
CC(C)Cn1c(N)c(C(=O)NCC2CCCO2)c2nc3ccccc3nc21,0,PubChem2
O=C(Nc1ccc(Cl)cc1[N+](=O)[O-])c1ccc2c(c1)OCCO2,0,PubChem2
O=C(Nc1cc(C(F)(F)F)cc(C(F)(F)F)c1)c1cc(Cl)ccc1O,0,PubChem2
COc1ccc(NC(=O)c2nc3ccccc3s2)cc1,0,PubChem2
Cc1[nH]nc2c1C(c1ccccc1Cl)C(C#N)=C(N)O2,0,PubChem2
Cc1ccc(COc2ccc3c(c2)OCO3)cc1,0,PubChem2
Cc1ccccc1-c1c(C(=O)O)n(CCCOc2cccc3ccccc23)c2ccccc12,0,PubChem2
Brc1ccc(-c2cn3nc4c(nc3n2)CCCC4)cc1,0,PubChem2
c1ccc(-c2cccc3nccn23)cc1,0,PubChem2
O=C(c1cc(Cc2n[nH]c(=O)c3c2CCCC3)ccc1F)N1CCN(c2ncccn2)CC1,0,PubChem2
CC(Nc1c(Nc2ccncc2)c(=O)c1=O)c1ccccc1,0,PubChem2
Nc1[nH]nc2c1NN(c1ccc(Cl)cc1Cl)N2,0,PubChem2
CCOC(=O)c1cnc2c(N=Nc3ccccc3)c(N)nn2c1N,0,PubChem2
O=c1[nH]n2ccccc2c1Br,0,PubChem2
COc1cccc(OCC(O)CNC(=O)c2oc3c(C)c(C)ccc3c2C)c1,0,PubChem2
O=C(Nc1ccccn1)c1cc2cc([N+](=O)[O-])ccc2s1,0,PubChem2
COc1ccc(-n2ncc3c(SCC(=O)N4CCN(c5ccccc5OC)CC4)ncnc32)cc1,0,PubChem2
COc1cccc(N=Nc2ccc3ccccc3c2O)c1,0,PubChem2
c1ccc(CN=C2Nc3ccccc3CS2)nc1,0,PubChem2
OCC(CO)Nc1ncnc2[nH]cc(-c3ccccc3)c12,0,PubChem2
O=c1[nH]c2sc3c(c2c2nc(-c4ccccc4)nn12)CCCC3,0,PubChem2
O=C(Oc1ccc(OC(=O)N2CCOCC2)cc1)c1ccccc1,0,PubChem2
Cn1cc(Nc2ncc(Cl)c(Nc3ccccc3C(N)=O)n2)cn1,0,PubChem2
O=C(Nc1ccc(F)cc1F)c1ccc2c(=O)n3c(nc2c1)CCC3,0,PubChem2
O=C(Nc1ccc(N2CCCCC2)cc1)c1ccc([N+](=O)[O-])o1,0,PubChem2
Cc1ccc(C(N)=NOC(=O)c2cccc(F)c2)cc1,0,PubChem2
Cc1ccc(C(=O)ON=C(N)c2ccccn2)cc1Cl,0,PubChem2
Cc1cc(=O)[nH]c2n[nH]c(-c3cccc(-c4ccc(Cl)cc4)c3)c12,0,PubChem2
COc1cccc(NC(=S)C(=C([O-])c2ccc(OC(F)F)cc2)[n+]2ccccc2)c1,0,PubChem2
O=C(c1ccc(F)cc1)n1c(=S)nc2ccccn21,0,PubChem2
Cn1cc(-c2cccc(NC(=O)c3ccc(C(C)(C)C)cc3)c2CO)cc(Nc2ccc(C(=O)N3CCOCC3)cn2)c1=O,0,PubChem2
COc1ccccc1C(=O)Nc1ccc2c(c1)OCCO2,0,PubChem2
Cc1cc(C)cc(NC(=O)N2CCc3ccccc3C2)c1,0,PubChem2
O=C(Nc1ccc(Cl)cc1)c1ccc2c(c1)OCO2,0,PubChem2
Cc1cc(N2Cc3ccccc3C2)ccc1C=O,0,PubChem2
COc1ccc(C(=O)Nc2cc(Cl)ccc2OC(=O)c2ccc(OC)cc2)cc1,0,PubChem2
N#Cc1ccccc1NC=CC(=O)c1ccc(Cl)cc1,0,PubChem2
O=C(Nc1ccccc1)c1cc2ccccc2[nH]1,0,PubChem2
COc1cccc2sc(Nc3nnc(-c4ccc(F)cc4)o3)nc12,0,PubChem2
Cc1ccc(C2=NN(S(C)(=O)=O)C(c3ccc4c(c3)OCO4)C2)cc1,0,PubChem2
CCOc1ccc(NS(=O)(=O)c2ccc(OCC(=O)N3CCCC3)cc2)cc1,0,PubChem2
O=[N+]([O-])c1ccc(C=Nc2cccc3ccccc23)s1,0,PubChem2
Cc1ccc2c(c1)sc(=NC(=O)c1cccs1)n2C,0,PubChem2
O=C(Nc1ccccc1C(=O)NN=Cc1ccc(O)cc1)c1ccccc1,0,PubChem2
COC(=O)c1cccc(NC(=O)c2onc3c2CCCC3)c1,0,PubChem2
O=C(O)c1ccc(COc2cccc(CO)c2)cc1,0,PubChem2
CC1Cc2ccccc2N1C(=O)C=Cc1cccc(F)c1,0,PubChem2
Nc1ncnc2scc(-c3ccc(NC(=O)Nc4cc(C(F)(F)F)ccc4F)cc3)c12,0,PubChem2
COc1cccc(-c2nc(-c3cccs3)no2)c1,0,PubChem2
CCCCNc1nc(N)nc(-c2cc(Cl)ccc2O)n1,0,PubChem2
Cc1c(C)c2ccc(OCC(=O)Nc3nccs3)cc2oc1=O,0,PubChem2
O=[N+]([O-])c1ccc(-c2ccc(C=Nc3cccc4ccccc34)o2)cc1,0,PubChem2
COc1cccc(C(=O)Nc2ccc3nc4n(c(=O)c3c2)CCCC4)c1,0,PubChem2
O=c1c2c(nc3cc(-c4ccccc4)[nH]n13)CCS2,0,PubChem2
Nc1ccc(-c2nnc(-c3ccc(-c4ccccc4)cc3)o2)cc1,0,PubChem2
CCOc1ccc(-c2cc(N3C(=O)Nc4ccccc4N3O)on2)cc1,0,PubChem2
COC(=O)c1ccc(-c2nc(-c3ccc(Br)o3)no2)cc1,0,PubChem2
c1ccc(-c2c[nH]c3ncnc(N4CCCCC4)c23)cc1,0,PubChem2
Cc1ccc2nc(-c3ccc(NC(=O)CSCC(=O)O)cc3)sc2c1,0,PubChem2
O=C(Nc1ccc(Cl)cc1Cl)c1cc2ccccc2o1,0,PubChem2
CCOc1ccc(C(=O)COC(=O)c2cc(=O)[nH]c3ccccc23)cc1,0,PubChem2
CCCc1cc(C(=O)Nc2ccc(F)cc2F)no1,0,PubChem2
Fc1cccc2sc(Nc3nnc(-c4ccccc4)o3)nc12,0,PubChem2
NC(=NN=Cc1ccc([N+](=O)[O-])cc1)c1nonc1N,0,PubChem2
N=C1C(=Cc2ccc(-c3cccc(C(=O)O)c3)o2)C(=O)N=C2SC=C(c3ccccc3)N12,0,PubChem2
Cc1ccc2cc(C(c3nnnn3CC3CCCO3)N3CCc4ccccc4C3)c(=O)[nH]c2c1,0,PubChem2
CCCc1[nH]n(-c2nc3ccccc3s2)c(=O)c1C=NCCCN(CC)CC,0,PubChem2
CS(=O)(=O)NC1CCC(Nc2cc(Cl)nc(-c3c[nH]c4ncccc34)n2)CC1,0,PubChem2
N#CC(=C(O)c1ccc([N+](=O)[O-])o1)c1nc2ccccc2[nH]1,0,PubChem2
OCC[n+]1c2ccccc2nc2ccc(N3CCOCC3)cc21,0,PubChem2
O=C(Nc1nc2ccccc2[nH]1)c1cc(F)cc(F)c1,0,PubChem2
C=CCn1c(SCC(=O)Nc2ccc(NC(=O)c3ccco3)c(OC)c2)nnc1-c1ccncc1,0,PubChem2
O=C(Nc1cccc(C(F)(F)F)n1)Nc1ccnc2cc(OC(F)F)ccc12,0,PubChem2
Nc1ccc2c(C(=O)O)n(-c3ccccc3)nc2c1,0,PubChem2
CCOC(=O)c1ccc(NC=CC(=O)c2ccccc2)cc1,0,PubChem2
CSc1ncccc1C(=O)OCC(=O)c1cc(C)n(C)c1C,0,PubChem2
COc1ccc(NC(=O)c2ccc(N3CCCC3=O)cc2)cc1Cl,0,PubChem2
Brc1ccccc1C=NNc1ccc2ccccc2n1,0,PubChem2
O=C(Nc1ccc2c(c1)CCC2)c1ccc(Br)s1,0,PubChem2
O=C1C(=CNc2cccc([N+](=O)[O-])c2)CCc2ccccc21,0,PubChem2
Cc1[nH]nc2cnc(-c3cncc(OCC(N)Cc4cccc(C(F)(F)F)c4)c3)cc12,0,PubChem2
Cc1ccc2cc3cc(C(=O)N(C)c4ccccc4)oc3nc2c1,0,PubChem2
O=C(C=Cc1ccccc1O)c1ccc(Cl)cc1,0,PubChem2
Cc1cccc(-c2cc3nc(-c4ccccc4)cc(=O)n3[nH]2)c1,0,PubChem2
CSc1ncccc1C(=O)OCC(=O)c1ccccc1,0,PubChem2
COc1cccc(C(=O)COC(=O)c2cccs2)c1,0,PubChem2
Fc1ccc(C=NNc2ccccn2)cc1,0,PubChem2
CCCCOCCCNC(=O)CN1C(=O)c2ccccc2C1=O,0,PubChem2
Cc1cccc(NC(=O)c2cc(-c3ccc(C)c(C)c3O)n[nH]2)c1,0,PubChem2
NC(=O)c1sc2ccc(Cl)c(Cl)c2c1NC(=O)c1ccc(Cl)cc1,0,PubChem2
CS(=O)(=O)NC1CCC(Nc2nc(Cl)cc(-c3c[nH]c4ncccc34)n2)CC1,0,PubChem2
O=C(Nc1ccc2c(c1)CCC2)c1cc(F)cc(F)c1,0,PubChem2
c1ccc(-c2ccc3sccc3n2)cc1,0,PubChem2
O=C(NN=Cc1ccc2c(c1)OCO2)c1ccccn1,0,PubChem2
O=C(Nc1ccc2c(c1)OCCO2)c1cc2ccccc2o1,0,PubChem2
O=C(C=Cc1ccc2c(c1)OCO2)Nc1ccc(Cl)cn1,0,PubChem2
O=C(O)c1ccc(-c2nc3scc(-c4ccccc4)c3c(=O)[nH]2)cc1,0,PubChem2
CC(C)(C)c1ccc(C=CC(=O)Nc2cccnc2)cc1,0,PubChem2
Nc1[nH]nc2ncc(Br)cc12,0,PubChem2
CC(N)COc1cnc(Cl)c(C=Cc2ccncc2)c1,0,PubChem2
OCCn1cc(-c2cnc3nnn(Cc4ccc5ncccc5c4)c3n2)cn1,0,PubChem2
COc1ccc2cc(-c3ccccc3)c(=O)oc2c1,0,PubChem2
COc1oc(-c2ccccc2)nc1C(F)(F)F,0,PubChem2
CC(=O)Oc1ccc2c(=O)oc(-c3ccc([N+](=O)[O-])cc3)nc2c1,0,PubChem2
Cc1nn2cc(-c3ccc(Cl)cc3)nc2s1,0,PubChem2
Cc1ccc(-c2cc3nc(-c4ccccc4)cc(N)n3n2)cc1,0,PubChem2
CC(=O)c1cccc(NC(=S)Nc2cccc3ccccc23)c1,0,PubChem2
Cc1cc(NC(=O)Nc2ccc(-c3cccc4[nH]nc(N)c34)c(F)c2)ccc1F,0,PubChem2
Cc1ccc2cc3cc(C(=O)N4CCCCCC4)oc3nc2c1,0,PubChem2
Cc1ccc(SCC(O)=C(C#N)c2nc3ccccc3s2)cc1,0,PubChem2
O=C(Nc1ccc2c(c1)Cc1ccccc1-2)c1ccc(Br)o1,0,PubChem2
Fc1cccc(C2NN=C(c3ccccc3)S2)c1,0,PubChem2
c1ccc(COc2ccc(-c3csnn3)cc2)cc1,0,PubChem2
c1cc2cc(-c3ccc4cn[nH]c4c3)cnc2[nH]1,0,PubChem2
CSc1nc2nc(-c3ccccc3)cc(=O)n2[nH]1,0,PubChem2
Cc1[nH]n(-c2ccc(C(=O)O)cc2)c(=O)c1C=c1c(C)c(C#N)c2nc3ccccc3n2c1=O,0,PubChem2
O=C(CNc1cccc2ccccc12)NN=Cc1ccc([N+](=O)[O-])cc1,0,PubChem2
CCCOc1cccc(C(C)NC(=O)c2ccc(-c3ccncc3)cc2)c1,0,PubChem2
Cc1cccc(-c2ccc3c(c2)C(=O)NC3)c1,0,PubChem2
O=C(Nc1ccc2oc(-c3ccccc3Cl)nc2c1)c1ncn[nH]1,0,PubChem2
CN(C)c1ccc(-c2nc3sccn3c2-c2ccnc(Nc3cccc(N4CCOCC4)c3)n2)cc1NC(=O)c1ccccc1,0,PubChem2
CCOC(=O)C(C#N)=Cc1ccc(N2CCCCC2)cc1,0,PubChem2
Cc1ccc(NC(=O)c2ccc3c(c2)OCO3)cc1Cl,0,PubChem2
Cc1cc(-c2cccc([N+](=O)[O-])c2)nc2ccc3ccccc3c12,0,PubChem2
Cc1ccc(S(=O)(=O)Oc2cccc(C=NNc3ccc(C(=O)O)cc3)c2)cc1,0,PubChem2
O=C(Nc1cccc(O)c1)c1cc(-c2ccc3c(c2)OCO3)on1,0,PubChem2
O=C(COc1ccc2c3c(c(=O)oc2c1)CCC3)Nc1ccccn1,0,PubChem2
Cc1cc(C(=O)COc2cccc3cccnc23)c(C)n1C,0,PubChem2
CN(C)CC(O)COc1ccc(Nc2nccc(Nc3cc(Cl)ccc3Cl)n2)cc1,0,PubChem2
O=C(C=Cc1ccccc1)Nc1sc2c(c1C(=O)O)CCC2,0,PubChem2
O=C(Nc1cccnc1)c1ccc(CSc2ccccc2)cc1,0,PubChem2
CCOc1ccccc1C(=O)Nc1cccc(-c2ccc(N3CCOCC3)nn2)c1,0,PubChem2
Cc1ccc(C(=O)c2cc3ccccc3o2)cc1C,0,PubChem2
COc1ccc(-c2cc3ccc(OC)cc3cn2)cc1,0,PubChem2
Oc1ccc(N=Cc2ccc(OCc3ccccc3)cc2)cc1,0,PubChem2
CCN(C(C)=O)c1ccc(Nc2nc(NC3CC3)c3[nH]cnc3n2)cc1,0,PubChem2
NC1CCCCC1Nc1nccc(-c2c[nH]c3ncccc23)n1,0,PubChem2
CSc1nc2ccc(NC(=O)COc3ccccc3F)cc2s1,0,PubChem2
Nc1nn(-c2cccc(F)n2)cc1-c1ccccc1,0,PubChem2
Cc1cccc(NC(=O)Nc2ccc(-c3cccc4c3CNC4=O)cc2)c1,0,PubChem2
CCNC(=O)Oc1ccc[nH]c1=O,0,PubChem2
O=C1C(=CNc2ccc3c(c2)OCO3)CCc2ccccc21,0,PubChem2
COc1ccc(-c2noc(-c3ccc4c(c3)OCO4)n2)cc1,0,PubChem2
CC1CCN(c2ccc(NC(=O)c3ccc([N+](=O)[O-])o3)cc2)CC1,0,PubChem2
Cc1cc(-c2ccc3c(c2)Nc2ccccc2NC3=O)ccn1,0,PubChem2
CSc1nccc(NN=Cc2ccccc2)n1,0,PubChem2
Cc1ccccc1-c1nnc(-c2ccc(Br)cc2)o1,0,PubChem2
Cc1ccc(C(=O)C=CNc2ccc3c(c2)OCO3)cc1,0,PubChem2
Cn1cc(-c2cc3nc(Br)cnc3[nH]2)c2ccccc21,0,PubChem2
CCOC(=O)c1ccc(NC(=O)Nc2ccccn2)cc1,0,PubChem2
CCCCC#CC=C1Cn2c(nc3ccccc32)S1,0,PubChem2
O=C1Nc2ccccc2Nc2nnccc21,0,PubChem2
COc1ccc2cc3cc(C(=O)N4CCCCCC4)oc3nc2c1,0,PubChem2
NC1CCC(Nc2nccc(-c3c[nH]c4ncccc34)n2)CC1,0,PubChem2
Cc1ccc(F)c(NC(=O)CCc2ccccc2)c1,0,PubChem2
COc1ccc(NC(=O)c2cccc(OC(F)F)c2)cc1Cl,0,PubChem2
c1ccc2cc(OCc3nc4ccccc4[nH]3)ccc2c1,0,PubChem2
CCc1ccc(C=C2SC(=S)N(CCC(=O)Nc3ccc(C(=O)O)cc3)C2=O)cc1,0,PubChem2
Cc1ccccc1-c1nc2cc(Cl)ccc2o1,0,PubChem2
COc1ccccc1-c1nc(-c2ccc(Br)o2)no1,0,PubChem2
CS(=O)(=O)NC1CCCC(Nc2nc(Cl)cc(-c3c[nH]c4ncccc34)n2)C1,0,PubChem2
Cc1ccc(C(N)=NOC(=O)c2ccc(Cl)cc2Cl)cc1,0,PubChem2
NC(=O)c1cc2c(-c3cccc(F)c3)cncc2s1,0,PubChem2
O=C(Oc1ccc(-c2cnc3ccccc3n2)cc1)c1cc([N+](=O)[O-])ccc1Cl,0,PubChem2
Cc1nc2cc(NC(=O)c3ccc(Br)s3)ccc2s1,0,PubChem2
Cn1cc(C(CN)c2cncc(C=Cc3ccncc3)c2)c2ccccc21,0,PubChem2
O=C(Nc1ccc(Cl)cc1)c1ccc(Br)cc1F,0,PubChem2
CCOC(=O)c1csc(Nc2nc3ccc(F)cc3s2)n1,0,PubChem2
O=C(Nc1ccc(OC(F)(F)F)cc1)Nc1cccc([N+](=O)[O-])c1,0,PubChem2
COC(=O)c1c(N)nc2ccccn12,0,PubChem2
COC(=O)c1cc(C=Cc2ccccc2)[nH]n1,0,PubChem2
CN1C=Nc2cccc3cccc1c23,0,PubChem2
Nc1ncnc2scc(-c3ccccc3)c12,0,PubChem2
COCc1nnn(-c2nonc2N)c1C(=O)NN=C(C)c1ccc(O)cc1O,0,PubChem2
Cc1coc(C)c1C(=O)Nc1ccc2ccccc2c1,0,PubChem2
COc1cccc(COC(=O)Nc2ccccc2F)c1,0,PubChem2
O=C1NC(=O)C(c2c[nH]c3ccccc23)=C1c1nc(N2CCNCC2)nc2ccccc12,0,PubChem2
NC(=O)c1cc(-c2ccnc(N)n2)[nH]c1-c1ccc(Cl)cc1Cl,0,PubChem2
O=C1NCc2c1cccc2-c1cccs1,0,PubChem2
O=c1cc(N2CCOCC2)oc2c(-c3ccccc3)cccc12,0,PubChem2
Cc1[nH]nc2ccc(-c3cncc(OCC(N)Cc4c[nH]c5ccccc45)c3)cc12,0,PubChem2
CC(=O)Nc1ccc(C=C2Sc3ccccc3C2=O)cc1,0,PubChem2
CC(C)(C)c1ccc(OCc2nc(-c3ccccn3)no2)c(Br)c1,0,PubChem2
CC(=O)Nc1cccc(NC(=O)CSc2ncc(C(=O)Nc3ccc(F)cc3)c(=O)n2C)c1,0,PubChem2
N#Cc1c(NC(=O)c2ccccc2)sc2c1CCCCC2,0,PubChem2
Cc1ccc(C(=O)COC(=O)c2cccc(NC(=O)c3ccc([N+](=O)[O-])cc3[N+](=O)[O-])c2)cc1,0,PubChem2
N#Cc1c(NC(=O)CSc2ncn[nH]2)sc2c1CCCCC2,0,PubChem2
c1ccc2c(c1)Cc1cc3ccccc3nc1-2,0,PubChem2
CC1(C)CC(=O)C2=C(C1)Nc1cc(Cl)ccc1S2,0,PubChem2
Cc1cccc(-c2nc3cc([N+](=O)[O-])ccc3o2)c1,0,PubChem2
Cc1cccc(-c2nnc(-c3ccccc3)o2)c1,0,PubChem2
Cc1ccnc(NC(=O)c2ccc3c(c2)S(=O)(=O)c2ccccc2C3=O)c1,0,PubChem2
Cc1c(C(=O)Nc2ccccc2[N+](=O)[O-])csc1-c1ccccc1,0,PubChem2
Cc1ccc2c(Cl)c(C(=O)NN=Cc3cccn3C)sc2c1,0,PubChem2
c1ccc2c3c(cc(N4CCOCC4)c2c1)OC1(N2CCOCC2)CCCCC1O3,0,PubChem2
Cc1cccc(NS(=O)(=O)c2cccc(C(=O)NNC(=O)c3ccccc3O)c2)c1,0,PubChem2
OCCCCNc1cccc2ccccc12,0,PubChem2
CC(Nc1ccc2ccccc2c1)C(=O)NN=Cc1ccncc1,0,PubChem2
Nc1ccc(-c2nc3cc([N+](=O)[O-])ccc3o2)cc1,0,PubChem2
O=Nc1c(-c2c(O)[nH]c3cc(Br)ccc23)[nH]c2ccccc12,0,PubChem2
CCN1CCc2c(sc(NC(=S)NC(=O)c3ccccc3)c2C#N)C1,0,PubChem2
CC(C)(C)c1cc(C(=O)NN=Cc2ccc(-c3ccccc3[N+](=O)[O-])o2)n[nH]1,0,PubChem2
Cc1cc(=O)[nH]c(N=NC(=NNc2ccc(O)cc2)c2ccccc2)n1,0,PubChem2
Nc1c(C(=O)NCc2ccco2)c2nc3ccccc3nc2n1Cc1ccc(F)cc1,0,PubChem2
Cc1ccc(-c2nc(NN=Cc3cccnc3)c3ccccc3n2)cc1,0,PubChem2
CN(C)c1ccc(C=NNC(=O)c2ccco2)cc1,0,PubChem2
COc1ccc(CN2C(=O)Cc3c2nc(N)c2c(N)nc(N4CCCCC4)c(C#N)c32)cc1,0,PubChem2
CC(C=NNc1nnc2c(n1)[nH]c1ccccc12)=Cc1ccco1,0,PubChem2
O=C(NN=Cc1ccc([N+](=O)[O-])s1)c1cccnc1,0,PubChem2
COc1ccc(-c2cc(C(=O)N3CCCCCC3)no2)cc1,0,PubChem2
OCc1cc(-c2ccc3[nH]ncc3c2)on1,0,PubChem2
O=C(Nc1ccccc1)Nc1ccc(Nc2ccccc2)cc1,0,PubChem2
Oc1ccc(N=Cc2sc3ccccc3c2Cl)cc1,0,PubChem2
Cc1cc(C)n(CC(O)Cn2c3ccc(Cl)cc3c3cc(Cl)ccc32)c(=O)n1,0,PubChem2
Oc1c(-c2cc(-c3ccco3)[nH]n2)ccc2ccccc12,0,PubChem2
COc1ccc(C2c3ccc(O)cc3Oc3ncn4nc(-c5ccncc5)nc4c32)cc1OC,0,PubChem2
CCOC(=O)c1cc(C(=O)Nc2cccc(C)c2)nn1C,0,PubChem2
O=C(ON=C1CCN(S(=O)(=O)c2ccccc2)CC1)c1ccc(Cl)cc1,0,PubChem2
Cc1ccc(O)c(C(=O)c2cnn(-c3ccccc3)c2)c1,0,PubChem2
Cc1cccc(NC(=O)Nc2ccc(-c3noc4ncnc(N)c34)cc2)c1,0,PubChem2
CC(C)Nc1n[nH]c2ccc(N)cc12,0,PubChem2
O=Nc1ccc(NOC(=O)c2ccccc2)cc1,0,PubChem2
COc1cccc(NC(=O)c2ccc(CN3CCOCC3)cc2)c1,0,PubChem2
O=C(NN=Cc1cc2c(cc1Cl)OCO2)c1ccccn1,0,PubChem2
Cc1c(Cl)c(N2CCC(CN)C2)nc2[nH]cc(C(=O)O)c(=O)c12,0,PubChem2
Cn1c(SCc2ccccc2Cl)nc2ccccc21,0,PubChem2
Cc1ccc(-c2nc3cc(NC(=O)C(C)C)ccc3o2)cc1C,0,PubChem2
COc1ccc(-n2nnnc2-c2nc3ccccc3s2)cc1,0,PubChem2
Nc1nn(-c2ccccc2)c(N)c1N=Nc1ccc2c(c1)OCO2,0,PubChem2
CNC(=O)C=Cc1cnc(N)c2c(-c3cc(F)c4[nH]c(C)cc4c3)csc12,0,PubChem2
CCOC(=O)c1c(C)n(-c2ccc(I)cc2)c2c1cc(O)c1ccccc12,0,PubChem2
Nc1ncnc(Nc2cc(CNC(=O)C(F)(F)F)c(O)c(-c3ccc(Cl)cc3)c2)n1,0,PubChem2
O=C(C=CNc1ccc(F)cc1F)c1cccs1,0,PubChem2
COc1cc(C=C(C#N)c2nc3ccccc3[nH]2)c(Br)cc1O,0,PubChem2
CS(=O)(=O)c1ccccc1Nc1nc(Nc2ccccc2)ncc1Cl,0,PubChem2
CNC(=O)c1cnc(N)c2c(-c3ccc(NC(=O)Nc4cccc(Cl)c4)cc3)csc12,0,PubChem2
O=C(COc1ccc2oc3c(c2c1)CCCC3)Nc1ccccn1,0,PubChem2
COC(=O)c1ccccc1-c1ccc(C=C2C(=O)N(c3ccccc3)N=C2c2ccccc2)o1,0,PubChem2
COc1ccc(C)cc1NC(=O)Nc1ccncc1,0,PubChem2
O=c1[nH]c2sccc2c2nc(-c3ccncc3)nn12,0,PubChem2
O=C(Cc1cccs1)Nc1nc2ccccc2s1,0,PubChem2
CN(C)c1ccc(CNC(=O)c2cc3c(-c4ccccc4)[nH]nc3s2)cc1,0,PubChem2
Cc1cccc(NC(=O)Nc2ccc(-c3cnc4c(-c5cnn(C)c5)cnn4c3N)cc2)c1,0,PubChem2
FC(F)Oc1ccc(C2N=C(c3ccccc3)NO2)cc1,0,PubChem2
S=C(Nc1ccc2nsnc2c1)N1CCCC1,0,PubChem2
O=C(CSC(=S)N1CCCCC1)c1ccccc1,0,PubChem2
COc1ccc(NC(=O)c2cnn(-c3ccccc3)c2C)cc1OC,0,PubChem2
Cc1cc(C(=O)O)ccc1NC=C1CCCC(C)C1=O,0,PubChem2
Nc1ccc(O)c2c(=O)cc(-c3ccccc3Cl)oc12,0,PubChem2
COc1ccc(C(=O)NC2CCN(C(=S)NCc3ccco3)CC2)cc1,0,PubChem2
Cc1cccc(C(=O)OCC(=O)c2ccc3c(c2)OCO3)c1O,0,PubChem2
CCOc1nc(C(=O)NCc2ccc(S(C)(=O)=O)cc2)cc(N)c1C#N,0,PubChem2
O=c1cc(Cc2nc3ccccc3[nH]2)[nH]n1-c1ccccc1,0,PubChem2
COC(=O)c1ccc(C(O)=C(C#N)c2nc3ccccc3s2)cc1,0,PubChem2
S=C(Nc1ccc(Cl)cc1)c1nc2ccccc2[nH]1,0,PubChem2
NC1CCN(c2c(F)cc3c(=O)c(C(=O)O)cn(C4CC4)c3c2Cl)C1,0,PubChem2
CCC(C)NC(=O)c1c(N)n(CC2CCCO2)c2nc3ccccc3nc12,0,PubChem2
CCCNC(=O)c1ccc(Nc2nc(NCC(F)(F)F)c3sccc3n2)cc1,0,PubChem2
Cc1ccc2nc(-c3cccc(N)c3)oc2c1,0,PubChem2
Cc1cc(C(N)=O)n2nc(C(C)(C)C)cc2n1,0,PubChem2
COc1ccc2oc(C(=O)Nc3nc(C)cs3)c(C)c2c1,0,PubChem2
COc1ccc(C(=O)N2c3ccccc3Sc3c(Cl)cncc32)cc1,0,PubChem2
COc1ccc2cc3cc(C(=O)N4CCCC(C)C4)oc3nc2c1,0,PubChem2
Oc1ccc(-c2nc(-c3ccc(F)cc3)c(-c3ccncc3)[nH]2)cc1,0,PubChem2
CN1CCN(C2CCC(n3cc(-c4ccc(Oc5ccccc5)cc4)c4c(N)ncnc43)CC2)CC1,0,PubChem2
COc1cc(OC)cc(C(=O)N=c2sc3ccccc3n2C)c1,0,PubChem2
Cc1nn(C)c2sc(C(N)=O)c(N)c12,0,PubChem2
O=c1[nH]cnc2c1oc1ccc(Cl)cc12,0,PubChem2
CCCC(=O)Nc1n[nH]c2ccc(-c3cccc(F)c3F)cc12,0,PubChem2
CN=c1scc(-c2cccs2)n1N=Cc1ccccc1O,0,PubChem2
COc1ccccc1NC1=C(N2CCCCC2)C(=O)c2ccccc2C1=O,0,PubChem2
O=C(C=CNc1cccc([N+](=O)[O-])c1)c1cccs1,0,PubChem2
O=C(CSCc1ccc(F)cc1)Nc1ccccc1,0,PubChem2
Cn1c(SCC(=O)NCCc2ccccc2)ncc(C(=O)Nc2ccccc2)c1=O,0,PubChem2
CC(C)CC[n+]1ccn(C2=C([O-])c3ccccc3C(=O)C2=NS(=O)(=O)c2ccc(Br)cc2)c1,0,PubChem2
Cc1cc(=O)[nH]c2n[nH]c(-c3cccc(-c4ccc(C#N)cc4)c3)c12,0,PubChem2
Cc1noc(C)c1C=NNc1ccc2ccccc2n1,0,PubChem2
Cc1nn(C)c2sc3c(=O)[nH]cnc3c12,0,PubChem2
N#Cc1sc2nc(-c3ccccc3)cc(-c3ccco3)c2c1N,0,PubChem2
S=C(Nc1ccc(-c2nc3ccccc3[nH]2)cc1)Nc1cccnc1,0,PubChem2
CCOc1ccc(C(=O)Nc2cc(C)on2)cc1,0,PubChem2
COC(=O)c1ccc(-c2ccc(Cl)cc2)nc1C,0,PubChem2
O=C(Nc1nnc(CCc2ccccc2)s1)c1ccccc1,0,PubChem2
O=C(Cc1ccccc1)Nc1cccc(-c2nc3sccn3c2-c2ccnc(Nc3ccccc3Cl)n2)c1,0,PubChem2
O=C1CCC(=O)N1c1ccc(-c2nc3ccccc3s2)cc1,0,PubChem2
CCN(CC(=O)c1c(N)n(C)c(=O)n(C)c1=O)c1cccc2ccccc12,0,PubChem2
COc1ccc(NC(=S)Nc2cccc3ccccc23)cc1OC,0,PubChem2
COc1cc(NC(C)CCCN)c2ncccc2c1Oc1ccccc1,0,PubChem2
Nc1nccc2scc(-c3ccc(NC(=O)Nc4cccc(Cl)c4)cc3)c12,0,PubChem2
COc1cccc(-c2noc(-c3ccc(Cl)nc3)n2)c1,0,PubChem2
CCc1noc(C)c1C(=O)Nc1nc2ccc(OC)cc2s1,0,PubChem2
COc1cccc(C(=O)Nc2cnc3[nH]cc(-c4ccccc4)c3c2)c1,0,PubChem2
Cc1cc(=O)n(CC2CC(c3ccc(Cl)cc3)=NO2)c2ccccc12,0,PubChem2
O=C(c1ccccc1)c1ccc2c(c1)OCCCO2,0,PubChem2
c1ccc(Cn2nnc(-c3ccc4[nH]ncc4c3)c2-c2ccccc2)cc1,0,PubChem2
COc1cccc(C(=O)Nc2ccccc2)c1,0,PubChem2
CC(C)=CC(=O)Nc1ccc(Br)cc1,0,PubChem2
Clc1cc(Cl)c2nc(N3CCCCC3)sc2c1,0,PubChem2
COc1cc2c(cc1F)C(c1ccccc1Cl)=Nc1c(n[nH]c1C)N2,0,PubChem2
COC(=O)c1ccc(-c2nc3cc(Cl)c(N)cc3s2)cc1,0,PubChem2
Cc1cc2sc(NC(=O)c3ccco3)nc2cc1Cl,0,PubChem2
Cc1ccc(C2=NNC(c3cccc(F)c3)S2)cc1,0,PubChem2
NC(=NOC(=O)CCCc1ccccc1)c1ccccn1,0,PubChem2
CC(=NOC(=O)c1ccc(C)cc1)c1sc(C)nc1C,0,PubChem2
COc1ccc2oc(=O)c(-c3nc(C)cs3)cc2c1,0,PubChem2
COc1ccc2c(c1)Cc1sc(NC(C)=O)nc1-2,0,PubChem2
CCOc1cccc(C(=O)Nc2ccc(NC(=O)c3ccccc3)c(C)c2)c1,0,PubChem2
O=C1C(=NS(=O)(=O)c2cccs2)C([n+]2ccc(CCCc3ccccc3)cc2)=C([O-])c2ccccc21,0,PubChem2
Oc1ccc(Br)cc1C=Nc1ccc2[nH]ncc2c1,0,PubChem2
O=C(Cc1ccc(OC(F)(F)F)cc1)N1CCC2(CC1)NCCc1c2[nH]c2ccccc12,0,PubChem2
Cn1cc(-c2ccccc2)c2nc(-c3ccncc3)cc(=O)n21,0,PubChem2
c1ccc(-c2nc(C3CCCCC3)no2)cc1,0,PubChem2
O=C(Nc1ccc(F)c(Cl)c1)c1ccc2c(c1)OCO2,0,PubChem2
COc1cc(SC)ccc1C(=O)Nc1cc(C)ccn1,0,PubChem2
CC(C(=O)O)c1ccc(N2Cc3ccccc3C2=O)cc1,0,PubChem2
Cc1ccccc1NC(=O)c1cccc(S(=O)(=O)Oc2ccc([N+](=O)[O-])cc2)c1,0,PubChem2
CC1CCN(c2cc(N(C)CCO)c([N+](=O)[O-])c3nonc23)CC1,0,PubChem2
Cc1ccc(Nc2nccc(Nc3ccccc3C(=O)O)n2)cc1F,0,PubChem2
COc1ccc(NC(=O)c2noc3c2CCC3)cc1,0,PubChem2
c1cc2c3c(cccc3c1)C(N1CCCCC1)=N2,0,PubChem2
NC(=O)c1ccc(-c2ccncc2)cc1NCc1ccccc1,0,PubChem2
COC(=O)c1ccc(C=NNC(=O)c2cccc(F)c2)cc1,0,PubChem2
COc1ccc(OC)c(Nc2ccc3nnc(-c4ccccc4)n3n2)c1,0,PubChem2
CSc1ccc(NC(=O)Nc2cccn(Cc3ccccc3F)c2=O)cc1,0,PubChem2
Cc1ccc2c(c1)COc1c3ccc(C(=O)N4CCCCC4)cc3nn1-2,0,PubChem2
Cc1cncc2cccc(S(=O)(=O)N3CCCNCC3C)c12,0,PubChem2
N=c1oc2ccccc2cc1C(=O)Nc1ccccc1,0,PubChem2
Nc1ncnc2scc(-c3ccc(NC(=O)Nc4ccccc4)cc3)c12,0,PubChem2
COc1cccc(CNC(=O)c2ccc(-c3ccncc3)cc2)c1,0,PubChem2
O=C1N(c2ccccc2)CCN1c1ccccc1,0,PubChem2
Cc1ccc(NC(=O)C(Cl)=Cc2ccccc2)cc1C,0,PubChem2
CC(=NNC(=O)c1cccs1)c1cccs1,0,PubChem2
CC(=O)Nc1nc2cc3c(cc2s1)OCO3,0,PubChem2
CC1=CN2CC(=O)NN=C2C=C1,0,PubChem2
COc1ccc(-n2nc3ccc(N)cc3n2)cc1Cl,0,PubChem2
Cc1cnc(C(=O)Nc2ccccc2F)cn1,0,PubChem2
O=C(COC(=O)c1ccccc1[N+](=O)[O-])c1ccc(C2CCCCC2)cc1,0,PubChem2
Cc1ccc(C(=O)c2cc3ccccc3o2)cc1,0,PubChem2
Cn1c(-c2ccccc2)cc2onc(-c3ccccc3)c2c1=O,0,PubChem2
O=C1C(=Cc2ccc(F)cc2)CCC1=C1SCCCS1,0,PubChem2
COc1cccc(C(=O)Nc2ccc3c(c2)OCO3)c1OC,0,PubChem2
CCCc1cc(-c2ccc3[nH]ncc3c2)on1,0,PubChem2
COc1ccc(CNC(=O)c2c(C)oc3c2C(=O)c2ccccc2C3=O)cc1,0,PubChem2
O=C(CCCCCCC(=NO)c1ncco1)Nc1cccc(-c2ccccc2)c1,0,PubChem2
C=Cc1ccc(-c2cccc3nnc(N)n23)cc1,0,PubChem2
Cn1sc(NC(=O)c2ccc(Cl)cc2)nc1=O,0,PubChem2
Fc1ccc(-c2nc3ccccc3[nH]2)cc1,0,PubChem2
CCOC(=O)c1ccc(Nc2cnc3ccccc3n2)cc1,0,PubChem2
Nc1n[nH]c2ccc(-c3nnn(Cc4ccccc4)c3I)cc12,0,PubChem2
COc1ccc2nc(NC(=O)c3ccc([N+](=O)[O-])o3)sc2c1,0,PubChem2
COc1cc(C=C(C#N)c2[nH]nc(N)c2C#N)ccc1O,0,PubChem2
O=C(c1ccccc1F)N1CCN(c2ccc([N+](=O)[O-])c(NCC3CCCO3)c2)CC1,0,PubChem2
O=C(Nc1ccccc1)C(=O)Nc1ccccn1,0,PubChem2
CC1=NN(C(N)=S)C(=O)C1N=Nc1ccc(S(N)(=O)=O)cc1,0,PubChem2
COc1cccc(C(C)NC(=O)c2cnc(-c3ccncc3)nc2)c1,0,PubChem2
Cc1oc(-c2ccc3c(c2)OCCO3)cc1C(=O)NCC(=O)O,0,PubChem2
Cc1ccc(NC(=O)c2snnc2C)cc1Cl,0,PubChem2
Clc1csc2ncnc(Nc3ccccc3)c12,0,PubChem2
Nc1cccnc1Sc1cccc(Cl)c1,0,PubChem2
COc1ccc2c(c1)C(=Cc1cnc[nH]1)C(=O)N2,0,PubChem2
Cn1cccc1C=C1SC(=Nc2ccccc2)NC1=O,0,PubChem2
O=C1C=C(Nc2ccccc2O)c2ccccc2C1=O,0,PubChem2
Clc1ccccc1CONc1ncnc2nonc12,0,PubChem2
O=C(O)c1cccc(COc2ccc3c(c2)CCC3)c1,0,PubChem2
COc1cc(NC(=O)c2cccc(Br)c2)nc(OC)n1,0,PubChem2
Cc1[nH]n(-c2ccc([N+](=O)[O-])cc2)c(=O)c1C=NCCN1CCN(C(=O)c2ccccc2F)CC1,0,PubChem2
CC(=O)Nc1cc(N)c(C#N)c(-c2ccccc2)n1,0,PubChem2
COCCN(CCOC)c1nc(OC)cc(-c2c[nH]c3ncccc23)n1,0,PubChem2
Cc1cc(O)ccc1-n1cc(C(N)=O)c(=O)c2ccc(-c3ccncc3)cc21,0,PubChem2
Cc1cc(C)cc(NC(=O)Nc2ccc(-c3cccc4snc(N)c34)cc2)c1,0,PubChem2
CCOc1nc(NC(=O)Cc2cc(OC)c(S(C)(=O)=O)cc2OC)cc(N)c1C#N,0,PubChem2
COc1ccc(C(=O)Nc2ccc3c(c2)OCCO3)cc1Br,0,PubChem2
COc1ccccc1CN=c1c([N+](=O)[O-])nn(-c2ccc3c(c2)OCCO3)n1O,0,PubChem2
CCOC=C1C(=O)N(c2ccccc2)C(=O)c2ccccc21,0,PubChem2
COc1ccccc1-c1ccnc(Nc2cccc(S(C)(=O)=O)c2)n1,0,PubChem2
O=C1Cc2c([nH]c3ccc(Br)cc23)-c2ccccc2N1,0,PubChem2
CC(C)C1Oc2ccccc2C(=O)N(CC(=O)c2ccc3c(c2)OCCO3)C1=O,0,PubChem2
O=C(c1cc(-c2cccs2)on1)N1CCc2ccccc2C1,0,PubChem2
O=[N+]([O-])c1cccc(-c2nnc(-c3ccc4c(c3)OCO4)o2)c1,0,PubChem2
O=C(Nc1nc2ccccc2[nH]1)c1ccc(Cl)cc1,0,PubChem2
O=C(O)c1ccc(N=Nc2c(-c3ccccc3)[nH]oc2=O)cc1,0,PubChem2
CN(C)c1cc2sncc2cc1NC(=O)C(=O)O,0,PubChem2
O=[N+]([O-])c1ccc(N=NNc2ccccc2)cc1,0,PubChem2
CC(=NNC(=N)N)c1cc(NC(=O)c2cccc(C(=O)Nc3cc(C(C)=NNC(=N)N)cc(C(C)=NNC(=N)N)c3)c2)cc(C(C)=NNC(=N)N)c1,0,PubChem2
COc1ccc(C=NNc2ncnc3c2[nH]c2ccccc23)cc1OC,0,PubChem2
COCC=CC1=CC2=CC(=O)C(C)(OC(=O)c3cnc4ccccc4n3)C(=O)C2=CN1c1ccccc1,0,PubChem2
c1ccc(-c2nc(-c3ccncc3)no2)cc1,0,PubChem2
Cc1ccc(C(=O)OCC(=O)c2ccccc2)cc1,0,PubChem2
CCOc1ccc(NC(=S)Nc2cccc3cnccc23)cc1,0,PubChem2
COc1ccc(-c2noc(-c3ccc(C)cc3)n2)cc1,0,PubChem2
CC(C)(C)OC(=O)n1ncc2cc(Nc3c(NCc4ccc(Cl)cc4Cl)c(=O)c3=O)ccc21,0,PubChem2
CCc1nc2c(c3cc(OC)c(OC)cc13)C(=O)NC2=O,0,PubChem2
O=c1cc(-c2ccccc2)nc(NC2CCCCC2)[nH]1,0,PubChem2
Cc1ccc2nc(NC(=O)c3ccc(Br)o3)sc2c1,0,PubChem2
CCOC(=O)c1c(NS(=O)(=O)c2ccccc2)n(CCCOC)c2nc3ccccc3nc12,0,PubChem2
CCCN1C(=O)C(=Cc2nc3ccccc3c(=O)[nH]2)c2cc(C)ccc21,0,PubChem2
Cc1nc(SCC(N)=O)[nH]c(=O)c1Cc1ccc(OC(C)C)cc1,0,PubChem2
Cn1cc(C=C2C(=O)Nc3cccnc32)c2ccccc21,0,PubChem2
Cc1ccc(-c2nnc(SCC(=O)NC(=O)Nc3ccc(C)cc3C)n2N)cc1,0,PubChem2
COc1ccc(NC(=O)c2ccc(C)o2)c([N+](=O)[O-])c1,0,PubChem2
Cc1ccc2c(c1)Sc1c(ccc3ccccc13)N2,0,PubChem2
Nc1nc(Cl)cc(-c2c[nH]c3ncccc23)n1,0,PubChem2
CN(c1ccccc1)c1ccc(C=NN2CCOCC2)cc1,0,PubChem2
CNC(=O)C(C)n1cc(-c2cnc(N)c3c(-c4ccc(NC(=O)Nc5ccc(C)cc5)cc4)csc23)cn1,0,PubChem2
O=C(O)c1ccnc(SCC(=O)c2ccccc2)c1,0,PubChem2
Cc1cc2nnc(SCc3cn4ccccc4n3)n2c2ccccc12,0,PubChem2
O=C(NC1=NCCS1)c1ccc(Cl)c(Cl)c1,0,PubChem2
CC(=O)Nc1ccc(C=C2CCc3ccccc3C2=O)cc1,0,PubChem2
Cc1cccc(NC(=O)Nc2ccc(-c3ccc4nccnc4c3N)cc2)c1,0,PubChem2
O=C(C=Cc1ccc(O)c(O)c1)NC(=O)c1ccccc1O,0,PubChem2
COc1cccc(CN2CCN(C(=O)c3oc4c(F)cccc4c3C)CC2=O)c1,0,PubChem2
O=C1NC(=O)C(=Cc2ccc(OCc3ccccc3)cc2)S1,0,PubChem2
Cn1c(=N)n(CC(=O)c2ccc(Cl)c(Cl)c2)c2ccccc21,0,PubChem2
O=C(c1ccc(F)cc1)c1cc2ccccc2o1,0,PubChem2
Cc1cc(C)cc(NC(=O)Nc2ccc(-c3cccc4c3CNC4=O)c(C)c2)c1,0,PubChem2
CC(C)(c1ccccc1)c1ccc(OCc2ccc(C(=O)O)o2)cc1,0,PubChem2
CCOC(=O)c1sc(NC(=O)c2ccc(C)s2)cc1C,0,PubChem2
COc1ccccc1C1(O)CC2CCC(C1)N2S(=O)(=O)c1ccc(C(C)=O)cc1,0,PubChem2
O=C(O)c1c2c(nc3ccccc13)C(=C1CCCC1)CC2,0,PubChem2
COc1cccc(NC(=O)c2cnn3c(-c4ccccc4)ccnc23)c1,0,PubChem2
Cc1cccc(Nc2nc(-c3ccc(F)cc3)cs2)n1,0,PubChem2
CC(=O)OCCCNc1cc(SCc2ccco2)c2nonc2c1[N+](=O)[O-],0,PubChem2
CN(C(=O)C1CCCCC1)c1ccc2c(c1)nc(NC(=O)c1ccc(C#N)cc1)n2CCC(N)=O,0,PubChem2
c1ccc(Nc2nc(-c3ccc4[nH]ncc4c3)cs2)cc1,0,PubChem2
O=c1[nH]c(C=Cc2ccc(Br)cc2)nc2ccccc12,0,PubChem2
COc1ccc(CN2C(=O)Cc3ccccc3C2=O)cc1,0,PubChem2
Oc1ccccc1OCc1nc2ccccc2s1,0,PubChem2
Nc1ccccc1C#Cc1ccccc1,0,PubChem2
Cc1ccccc1NC(=O)Nc1ccc(-c2coc3ncnc(N)c23)cc1,0,PubChem2
Oc1ccc2nc(-c3ccc(Sc4ccc(-c5nc6ccc(O)cc6[nH]5)cc4)cc3)[nH]c2c1,0,PubChem2
NC1CCCCC1Nc1nc(Cl)cc(-c2c[nH]c3ncccc23)n1,0,PubChem2
Cc1cc(C(=O)Nc2ccc3ccccc3c2)oc1C,0,PubChem2
Cc1cc(C)cc(N2CCCn3c2nc2c3c(=O)n(CC(=O)OCc3ccccc3)c(=O)n2C)c1,0,PubChem2
COc1cccc(C(=O)C=CNc2ccc(S(=O)(=O)Nc3ncccn3)cc2)c1,0,PubChem2
CC(=O)NC1CCCC(Nc2nc(Cl)cc(-c3c[nH]c4ncccc34)n2)C1,0,PubChem2
Cn1cc(-c2ccncn2)c(-c2ccc(F)cc2)n1,0,PubChem2
Cn1c(-c2ccco2)nc2cc3ccccc3cc21,0,PubChem2
CC(=O)N(N=C1Sc2ccccc2C1=O)c1cccc(C)c1,0,PubChem2
Fc1ccc(-c2noc(-c3ccc4c(c3)CCO4)n2)cc1,0,PubChem2
Cn1ccsc1=NC(=O)c1ccc(S(=O)(=O)C(F)F)cc1,0,PubChem2
NC(=O)c1ccsc1NC(=O)COc1ccccc1,0,PubChem2
Nc1ccc(-c2cncc(OCC(N)Cc3c[nH]c4ccccc34)c2)cc1C(=O)c1ccccc1F,0,PubChem2
CN(Cc1ccccc1)c1cc(-c2c[nH]c3ncccc23)cc(Cl)n1,0,PubChem2
Cc1oc2ccc(OCc3ccccc3Cl)cc2c1C(=O)O,0,PubChem2
OCCC(Nc1nc2ccc(-c3ccncc3)cc2s1)c1ccccc1,0,PubChem2
CCc1nn2cc(-c3ccccc3)nc2s1,0,PubChem2
COc1ccc(C(=O)Nc2nnc(-c3cccs3)s2)cc1,0,PubChem2
Cc1nn(-c2ccccc2)c(Cl)c1C=NNc1nc2ccccc2n1C,0,PubChem2
C=CCn1c(N)c(C(=O)Nc2ccccc2)c2nc3ccccc3nc21,0,PubChem2
CCCCOc1ccc(-c2nnc(-c3ccco3)o2)cc1,0,PubChem2
CC(=O)Oc1ccc(C=C2Oc3ccccc3C2=O)cc1,0,PubChem2
Cc1ccccc1-c1nc2sc(-c3ccccc3)cc2c(=O)o1,0,PubChem2
COC(=O)c1ccc(NCC(=O)c2ccccc2)cc1,0,PubChem2
CCCCSC(=O)Nc1ccccc1,0,PubChem2
COc1ccc(C(=O)ON=C(N)c2ccc(OC)c(OC)c2)cc1,0,PubChem2
CC(C)CC(NC(=O)OC(C)(C)C)C(=O)Oc1ccc2c(=O)c(-c3ccc([N+](=O)[O-])cc3)coc2c1,0,PubChem2
COc1ccc(-c2cc(=O)c3cc(OC)ccc3[nH]2)cc1,0,PubChem2
CCc1nnc(NC(=O)c2ccc(-c3ccccc3Cl)o2)s1,0,PubChem2
CC(CCC(=O)O)(c1ccc(O)c(N)c1)c1ccc(O)c(N)c1,0,PubChem2
CS(=O)(=O)NCCOc1cncc(-c2ccc3cnccc3c2)c1,0,PubChem2
CCN1CCCC1CNC(=O)c1ccc2c(c1)NC(=O)C(Cc1ccccc1F)S2,0,PubChem2
CCc1ccc(-c2csc(NC(=O)C3=COCCO3)n2)cc1,0,PubChem2
CC1=NN(c2ccccc2)C(=O)C1=Cc1c(O)n(-c2ccc(F)c(Cl)c2)[nH]c1=O,0,PubChem2
Cc1ccccc1-c1nc2cc(N)ccc2o1,0,PubChem2
O=C(NC(=S)Nc1ccccn1)c1ccc(-c2ccccc2)cc1,0,PubChem2
Cc1ccc(OCc2ccc(C(=O)O)o2)cc1C,0,PubChem2
O=C1c2ccccc2C(=O)N1CCOc1ccccc1Cl,0,PubChem2
O=C(Nc1ccc(F)c(Cl)c1)c1ccc2c(=O)n3c(nc2c1)CCCCC3,0,PubChem2
COc1ccc(NC(=O)c2ccc(OCC3CCCO3)cc2)cc1Cl,0,PubChem2
COCCCN=Cc1c(C)[nH]n(-c2ccc(Br)c(C)c2)c1=O,0,PubChem2
COc1cc(C=C2SC(=S)N(C)C2=O)ccc1OC(=O)c1ccco1,0,PubChem2
O=C(O)c1ccccc1Nc1ccnc(N2CCCCC2)n1,0,PubChem2
O=C(O)c1ccc2cc(-c3ccccc3)[nH]c2c1,0,PubChem2
N#Cc1ncc2nc1OCCCCCOc1cc(OCCCO)c(Cl)cc1NC(=O)N2,0,PubChem2
Cc1ccnc(Nc2nc3ccccc3o2)n1,0,PubChem2
CC(C)Cn1c(N)nc2c(F)cc(-c3c(-c4ccc(F)cc4)nc4sccn34)cc21,0,PubChem2
COc1ccccc1N1CCN(N=Cc2ccc([N+](=O)[O-])cc2)CC1,0,PubChem2
Cc1cccc(NC(=O)c2ccc3c(Cl)c4c(nc3c2)CCCC4)n1,0,PubChem2
COc1cc2cnc3c(c2cc1OC)C(=O)NC3=O,0,PubChem2
COC(=O)c1[nH]c(=O)c2ccccc2c1O,0,PubChem2
CCCc1cc(=O)[nH]c(SCC(=O)c2ccc3c(c2)NC(=O)CO3)n1,0,PubChem2
Cn1cccc1C(=O)NCCc1ccccc1,0,PubChem2
O=C(NN=Cc1ccc2c(c1)OCO2)c1ccc(Br)o1,0,PubChem2
O=C(O)C1CN(Cc2ccc(OCc3ccccc3)cc2Cl)C1,0,PubChem2
CCC(CO)Nc1nc(NCc2ccccc2)c2ncn(C(C)C)c2n1,0,PubChem2
Fc1ccc2nc3[nH]c4ccccc4c3nc2c1,0,PubChem2
N#Cc1ccsc1NC(=O)COc1ccc(-c2nnco2)cc1,0,PubChem2
Oc1[nH]c2ccccc2c1N=Nc1ccccc1,0,PubChem2
CCOc1cc(C=C2C(=O)N(c3ccccc3)N=C2C)ccc1OC(=O)c1ccco1,0,PubChem2
N#Cc1ccc(-c2n[nH]c3c2Cc2ccc(OCCCCN4CCOCC4)cc2-3)cn1,0,PubChem2
C(=Cc1ccccc1)C=NN1CCN(c2ccccn2)CC1,0,PubChem2
CC(=O)N1CCC(Nc2nccc(-c3c(-c4ccc(F)cc4)nc4occn34)n2)CC1,0,PubChem2
Cc1[nH]n(-c2ccccc2)c(=O)c1C=c1c(C)c(C#N)c2nc3ccccc3n2c1=O,0,PubChem2
C(=Cc1ccccc1)C=NNc1nc2ccccc2s1,0,PubChem2
CCCCSc1nnc(CSc2nc3nc(C)cc(C)n3n2)o1,0,PubChem2
CC(C)(C)c1cc(NC(=O)Nc2cccc3ccccc23)n(-c2cccc(C(=O)NCCOCCO)c2)n1,0,PubChem2
COc1cc(OC)cc(-c2cc3ccccc3c(=O)o2)c1,0,PubChem2
Cc1cccc(C=NNC(=O)C(C)Nc2cccc3ccccc23)n1,0,PubChem2
Cn1cc(-c2cnc(N)c3c(-c4ccc(NC(=O)Nc5cccc(F)c5)cc4)csc23)cn1,0,PubChem2
CCCCCC(=O)Nc1ccc2oc(-c3cncc(Br)c3)nc2c1,0,PubChem2
COc1ccc(C=C2C(=O)ON=C2c2ccc(Br)cc2)cc1OC,0,PubChem2
CC(Nc1cccc2ccccc12)C(=O)NN=Cc1ccccn1,0,PubChem2
COc1cc(C=Cc2nc3ccccc3c(=O)[nH]2)cc(Cl)c1O,0,PubChem2
COc1ccc(C=NNC(=O)c2nn(-c3ccc(Cl)cc3)c(=O)c3c(N)scc23)cc1,0,PubChem2
COc1cc(C(c2c(C)[nH]n(-c3ccccc3)c2=O)c2c(C)[nH]n(-c3ccccc3)c2=O)cc(OC)c1OC,0,PubChem2
Cc1ccc(C=NNC(=O)c2csnn2)cc1,0,PubChem2
Cc1ccc(C2=CC(=Cc3cccs3)C(=O)O2)cc1,0,PubChem2
CCOC(=O)c1c(C)oc2c1c(C=NCCC(=O)O)c(O)c1ccccc12,0,PubChem2
Cc1ccc(NCc2ccc(-c3ccc(F)cc3)nc2)cc1,0,PubChem2
Cc1cc[n+](C2=C([O-])c3ccccc3C(=O)C2=NS(=O)(=O)c2cccs2)cc1C,0,PubChem2
NCCNc1cc(N2CCCC2)ccc1[N+](=O)[O-],0,PubChem2
COc1ccc(N(CC(=O)NCc2ccncc2)S(=O)(=O)c2ccc(C)c([N+](=O)[O-])c2)cc1,0,PubChem2
Cn1c(=O)c(Oc2ccc(F)cc2F)cc2cnc(NC3CCOCC3)nc21,0,PubChem2
OCCNC(=S)Nc1ccc2nsnc2c1,0,PubChem2
O=C(Nc1cccc(C(F)(F)F)n1)Nc1ccnc2cc(F)c(F)cc12,0,PubChem2
Oc1nc(Nc2ccccc2)sc1C=C1C=Nc2ccccc21,0,PubChem2
OC(COC(c1ccccc1)c1ccccc1)CN1CCN(c2cccc(Cl)c2)CC1,0,PubChem2
Fc1ccc(-c2ncn(CCN3CCOCC3)c2-c2ccc3[nH]ncc3c2)cc1,0,PubChem2
Nc1ccc2nc(-c3cc(Cl)c(N)c(Cl)c3)[nH]c2c1,0,PubChem2
Cc1ccc(C(=O)CSc2ccccn2)cc1,0,PubChem2
COc1cc2cc(NC(C)=O)cc(NCc3ccccc3)c2cc1OC,0,PubChem2
COc1ccc(C(=O)Nc2ccc3ncccc3c2)cc1,0,PubChem2
COc1cccc(NC(=O)c2ccccc2)c1,0,PubChem2
COc1cc(O)cc2cc3c(c(O)c12)C(=O)CC(C)(O)O3,0,PubChem2
Cc1ccc(-c2cc(C(=O)NN=Cc3ccccc3O)n[nH]2)o1,0,PubChem2
FC(F)(F)c1ccc(-c2nnc3ccc(NC4CC4)nn23)cc1,0,PubChem2
NC(=O)c1ccc(-c2nc(-c3ccc4c(c3)OCO4)c(-c3ccccn3)[nH]2)cc1,0,PubChem2
COc1cccc(C(=O)Nc2ccc3c(C)cc(=O)oc3c2)c1,0,PubChem2
Cc1ccc(Cl)cc1N1CCN(S(C)(=O)=O)CC1,0,PubChem2
COc1cc(-c2ccc3c(c2)Nc2ccc(CCOc4ccc(N5CCOCC5)cc4)cc2NC3=O)ccc1OCC(O)CO,0,PubChem2
Brc1cccc(-c2nc(-c3ccncc3)no2)c1,0,PubChem2
COc1cccc(C(=O)N=c2sc3c(C)ccc(OC)c3n2C)c1,0,PubChem2
Cc1ccc(NC(=O)c2cc3ccccc3oc2=N)cc1,0,PubChem2
c1ccc(Cn2cc(-c3ccc4[nH]nc(-c5cn(Cc6ccccc6)nn5)c4c3)nn2)cc1,0,PubChem2
CC(C)(C)c1ccc(C(=O)C2CCCN(C(=O)c3ccccn3)C2)cc1,0,PubChem2
CCOC(=O)Nc1ccc(C(=O)Oc2ccccc2)c(O)c1,0,PubChem2
CCc1cc(C(=O)NNC(=S)Nc2ccccc2C)cs1,0,PubChem2
O=C(NN=c1c(=O)c2ccccc2c1=O)c1ccccc1,0,PubChem2
CCn1c2cc(Cl)c(O)cc2c(=O)c2c(=O)o[nH]c21,0,PubChem2
O=C(c1cnn2ccccc12)N1CCc2ccccc21,0,PubChem2
Clc1ccc(-c2nnc(-c3ccco3)o2)cc1,0,PubChem2
Cn1cc(Nc2ncc(Br)c(Nc3ccccc3S(C)(=O)=O)n2)cn1,0,PubChem2
Cc1ccc(Nc2nc3ccc([N+](=O)[O-])cc3[nH]2)nc1,0,PubChem2
Cc1ccc(S(=O)(=O)CCSc2cccc(C(=O)Nc3ccccc3C(=O)O)c2)cc1,0,PubChem2
c1ccc(CSc2ncnc3c2cnn3-c2ccccc2)cc1,0,PubChem2
Cc1ccc(O)c(NC(=O)c2ccc3c(c2)C(=O)N(Cc2cccnc2)C3=O)c1,0,PubChem2
CCOc1ccc(C=CC2=NNC(=O)CC2)cc1,0,PubChem2
CCOC(=O)C1=c2sc(=Cc3ccco3)c(=O)n2C(N)=C(C#N)C1c1ccco1,0,PubChem2
CCOC(=O)c1ccc(NC(=O)Nc2ccc(F)cc2)cc1,0,PubChem2
O=S(=O)(Nc1nc(-c2sccc2Cl)cs1)c1cc(Cl)ccc1Cl,0,PubChem2
Cc1ccc(-c2cc3nc(Br)cnc3[nH]2)cc1,0,PubChem2
Nc1c(C(=O)NCc2ccc3c(c2)OCO3)c2nc3ccccc3nc2n1CCCN1CCOCC1,0,PubChem2
CN(Cc1cc(Cl)c(O)c2ncccc12)C1CCCCC1,0,PubChem2
CN(C)c1cc(NN=Cc2ccccc2C(F)(F)F)nc(N(C)C)n1,0,PubChem2
O=C(CNc1cccc2ccccc12)NN=Cc1cccc(Oc2ccccc2)c1,0,PubChem2
Cc1ccc(-c2nnc(-c3ccccc3)o2)cc1,0,PubChem2
CN(C)c1cccc(C(=O)Nc2nc3ccccc3[nH]2)c1,0,PubChem2
O=C(Nc1cnc2[nH]cc(-c3ccccc3)c2c1)c1cccc(F)c1F,0,PubChem2
O=C(Nc1cccc(C(F)(F)F)n1)Nc1ccnc2ccc(Cl)cc12,0,PubChem2
Cc1ccc(C(=O)NC(=Cc2ccc(-c3ccccc3[N+](=O)[O-])o2)C(=O)NCCCN(C)C)cc1,0,PubChem2
CC(=O)c1cccc(-c2ccc3nccn3n2)c1,0,PubChem2
O=C(C=Cc1ccccc1Cl)Nc1cccnc1,0,PubChem2
Cc1cc(NC(=O)Nc2ccc(-c3c(F)ccc4[nH]nc(N)c34)cc2)ccc1F,0,PubChem2
COCCCn1c(N)c(C(=O)Nc2sc3c(c2C(=O)OC)CCCC3)c2nc3ccccc3nc21,0,PubChem2
Cc1ccc(C=Cc2nnc(-c3ccccc3)o2)cc1,0,PubChem2
Cc1ccc(-n2nnc(-c3cnc4ccccc4c3)n2)cc1,0,PubChem2
CCC(=NCc1ccccc1)c1c(C(F)(F)F)[nH]n(-c2nc3ccccc3s2)c1=O,0,PubChem2
CCOC(=O)C1=C(C)OC2(O)c3ccccc3C(=O)C12O,0,PubChem2
COc1ccc(-c2csc(NC(=O)c3cccs3)c2C(=O)O)cc1OC,0,PubChem2
Cc1cnc(Nc2cccc(S(N)(=O)=O)c2)nc1Nc1ccc(OCC(N)=O)cc1,0,PubChem2
O=C(Nc1ccc2c(c1)OCO2)c1ccc(COc2ccc3c(c2)CCC3)o1,0,PubChem2
O=C(Cc1ccc(Cl)cc1)Nc1n[nH]c2c1CCC2,0,PubChem2
Cc1cccc(NCc2nc3ccccc3n2Cc2ccccc2)c1,0,PubChem2
c1ccc2nc(-c3ccc(-n4ccnc4)cc3)ccc2c1,0,PubChem2
OC1(c2ccccc2)ON=C(c2ccccc2)C1(Cl)Cl,0,PubChem2
O=C(O)CCN1C(=O)C(=Cc2cccc(Oc3ccccc3)c2)SC1=S,0,PubChem2
C=CCSc1nnc(-c2ccc(Cl)cc2Cl)o1,0,PubChem2
NC(=NOC(=O)c1ccccc1F)c1cccc([N+](=O)[O-])c1,0,PubChem2
CCc1ccc2oc(-c3cccc(NC(=O)c4cccnc4)c3)nc2c1,0,PubChem2
Nc1nc(SCC(=O)Nc2ncccn2)nc2nc[nH]c12,0,PubChem2
CCN(CC)c1ccc(C=NNC(=O)c2ccco2)c(O)c1,0,PubChem2
CC(C)N(CCCN)C(=O)c1cccc(-n2nc(C(C)(C)C)cc2NC(=O)Nc2cccc3ccccc23)c1,0,PubChem2
O=C(Cc1ccccc1F)Nc1ccc(SC(F)F)cc1,0,PubChem2
Clc1ccc(C=NNc2ccccn2)cc1,0,PubChem2
COc1cccc(C(C)NC(=O)c2ccc(-c3ccncc3)c(C)c2)c1,0,PubChem2
CCCc1noc(-c2ccc(-c3ccccc3)cc2)n1,0,PubChem2
Cc1c(C(=O)Nc2ccccn2)oc2ccccc12,0,PubChem2
CCOC(=O)C(=NNc1ncnc2ccccc12)c1ccc(C)cc1,0,PubChem2
CCCCc1nc2cc(C(=O)NC3CCOC(C)(C)C3)ccc2o1,0,PubChem2
CCCCOc1ccc(C(=O)Nc2ccncc2)cc1,0,PubChem2
Cc1oc2c(c1C(=O)c1ccccc1)C(=O)C(=O)c1ccccc1-2,0,PubChem2
CC(C)Cc1nc(Nc2ccc(N3CCOCC3)c(Cl)c2)nc2[nH]ccc12,0,PubChem2
COc1ccc(OCC(=O)Nc2ccccc2O)cc1,0,PubChem2
c1ccc(Nc2ncnc3ccccc23)cc1,0,PubChem2
O=C(Nc1nc2ccccc2[nH]1)c1cccc(Br)c1,0,PubChem2
Cc1noc(C)c1COc1cccc(C(=O)Nc2ccc(OCc3ccccc3)cc2)c1,0,PubChem2
Oc1ccccc1C1NN=C(c2ccccc2)S1,0,PubChem2
Cc1[nH]nc2cccc(-c3ccc(NC(=O)Nc4cccc(C(F)(F)F)c4)cc3)c12,0,PubChem2
CC(C)(C)n1nc(-c2ccc(Cl)cc2)c2c(N)ncnc21,0,PubChem2
COc1cc(C=O)ccc1OCc1ccccc1Br,0,PubChem2
O=C(Nc1ccccc1)N1CC=C(c2ccc(F)cc2)CC1,0,PubChem2
CCCC[n+]1ccn(C2=C([O-])c3ccccc3C(=O)C2=NS(=O)(=O)c2ccc(Cl)cc2)c1,0,PubChem2
O=c1[nH]c2ccc(Cl)cc2c2ncnn12,0,PubChem2
CN(C)C1CCCC(Nc2nc(Cl)cc(-c3c[nH]c4ncccc34)n2)C1,0,PubChem2
CCOC(=O)c1nn(-c2ccc(C)c(C)c2)c(=O)c2c(N)scc12,0,PubChem2
O=C(Nc1cc(C(F)(F)F)ccc1Cl)C(Sc1nnc(-c2cccs2)o1)c1ccccc1,0,PubChem2
O=C1Cc2c([nH]c3ccc(Br)cc23)-c2ncccc2N1,0,PubChem2
O=C(C1CC(c2ccccc2O)=NO1)N1CCCCC1,0,PubChem2
COc1ccc(C(=O)Nc2ccccc2C(=O)Nc2cc(C)ccn2)cc1,0,PubChem2
O=C(ON=C1CCCc2occc21)c1ccc(F)cc1,0,PubChem2
Cc1nc2c(sc3c(Br)ccc(Cl)c32)c(=O)o1,0,PubChem2
CC(=NNC(=O)c1cc(Br)ccc1O)c1ccccn1,0,PubChem2
CC(=O)c1cccc(-c2cnc3[nH]ccc3c2)c1,0,PubChem2
COc1cccc(C=NNC(=O)NN=Cc2cccc(OC)c2O)c1O,0,PubChem2
CCOC(=O)CNC(=O)CSc1nnc(NC(=O)c2ccc3c(c2)OCO3)s1,0,PubChem2
CCOC(=O)c1cc2sccc2n1CC(=O)N1CCN(C(=O)c2ccco2)CC1,0,PubChem2
Cc1c(NC(=O)c2ccc(NC(=O)C3CC3)cc2)cccc1C(=O)O,0,PubChem2
COc1ccc2c(c1)c(-c1cc3nccnc3[nH]1)cn2C,0,PubChem2
O=C(Nc1ccc(F)c([N+](=O)[O-])c1)c1ccc2c(c1)OCCO2,0,PubChem2
COc1ccc(C(=O)Nc2cccc(OC)c2)cc1,0,PubChem2
Cc1ccnc(NC(=O)c2sc3ccccc3c2Cl)c1,0,PubChem2
O=S(=O)(Nc1ccccn1)c1ccc(N=Cc2c(O)[nH]c3ccc4ncsc4c23)cc1,0,PubChem2
CCOC(=O)c1c(C)[nH]c(N=Nc2cccc(C)c2)c1C,0,PubChem2
COc1cc(OC)c(Nc2ccc3nnc(-c4ccccc4)n3n2)cc1Cl,0,PubChem2
CCN(CC)CCOc1ccc(Nc2ncc3cc(-c4c(Cl)cccc4Cl)c(=O)n(C)c3n2)cc1,0,PubChem2
Clc1ccsc1-c1csc(-c2cccnc2)n1,0,PubChem2
CC(C)c1ccc(C=CC(=O)Nc2nncs2)cc1,0,PubChem2
CN1CCC(C(=O)n2nc(N)c3cc(-c4cn(Cc5ccccc5)nn4)ccc32)CC1,0,PubChem2
Cc1cccc(C#Cc2ccccc2)n1,0,PubChem2
CN(C)CCCOc1cc(-c2ccncc2)cc2[nH]nc(N)c12,0,PubChem2
Cc1cc2cc(-c3csc4c(-c5cccc(S(C)(=O)=O)c5)cnc(N)c34)ccc2[nH]1,0,PubChem2
COc1ccc(NC(=O)C=Cc2ccc3c(c2)OCO3)cc1,0,PubChem2
COc1cc(SC)ccc1C(=O)Nc1ccc2ncccc2c1,0,PubChem2
O=C(O)c1cccc(NC(=S)NC(=O)c2ccc(-c3ccccc3)cc2)c1,0,PubChem2
c1ccc(-n2nnc3c(N4CCOCC4)ncnc32)cc1,0,PubChem2
O=C(NCc1ccco1)c1cc(-c2ccc3c(c2)OCO3)on1,0,PubChem2
Cc1ccc2c(c1)N=C(c1ccc(F)cc1)CO2,0,PubChem2
NC(=NOC(=O)c1ccc2c(c1)OCO2)c1ccc(Cl)cc1,0,PubChem2
COC(=O)c1ccccc1NC(=O)Nc1cccnc1,0,PubChem2
CN=C1SC(=Cc2cccc(Cl)c2Cl)C(=O)N1C,0,PubChem2
O=C(Nc1ccc(Cl)cn1)c1cc2ccccc2o1,0,PubChem2
Cc1nnc(N2C(=O)C(O)=C(C(=O)c3ccco3)C2c2ccc(C(C)(C)C)cc2)s1,0,PubChem2
Cc1ccc(O)c(CNc2cccc3cccnc23)c1,0,PubChem2
Cc1cccc(Nc2nc(-c3ccc(F)c(C)c3)cs2)n1,0,PubChem2
COc1cc(Nc2ncc3c(n2)-c2ccc(Cl)cc2C(c2c(F)cccc2OC)=NC3)ccc1C(=O)O,0,PubChem2
COc1cccc(CNc2cnc3ccccc3c2)c1O,0,PubChem2
Cn1nc(C(F)(F)F)c2c(=O)c3cc(Cl)ccc3n(O)c21,0,PubChem2
O=C(Nc1ccccc1)c1ccc(COc2ccccc2)cc1,0,PubChem2
O=C(Nc1ccc(NC(=O)c2cccs2)cc1Cl)c1ccco1,0,PubChem2
COc1cc2ncn(-c3cc(OCc4ccccc4C(F)(F)F)c(C(N)=O)s3)c2cc1OC,0,PubChem2
C[n+]1cccc2c(Br)ccc([O-])c21,0,PubChem2
Cc1ccc(C(=O)ONc2ccc(N=O)cc2)cc1,0,PubChem2
O=C(O)C1CCN(Cc2ccccn2)CC1,0,PubChem2
Cc1cc(NC(=O)Nc2ccccc2[N+](=O)[O-])no1,0,PubChem2
Cc1cccc2cc(C(c3nnnn3CC3CCCO3)N3CCc4ccccc4C3)c(=O)[nH]c12,0,PubChem2
CC1CC(C)CN(CCCNC(=O)C2CCN(S(=O)(=O)N3CCCCC3)CC2)C1,0,PubChem2
O=C(Nc1cccs1)Nc1ccc(Br)cc1F,0,PubChem2
COc1ccc(-c2ccc3sc4ccccc4c(=O)c3c2)cn1,0,PubChem2
CC(=O)Nc1ccc(NC(=O)CSc2ncc(C(=O)Nc3ccccc3)c(=O)n2C)cc1,0,PubChem2
C=COC(=O)CSc1nc(-c2cccs2)ccc1C#N,0,PubChem2
O=C(Nc1cccc(C(F)(F)F)n1)Nc1ccnc2c(F)ccc(F)c12,0,PubChem2
CCOC(=O)c1sc(NC(=O)c2ccco2)nc1C,0,PubChem2
Cc1ccc(C)c(NC(=S)Nc2cccc3cnccc23)c1,0,PubChem2
CCN(c1ccccc1)c1cc2ccccc2c(=O)[nH]1,0,PubChem2
Cc1ccc(S(=O)(=O)N(C)C)cc1-n1c(SCC(=O)Nc2ccccc2)nc2ccccc2c1=O,0,PubChem2
CC(=O)c1sc(NC(=O)c2cnc(Cl)c(Cl)c2)nc1C,0,PubChem2
O=C(Nc1ccc(NC(=O)c2ccccc2F)cc1)c1cccs1,0,PubChem2
Cc1ccc(C=NNC(=O)c2ccoc2C)s1,0,PubChem2
COC(=O)C12C(=O)NCC(CN1c1ccc(Cl)c(C)c1)N2C,0,PubChem2
COc1ccccc1NC(=O)Nc1ccc2c(c1)OCCO2,0,PubChem2
COc1ccccc1C(=O)Nc1n[nH]c2ccc(-c3cn(Cc4ccccc4)nn3)cc12,0,PubChem2
O=C(Nc1cccc(F)c1)c1ccc2c(c1)OCCO2,0,PubChem2
Cc1sc(NC(=O)c2ccc(Br)s2)c(C(N)=O)c1C,0,PubChem2
COc1ccc(Cc2nccc3cc(OC)c(OC)cc23)cc1OC,0,PubChem2
Cn1cc(Cl)c(C(=O)OCC(=O)Nc2cccc(Cl)c2)n1,0,PubChem2
O=c1[nH]c(NN=Cc2ccc(O)cc2)nc2ccccc12,0,PubChem2
CNc1nc(C)c(-c2ccnc(Nc3ccc(N4CCNCC4)cc3)n2)s1,0,PubChem2
CCN1CCC(N2CCN(c3ccc(Cl)cc3)CC2)CC1,0,PubChem2
COc1cccc(C(=O)Nc2n[nH]c3ccc(-c4cn(Cc5ccccc5)nn4)cc23)c1,0,PubChem2
Cc1cc(C=c2sc3nc4ccccc4n3c2=O)c(C)n1-c1ccccn1,0,PubChem2
Cc1cc(C)cc(N=Cc2ccc([N+](=O)[O-])s2)c1,0,PubChem2
COc1ccc(C2C(=O)c3ccccc3C2=O)cc1,0,PubChem2
Cc1sc2nc(-c3cccs3)oc(=O)c2c1C,0,PubChem2
Cc1ccc2cc(NC(=O)c3ccccc3)ccc2n1,0,PubChem2
Cc1ccc(C(=O)Nc2c(C(N)=O)sc3ccc(Cl)c(Cl)c23)cc1,0,PubChem2
COc1cc2c(cc1OC)-c1c3c(cc4c1C(C2)N(C)CC4)OCO3,0,PubChem2
Cc1ccc(C=Nc2sc3c(c2C#N)CCC3)o1,0,PubChem2
O=C(Nc1ccc(COc2ccccc2)cc1)Nc1cccc(C(=O)O)c1,0,PubChem2
COc1ccc2cc(C(c3nnnn3C3CCCC3)N3CCc4ccccc4C3)c(=O)[nH]c2c1,0,PubChem2
CCN1C=CC(=C2C(=O)c3ccccc3C2=O)C=C1,0,PubChem2
COc1ccc2oc3ccc(OC)cc3c(=O)c2c1,0,PubChem2
Cc1oc2ccc(OCc3ccc(Br)cc3)cc2c1C(=O)O,0,PubChem2
COc1ccc2oc(-c3ccco3)cc(=O)c2c1,0,PubChem2
Cc1cnc(C(=O)Nc2ccc(F)c(F)c2)cn1,0,PubChem2
CSc1nnc(-c2ccccc2N=Cc2c(C)[nH]n(-c3ccc4ccccc4c3)c2=O)c(=O)[nH]1,0,PubChem2
CSCCC(NC(=O)OC(C)(C)C)C(=O)Oc1ccc2c(=O)c(-c3ccc4c(c3)OCCO4)coc2c1,0,PubChem2
Cc1cccc(C2(c3cccc(C)c3)CC2C(=O)Nc2ccncc2)c1,0,PubChem2
CCCNC(=O)CCn1c(=S)oc2ccccc21,0,PubChem2
O=C(Nc1cccc(Cl)c1)c1ccc2c(c1)OCCO2,0,PubChem2
CCOC(=O)CNC(=O)CSc1ncnc2c1cnn2-c1ccc(OC)cc1,0,PubChem2
CCCCc1ccc(-c2nc(-c3ccncc3)no2)cc1,0,PubChem2
CCOc1cc2c(C#N)c(N(CC)CC)nc(N)c2c(N)n1,0,PubChem2
CN1CCc2cc3c(c4c2C1C(O)c1ccccc1-4)OCO3,0,PubChem2
Cc1ccc(NC(=O)Cc2noc3ccccc23)cc1,0,PubChem2
Cc1ccc2c(c1)Cc1nc3ccccc3nc1-2,0,PubChem2
CCOc1ccc(-c2nnn(CC(=O)Nc3ccccc3OC)n2)cc1OCC,0,PubChem2
O=C1NC(=O)C(c2cnc3ccccn23)=C1c1cn2c3c(cc(F)cc13)CN(C(=O)N1CCCCC1)CC2,0,PubChem2
CCOc1ccc(N(C(C)C(=O)Nc2ccc(OC)cc2)S(C)(=O)=O)cc1,0,PubChem2
COc1ccccc1-c1c(C#N)c(N)nc2c1CCc1ccccc1-2,0,PubChem2
Cc1cc(C(F)(F)F)c(C#N)c(SCC(=O)Nc2nc3ccccc3s2)n1,0,PubChem2
CSc1nc2sc3c(c2c(=O)n1C)CCC(C)C3,0,PubChem2
O=[N+]([O-])c1cccc(-c2nnc3ccc(N4CCCCC4)nn23)c1,0,PubChem2
NCC(NC(=O)c1ccc(-c2ccncc2)cc1)c1ccccc1,0,PubChem2
O=C(Cc1ccccc1Cl)Nc1ccc2cn[nH]c2c1,0,PubChem2
CN1C(=O)C(=Cc2ccccc2OCc2ccc(Cl)cc2)C(=O)N(C)C1=O,0,PubChem2
CN1c2cccc3cccc(c23)N(C)C1(C)C,0,PubChem2
CCc1c(O)nc(SCC(=O)Nc2ccccc2)n(-c2ccccc2)c1=O,0,PubChem2
Cc1ccc(NC(=O)Nc2ccc(-c3csc4c(-c5cnn(CC(=O)N(C)C)c5)cnc(N)c34)cc2)cc1,0,PubChem2
COc1cc(NC(=O)c2cc3sccc3n2C)cc(OC)c1,0,PubChem2
Cc1cc(C2=NNC(=NC3CC3)SC2)c(C)n1-c1ccccc1F,0,PubChem2
O=C(NN=Cc1cccc(Oc2ccccc2)c1)c1cccc(Br)c1,0,PubChem2
CC(C)N(CCCNC(=O)Cn1c(=O)c2cccn2c2ccc(F)cc21)Cc1ccccc1,0,PubChem2
CN(c1ncccc1CNc1nc(Nc2ccc3c(c2)CC(=O)N3)ncc1C(F)(F)F)S(C)(=O)=O,0,PubChem2
CCOC(=O)C(C(N)=NC(=O)Nc1ccccc1)=C(C)O,0,PubChem2
CC(=NNC(=O)c1cc2c(s1)CCC(C)C2)c1ccc[nH]1,0,PubChem2
N#CC(=NNc1cccc([N+](=O)[O-])c1)C(=O)c1ccc(Br)cc1,0,PubChem2
C(=Cc1nnc(-c2cccs2)o1)c1ccccc1,0,PubChem2
O=C(COc1ccc(F)cc1Br)N1CCc2ccccc21,0,PubChem2
Cc1[nH]nc2sc(C(=O)NCCc3ccc(Cl)cc3)cc12,0,PubChem2
Cc1cc(C(=O)NN=CC(Cl)=Cc2ccccc2)c(C)o1,0,PubChem2
CC(=O)c1csc(Nc2ccccc2Cl)n1,0,PubChem2
Cc1ccc(CSc2nc3ncccc3[nH]2)cc1,0,PubChem2
Cc1ccc(S(=O)(=O)CCC(=O)Nc2nc(-c3ccncc3)cs2)cc1,0,PubChem2
Cc1cccc(C=NN=Cc2cccc(C)c2)c1,0,PubChem2
Nc1cc(Cl)nc(NN=Cc2c(O)ccc3ccccc23)n1,0,PubChem2
O=C1CC(c2ccccc2)Cc2[nH]c3cc(Cl)ccc3c(=O)c21,0,PubChem2
O=C(Nc1ccc(N2CCOCC2)cc1)c1nc2ccccc2s1,0,PubChem2
c1ccc(-c2nc(-c3ccc(-c4ccon4)s3)no2)cc1,0,PubChem2
Cc1ccc(N=Cc2c(O)c3ccccc3oc2=O)cc1F,0,PubChem2
Cc1cc2cc(C#N)c(SCC(=O)Nc3nonc3C)nc2cc1C,0,PubChem2
COc1ccc(S(=O)(=O)N2CCOCC2)cc1NC(=O)COC(=O)c1ccc([N+](=O)[O-])s1,0,PubChem2
CC(=O)Oc1ccc(-c2csc(Nc3cccc(C)n3)n2)cc1,0,PubChem2
O=C(Nc1cccc(O)c1)c1c(O)c2ccccc2[nH]c1=O,0,PubChem2
Cn1c(=O)c2cc(NCc3ccccc3)nnc2n(C)c1=O,0,PubChem2
COC(=O)c1ccccc1-c1ccc2c(c1)Nc1ccccc1NC2=O,0,PubChem2
Cn1ncc2cc(Nc3ccnc(N)n3)ccc21,0,PubChem2
CSc1nsc(C=CNc2cccc(Cl)c2)c1C#N,0,PubChem2
O=C(Nc1nnc(-c2ccco2)s1)c1ccccc1,0,PubChem2
NC(=O)c1c(NC(=O)c2ccccc2)sc2c1CCC2,0,PubChem2
CCOC(=O)c1cccc(NC(=O)c2c(O)[nH]c(=O)[nH]c2=O)c1,0,PubChem2
CCc1ccc2oc(C(=O)Nc3cccnc3)c(C)c2c1,0,PubChem2
N#Cc1c(N2CCCCC2)nc(N)c2c(N)nc(SCC(=O)O)cc12,0,PubChem2
CCCCSc1nnc(-c2ccc(C)cc2)o1,0,PubChem2
c1ccc(CNc2cc(-c3c[nH]c4ncccc34)ncn2)cc1,0,PubChem2
Cc1cc2sc3ccc(C#CC4(O)CCCCC4)cc3c(=O)c2cc1C,0,PubChem2
Brc1ccc(-c2ncc(-c3ccccc3)cn2)cc1,0,PubChem2
Cc1ccc(C(=O)Nc2ccc([N+](=O)[O-])cn2)o1,0,PubChem2
CCOC(=O)c1sc(NC(=O)c2ccncc2)nc1C,0,PubChem2
O=c1oc(-c2cccs2)nc2sc3c(c12)CCCC3,0,PubChem2
COc1cc2sc3cc(NCCCN4CCOCC4)ccc3c(=O)c2cc1OC,0,PubChem2
c1ccc2c(c1)oc1c(Nc3ccc4c(c3)OCO4)ncnc12,0,PubChem2
O=c1oc2c(O)cccc2cc1-c1nc2ccccc2[nH]1,0,PubChem2
CN(C)CCCN(C(=O)COc1ccc(Cl)cc1)c1nc2ccc(F)cc2s1,0,PubChem2
COc1ccccc1NC(=S)NNC(=O)c1ccccc1Br,0,PubChem2
O=C(C=CNc1ccccc1)c1ccc(Oc2ncccn2)cc1,0,PubChem2
O=C(Nc1ccc2c(c1)OCO2)c1ccc(Cl)cc1Cl,0,PubChem2
N#CC(=NNc1cccc(Cl)c1)C(=O)c1ccccc1,0,PubChem2
O=C(Nc1ccc(S(=O)(=O)Nc2ncccn2)cc1)c1nn(Cc2ccccc2)c(=O)c2ccccc12,0,PubChem2
COc1cccc(C(=O)ON=C(N)c2ccncc2)c1,0,PubChem2
O=C1Nc2ccccc2Nc2cc(-c3ccncc3Cl)ccc21,0,PubChem2
O=C1COc2ccc(C(=O)COC(=O)c3ccccc3[N+](=O)[O-])cc2N1,0,PubChem2
CCn1cnc2sc(-c3ccccc3)cc2c1=O,0,PubChem2
CCN1C(=O)c2cccc3c(NC(=O)C4CCCCC4)ccc1c23,0,PubChem2
CNC(=O)Oc1ccc(-c2cn3cc(Cl)ccc3n2)cc1,0,PubChem2
O=C(Nc1nc2ccccc2s1)c1ccc(OCC2CCCO2)cc1,0,PubChem2
Cc1cc(C(=O)CSc2nc(N)cc(=O)[nH]2)ccc1F,0,PubChem2
COc1ccccc1N(N=C1Sc2ccccc2C1=O)C(C)=O,0,PubChem2
O=C(c1cc(-c2ccccc2Cl)on1)N1CCCC1,0,PubChem2
Nc1ncc(-c2ccoc2)c2scc(-c3ccc(NC(=O)Nc4ccccc4F)cc3)c12,0,PubChem2
NC(=O)c1ccccc1OCC(=O)Nc1ccc(Cl)c(Cl)c1,0,PubChem2
CCOc1ccc(NC(=O)Nc2ccc(-c3csc4c(-c5cnn(C)c5)cnc(N)c34)cc2)cc1,0,PubChem2
O=C(C=Cc1ccccc1)n1cnnc1SCC=Cc1ccccc1,0,PubChem2
Cc1ccc(-c2nc(NN=Cc3ccncc3)c3ccccc3n2)cc1,0,PubChem2
COC(=O)c1sccc1NC(=O)C=Cc1ccc(Cl)cc1Cl,0,PubChem2
COC(=O)c1ccccc1NC=CC(=O)c1ccc(Br)cc1,0,PubChem2
Cc1ccc(-n2nnc(-c3cccnc3Cl)n2)cc1,0,PubChem2
Cn1c(=O)c2c(O)c(Cc3ccccc3)c(=O)[nH]c2n(C)c1=O,0,PubChem2
NC(=O)c1ccccc1NC=CC(=O)c1cccs1,0,PubChem2
CN1C(=O)C(CC(=O)O)SC1=NN=Cc1ccc(O)cc1O,0,PubChem2
COc1ccc(C(=O)Nc2cnc3[nH]cc(-c4ccccc4)c3c2)cc1,0,PubChem2
COc1ccc(NC(=O)c2ccc(-c3ccccc3Cl)o2)cc1,0,PubChem2
O=C(NCc1ccc(Cl)c(Cl)c1)Nc1ccc2[nH]ncc2c1,0,PubChem2
CSc1ccccc1C(=O)Nc1ccc2c(c1)CCC2,0,PubChem2
Cc1cccc(NC(=O)Nc2ccc(-c3csc4c(-c5cnn(CCO)c5)cnc(N)c34)cc2F)c1,0,PubChem2
O=C1Cc2c([nH]c3ccc([N+](=O)[O-])cc23)-c2ccccc2N1,0,PubChem2
CCOC(=O)c1ccc(Nc2ncccc2[N+](=O)[O-])cc1,0,PubChem2
NC(=NOC(=O)C=Cc1ccc(Br)cc1)c1ccccn1,0,PubChem2
COCCNC(=O)c1c(N)n(CCC(C)C)c2nc3ccccc3nc12,0,PubChem2
Cc1ccc(CONC(=O)c2cccc(C)c2)cc1,0,PubChem2
CCOC(=O)c1sc2nc3c(cc2c1N)COC(C(C)C)C3,0,PubChem2
O=c1[nH]c2cc(Br)cnc2[nH]1,0,PubChem2
COc1ccc(-c2cc(C(=O)Nc3ccccc3F)on2)cc1,0,PubChem2
COCCNC(=O)c1c(NC(=O)c2ccc(Br)o2)n(Cc2ccccc2)c2nc3ccccc3nc12,0,PubChem2
C(=NN=Cc1cccs1)c1cccs1,0,PubChem2
CSc1ccccc1-c1nc(-c2ccncc2)no1,0,PubChem2
O=[N+]([O-])c1ccc(NC2CCN(Cc3ccccc3)CC2)c2ccncc12,0,PubChem2
Cc1ccc(C=C2Sc3ccccc3C2=O)s1,0,PubChem2
CCN1CCN(C2=C(NS(=O)(=O)c3ccc(C)cc3)C(=O)c3ccccc3C2=O)CC1,0,PubChem2
CC(=O)Nc1ccc(C=Cc2noc(-c3ccccc3O)n2)cc1,0,PubChem2
NCCNc1cc(-c2c[nH]c3ncccc23)cc(Cl)n1,0,PubChem2
O=C(Nc1ccccn1)c1ccc2ccccc2n1,0,PubChem2
O=C(c1ccc(S(=O)(=O)N2CCCC2)cc1)N(c1ccccc1)C1C=CS(=O)(=O)C1,0,PubChem2
Cc1ccc(C(=O)C=CNc2ccccc2C(N)=O)cc1,0,PubChem2
O=C(Nc1n[nH]c2ccc(-c3cn(Cc4ccccc4)nn3)cc12)c1cccc(F)c1,0,PubChem2
Nc1c(C(=O)NCc2ccco2)c2nc3ccccc3nc2n1CCc1ccccc1F,0,PubChem2
CN(C)CC(=O)NC1CCC(Nc2nc(Cl)cc(-c3c[nH]c4ncccc34)n2)CC1,0,PubChem2
COc1cccc(NC(=O)N2CCc3ccccc3C2)c1,0,PubChem2
CNC(=O)c1ccccc1Sc1ccc2c(C=Cc3ccccn3)n[nH]c2c1,0,PubChem2
CCC(=O)Nc1cnc(NC(=O)c2cccc(F)c2)cc1C,0,PubChem2
c1ccc(-c2nc3ccccc3s2)nc1,0,PubChem2
CC(C)Oc1nccn2c(-c3ccnc(NCC(C)(C)O)n3)c(-c3ccc(F)cc3F)nc12,0,PubChem2
O=C1C(=Cc2ccccc2)CCC1C1CCCC1,0,PubChem2
CC(=O)NCCCc1nc2ccccc2n1Cc1ccccc1F,0,PubChem2
O=C(NC(CCO)c1ccccc1)c1ccc(-c2ccncc2)cc1,0,PubChem2
COCC(C)NC(=O)c1nn(Cc2ccccc2)c(=O)c2ccccc12,0,PubChem2
Cc1ccc(C(=O)Nc2ncc(Cc3ccccc3)s2)o1,0,PubChem2
CCC1C(=O)N(C)c2cnc(Nc3ccc(C(=O)NC4CCN(C)CC4)cc3OC)nc2N1C1CCCC1,0,PubChem2
Cc1occc1C(=O)Nc1ccc2ccccc2c1,0,PubChem2
COc1ccc(C=Cc2cc(C(=O)O)c3ccccc3n2)cc1,0,PubChem2
Cc1cccc(NC(=O)c2ccc3c(c2)OCCO3)n1,0,PubChem2
CC1=CC(=C(C#N)c2nc3ccccc3s2)C=C(C)N1c1ccc(F)cc1F,0,PubChem2
O=C(NN=Cc1cccs1)c1n[nH]c2c1CCC2,0,PubChem2
O=C(Nc1ccc2c(c1)OCO2)c1cnc(Cl)c(Cl)c1,0,PubChem2
CCOC(=O)CNc1ccc2c(c1)OCO2,0,PubChem2
Cc1ccc(NC2=C(N3CCCCC3)C(=O)c3ccccc3C2=O)cc1,0,PubChem2
O=C(N=C1N=C2C=CC(Cl)=CN2Cc2ccccc21)c1cccs1,0,PubChem2
CCOc1ccc(-c2cccc(NS(=O)(=O)c3cc([N+](=O)[O-])ccc3C)c2)nn1,0,PubChem2
Nc1n[nH]c2cccc(-c3ccc(NC(=O)Nc4cc(CO)ccc4F)cc3)c12,0,PubChem2
CCN(C(=S)NC(=O)c1ccco1)c1cccc2ccccc12,0,PubChem2
Brc1ccc(NCc2nnc3n2CCCCC3)cc1,0,PubChem2
Cc1ccc(C2CC(c3ccccc3)=NN2c2ccccc2)o1,0,PubChem2
CCC(=O)Nc1ccc2oc(-c3cccc(C)c3)nc2c1,0,PubChem2
NC(=O)c1cccc2[nH]c(-c3ccc(C4CCCNC4)cc3F)nc12,0,PubChem2
CCc1ccccc1NC(=O)Nc1ccc(F)cc1,0,PubChem2
O=C(CNc1ccccc1OC(F)F)N1CCc2ccccc21,0,PubChem2
Cc1ccc(C(=O)OCC(=O)Nc2ccccc2Cl)c(O)c1,0,PubChem2
CSc1ccc(-c2nc(-c3ccc(F)cc3)c(-c3ccncc3)[nH]2)cc1,0,PubChem2
COc1ccc2c(c1)CCc1c(C(=O)NC3CCCCC3)noc1-2,0,PubChem2
Cc1csc(NC(=O)c2sc3nc(-c4ccncc4)ccc3c2N)n1,0,PubChem2
Cc1c(C(=O)Nc2cccc([N+](=O)[O-])c2)csc1-c1ccccc1,0,PubChem2
CCCCn1c(NS(=O)(=O)c2ccc(C)cc2)c(C(=O)OCC)c2nc3ccccc3nc21,0,PubChem2
COc1ccc(NC(=O)c2cc3ccccc3o2)cc1,0,PubChem2
Clc1cc(-c2c[nH]c3ncccc23)ncn1,0,PubChem2
Cc1ccccc1-c1nnc(SCc2ccccc2F)o1,0,PubChem2
Cc1cccc(-c2noc(-c3ccoc3C)n2)c1,0,PubChem2
COc1ccc(C2Nc3ccccc3C(=O)N2Cc2ccco2)cc1CN1C(=O)c2ccccc2C1=O,0,PubChem2
CCOc1cc2c(C#N)c(N3CCNCC3)nc(N)c2c(N)n1,0,PubChem2
CCNc1nc2cc(Cl)c(OC)cc2nc1NCC,0,PubChem2
COc1ccccc1NC(=O)c1cc2ccccc2o1,0,PubChem2
O=C(NC(=O)c1ccccc1)Nc1ccccc1,0,PubChem2
CCCn1cc(-c2cnc(N)c3c(-c4ccc(NC(=O)Nc5cccc(F)c5)cc4)csc23)cn1,0,PubChem2
c1csc(-c2nc(-c3ccc(-c4ccon4)s3)no2)c1,0,PubChem2
Cc1cc(C(=O)Nc2nc3ccc(S(C)(=O)=O)cc3s2)c(C)o1,0,PubChem2
NC(=O)c1ccccc1NC=CC(=O)c1ccc(Cl)cc1,0,PubChem2
O=C(Nc1ccc(Cl)c(Cl)c1)Nc1ccccc1C(=O)O,0,PubChem2
CCNc1nc(-c2ccc(Cl)cc2)cs1,0,PubChem2
CC(=NNC(=O)c1ccoc1C)c1ccccc1O,0,PubChem2
CC1CCCN(c2ncnc3c2cnn3-c2ccccc2)C1,0,PubChem2
COC(=O)c1ccc(CSc2nc3ccccc3o2)cc1,0,PubChem2
Cc1ccnc(NC(=O)c2cc3ccccc3oc2=O)c1,0,PubChem2
O=[N+]([O-])c1cccnc1NCCc1c[nH]c2ccccc12,0,PubChem2
CC(C)C(=O)Nc1ccc2nn(-c3ccc(F)cc3)nc2c1,0,PubChem2
Fc1cccc(NC(=S)Nc2cccc3ccccc23)c1,0,PubChem2
O=[N+]([O-])c1ccc(-c2nc3ccc([N+](=O)[O-])cc3[nH]2)cc1,0,PubChem2
COc1ccc(C2=NNc3cccc4c(OC)ccc2c34)cc1OC,0,PubChem2
CCN(CC)CCCNc1cccc(-c2nc3c(C(N)=O)cccc3[nH]2)n1,0,PubChem2
O=C(Nc1ccccc1C(=O)Nc1ccncc1)c1ccc([N+](=O)[O-])cc1,0,PubChem2
Oc1c(Br)cc(Br)cc1C=Nc1cccnc1,0,PubChem2
NNc1cc(N2CCOCC2)nc(OCCc2ccccn2)n1,0,PubChem2
O=C(COc1ccccc1)Nc1ccccc1N1CCN(c2ccccc2)CC1,0,PubChem2
CCCC(=O)Nc1n[nH]c2nnc(-c3cccc(F)c3F)cc12,0,PubChem2
c1ccc(C2=NNC(c3ccccn3)=NN2)nc1,0,PubChem2
O=C1Nc2ccccc2Nc2cc(-c3ccncc3)ccc21,0,PubChem2
CN(c1ccc(C(=O)Nc2ccc3c(c2)OCO3)cc1)S(C)(=O)=O,0,PubChem2
COc1ccc(NC(=S)Nc2ccc3nsnc3c2)cc1,0,PubChem2
CCOc1cccc(C(=O)Nc2ccc3ccccc3c2)c1,0,PubChem2
CCCC1CCC(c2ccc(OCC)cc2)=CC1=O,0,PubChem2
CC1=NN(c2ccccc2)C(=O)C1=Cc1cccc(C)c1,0,PubChem2
Cc1ccc(NC(=O)c2sc3ccccc3c2Cl)nc1,0,PubChem2
Cc1cccc(NC(=O)c2ccc3ccccc3n2)c1C,0,PubChem2
COc1ccc(C=C2SC(=O)N(CCCCCC(=O)Nc3ccccc3C(=O)O)C2=S)cc1,0,PubChem2
Fc1ccc(NC(=S)N2N=CCC2c2ccccc2)cc1,0,PubChem2
O=C(NCc1ccccc1)C(=O)c1cn(CC(=O)N2CCOCC2)c2ccccc12,0,PubChem2
Cc1ccc(C(=O)c2sc3nsc(C)c3c2N)cc1,0,PubChem2
CCCc1nn(C)c(C(=O)Nc2ccc3ccccc3c2)c1Cl,0,PubChem2
Brc1ccc(-c2nnc(-c3ccc4c(c3)OCO4)o2)o1,0,PubChem2
O=C(COc1ccccc1)Nc1cccc(-c2ccc(N3CCOCC3)nn2)c1,0,PubChem2
Cc1c(C(=O)C=Cc2cccs2)oc2ccc(F)cc12,0,PubChem2
Cc1[nH][nH]c(=O)c1C(c1c(C)[nH][nH]c1=O)c1cn(Cc2cccc3ccccc23)c2ccccc12,0,PubChem2
c1ccc(C2=NN(c3ccccc3)CC2)cc1,0,PubChem2
COc1cc([N+](=O)[O-])ccc1NC=CC(=O)c1cccs1,0,PubChem2
CC(C)(C)C(=O)Nc1ccc(-c2nc3ccccc3c(=O)o2)cc1,0,PubChem2
C(=Cc1cncc(OC2CCNC2)c1)c1ccncc1,0,PubChem2
CC1Cc2cc(C=C3SC(=S)NC3=O)ccc2O1,0,PubChem2
Cc1ccc(NC(=O)c2cnc(SCC(=O)c3ccccc3)n(C)c2=O)cc1,0,PubChem2
CCc1ccc2oc(-c3cc(N)cc(C)c3O)nc2c1,0,PubChem2
CCc1sc(C(=O)Nc2cccnc2)cc1Br,0,PubChem2
COCCOCC#Cc1cc(-c2n[nH]c3c2C(=O)c2cc(CN4CCN(C)CC4)ccc2-3)cs1,0,PubChem2
Oc1cnc2ccc(-c3ccncc3)cc2c1,0,PubChem2
O=C(NNC(=S)Nc1ccccc1Cl)c1ccccc1Br,0,PubChem2
Fc1ccc(NC(=S)Nc2cccc3ccccc23)cc1,0,PubChem2
Cc1ccc(-c2csc(N3C(=N)SCC3=O)n2)cc1,0,PubChem2
COc1cc2ncnc(Nc3ccc(F)c(Cl)c3)c2cc1OCCCN1CCOCC1,0,PubChem2
Cn1c(-c2ccc(Br)o2)nc2ccccc21,0,PubChem2
CNC(=O)c1ccc(-c2sc3nc(N4CCOCC4)c4c(c3c2N)CCCC4)o1,0,PubChem2
Cc1cc(C=C2Cc3ccccc3C2=O)c(C)n1-c1ccccc1,0,PubChem2
O=C(O)c1ccc(Nc2ncc3c(n2)-c2ccc(Cl)cc2C(c2c(F)cccc2F)=NC3)cc1,0,PubChem2
CC(C)(C)c1cc(NC(=O)Nc2cccc3ccccc23)n(-c2cccc(C(=O)NCC#N)c2)n1,0,PubChem2
Cc1nn(C)c(C)c1-c1cccc2c(CCCOc3cccc4ccccc34)c(C(=O)O)[nH]c12,0,PubChem2
CCOc1ccc(OCCN2C(=O)c3ccccc3C2=O)cc1,0,PubChem2
CCOc1nc(NC(C)=O)cc(N)c1C#N,0,PubChem2
O=c1oc2ccccc2cc1-c1cn(-c2ccccc2)c(=S)[nH]1,0,PubChem2
CSc1ccc(C=NNC(=O)c2sccc2C)cc1,0,PubChem2
O=C(Nc1ccc(-c2nc3ccccc3s2)c(OC(=O)c2ccccc2)c1)c1ccccc1,0,PubChem2
c1ccc(CSc2n[nH]c(-c3ccncc3)n2)cc1,0,PubChem2
COC(=O)c1ccc2c(c1O)C(=O)c1ccccc1C2=O,0,PubChem2
CC(C)CCNC(=O)c1c(N)n(CC2CCCO2)c2nc3ccccc3nc12,0,PubChem2
Cc1cccc(C=CC(=O)c2ccc(N3CCOCC3)cc2)c1,0,PubChem2
O=C(c1cc(-c2cccc(O)c2)on1)N1CCOCC1,0,PubChem2
c1ccc(-c2noc(-c3ccc4c(c3)OCO4)n2)nc1,0,PubChem2
NC(=NOC(=O)C=Cc1ccccc1Cl)c1cccnc1,0,PubChem2
Cc1cccc(N=C2NC(=O)C(=Cc3cccs3)S2)c1,0,PubChem2
O=C1OC(c2ccccc2)=CC1=Cc1cccs1,0,PubChem2
CC(C)(c1cc(Br)c(O)c(I)c1)c1cc(Br)c(O)c(I)c1,0,PubChem2
COc1cc(CN2CCCCC2)c(Cl)cc1NC(=O)Nc1cnc(C#N)cn1,0,PubChem2
O=C(NC(=S)Nc1nc2ccc(F)cc2s1)c1ccco1,0,PubChem2
O=c1[nH]cnc2c1sc1c(Cl)ccc(Cl)c12,0,PubChem2
O=C(Nc1ccc(F)cc1F)c1noc2c1CCC2,0,PubChem2
OCCCNc1ncnc2[nH]cc(-c3ccccc3)c12,0,PubChem2
O=C(Nc1ccc(-c2ccc(=O)[nH]n2)cc1)Nc1cccc(C(F)(F)F)c1,0,PubChem2
CSc1nsc(C=CNc2ccc(C(=O)O)cc2)c1C#N,0,PubChem2
Clc1ccccc1Nc1nc2ccccc2o1,0,PubChem2
C#Cc1cccc(Nc2ncnc3cc(OCCOC)c(OCCOC)cc23)c1,0,PubChem2
CN(C)C(=O)c1c(-c2ccc3[nH]ncc3c2)nnn1Cc1ccccc1,0,PubChem2
CC(C)Cn1cc(C(=O)NCc2cccs2)c2c3ccccc3n(C)c2c1=O,0,PubChem2
CC(C)N(C)C(=O)c1c(-c2ccc3[nH]ncc3c2)nnn1Cc1ccccc1,0,PubChem2
Oc1ccccc1C=Cc1noc(-c2ccccc2O)n1,0,PubChem2
O=C(O)c1ccccc1Nc1ncnc(Nc2ccc3cn[nH]c3c2)n1,0,PubChem2
Cc1cc(NN=Cc2ccc3c(c2)OCO3)nc2ccccc12,0,PubChem2
Cc1ccc(-c2nc3sc4c(c3c(=O)n2N)CCCC4)cc1,0,PubChem2
CNC(=O)C=Cc1cnc(N)c2c(-c3ccc4sc(C)nc4c3)csc12,0,PubChem2
COCCn1c(C)cc(C(=O)COC(=O)c2ccc(Br)o2)c1C,0,PubChem2
O=C1C(=C(O)c2ccccc2)C(=O)c2ccccc21,0,PubChem2
CC(=O)NC1=C(N(C)C2CCS(=O)(=O)C2)C(=O)c2ccccc2C1=O,0,PubChem2
NCCNC(=O)c1ccc2c(c1)NC(=O)c1ccccc1S2,0,PubChem2
CCn1c(-c2nonc2N)nc2cncc(C(=O)N3CCC(N)C3)c21,0,PubChem2
CC(C)Cc1cc(C(=O)Nc2ccc3c(c2)OCO3)no1,0,PubChem2
Cc1[nH]n(C(N)=S)c(=O)c1N=Nc1ccc(Br)cc1,0,PubChem2
COC(=O)c1sccc1NN=Cc1cccc(OC)c1O,0,PubChem2
Clc1ccc(CNc2ccc3nnc(-c4ccccc4)n3n2)cc1,0,PubChem2
Cc1cccc(Nc2nnc(SCc3cn4ccsc4n3)s2)c1,0,PubChem2
CC(C)OC(=O)c1c(N)n(CC2CCCO2)c2nc3ccccc3nc12,0,PubChem2
O=C(Cc1cccs1)Nc1ccc(-c2nc3ccccc3[nH]2)cc1,0,PubChem2
O=C1Nc2cc(-c3ccc(O)cc3)ccc2C1=Cc1ccc[nH]1,0,PubChem2
NC(Cc1cccc2ccccc12)C(=O)Nc1cncc(C=Cc2ccncc2)c1,0,PubChem2
CCOC(=O)c1cccc2[nH]c(-c3ccc(N4CCC(N)C4)cc3)nc12,0,PubChem2
O=C(Nc1cccc(Cl)c1)Nc1ccccc1C(=O)NCc1ccco1,0,PubChem2
O=C(O)c1cccc(-c2nnn(Cc3ccccc3Cl)n2)c1,0,PubChem2
CCCOC(=O)c1ccc(NC(=O)C=Cc2cccs2)cc1,0,PubChem2
Cc1nc(NN=Cc2ccc3c(c2)OCO3)sc1C,0,PubChem2
Cc1oc2c(c1C(=O)O)C(=O)c1ccccc1C2=O,0,PubChem2
CC(=O)Nc1ccc(N=Cc2c(O)c(C(=O)Nc3ccccc3)cc3ccccc23)cc1,0,PubChem2
COc1ccc(C(C[N+](=O)[O-])c2c(C)[nH]n(-c3ccccc3)c2=O)cc1,0,PubChem2
O=C(Nc1cccc2ccccc12)N1CC=CCC1,0,PubChem2
COc1ccc(-c2cc(O)cc(O)c2)cc1,0,PubChem2
COc1cccc(NC(=O)COc2ccccc2C(N)=O)c1,0,PubChem2
Cc1cccc(NC(=O)c2cc(-c3cc(C)ccc3O)n[nH]2)c1,0,PubChem2
COC(=O)c1nc(-c2ccc3c(n2)C(=O)C(N)=C(OC)C3=O)c(N)c(-c2ccc(OC)c(OC)c2O)c1C,0,PubChem2
COc1ccc(NC(=O)Nc2ccccc2F)cc1Cl,0,PubChem2
Cc1c(C)n(Cc2ccccc2)c2ccc(C(=O)Nc3ncn[nH]3)cc12,0,PubChem2
O=C(Nc1nc2ccccc2s1)c1ccc([N+](=O)[O-])o1,0,PubChem2
COCCCn1c(N)c(C(=O)NCCC(C)C)c2nc3ccccc3nc21,0,PubChem2
Cc1c(-c2ccc(Br)cc2)nc2ccccn12,0,PubChem2
O=C(NNc1nc2ccccc2o1)c1ccccc1,0,PubChem2
N#Cc1c(N2CCCC2)nsc1-c1ccccc1,0,PubChem2
COc1ccc(N=Cc2sc3ccccc3c2Cl)cc1,0,PubChem2
Clc1cc2nc(-c3cccnc3Cl)[nH]c2cc1Cl,0,PubChem2
CCSC1=NC(=Cc2ccc(-c3ccccc3[N+](=O)[O-])o2)C(=O)S1,0,PubChem2
O=C(C=CNc1ccc(F)cc1F)c1ccc(Br)cc1,0,PubChem2
CCCCNc1cc(NC(C)=O)cc2cc(OC)c(OC)cc12,0,PubChem2
Brc1ccccc1C1Nc2cccc3cccc(c23)N1,0,PubChem2
COc1ccc(NC(=O)c2cc([N+](=O)[O-])ccc2O)cc1,0,PubChem2
CCCCCc1ccc(-c2ccc(C(=O)O)cc2)nc1,0,PubChem2
Cc1c(C#N)c2nc3ccccc3n2c(=O)c1=CO,0,PubChem2
COc1ccc2oc(C(=O)Nc3nc4ccccc4[nH]3)c(C)c2c1,0,PubChem2
Cc1ccsc1C=NNC(=O)c1ccc2c(c1)OCO2,0,PubChem2
COC(=O)c1c(-c2ccc(NC(=O)Nc3ccccc3)cc2)c2c(N)ncnn2c1C,0,PubChem2
O=C1NC(=O)c2c1c(-c1ccccc1Cl)cc1[nH]c3ccc(O)cc3c21,0,PubChem2
O=c1cc(-c2ccncc2)[nH]n1-c1ccc([N+](=O)[O-])cc1,0,PubChem2
Cc1ccc(NC2=C(NCCO)C(=O)c3ccccc3C2=O)cc1,0,PubChem2
CCn1c(-c2nonc2N)nc2cnc(Oc3cccc(NC(=O)c4ccc(OCCN5CCOCC5)cc4)c3)cc21,0,PubChem2
CC(C)(CN)CNc1nc(Cl)cc(-c2c[nH]c3ncccc23)n1,0,PubChem2
COc1cccc2sc(Nc3nc(-c4ccccn4)cs3)nc12,0,PubChem2
COC(=O)c1ccc(CC(=O)c2nc3ccccc3s2)cc1,0,PubChem2
CCC(=O)Nc1ccc(C(=O)N2CCNCC2)c(O)c1,0,PubChem2
Cn1c(SCC(=O)c2ccc(F)cc2)ncc(C(=O)Nc2ccccc2)c1=O,0,PubChem2
Cc1ccc(F)c(NC(=O)Nc2ccc(-c3cncc4c3c(N)nn4C)cc2)c1,0,PubChem2
CC1CCC(C(C)C)C(OC(=O)CSc2n[nH]c(=O)[nH]c2=O)C1,0,PubChem2
CC(C)(C)OC(=O)n1ncc2cc(Nc3c(NCc4ccc(S(N)(=O)=O)cc4)c(=O)c3=O)ccc21,0,PubChem2
CC(C)c1ccc(Nc2ncccc2C(=O)O)cc1,0,PubChem2
COc1ccccc1N1C(=O)c2ccc(C(=O)Nc3ccc(F)cc3)cc2C1=O,0,PubChem2
O=c1[nH]c2ccccc2nc1C=Cc1ccc(Cl)cc1,0,PubChem2
Clc1ccc(OCc2cc(-c3ccccc3)no2)c(Cl)c1,0,PubChem2
N=c1cc(C2(O)CCCCC2)n2c(nc3ccccc32)s1,0,PubChem2
c1cc(NC2CCCCC2)nc(Nc2ccc3[nH]ncc3c2)n1,0,PubChem2
CC(C)(C)c1ccc(-c2nc3cc(N)ccc3o2)cc1,0,PubChem2
Cc1[nH][nH]c(=O)c1C(c1ccc(-c2ccc(Cl)cc2)o1)c1c(C)[nH][nH]c1=O,0,PubChem2
NS(=O)(=O)c1c(Sc2ccccc2C(=O)O)ccc2ccccc12,0,PubChem2
O=C(NC(CO)Cc1ccccc1)c1ccc(-c2ccncc2)cc1,0,PubChem2
Cc1c(Cl)cccc1NC(=O)Nc1ccc(C(=O)N2CCCC2)cc1,0,PubChem2
COc1ccc(-c2noc(Cc3cccs3)n2)cc1,0,PubChem2
CC(=O)Nc1ccc2oc(-c3cc(F)c(F)cc3Cl)nc2c1,0,PubChem2
O=c1oc2cc(O)ccc2c2oc3cc(O)ccc3c12,0,PubChem2
COc1ccc(-c2nc3cc([N+](=O)[O-])ccc3o2)cc1,0,PubChem2
Cc1ccc2c(c1)nnn2C1CCN(CC(=O)N2CCN(c3ccc(F)cc3)CC2)CC1,0,PubChem2
COCCNc1nccc(-c2c(-c3ccc(F)cc3)nc3cnccn23)n1,0,PubChem2
O=C1C(Cl)=C(Nc2ccccc2O)C(=O)N1c1ccccc1,0,PubChem2
COc1ccc(C(=O)C2CCCN(C(=O)c3ccc4nccnc4c3)C2)c(C)c1,0,PubChem2
c1cc2[nH]ncc2cc1-c1cc(CN2CCCCC2)no1,0,PubChem2
CC(C)N(C(=O)Cn1cc(SCC(=O)N2CCCC2)c2ccccc21)C(C)C,0,PubChem2
Oc1ccc(Cl)cc1N=Nc1ccccc1,0,PubChem2
CCSc1nnc(Cc2cc(=O)[nH]c(=O)[nH]2)n1-c1cc(C)ccc1C,0,PubChem2
Cc1cc(NC(=O)CCNC(=O)Nc2nc(C)c(-c3ccc(-n4cccn4)cc3)s2)no1,0,PubChem2
Cc1ccc(F)c(NC(=O)Nc2ccc(-c3ccc(OCCCn4cccc4)c4[nH]nc(N)c34)cc2)c1,0,PubChem2
Cc1ccc(-c2nc(-c3ccncc3)no2)cc1Cl,0,PubChem2
CN1C(=O)c2ccc(C(=O)Nc3ccc4c(c3)OCO4)cc2C1=O,0,PubChem2
Nc1ccc(Br)c2cccnc12,0,PubChem2
CC(C)(CNC(=O)c1cccs1)CNC(=O)c1cccs1,0,PubChem2
Cc1ccc(NC(=S)c2nc3ccccc3s2)cc1,0,PubChem2
COc1ccc(OC)c(Nc2cc3ccccc3c(=O)[nH]2)c1,0,PubChem2
O=c1c2ccccc2nc2n1CCc1c-2[nH]c2ccccc12,0,PubChem2
Cc1cccc(NC(=O)Nc2ccc(-c3csc4c(-c5cnn(C)c5)cnc(N)c34)cc2)c1,0,PubChem2
Cc1cc(Br)cc(C=Nc2ccc(N3CCOCC3)cc2)c1O,0,PubChem2
O=C(Nc1ccc2c(c1)CCCN2C(=O)c1ccccc1)c1ccccc1,0,PubChem2
Cc1cc(NS(=O)(=O)c2ccc(NC(=O)Nc3ccccc3)cc2)no1,0,PubChem2
NC(=O)c1cnn2c(-c3ccccc3)ccnc12,0,PubChem2
COc1ccccc1CNC(=O)c1cccc(NC(=O)c2ccccc2)c1,0,PubChem2
Cc1cc(-c2ccc3c(c2)CNC3=O)ccc1F,0,PubChem2
Cc1ccc([N+](=O)[O-])cc1NC=C1CCc2ccccc2C1=O,0,PubChem2
Nc1c(C(=O)Nc2ccc3c(c2)OCCO3)nnn1Cc1cccc(Br)c1,0,PubChem2
Cc1c(-c2ccc3[nH]nc(N)c3c2)nnn1Cc1ccccc1,0,PubChem2
Cc1ccccc1C(=O)Nc1scc(-c2ccc(Br)cc2)c1C(=O)O,0,PubChem2
O=C(Cc1ccccc1)Nc1ccc(N2CCCCC2)cc1,0,PubChem2
NC(=O)c1cc(-c2cccc(N)c2)cc2cccnc12,0,PubChem2
Cc1ccc2oc(-c3cccc(NC(=S)NC(=O)C=Cc4ccco4)c3)nc2c1,0,PubChem2
Cc1nc2ccccc2n1N=Cc1ccc([N+](=O)[O-])s1,0,PubChem2
O=C(O)c1ccccc1Nc1ccnc(Nc2ccc3cn[nH]c3c2)n1,0,PubChem2
Cc1ccc2oc(C(=O)Nc3nnc(C)s3)c(C)c2c1,0,PubChem2
O=C(Nc1ccc(N2CCCCC2)cc1)c1ccccc1,0,PubChem2
CC(C)c1ccc(NC(=O)c2ccc(Br)o2)cc1,0,PubChem2
COc1ccc(C(=O)Nc2ccccc2C(N)=O)cc1,0,PubChem2
Cc1ccccc1C1=NC(c2ccc(F)cc2F)ON1,0,PubChem2
Cc1[nH][nH]c(=O)c1N=Nc1ccc(Br)c(Cl)c1,0,PubChem2
Cc1[nH]nc2ccc(-c3cncc(OCC(CN)Cc4ccccc4)c3)cc12,0,PubChem2
CC(C)OCCCNC(=O)c1c(N)n(Cc2cccs2)c2nc3ccccc3nc12,0,PubChem2
O=C(NN=CC(Cl)=Cc1ccccc1)c1cccs1,0,PubChem2
Cc1c(C#N)c(O)[nH]c(=O)c1N=Nc1ccc(S(N)(=O)=O)cc1,0,PubChem2
COc1ccc(CNc2c(Nc3ccncc3)c(=O)c2=O)c(OC)c1,0,PubChem2
COc1cccc(C(C)NC(=O)c2ccc(-c3ccncc3)s2)c1,0,PubChem2
CCc1nnc(NC(=O)CN2CCOCC2)s1,0,PubChem2
COC(=O)c1sccc1NC(=O)CCC1CCCC1,0,PubChem2
COc1ccc(-c2cn3ccc4ccccc4c3n2)cc1,0,PubChem2
C(=NN=Cc1ccccc1)c1ccccc1,0,PubChem2
O=C(NCc1ccccc1)c1ccc(-c2ccncc2)cc1,0,PubChem2
Cc1oc2ccc(OCc3ccc(F)cc3)cc2c1C(=O)O,0,PubChem2
CC1C(=NO)CC(c2ccccc2)NC1c1ccccc1,0,PubChem2
CC(=NOC(=O)c1ccc(Cl)c(Cl)c1)c1sc(C)nc1C,0,PubChem2
NC(=NO)c1cccc(S(=O)(=O)Nc2ccc3c(c2)C(=NO)c2ccccc2-3)c1,0,PubChem2
O=S(=O)(Nc1ccc(-c2nc3cccnc3s2)cc1)c1cccs1,0,PubChem2
O=S(=O)(c1cccc2cnccc12)N1CCCNCC1,0,PubChem2
O=C1NC(=Nc2ccccc2)SC1=Cc1cccs1,0,PubChem2
Cc1ccc(C)c(NC(=O)c2cc(-c3ccco3)nc3ccccc23)c1,0,PubChem2
Cc1ccccc1N1C(=O)Cc2ccccc2C1=O,0,PubChem2
Cc1ccc(Sc2ncccc2N)cc1,0,PubChem2
Oc1ccc(Br)cc1C1Nc2ccccc2S1,0,PubChem2
Cc1cccc(CNc2cc(-c3c[nH]c4ncccc34)cc(Cl)n2)c1C,0,PubChem2
O=C(Nc1nccs1)c1ccc2c(c1)OCO2,0,PubChem2
CCOC(=O)Cn1nc(C)n(-c2ccc(C)cc2)c1=O,0,PubChem2
CC(C)S(=O)(=O)n1c(N)nc2ccc(-c3c(-c4ccc(F)cc4)nc4sccn34)cc21,0,PubChem2
NC(=O)c1ccc2nc(-c3ccc([N+](=O)[O-])o3)cn2c1,0,PubChem2
NC(=NOC(=O)c1ccco1)c1ccc(Cl)cc1,0,PubChem2
Cc1ccc(-n2nc3ccc(N)cc3n2)cc1C,0,PubChem2
COc1ccc(OC(=O)c2cc3ccccc3o2)cc1,0,PubChem2
O=S(=O)(NCCNCC=Cc1ccc(Br)cc1)c1cccc2cnccc12,0,PubChem2
c1csc(CSc2nc3ccccc3s2)c1,0,PubChem2
Cc1ccccc1-c1noc(-c2cccs2)n1,0,PubChem2
Clc1ccc(-c2cn3c(n2)-c2ccccc2C3)cc1Cl,0,PubChem2
NC(=O)c1cc2ccncc2s1,0,PubChem2
Cc1cc(C(=O)Nc2ccc3c(c2)OCCO3)c(C)o1,0,PubChem2
O=C(c1ccccc1)c1cc(-c2ccccc2)on1,0,PubChem2
CC(=O)Nc1cccc(CNc2c(Nc3ccc4[nH]ncc4c3)c(=O)c2=O)c1,0,PubChem2
NC(=O)c1ccc(-c2ccnc(N)n2)cc1N1CCCCC1,0,PubChem2
CSc1ccc(C2N=C(c3ccccc3)NO2)cc1,0,PubChem2
CC(O)Cn1cc(-c2cnc(N)c3c(-c4ccc(NC(=O)Nc5cccc(F)c5)cc4)csc23)cn1,0,PubChem2
O=C(Nc1ccn(Cc2ccccc2F)n1)c1ccc(COc2cccc(Br)c2)cc1,0,PubChem2
COC(=O)c1sc(NC(=S)NC(=O)c2ccccc2Cl)nc1C,0,PubChem2
CC1=NN(C(N)=S)C(=O)C1N=Nc1ccccc1Cl,0,PubChem2
Cn1c(SCC(=O)c2ccccc2)ncc(C(=O)Nc2ccccc2)c1=O,0,PubChem2
Fc1ccccc1C=NNc1cc(N2CCCCC2)ncn1,0,PubChem2
O=[N+]([O-])c1ccc(O)c(C=NNc2ccccc2Cl)c1,0,PubChem2
O=S1(=O)CCC(=NNc2ccccn2)c2cc(F)ccc21,0,PubChem2
O=c1cc(-c2cccs2)oc2ccc(Cl)cc12,0,PubChem2
O=c1c2c(nc3cc(-c4cccc(Cl)c4)[nH]n13)CCC2,0,PubChem2
Cc1ccnc(NC(=O)CCC2CCCCC2)c1,0,PubChem2
Cc1ccccc1NC(=O)Nc1ccc2c(c1)CCC2,0,PubChem2
COc1ccc(NC(=O)c2sc(NC(=O)COc3ccccc3)nc2C)cc1,0,PubChem2
CC(C)(C)c1ccc(C(=O)Nc2ccccc2Cl)cc1,0,PubChem2
Cc1cc(C(=O)Nc2ccc(N3CCCC3)c(Cl)c2)ccc1[N+](=O)[O-],0,PubChem2
Cc1ccc(CSc2ccc(-c3cccs3)nn2)cc1,0,PubChem2
COc1ccc(C(=O)Nc2ccc(Nc3ccccc3)cc2)cc1OC,0,PubChem2
Cc1cc(C(=O)COC(=O)c2n[nH]c3ccccc23)c(C)n1C,0,PubChem2
COc1ccc(-c2cc3ccccc3oc2=O)cc1,0,PubChem2
Fc1ccc(-c2nc(-c3ccc(F)cc3)c(-c3ccncc3)[nH]2)cc1,0,PubChem2
O=C(Nc1ccc(Cl)cc1)Nc1cccc2nsnc12,0,PubChem2
c1csc(-c2nc3ccccc3[nH]2)c1,0,PubChem2
CCCCCn1c(N)c(C(=O)NCc2cccs2)c2nc3ccccc3nc21,0,PubChem2
CC(=NNC(=O)c1ccc2c(c1)OCCO2)c1ccccc1,0,PubChem2
O=C(O)c1ccc(-c2ccc(OS(=O)(=O)c3ccccc3F)cc2)cc1,0,PubChem2
COc1ccccc1C(=O)Nc1nnc(SCC(=O)Nc2ccc3c(c2)oc2ccccc23)s1,0,PubChem2
c1ccc(NC2=Nc3ccccc3CS2)cc1,0,PubChem2
Cc1ccn2cc(-c3nonc3C)cc2c1,0,PubChem2
COc1ccc(-c2cc(-c3ccccc3)no2)cc1,0,PubChem2
Nc1n[nH]c2ccc(-c3cc(Cc4ccccc4)no3)cc12,0,PubChem2
COC(=O)c1[nH]c2cccc(Cl)c2c1NC(=O)CN1CCN(CCO)CC1,0,PubChem2
O=C(Nc1nc2c(F)c(F)c(F)cc2s1)c1ccco1,0,PubChem2
C=C(C)CNC(=O)c1ccc2nc(Cc3ccc(OC)cc3)oc2c1,0,PubChem2
O=[N+]([O-])c1ccc(O)c(C2=NNC(c3ccccc3F)C2)c1,0,PubChem2
CC(C)(C)c1cc(NC(=O)C(=O)c2cccc3ccccc23)n(-c2cccc(OCC(=O)O)c2)n1,0,PubChem2
O=C(COC(=O)c1ccc([N+](=O)[O-])s1)c1ccc[nH]1,0,PubChem2
C=CCNC(=O)C1CC(=O)N(c2ccc(OCc3ccccc3Cl)cc2)C1,0,PubChem2
COc1ccc(C(=O)Nc2ccc(N3CCCC3)cc2)cc1Br,0,PubChem2
Cn1cc(C=CC(=O)c2ccccc2)c2ccccc21,0,PubChem2
Cc1cccc(NC(=O)Nc2ccc(-c3csc4c(C#CCN)cnc(N)c34)cc2)c1,0,PubChem2
Nc1c(C(=O)NCc2ccccc2)c2nc3ccccc3nc2n1-c1ccc2c(c1)OCO2,0,PubChem2
Cc1cc2ncc(-c3ncc(C(F)(F)F)cc3Cl)cn2n1,0,PubChem2
O=C(COC(=O)c1ccc([N+](=O)[O-])s1)NNC(=O)c1ccccc1,0,PubChem2
c1csc(-c2nc(N3CCCCC3)no2)c1,0,PubChem2
Oc1ccc(Br)cc1CNc1cccc2cccnc12,0,PubChem2
O=[N+]([O-])c1ccc(C=NNc2ncccc2[N+](=O)[O-])s1,0,PubChem2
COc1ccc(-c2cc3nc4n(c(=O)c3s2)CCC4)cc1,0,PubChem2
O=C(Nc1ccccc1)c1nc2ccccc2s1,0,PubChem2
O=C(Nc1ccc2c(c1)OCO2)c1cccs1,0,PubChem2
CCCCNc1c(-c2ccc3[nH]ncc3c2)nc2ncccn12,0,PubChem2
O=[N+]([O-])c1c(NCCCO)cc(Sc2nc3ccccc3s2)c2nonc12,0,PubChem2
Cc1cc(C(=O)COC(=O)c2n[nH]c3ccccc23)c(C)n1CC1CCCO1,0,PubChem2
O=c1[nH]cnc2ccc(Br)cc12,0,PubChem2
O=S(=O)(Nc1ccc2c(c1)C(=NO)c1ccccc1-2)c1cccc(Cl)c1,0,PubChem2
COc1ccc(C(=O)Nc2nc3ccccc3c(=O)[nH]2)cc1,0,PubChem2
CCCSc1ccc(C(=O)Nc2ccc(F)cc2F)cn1,0,PubChem2
O=S(=O)(c1ccccc1)N(CC(O)CN1CCOCC1)c1ccccc1,0,PubChem2
CCCOc1nc(NC(C)=O)cc(N)c1C#N,0,PubChem2
CCOc1nc(C(=O)NCc2ccccc2S(N)(=O)=O)cc(N)c1Cl,0,PubChem2
COCCOC1CCC(n2nc(-c3ccc(Nc4nc5cc(C)cc(Cl)c5o4)cc3)c3c(N)ncnc32)CC1,0,PubChem2
O=C(NNC(=S)Nc1ccccc1Cl)c1ccccc1Cl,0,PubChem2
Nc1ncnc2sc3c(c12)-c1ccc(NC(=O)Nc2ccccc2)cc1CC3,0,PubChem2
CN(C)c1ccc(C=NNC(=O)c2ccccn2)cc1,0,PubChem2
OC1CCC(Nc2nc(Cl)cc(-c3c[nH]c4ncccc34)n2)CC1,0,PubChem2
COc1cccc(C(C)NC(=O)c2ccc(-c3ccncc3)c(F)c2)c1,0,PubChem2
COc1ccc2c(=O)c(-c3nc(C)cs3)coc2c1,0,PubChem2
O=C(OCC1COc2ccccc2O1)c1c(F)cccc1F,0,PubChem2
CCOc1cc(C2NN=C(c3ccccc3)S2)ccc1OCc1ccc(F)cc1,0,PubChem2
CN1CC=C2C(C#N)=C(N)C(C#N)(C#N)C(c3ccoc3)C2C1,0,PubChem2
NC1=Nc2cccc3cccc1c23,0,PubChem2
CNC1CCN(c2nc3[nH]cc(C(=O)O)c(=O)c3c(C)c2Br)C1,0,PubChem2
COc1ccc2nc(NC(=O)c3cc(C)oc3C)sc2c1,0,PubChem2
CCOCCn1cnc2sc(C(=O)Nc3nc(C)c(C(=O)OCC)s3)c(C)c2c1=O,0,PubChem2
CC(=Cc1ccccc1)C=C1SC(=S)N(CCC(=O)O)C1=O,0,PubChem2
COc1ccc(CCn2c(N)c(C(=O)NCc3ccco3)c3nc4ccccc4nc32)cc1OC,0,PubChem2
COc1ccccc1-c1noc(-c2ccco2)n1,0,PubChem2
CCCCCCSC1=C(C#N)C(=O)NC2(CCCCC2)S1,0,PubChem2
O=c1cc(-c2ccccc2)[nH]c2nc3ccccc3n12,0,PubChem2
c1ccc(C2CCc3[nH]ncc3C2)cc1,0,PubChem2
CC(=O)c1cccc(NC(=O)c2cnn3ccccc23)c1,0,PubChem2
Cc1nn(Cc2ccccc2Cl)c(C)c1C(=O)NCCN1C(=O)SC(=Cc2ccccc2)C1=O,0,PubChem2
CCOc1ccc(C=NNC(=O)c2ccc(Cn3cc(Br)cn3)o2)cc1,0,PubChem2
O=C(CCc1ccccc1)c1ccc2c(c1)OCCCO2,0,PubChem2
Nc1c(C(=O)Nc2cccc(F)c2)nnn1-c1ccc2c(c1)OCCO2,0,PubChem2
O=C(O)c1cccc(NC(=O)c2cc(NC(=O)c3ccccc3)cc(NC(=O)c3ccccc3)c2)c1,0,PubChem2
Nc1n[nH]c2cccc(-c3ccc(F)cc3)c12,0,PubChem2
O=C(Nc1cccc(Cl)c1)c1cc(-c2ccco2)on1,0,PubChem2
O=C(O)c1cccc(NC(=O)c2ccc(COc3ccc(Cl)cc3)cc2)c1,0,PubChem2
CN(C)c1c(NC(=O)Cc2ccccc2)cccc1-c1nc2sccn2c1-c1ccnc(Nc2cccc(N3CCOCC3)c2)n1,0,PubChem2
CCOc1ccc2oc(C(=O)Nc3cc(C)ccn3)c(C)c2c1,0,PubChem2
COc1ccc(-n2cc3ccc([N+](=O)[O-])cc3n2)cc1,0,PubChem2
CCCCNC(=O)c1c(N)n(Cc2ccc3c(c2)OCO3)c2nc3ccccc3nc12,0,PubChem2
Cc1nc(-c2ccc([N+](=O)[O-])cc2)sc1C(=O)O,0,PubChem2
O=C(O)C1CC(c2ccccc2)=NO1,0,PubChem2
CC(C)c1nnc2ccc(-c3c(-c4ccc(F)cc4F)nc4n3CCC4)nn12,0,PubChem2
CCOC(=O)c1ccc(COC(=O)c2ccc(-c3nnc(-c4ccccc4)o3)cc2)o1,0,PubChem2
N#CC1=C(c2ccccc2)CC(c2ccc(Cl)cc2)C(C(=O)c2ccccc2)C1=O,0,PubChem2
COc1ccccc1C(=O)Nc1ccc(NC(=O)c2ccco2)c(C)c1,0,PubChem2
Brc1ccc2nc(-c3c[nH]c4ccccc34)cn2c1,0,PubChem2
COn1c(-c2ccccc2)nc2ccc(Cl)cc21,0,PubChem2
Cc1ccccc1C(=O)ON=C(N)c1ccncc1,0,PubChem2
COc1ccc(C=NNC(=O)c2nn(-c3ccccc3)c(=O)c3c(N)scc23)cc1,0,PubChem2
CN(c1ccccc1CNc1nc(N)nc2[nH]ccc12)S(C)(=O)=O,0,PubChem2
O=C(NN=Cc1ccc(OC(=O)c2cccs2)cc1)c1cccc(F)c1,0,PubChem2
Clc1ccc(-c2nnc(SCc3ccon3)o2)c(Cl)c1,0,PubChem2
CCN(C(=O)COC(=O)c1cc(-c2ccc3cc(OC)ccc3c2)nc2ccccc12)C1CCS(=O)(=O)C1,0,PubChem2
COc1ccc(NC(=O)CSc2nc3c(c(-c4cccs4)c2C#N)CN(C)CC3)cc1OC,0,PubChem2
CC(=O)c1ccc(NC2=C(N3CCOCC3)C(=O)c3ccccc3C2=O)cc1,0,PubChem2
O=C1NC(=Cc2nc3ccccc3s2)c2ccccc21,0,PubChem2
S=C(Nc1ccc2nsnc2c1)N1CCCCCC1,0,PubChem2
Cc1ccc(NC(=O)Nc2ccc(-c3cccc4c3CNC4=O)cc2)cc1C,0,PubChem2
Fc1ccccc1CNc1ncnc2sccc12,0,PubChem2
Cn1nc(C=Cc2ccccc2)ccc1=O,0,PubChem2
c1ccc(Cn2ccc(-c3cnc(-c4ccccc4)s3)n2)cc1,0,PubChem2
COc1cc(C(=O)O)c(Cl)cc1NC(=O)Nc1cnc(C#N)cn1,0,PubChem2
O=C1NC(=S)SC1=Cc1coc2ccc(O)cc2c1=O,0,PubChem2
O=C(Nc1ccc(S(=O)(=O)N2CCCCCC2)cc1)c1[nH]ncc1[N+](=O)[O-],0,PubChem2
CC1CCCN1CCc1cc2cc(-c3ccc(OC(F)(F)F)cc3)ccc2[nH]1,0,PubChem2
c1ccc2c(NC3=NCCS3)cccc2c1,0,PubChem2
c1ccc2nc3c(nc2c1)[nH]c1ccccc13,0,PubChem2
COc1ccc(-n2c(O)c(C=NNS(=O)(=O)c3cccc([N+](=O)[O-])c3)c3ccccc3c2=O)cc1OC,0,PubChem2
COc1ccc2oc(C(=O)Nc3nccs3)c(C)c2c1,0,PubChem2
O=C1c2ccccc2-c2nnc(-c3ccccc3)cc21,0,PubChem2
COc1ccc(C(=O)CC(=O)c2ccccc2O)cc1,0,PubChem2
COc1ccc(C=NNc2snc(SC)c2C#N)cc1OC,0,PubChem2
Clc1ccc(-c2nc3n(n2)Cc2ccccc2-3)cc1,0,PubChem2
NC(=O)c1cc2c(-c3ccccc3)cncc2s1,0,PubChem2
CC(=O)Nc1ccc(S(=O)(=O)NC2=C(N3CCN(c4ccc(F)cc4)CC3)C(=O)c3ccccc3C2=O)cc1,0,PubChem2
O=C(NC(=S)Nc1cccc(CO)c1)c1ccc(-c2ccccc2)cc1,0,PubChem2
C=CCNC(=S)Nc1ccc2nsnc2c1,0,PubChem2
COc1cccc(NC(=O)Nc2nccc(C)n2)c1,0,PubChem2
Cc1ccc(C(=O)Nc2c(C#N)sc3ccc(Cl)c(Cl)c23)cc1,0,PubChem2
COc1ccc(CCNC(=O)CSc2ncc(C(=O)Nc3ccccc3)c(=O)n2C)cc1,0,PubChem2
Cc1nc(N=Cc2ccc(N(C)C)cc2)sc1C,0,PubChem2
CC(C)(C)c1cc(NC(=O)C(=O)c2cccc3ccccc23)n(-c2ccc(OCC(N)=O)cc2)n1,0,PubChem2
COc1cc(SC)ccc1C(=O)Nc1ccc2c(c1)CCC2,0,PubChem2
COc1ccc(-c2nsc3c(N4CCCC4)ncnc23)cc1,0,PubChem2
O=C(C=Cc1ccco1)Nc1ccc(N2CCCC2)cc1,0,PubChem2
O=S(=O)(Nc1ccc(-c2nc3cccnc3s2)cc1)c1ccc(Cl)s1,0,PubChem2
Brc1ccc(C=NNc2ccccn2)cc1,0,PubChem2
Cc1ccc(NC(=O)Nc2ccc(-c3c(Cc4cccnc4)sc4ncnc(N)c34)cc2)cc1,0,PubChem2
O=C(Nc1nc2ccsc2c(=O)s1)c1ccc(F)cc1,0,PubChem2
Cc1nc(NC(=O)c2ccc(Br)o2)ccc1Br,0,PubChem2
Oc1cccc(-c2c[nH]c3ncccc23)c1,0,PubChem2
COc1cccc(NC(=O)c2ccc3c(c2)OCO3)c1,0,PubChem2
Cc1ccc(NC(=O)c2cccs2)cc1,0,PubChem2
O=[N+]([O-])c1ccc(C=Nc2ccc(Cl)cc2Cl)s1,0,PubChem2
COc1ccc(-c2cc(=O)c3cc(O)ccc3o2)cc1,0,PubChem2
CCCC(=O)Nc1ccc(C2C(=O)c3ccccc3C2=O)cc1,0,PubChem2
C=C(Cl)COc1ccc2c(CC)cc(=O)oc2c1,0,PubChem2
Clc1ccc(-c2nc(-c3ccncc3)no2)c(Cl)c1,0,PubChem2
Cc1ccc(C=NNC(=O)c2cc(C)oc2C)cc1,0,PubChem2
O=c1[nH]c2cc(Cl)cc(Cl)c2c(-c2cc(Cl)ccc2O)c1O,0,PubChem2
CN1CCN(c2ccc(-c3cnc4c(c3)N(Cc3c(F)ccc(F)c3Cl)CCN4)cn2)CC1,0,PubChem2
N#Cc1ccsc1NC(=O)COC(=O)c1ccc2ccccc2c1,0,PubChem2
Clc1cc(Nc2nc(NC3CC3)c3sccc3n2)ccc1N1CCOCC1,0,PubChem2
O=C(OCc1ccc(F)cc1Cl)c1ccccn1,0,PubChem2
CCOC(=O)CSC1=NC(=O)C(=Cc2ccc(OC)cc2)S1,0,PubChem2
O=C(NN=Cc1ccc([N+](=O)[O-])s1)c1ccncc1,0,PubChem2
O=C(Nc1ccc(Br)cc1)c1ccc2c(c1)OCO2,0,PubChem2
CS(=O)(=O)c1ccc2nc(NC(=O)Nc3ccccc3F)sc2c1,0,PubChem2
CCOc1ccc(OCC)c(NC(=O)CSCCc2ccccn2)c1,0,PubChem2
O=C(NNc1cc(N2CCOCC2)nc(N2CCOCC2)n1)c1ccc([N+](=O)[O-])cc1,0,PubChem2
Clc1ccc2nc(-c3ccc(Br)s3)cn2c1,0,PubChem2
Cc1ccc(NC(=O)Nc2cccs2)cc1,0,PubChem2
Fc1ccc2cnc(C3=CCCCC3)cc2c1,0,PubChem2
CC(=NNC(=O)c1n[nH]c2c1CCC2)c1ccco1,0,PubChem2
O=C(Nc1ccc2sccc2c1)c1ccc(Cl)s1,0,PubChem2
Cc1occc1C(=O)Nc1cccc2ccccc12,0,PubChem2
O=C(Nc1ccc(-c2cccc3sncc23)cc1)Nc1ccc(F)c(C(F)(F)F)c1,0,PubChem2
O=C(Nc1ccncc1)c1cc2ccccc2o1,0,PubChem2
COc1ccc(C=NOC(=O)Nc2ccccc2OC)cc1,0,PubChem2
c1ccc(Nc2nnc(-c3cccnc3)s2)cc1,0,PubChem2
Cc1ccc(C(=O)Nc2nc(C)c(C(=O)Nc3ccc4c(c3)CCC4)s2)cc1,0,PubChem2
FC(F)(F)c1ccnc(Oc2ccc(C3=NCCS3)cc2)c1,0,PubChem2
O=C(C1CCC1)N1CCc2cc(S(=O)(=O)NC3CCCc4ccccc43)ccc21,0,PubChem2
O=C(Nc1cccc(Cl)c1)Nc1ncc(CCNc2ncnc3ccsc23)s1,0,PubChem2
COc1nc(C)ccc1-c1noc(-c2ccccn2)n1,0,PubChem2
O=C(Nc1cccnc1)c1cc(-c2ccc(F)cc2)on1,0,PubChem2
O=C(CSc1ncnc2ccccc12)c1cccs1,0,PubChem2
CC(C)(C)c1cc(NC(=O)Nc2cccc3ccccc23)n(-c2cccc(C(=O)NCCCO)c2)n1,0,PubChem2
COc1cc(OC)cc(C(=O)Nc2ccc(NC(=O)c3ccco3)c(C)c2)c1,0,PubChem2
Nc1ncnc2c1c(I)nn2C1CCC(O)CC1,0,PubChem2
NC(N)=NC(N)=Nc1cccc2ccccc12,0,PubChem2
Cc1cc(C(=O)COC(=O)c2ccc(F)cc2F)c(C)n1C1CC1,0,PubChem2
Oc1[nH]c2ccccc2c1N=Nc1ccccc1F,0,PubChem2
COC(=O)Cc1ccc(NC(=O)c2ccc(Br)o2)cc1,0,PubChem2
COc1ccc(-n2c(NC(=O)c3ccco3)c(C#N)c3nc4ccccc4nc32)cc1,0,PubChem2
O=C(NC(CO)Cc1ccc(Cl)cc1)c1ccc(-c2ccncc2)cc1,0,PubChem2
CCCOc1ccc(C(=O)Nc2ccc3c(c2)OCCO3)cc1,0,PubChem2
Cn1cc(-c2cnc(N)c3c(-c4ccc(NC(=O)Nc5ccc(OC(F)F)cc5)cc4)csc23)cn1,0,PubChem2
Cn1cccc1C(=O)C(=O)Nc1cc(Cl)cc(Cl)c1,0,PubChem2
CSc1nsc(NN=Cc2ccc3c(c2)OCO3)c1C#N,0,PubChem2
NC(=NOC(=O)c1ccc(Cl)c(Cl)c1)c1cccnc1,0,PubChem2
Cc1cc(-c2ccc3c(c2)COc2c4ccccc4nn2-3)on1,0,PubChem2
CCC(=O)Nc1ccc(OCc2nc3ccccc3s2)cc1,0,PubChem2
Cn1nnc(-c2ccc(OCc3ccccc3F)cc2)n1,0,PubChem2
CCOc1ccc(-c2nnc(-c3cccs3)o2)cc1,0,PubChem2
COc1cccc(CSc2nc3ccccc3[nH]2)c1,0,PubChem2
Cc1noc(N)c1C(=O)Nc1ccc(C(C)(C)C)cc1,0,PubChem2
NC1CCN(C(=O)c2ccc3c(c2)NC(=O)C(=Cc2ccccc2F)S3)C1,0,PubChem2
Brc1ccc(C=NNc2ccc3ccccc3n2)cc1,0,PubChem2
Cc1ccc(NC(=O)Nc2ccc(-c3csc4c(-c5cnn(C)c5)cnc(N)c34)cc2)cc1,0,PubChem2
Nc1[nH]nc2nnc(-c3ccccc3)c(-c3ccccc3)c12,0,PubChem2
O=c1oc2ccccc2cc1-c1nc(-c2ccccc2)no1,0,PubChem2
O=C(Oc1cccc(C=NNC(=O)c2ccccn2)c1)c1ccc([N+](=O)[O-])cc1,0,PubChem2
O=S(=O)(N=C(Nc1nc2ccccc2s1)c1ccccc1)c1ccccc1,0,PubChem2
COc1cc(Nc2ncnc3ccc(-c4ccc(CN5CC6C(CO)C6C5)cc4)cc23)ccc1Oc1ccccc1,0,PubChem2
CCc1nccn2c(-c3ccnc(NCC(C)(C)O)n3)c(-c3ccc(F)cc3F)nc12,0,PubChem2
O=[N+]([O-])c1ccc2nc(-c3ccncc3)[nH]c2c1,0,PubChem2
CCOc1ccc(C=C[N+](=O)[O-])c2ccccc12,0,PubChem2
O=C(COc1ccccc1)Nc1nccs1,0,PubChem2
O=C(NN=Cc1c[nH]c2ccccc12)c1ccc2c(c1)OCCO2,0,PubChem2
O=c1nc2c(-c3cccc(Br)c3)n[nH]n2c2ccccc12,0,PubChem2
c1ccc(Nc2nc(-c3ccccc3)ns2)cc1,0,PubChem2
O=[N+]([O-])c1ccc(Cl)c(S(=O)(=O)Nc2cccc(-c3ccc(N4CCCC4)nn3)c2)c1,0,PubChem2
CNC(=O)c1cc2c(-c3ccccc3F)[nH]nc2s1,0,PubChem2
Fc1ccccc1-c1cc2ccccc2cn1,0,PubChem2
NC(=O)c1cc2c(-c3ccc(Br)cc3)cncc2s1,0,PubChem2
Cc1cccc2c(N=Nc3ccccc3)c(O)[nH]c12,0,PubChem2
O=C(NNC(=S)Nc1ccc(Cl)cc1)C(O)(c1ccccc1)c1ccccc1,0,PubChem2
O=C(Nc1sc(-c2ccccc2)cc1C(=O)O)c1ccccc1,0,PubChem2
NC(=O)c1sc(-n2cnc3ccccc32)cc1OCc1ccccc1C(F)(F)F,0,PubChem2
Cc1ccc(O)c(NC(=O)c2noc3c2CCc2ccccc2-3)c1,0,PubChem2
Cc1cccc(N2C(=O)c3ccc(C(=O)Nc4cccc(C(=O)O)c4)cc3C2=O)c1,0,PubChem2
Cc1occc1C(=O)Nc1nnc(C2CCCCC2)s1,0,PubChem2
COc1cccc2cc(C(=O)c3ccccc3)oc12,0,PubChem2
CC(=O)C(N=Nc1ccc(SC(F)F)cc1)=C(C)O,0,PubChem2
Nc1c(-c2ccccc2)cnc2c(-c3ccccc3)cnn12,0,PubChem2
O=[N+]([O-])c1cccnc1NCCc1ccccc1,0,PubChem2
O=C(COC(=O)c1cccs1)c1ccc2ccccc2c1,0,PubChem2
CCOCC(=O)Nc1nc2ccc(C)cc2s1,0,PubChem2
CC(C)(C)OC(=O)n1cc(-c2cncn2C2CCCCC2)c2ccccc21,0,PubChem2
COc1ccc(-c2coc3cc(OC(C)=O)c(OC)cc3c2=O)cc1,0,PubChem2
O=C(Nc1ccc2c(c1)OCCO2)c1ccc(Cl)cc1,0,PubChem2
Cc1cccc(N=Nc2ccc(N(C)C)cc2)c1,0,PubChem2
CC(=O)Nc1cc2nn(-c3ccccc3)nc2cc1Cl,0,PubChem2
O=C(Oc1ccc(-c2nc(-c3ccccn3)no2)cc1)c1ccccc1,0,PubChem2
O=c1[nH]c(NN=Cc2ccc3c(c2)OCO3)nc2ccccc12,0,PubChem2
Nc1ccc(-c2csc3c(C=Cc4nc5ccccc5[nH]4)cnc(N)c23)cc1,0,PubChem2
CC1=CN2C(=N)C(=Cc3ccco3)C(=O)N=C2S1,0,PubChem2
O=C(c1ccc([N+](=O)[O-])o1)N1CCc2ccccc21,0,PubChem2
O=C(Nc1ccccn1)c1ccc2c(c1)OCCO2,0,PubChem2
COc1ccc(C=NN2C(=O)c3ccccc3C2=O)cc1,0,PubChem2
COCCN1Cc2c(sc(C)c2C)N(C(=O)c2ccccc2)C1,0,PubChem2
O=C(NN=Cc1ccc(Sc2nc3ccccc3[nH]2)o1)c1cccc([N+](=O)[O-])c1,0,PubChem2
O=C(Nc1nccs1)c1sc2ccccc2c1Cl,0,PubChem2
CC(=O)N1N=C(c2ccc(C)cc2)OC1c1ccc(C(C)C)cc1,0,PubChem2
O=C(NCc1ccc(Cl)cc1)Nc1cccc2[nH]ncc12,0,PubChem2
Cc1nc2ccc(-c3nc4cc(N)ccc4o3)cc2[nH]1,0,PubChem2
CCOc1ccc(-c2nc(-c3cccnc3)no2)cc1,0,PubChem2
CC(=NNc1nccnc1Cl)c1ccc(O)c(C)c1,0,PubChem2
CCOC(=O)c1ccc(NC(=O)c2ccc3c(c2)OCO3)cc1,0,PubChem2
CC(=O)c1cc2c(=O)c3cc(C)ccc3oc2nc1C,0,PubChem2
Cc1ccc(-n2nc(C)c3c(=O)c4cc(Cl)ccc4n(O)c32)cc1,0,PubChem2
COc1ccc(S(=O)(=O)Nc2cc(SCC(=O)O)c(O)c3ccccc23)cc1,0,PubChem2
Cc1nc(-c2ccc(C(=O)N3CCCC3)cc2)cs1,0,PubChem2
O=C(O)c1ccccc1Nc1ncnc(Nc2ccc(F)cc2)n1,0,PubChem2
c1ccc(-c2csc(Nc3ccccn3)n2)cc1,0,PubChem2
O=C1NC(=S)NC(=O)C1=Cc1ccc(-c2ccc(C(=O)O)c(O)c2)o1,0,PubChem2
Cc1c(C(=O)Nc2ccccc2)csc1-c1ccccc1,0,PubChem2
CCn1c(O)c(C=Nc2ccccc2)sc1=S,0,PubChem2
O=C(Nc1nnc(Cc2ccccc2F)s1)Nc1ccccc1F,0,PubChem2
COc1ccc(-n2c3nc4ccccc4nc3c3c(=N)oc(C)nc32)cc1,0,PubChem2
O=C1NC(=O)C(c2cnc3ccccn23)=C1c1cn2c3c(cccc13)CN(C(=O)N1CCOCC1)CC2,0,PubChem2
O=C(Nc1ccc(Cl)cn1)Nc1ccccc1Cl,0,PubChem2
COc1ccc(C(=O)c2c(C(F)(F)F)oc3c2C(=O)c2ccccc2C3=O)cc1,0,PubChem2
NC(=NOC(=O)c1ccc(Cl)cc1)c1ccc(Cl)cc1,0,PubChem2
O=C1Cc2ccccc2C(=O)N1c1cccc(Cl)c1,0,PubChem2
O=[N+]([O-])c1ccc(-c2cn3ccccc3n2)cc1,0,PubChem2
CCOC(=O)Cc1csc(NC(=O)CSc2ncnc3c2cnn3-c2ccc(OC)cc2)n1,0,PubChem2
CCC(=O)Nc1ccc2nc(C3CC3)n(Cc3ccccc3)c(=O)c2c1,0,PubChem2
O=C(Nc1nc2ccc(Cl)cc2s1)c1ccc(Br)o1,0,PubChem2
O=C(Nc1cccc(-c2nn[nH]n2)c1)c1ccc(Cl)s1,0,PubChem2
c1cc(-c2cc3cc4c(cc3cn2)OCO4)cs1,0,PubChem2
COc1ccc(-c2cn(CCC(=O)O)c(C)n2)cc1,0,PubChem2
O=C(Nc1ccccc1)Nc1ccccc1,0,PubChem2
Oc1c(Br)cc(C2N=C(c3ccccc3)NO2)cc1Br,0,PubChem2
Cc1ccc(C(=O)Nc2cccc(-c3ccc(N4CCOCC4)nn3)c2)cc1[N+](=O)[O-],0,PubChem2
Cc1ccsc1C=NNC(=O)c1sccc1C,0,PubChem2
O=c1c2ccccc2cnn1-c1ccc(Br)cc1,0,PubChem2
Cc1cccc(C=NNC(=O)CNc2cccc3ccccc23)n1,0,PubChem2
COc1cc2c(cc1Nc1nc(Nc3cccc(F)c3C(N)=O)c3cc[nH]c3n1)N(C(=O)CN(C)C)CC2,0,PubChem2
O=C1Cc2ccccc2C(=O)N1OCc1ccc(Cl)cc1,0,PubChem2
CCOc1ccc(-c2cnc3ccccc3n2)cc1,0,PubChem2
O=C(CSc1ccc(-c2ccccc2)nn1)N1CCCCC1,0,PubChem2
CC(C)(C)NC(=O)COc1ccc(-c2ccccc2)cc1,0,PubChem2
O=C(Cn1cc(SCc2ccc(Cl)cc2)c2ccccc21)N1CCOCC1,0,PubChem2
O=C(Nc1ccccc1)Nc1ccccc1C(=O)NCc1ccccc1,0,PubChem2
Cc1c(C)c2ccc(OCC(=O)Nc3ccccn3)cc2oc1=O,0,PubChem2
Fc1cccc(Cl)c1C=Cc1cnc2ccccc2n1,0,PubChem2
COC(=O)c1oc2ccc(Cl)cc2c1N,0,PubChem2
Cn1cc(-c2cnn3c(N)c(-c4ccc(NC(=O)Nc5cccc(C(F)(F)F)c5)cc4)cnc23)cn1,0,PubChem2
NC1CCCCC1Nc1nccc(Nc2ccccc2C(=O)O)n1,0,PubChem2
Cc1ccc2nc(NC(=O)c3cccs3)sc2c1,0,PubChem2
Cc1[nH]n(-c2ccc([N+](=O)[O-])cc2)c(=O)c1C=NCCN1CCN(C(=O)c2ccc(Br)cc2)CC1,0,PubChem2
COc1c(C=NNC(N)=S)c(C)nn1-c1ccccc1,0,PubChem2
CCOC(=O)c1c(S(=O)(=O)NCC(=O)Nc2ccccc2)c(C)n(C)c1C,0,PubChem2
O=c1[nH]cnc2c(Cl)cccc12,0,PubChem2
NC(=O)c1ccc(-c2ccncc2)cc1NCc1cccc(F)c1,0,PubChem2
O=C(O)c1cc(N=Nc2c(O)[nH]c3ccc([N+](=O)[O-])cc23)ccc1Cl,0,PubChem2
CNCCOc1cncc(-c2ccc3n[nH]c(C)c3c2)c1,0,PubChem2
COc1ccc(C(=O)NCC(=O)NN=Cc2ccco2)cc1OC,0,PubChem2
Cc1cc(C(=O)Nc2ccc(N3CCCCC3)cc2)no1,0,PubChem2
CN1CCN(c2ccc(C(=O)Nc3n[nH]c4ccc(Cc5cc(F)cc(F)c5)cc34)c(NC3CCOCC3)c2)CC1,0,PubChem2
O=C(Nc1ccc2ccccc2n1)c1ccc(Cl)cc1,0,PubChem2
CC(C)OC(=O)CC(=O)c1sc2nc3c(cc2c1N)CN(C)CC3,0,PubChem2
COc1cccc(NC(=O)CSc2nc3ccccc3c(=O)n2CCCC(=O)NCC2CCCO2)c1,0,PubChem2
CN(C)c1ccc(NC=CC(=O)c2ccco2)cc1,0,PubChem2
CCc1ccc(NC(=O)Nc2cccc(OC)c2)cc1,0,PubChem2
CCCNC(=O)c1c(N)n(CC2CCCO2)c2nc3ccccc3nc12,0,PubChem2
Cc1ccccc1-c1nc(-c2cccnc2)no1,0,PubChem2
Oc1ccc(Cl)cc1CNc1cccc2cccnc12,0,PubChem2
Cc1ccnc(Nc2nc(-c3ccc(F)cc3)cs2)c1,0,PubChem2
CC(=O)N1CCn2c3c(c(=O)c4cc(C)ccc42)CCC31,0,PubChem2
Cc1ccccc1-c1c(-c2ccc3n[nH]c(C)c3c2)nnn1Cc1ccccc1,0,PubChem2
O=C(Nc1nc2c(s1)CCCC2)c1ccc(Br)s1,0,PubChem2
Cc1ccc(NC(=O)c2ccc3c(c2)OCCO3)cc1C,0,PubChem2
CC(=NNC(=O)CNc1cccc2ccccc12)c1ccc(Br)s1,0,PubChem2
CC1(C(=O)Nc2nnc(C(C)(C)C)s2)Cc2ccccc2C(=O)O1,0,PubChem2
Cc1ccc(CSc2ccc(-c3ccco3)nn2)cc1,0,PubChem2
Cc1ccc(-c2cn3cc([N+](=O)[O-])ccc3n2)cc1,0,PubChem2
Cc1ccnc2nc(C(=O)Nc3ccc4c(c3)OCO4)nn12,0,PubChem2
O=C(N=C1N=C2C=CC(Br)=CN2Cc2ccccc21)c1cccs1,0,PubChem2
N#Cc1cnn2c(-c3ccccc3)ccnc12,0,PubChem2
CC(c1ccco1)N(C(=O)COc1ccc(Cl)cc1)c1ccccn1,0,PubChem2
CCCc1ccc2nccc(NC(=O)Nc3cccc(C(F)(F)F)n3)c2c1,0,PubChem2
Cc1ccc(-c2nc3ccsc3c(=O)o2)cc1,0,PubChem2
COc1cccc(NC(=O)c2cnn(-c3ccccc3)c2C)c1,0,PubChem2
Cc1ncsc1C(=O)Nc1nc2c(s1)CC(C)CC2,0,PubChem2
COC(=O)c1c(-c2cccnc2)csc1NC(=O)c1ccc2c(c1)OCO2,0,PubChem2
Cc1ccc(COn2c(-c3ccc(Cl)cc3)nc3ccc([N+](=O)[O-])cc32)cc1,0,PubChem2
CN1C(=O)C(=Cc2cc(Br)cs2)c2ccccc21,0,PubChem2
NC(=NOC(=O)c1ccc2c(c1)OCO2)c1ccc(Br)cc1,0,PubChem2
COc1cccc(-c2cc(C(=O)Nc3cccnc3)no2)c1,0,PubChem2
CCCN1C=Nc2cccc3cccc1c23,0,PubChem2
Cc1cc(=O)[nH]nc1-c1ccc(NC(=O)Nc2cc(C(F)(F)F)ccc2F)c(Cl)c1,0,PubChem2
Cc1ccc2nc(-c3ccc(Br)cc3)cn2c1,0,PubChem2
CCc1cc(-c2ccc3c(c2)COc2c4ccccc4nn2-3)on1,0,PubChem2
O=C(Nc1ccc(NC(=O)c2ccco2)c(Cl)c1)c1ccccc1,0,PubChem2
Cc1ccc(NC(=S)Nc2cccc3cnccc23)cc1,0,PubChem2
c1csc(-c2nc(-c3ccncc3)no2)c1,0,PubChem2
CCc1nc(Nc2ccc(N3CCOCC3)c(Cl)c2)nc2[nH]ccc12,0,PubChem2
Nc1noc2cccc(-c3cccc(O)c3)c12,0,PubChem2
O=c1c2c(nc3cc(-c4cccc(Cl)c4)[nH]n13)CCCC2,0,PubChem2
N#CC(=C1CCCC1)c1nc(-c2ccccc2O)cs1,0,PubChem2
COc1ccc(C=C2SC(=Nc3ccccc3)NC2=O)cc1O,0,PubChem2
CCOC(=O)c1cnc2[nH]c3ccccc3n2c1=O,0,PubChem2
Cc1cc(C(=O)NN=C2CC(=O)c3ccccc32)c(C)n1-c1ccccc1,0,PubChem2
CCCCN1C2CCCC1CC(NC(=O)c1ccccc1Cl)C2,0,PubChem2
COc1cccc(C=NNc2ccc([N+](=O)[O-])cc2)c1O,0,PubChem2
Cc1cccc(Nc2nc(-c3ccc(O)c(O)c3)cs2)n1,0,PubChem2
NC(=O)c1cccc2[nH]c(-c3ccc(NC(=O)c4cccc(S(=O)(=O)N5CCOCC5)c4)cc3)nc12,0,PubChem2
COc1cccc(-c2cc3c(=O)[nH]c4ccccc4n3c2)c1,0,PubChem2
c1ccc(-c2noc(-c3cccnc3)n2)cc1,0,PubChem2
Cc1ccc(Cn2cc(-c3ccc4[nH]ncc4c3)nn2)c(C)c1,0,PubChem2
CC(=O)c1c(-c2ccccc2)nn(C)c(=O)c1N,0,PubChem2
COc1cccc2oc3cc(-c4ccc5[nH]ccc5c4)ccc3c(=O)c12,0,PubChem2
CS(=O)(=O)c1cccc(C(=O)Nc2nc3ccccc3n2CCCO)c1,0,PubChem2
CS(=O)(=O)CCNCc1ccc(-c2ccc3ncnc(Nc4ccc(OCc5cccc(F)c5)c(Cl)c4)c3c2)o1,0,PubChem2
CS(=O)(=O)c1ccc2sc(NC(=O)c3cc4ccccc4o3)nc2c1,0,PubChem2
Cc1cccc(C)c1NC(=O)CN(C)C(=O)C(c1ccccc1)c1ccccc1,0,PubChem2
Cc1cccc(Cl)c1-c1cccc2c(CCCOc3cccc4ccccc34)c(C(=O)NCCOCCOCCN)[nH]c12,0,PubChem2
O=C(c1cc(-c2cccc(O)c2)on1)N1CCCCC1,0,PubChem2
CCN1C(=O)c2cccc3c(N)ccc1c23,0,PubChem2
NCCn1cc(-c2cc(-c3cc4ccccc4s3)c3[nH]ncc3c2)c2nc(N)ncc21,0,PubChem2
O=C(Nc1ccccc1)c1cc2ccc3ccccc3c2s1,0,PubChem2
CCc1ccc2nccc(NC(=O)Nc3cccc(C(F)(F)F)n3)c2c1,0,PubChem2
CCOC(=O)c1ccc(OCC(=O)c2ccc(O)cc2O)cc1,0,PubChem2
O=C(O)c1csc(-c2cccs2)n1,0,PubChem2
O=C(Nc1ccccc1F)c1ccc2snnc2c1,0,PubChem2
Cc1ccc(F)c(NC(=O)Nc2ccc(-c3cccc4c3c(N)nn4C)cc2)c1,0,PubChem2
Cc1cccc(NC(=O)c2cc3ccccc3o2)c1,0,PubChem2
CCn1c(=O)c2cc(C(N)=O)c(N)nc2n(C2CC2)c1=O,0,PubChem2
CCc1ccc(NC(=O)Nc2cccs2)cc1,0,PubChem2
CCCC(=O)Nc1cc(-c2c[nH]c3ncccc23)cc(Cl)n1,0,PubChem2
CC(=O)c1sc(NC(=O)c2oc3ccc(F)cc3c2C)nc1C,0,PubChem2
c1ccc(N2CC3CCc4ccccc4C3=N2)cc1,0,PubChem2
O=C(Nc1nc2c(O)cccc2s1)Nc1ccccc1-c1ccccc1,0,PubChem2
Cc1nc2cc(-c3ccc(Br)cc3)[nH]n2c(=O)c1Cl,0,PubChem2
COc1cc(N2CCC(N3CCN(C)CC3)CC2)ccc1Nc1ncc(Cl)c(Nc2ccccc2S(=O)(=O)C(C)C)n1,0,PubChem2
Cc1ccc2nc(-c3ccccc3N)[nH]c2c1,0,PubChem2
CN(C)CCCCNC(=O)c1cccc(-n2nc(C(C)(C)C)cc2NC(=O)Nc2cccc3ccccc23)c1,0,PubChem2
COCCNC(=O)CN(C(=O)c1ccc(N2CCCC2)nc1)c1ccc(F)c(Cl)c1,0,PubChem2
O=C(C=CNc1ccc2c(c1)OCO2)c1ccc2c(c1)OCO2,0,PubChem2
COc1ccc(C(=O)Nc2nc3ccc(Cl)cc3s2)c(OC)c1,0,PubChem2
CCn1c(COc2ccccc2C)nc2ccccc21,0,PubChem2
Cc1oc(-c2ccccc2)nc1C(=O)OCC(=O)NC(=O)NCC(C)C,0,PubChem2
Cc1cc(C)nc(NC(=O)C=Cc2ccc3c(c2)OCO3)c1,0,PubChem2
CC(C)Cc1cc(C(=O)Nc2cccnc2)no1,0,PubChem2
Nc1nccc2scc(-c3ccc(NC(=O)Nc4cccc(Br)c4)cc3)c12,0,PubChem2
CCCS(=O)(=O)Nc1ccc(-c2ccc3[nH]nc(NC(=O)CC)c3c2)cc1,0,PubChem2
O=C1c2ccccc2NC(c2cnc3ccccc3n2)N1O,0,PubChem2
COCn1c(-c2cccc(Br)c2)nc2ccccc21,0,PubChem2
COc1ccc(OC)c(CNC(=O)c2cc(N)c(C#N)c(OC(C)C)n2)c1,0,PubChem2
CC1=CC(=C(C#N)c2nc3ccccc3s2)C=C(C)N1CC1CCCO1,0,PubChem2
Clc1ccc2c(c1)nnc1nnnn12,0,PubChem2
COCCn1c(N)c(C(=O)NCc2cccs2)c2nc3ccccc3nc21,0,PubChem2
CC(=O)c1sc(NC(=O)C2COc3ccccc3O2)nc1C,0,PubChem2
COc1cc(-c2ccc3c(c2)Nc2ccc(C(=O)NCCNC(C)=O)cc2NC3=O)ccc1O,0,PubChem2
CCN(CC)CCNC(=O)C=Cc1cnc(N)c2c(-c3ccc(NC(=O)Nc4cccc(C)c4)cc3)csc12,0,PubChem2
Cc1ccccc1-c1nc(-c2ccc(NC(=O)c3cccs3)cc2)no1,0,PubChem2
Clc1ccc(-n2nnc(-c3cccnc3Cl)n2)cc1Cl,0,PubChem2
O=C(Nc1ccc(CO)cc1)c1cnn2c(-c3ccccc3)ccnc12,0,PubChem2
COc1ccc2cc(-c3csc(-c4cccnc4)n3)ccc2c1,0,PubChem2
Cc1sc(NC(=O)c2ccco2)nc1-c1ccccc1,0,PubChem2
Nc1ccc(C=Cc2ccc3ncccc3c2)cc1,0,PubChem2
Cc1cccc(C=Cc2nc3ccccc3c(=O)[nH]2)c1,0,PubChem2
O=C(Nc1nc2ccccc2s1)c1ccc(Cl)s1,0,PubChem2
Nc1ccc2nc(-c3ccccn3)[nH]c2c1,0,PubChem2
Nc1ccc(N2CCCCC2)c2nonc12,0,PubChem2
N#Cc1ccc2c(c1)C(c1ccc3c(n1)CCCC3O)C(=O)N2,0,PubChem2
Nc1ccc(-c2cncc(OCC(N)Cc3c[nH]c4ccccc34)c2)cc1C(=O)c1ccccc1,0,PubChem2
O=C(c1ccccc1)c1cc2ccccc2o1,0,PubChem2
Cc1cccc(NC=CC(=O)c2ccc(Cl)cc2)c1,0,PubChem2
CCOC(=O)N1CCN(C2=Nc3cccc4cccc2c34)CC1,0,PubChem2
O=C(CSc1ncccc1-c1nc2ccccc2[nH]1)N1CCc2ccccc21,0,PubChem2
CN(C(=O)COC(=O)c1cccnc1Nc1ccccc1F)C1CCS(=O)(=O)C1,0,PubChem2
O=C1CCN2C=Nc3cccc4ccc1c2c34,0,PubChem2
Cc1cc(OC2CCCC2)c(NC(=O)Nc2cnc(C#N)cn2)cc1Cl,0,PubChem2
CCCN(Cc1cc(=O)[nH]c2ccccc12)C(=O)CC,0,PubChem2
N#CC1=C(N)Oc2c(ccc3ccccc23)C1c1ccsc1,0,PubChem2
Cc1nn(C)c2sc(C(N)=O)cc12,0,PubChem2
Nc1n[nH]c2c(OCCCn3cccc3)ccc(-c3ccc(NC(=O)Nc4cccc(Cl)c4)cc3)c12,0,PubChem2
O=C(CNc1cccc2ccccc12)NN=Cc1ccc(C(=O)O)cc1,0,PubChem2
O=C(O)c1ccc(SCc2ccccc2)nc1,0,PubChem2
COc1ccccc1C=Cc1nc(C#N)c(N(C)C)o1,0,PubChem2
COc1ccc(C(=O)Nc2ccc3ccccc3c2)cc1OC,0,PubChem2
COc1ccc(CN(C)C)cc1Nc1nccc(-c2c(-c3cccc(NC(=O)c4c(F)cccc4F)c3)nc3sccn23)n1,0,PubChem2
COc1cc(C=NO)ccc1OCc1ccccc1Cl,0,PubChem2
O=C(NC1=NCCS1)c1cc2ccccc2o1,0,PubChem2
COc1ccc2c(c1)Cc1sc(NC(=O)c3ccccc3)nc1-2,0,PubChem2
O=c1c(NCc2cccc(C(F)(F)F)c2)c(Nc2ccncc2)c1=O,0,PubChem2
O=C(Nc1nc2ccccc2s1)c1cnccn1,0,PubChem2
CC1=NN(c2ccccc2)C(=O)C1=Cc1ccc(Oc2ccc([N+](=O)[O-])cc2[N+](=O)[O-])cc1,0,PubChem2
Cc1ccc(S(=O)(=O)Nc2nc3ccccc3nc2N2CCc3ccccc3C2)cc1,0,PubChem2
Oc1cccc(-c2nc3ccccc3s2)c1,0,PubChem2
O=C(O)c1ccc(N2C(=O)c3ccccc3C2=O)cc1O,0,PubChem2
COc1ccc(N=Nc2ccc3ccccc3c2)c(O)c1,0,PubChem2
CC(C)COc1nccn2c(-c3ccnc(NCC(C)(C)CO)n3)c(-c3ccc(F)cc3)nc12,0,PubChem2
COc1ccc(N=Cc2c(O)[nH]c3ccccc23)cc1,0,PubChem2
CC(C)(CN)CNc1cc(-c2c[nH]c3ncccc23)cc(F)n1,0,PubChem2
COc1cccc(NC(=O)c2cnc(SCC(=O)NCc3ccc4c(c3)OCO4)n(C)c2=O)c1,0,PubChem2
COc1ccccc1Nc1nc(-c2cccnc2)cs1,0,PubChem2
COc1ccc(NC(=O)c2cccs2)cc1,0,PubChem2
CCOC(=O)CNC(=O)CSc1ncnc2c1cnn2-c1ccc(C)cc1,0,PubChem2
C=CCn1c(SCn2nnc3ccccc3c2=O)nc2scc(-c3cccs3)c2c1=O,0,PubChem2
C(#Cc1ccc2c(c1)COc1c3ccccc3nn1-2)c1ccccc1,0,PubChem2
O=C(COc1ccc(Cl)cc1)Nc1cccc(-c2ccc(N3CCOCC3)nn2)c1,0,PubChem2
S=C(Nc1ccc(Cl)cc1)Nc1cccc2cnccc12,0,PubChem2
Cc1ccc(N=CC(C(=O)C(F)(F)F)=C(O)c2cccs2)cc1,0,PubChem2
Nc1nonc1C(=O)NN=Cc1cc2c(cc1Cl)OCO2,0,PubChem2
COc1ccc(Nc2ccc3c(c2)=NC2(CCCCC2)[N+]=3[O-])cc1,0,PubChem2
Cc1ccc(NC=CC(=O)c2ccccc2)cc1Br,0,PubChem2
O=c1[nH]sc2c1c(=O)c1cc(F)c(NCc3ccccc3)c(F)c1n2C1CC1,0,PubChem2
CC(=O)c1sc(NC(=O)c2ccccc2)nc1-c1ccccc1,0,PubChem2
CCN(CC)CC#Cc1cnc(N)c2c(-c3ccc(NC(=O)Nc4cccc(C)c4)cc3)csc12,0,PubChem2
CC(C)CNC(=S)NNC(=O)c1csc2c1CCCC2,0,PubChem2
OCCCn1cnc(-c2ccccc2)c1-c1ccncc1,0,PubChem2
NC(=O)c1cc2c(-c3ccc(F)cc3)cncc2s1,0,PubChem2
Cc1cccc(Nc2nc3ccccc3s2)c1C,0,PubChem2
CC1=CCC(C(=O)O)C(C(=O)Nc2ccc(-c3nc4ccc(C)cc4s3)cc2)C1,0,PubChem2
c1ccc(Nc2nc3ccccc3s2)cc1,0,PubChem2
CC(C)(CO)c1nnc2ccc(-c3c(-c4ccc(F)cc4F)nc4occn34)nn12,0,PubChem2
O=C(NC1CCCCC1)C(Cc1ccccc1)N1C(=O)C2C3CCC(C3)C2C1=O,0,PubChem2
O=C1Cc2ccccc2C(=O)N1c1ccccc1,0,PubChem2
Cc1c(C=O)c(Cl)n(C)c(=O)c1C#N,0,PubChem2
COc1ccc2nc(NC(=O)c3cccs3)sc2c1,0,PubChem2
COc1ccc(-c2cc(C(=O)Nc3cccc(Cl)c3)no2)cc1,0,PubChem2
CC(=O)Nc1cccc(NC(=O)C(=O)Nc2ccc3c(c2)N(C(=O)C2CC2)CCC3)c1,0,PubChem2
Cn1c(SCC(=O)NCCc2ccccc2)ncc(C(=O)Nc2ccc(F)cc2)c1=O,0,PubChem2
CC(=O)Nc1cccc(-c2csc(Nc3cccc(C)n3)n2)c1,0,PubChem2
CC(C)(C)C(=O)OCc1nc(-c2ccc(F)cc2)cs1,0,PubChem2
COc1cccc(C(C)NC(=O)c2ccc(-c3ccncc3C)cc2)c1,0,PubChem2
CC(=NOC(=O)c1ccc(Br)cc1)c1ccccn1,0,PubChem2
O=C(Nc1ccccn1)c1onc2c1CCCC2,0,PubChem2
O=C1CC(c2ccc(Cl)cc2Cl)Cc2[nH]c3cc(Cl)ccc3c(=O)c21,0,PubChem2
COc1cc2c(Oc3ccc4[nH]c(C)cc4c3F)ncnc2cc1OCCCN1CCCC1,0,PubChem2
Oc1c(Br)cc(C=NNc2nncc3ccccc23)cc1Br,0,PubChem2
Cc1cn2c(-c3ccnc(NCC(C)(C)CO)n3)c(-c3ccc(F)cc3F)nc2c(C)n1,0,PubChem2
NCC(O)C(O)Cn1cc(I)c2c(N)ncnc21,0,PubChem2
COC(=O)c1nn(-c2ccc3c(c2)CCN3C(C)=O)cc1O,0,PubChem2
O=C(O)c1csc2c1NCCNC2=O,0,PubChem2
O=C(C=Cc1ccccc1Cl)c1ccc(O)cc1,0,PubChem2
Fc1ccc(-c2ccc3nccn3n2)cn1,0,PubChem2
COc1cc(CNC(=O)C2CC2)ccc1OCc1ccccc1,0,PubChem2
Cc1cccc(-c2cnn(-c3ccccc3)c2N)c1,0,PubChem2
CCOc1cc(C=C2C(=O)N(c3ccc(C(N)=O)cc3)N=C2C)ccc1OC(=O)c1cccs1,0,PubChem2
O=C(C=Cc1c(F)cccc1Cl)Nc1cccnc1,0,PubChem2
O=Cc1ccc(N2Cc3ccccc3C2)cc1,0,PubChem2
CCOC(=O)C1CCN(C2=C(NS(=O)(=O)c3ccc(Br)cc3)C(=O)c3ccccc3C2=O)CC1,0,PubChem2
O=C(O)COc1ccccc1C=NNC(=O)CSc1nnc(SCc2ccc(Cl)cc2)s1,0,PubChem2
CCCCNC(=O)c1sc(=S)n2c1[nH]c(=O)c1ccccc12,0,PubChem2
Cc1c(C(C)(C)C)sc(=NC(=O)c2ccccc2O)n1C,0,PubChem2
Cc1cc(O)ccc1Nc1nc(-c2cccs2)cs1,0,PubChem2
CCCOn1c2ccc(Cl)cc2c(=O)c2c(C)nn(C)c21,0,PubChem2
c1ccc(CNc2nc(-c3ccc4[nH]ncc4c3)cs2)cc1,0,PubChem2
O=C(C=Cc1ccc(Cl)cc1Cl)N1CCc2ccccc21,0,PubChem2
O=C(Nc1cnc2[nH]cc(-c3ccccc3)c2c1)c1ccc(Cl)cc1,0,PubChem2
Cc1cc(C)n2nc(-c3cccc(Br)c3)cc2n1,0,PubChem2
N#Cc1ncc2nc1OCCCCCOc1cc(OCC(O)CO)c(Cl)cc1NC(=O)N2,0,PubChem2
O=C(NC1=C(NC2CCS(=O)(=O)C2)C(=O)c2ccccc2C1=O)c1ccccc1,0,PubChem2
COc1cccc(NC(=O)Nc2ccc3nc(C)c(C)nc3c2)c1,0,PubChem2
CCCC(=O)Nc1n[nH]c2ccc(-c3cn(Cc4ccccc4)nn3)cc12,0,PubChem2
NC(=O)c1cccc(-c2noc(-c3ccccc3F)n2)c1,0,PubChem2
c1cc2nnnn2nc1N1CCCCC1,0,PubChem2
COc1cccc(-c2nnc(NC(=O)c3cccc(F)c3)o2)c1,0,PubChem2
O=C(NCc1ccccn1)c1c(O)c2c([nH]c1=O)CCCC2,0,PubChem2
CC(C)(C)NC(=O)CN(C(=O)CSc1nnc(COc2ccccc2)o1)c1cccc(F)c1,0,PubChem2
CCCNC(=O)c1ccc(-c2nc3ccccc3s2)s1,0,PubChem2
NC(=O)Cn1cc(-c2cc(-c3cc4ccccc4s3)c3[nH]ncc3c2)c2nc(N)ncc21,0,PubChem2
CC(=NNC(=O)c1ccccc1NC(=O)c1ccc(Cl)cc1)c1ccncc1,0,PubChem2
CC(C)C(C)Nc1ncc(Cl)c(Nc2nccs2)n1,0,PubChem2
NC(=O)CC1Nc2cccc3cccc(c23)NC1=O,0,PubChem2
CCCc1cc(-c2ccc3c(c2)COc2c4ccccc4nn2-3)on1,0,PubChem2
CCOc1ccc(NC(=O)c2nccnc2CO)cc1,0,PubChem2
COc1cccc(-c2nc3ccc(O)cc3c(=O)o2)c1,0,PubChem2
Clc1ccc(-c2csc(-c3ccno3)n2)cc1,0,PubChem2
NC(COc1cncc(-c2ccc3c(c2)C(=Cc2ccco2)C(=O)N3)c1)Cc1c[nH]c2ccccc12,0,PubChem2
CCOc1ccc2nc(NC(=O)c3cnccn3)sc2c1,0,PubChem2
CC(C)(C)c1ccc(C(=O)NCCOc2ccccc2F)cc1,0,PubChem2
CCOc1nc(C(=O)NCc2ccncc2)cc(N)c1C#N,0,PubChem2
COc1cc(NC(=O)c2csc3c2CCCC3)ncn1,0,PubChem2
CCC(=O)NC(Nc1cc(C)ccn1)(C(F)(F)F)C(F)(F)F,0,PubChem2
C#Cc1cccc(NC(=O)c2ccc3c(c2)C(=O)N(Cc2cccnc2)C3=O)c1,0,PubChem2
Cc1ccc(C(=O)c2coc3ccc(OCC(=O)O)cc23)cc1,0,PubChem2
COC(=O)CSc1nnc(C2COc3ccccc3O2)n1-c1ccccc1,0,PubChem2
COc1ccc(-n2ccc3cnc(Nc4cc(OC)c(OC)c(OC)c4)nc32)cc1,0,PubChem2
N#CC1=C2C=Cc3ccccc3N2CCCC1=O,0,PubChem2
COc1ccc(C=C2SC(=S)N(CCC(=O)Nc3cccc(C(=O)O)c3)C2=O)cc1,0,PubChem2
Nc1ccc2nc(-c3ccccc3)cnc2c1,0,PubChem2
O=C(NN=Cc1ccc([N+](=O)[O-])s1)c1cncc(Br)c1,0,PubChem2
Cc1ccc(-c2noc(-c3cccs3)n2)cc1,0,PubChem2
CN(C)C(=O)COC(=O)c1ccccc1Nc1ccc(SC(F)F)cc1,0,PubChem2
O=C(O)c1ccc(COc2ccccc2[N+](=O)[O-])o1,0,PubChem2
CCCCC(=O)OCC(=O)c1ccc(OCC)cc1,0,PubChem2
O=C(Nc1ccc2sc3ccccc3c(=O)c2c1)c1ccccc1Cl,0,PubChem2
O=C(Nc1nc2ccccc2[nH]1)c1cccc(Cl)c1,0,PubChem2
O=C(Nc1ccc2ccccc2c1)c1ccc(Cl)cc1Cl,0,PubChem2
Cc1nn(-c2ccccc2)c2c1c(=O)c1cc(Cl)ccc1n2O,0,PubChem2
COC(=O)C=c1sc2ncnn2c1=O,0,PubChem2
CCCNC(=O)CSc1nnc(-c2ccccc2Br)n1-c1cccc(C(F)(F)F)c1,0,PubChem2
Clc1ccc(-c2[nH]ncc2-c2ccncn2)cc1Cl,0,PubChem2
O=C1NCc2c(Br)cccc21,0,PubChem2
O=C(NNS(=O)(=O)c1ccccc1)c1ccc([N+](=O)[O-])cc1,0,PubChem2
O=C1NCc2c1cccc2-c1ccc(Nc2nc3ccccc3o2)cc1,0,PubChem2
CC(C)(C)c1ccc(C(=O)Nc2cnccn2)cc1,0,PubChem2
Cc1cccc(N=Nc2ccc(O)c3ncccc23)c1,0,PubChem2
O=C(Nc1ccccc1F)c1ccc(OCc2ccccc2)cc1,0,PubChem2
Cc1[nH]nc2ccc(-c3cncc(OCC(N)Cc4cccc(OC(F)(F)F)c4)c3)cc12,0,PubChem2
O=C(Nc1ccc2cn[nH]c2c1)c1ccc(Cl)cc1,0,PubChem2
CCCCN1CCN(c2ccc(-c3nc4c(C(N)=O)cccc4[nH]3)cn2)CC1,0,PubChem2
O=C(COc1ccc(Cl)cc1Cl)Nc1cccc(-c2ccc(N3CCOCC3)nn2)c1,0,PubChem2
O=C(Nc1nnc(SCc2ccccc2)s1)c1cccs1,0,PubChem2
CC(C)OCCCNC(=O)c1c(N)n(CC2CCCO2)c2nc3ccccc3nc12,0,PubChem2
COc1ccc2nc(-c3ccccc3)[nH]c2c1,0,PubChem2
NCCNS(=O)(=O)c1cccc(C(=O)Nc2ccc(-c3n[nH]c(=O)c4ccccc34)cc2)c1,0,PubChem2
S=C(c1ccc(OCc2ccccc2)cc1)N1CCCC1,0,PubChem2
CN(C)C(CNc1ccc(S(C)(=O)=O)cc1[N+](=O)[O-])c1ccccc1,0,PubChem2
CCCOc1ccc(C(=O)NCCc2ccccc2)cc1,0,PubChem2
COCOc1cccc(OCOC)c1-c1ccc(NS(C)(=O)=O)cc1C(=O)OC,0,PubChem2
C1=C(c2cc3ccccc3cn2)CCCC1,0,PubChem2
Cc1cccc(NC(=O)Nc2ccc3c(c2)CCc2sc4ncnc(N)c4c2-3)c1,0,PubChem2
CC1CCN(C(=O)CO)CC1N(C)c1ncnc2[nH]ccc12,0,PubChem2
COc1ccc(NC(=O)C(C#N)=Cc2ccc(Br)o2)cc1,0,PubChem2
CC(C)c1ccc(Nc2ncccc2C#N)cc1,0,PubChem2
COc1cc(C=C2C(=O)N(c3ccc(S(N)(=O)=O)cc3)N=C2C)ccc1OC(=O)c1ccco1,0,PubChem2
COCCCn1c(N)c(C(=O)NCc2ccco2)c2nc3ccccc3nc21,0,PubChem2
O=C(O)c1ccc(C=NNc2nc3ccccc3[nH]2)cc1,0,PubChem2
O=C1Nc2ccccc2Nc2nnc(Cl)cc21,0,PubChem2
O=C(Nc1nnc(C(F)(F)F)s1)c1ccc(Br)s1,0,PubChem2
NC(=O)c1cc2c(-c3ccc(Nc4nc5ccccc5o4)cc3)cnc(N)c2s1,0,PubChem2
CCCCC1CCC(c2nc(-c3ccccn3)no2)CC1,0,PubChem2
NCCOc1cccc(Nc2ccnc(N)n2)c1,0,PubChem2
COc1ccccc1NC(=O)CCSc1ccc(C)cc1,0,PubChem2
Fc1ccc(Nc2ncnc(Nc3ccc4cn[nH]c4c3)n2)cc1,0,PubChem2
O=S(=O)(Nc1cccc(-c2ccc(N3CCOCC3)nn2)c1)c1cc(Cl)ccc1Cl,0,PubChem2
Nc1[nH]n(-c2ccccc2)c(=O)c1N=Nc1ccc2c(c1)OCCO2,0,PubChem2
c1ccc(-c2noc(C3CCCCC3)n2)nc1,0,PubChem2
Cc1nc2ccc(NS(=O)(=O)c3ccc(N)cc3)cc2nc1C,0,PubChem2
COc1cccc(C(=O)Nc2sc3c(c2C(=O)O)CCCC3)c1,0,PubChem2
Cc1ccc(OC(F)F)c(NC(=O)Nc2ccc3c(c2)OCO3)c1,0,PubChem2
N=C1SC(=Cc2ccco2)C(=O)N1c1nccs1,0,PubChem2
c1ccc(-c2ncc3ccccn23)cc1,0,PubChem2
CCOc1ccc(-n2nc3cc(C)c(N)cc3n2)cc1,0,PubChem2
O=C(Nc1ccc(OCc2ccccc2)cc1)c1ccccc1,0,PubChem2
Cc1c(Cl)cccc1N=Cc1ccc([N+](=O)[O-])s1,0,PubChem2
Cc1cc(NC(=O)c2ccc3c(c2)OCO3)ccc1NC(=O)c1ccccc1,0,PubChem2
CC(=O)Oc1ccc2nc(C=Cc3ccccc3)oc(=O)c2c1,0,PubChem2
Cc1ccccc1NC(=O)Nc1nc2ccc(S(C)(=O)=O)cc2s1,0,PubChem2
O=C(CN1C(=O)C2(OCCCO2)c2ccccc21)NCc1ccccc1,0,PubChem2
Cn1cc(-c2nnc(-c3ccccc3)o2)c2ccccc21,0,PubChem2
COc1cccc(CNC(=O)CCC2CCCN(C(=O)c3cc4ccccc4o3)C2)c1,0,PubChem2
COc1ccc(Cl)cc1S(=O)(=O)NCCCn1ccnc1,0,PubChem2
c1ccc(CC2CCN(C3=Nc4cccc5cccc3c45)CC2)cc1,0,PubChem2
COc1ccccc1-c1nnc(Nc2nc3c(OC)cccc3s2)o1,0,PubChem2
ClC(C=NN1CCN(c2ccccn2)CC1)=Cc1ccccc1,0,PubChem2
CC(=O)Nc1ccc2nc(NC(=O)c3ccc([N+](=O)[O-])s3)sc2c1,0,PubChem2
O=C(c1cc(-c2ccc3[nH]ncc3c2)on1)N1CCCCC1,0,PubChem2
CCCOc1cccc(C(C)NC(=O)c2ccc(-c3ccncc3F)cc2)c1,0,PubChem2
CCc1c(-c2ccc(C(C)=O)cc2)[nH]c2nccnc12,0,PubChem2
CSc1ccc(C=NNC(=O)c2cccc(O)c2)cc1,0,PubChem2
Nc1c2c(nc3sc4c(c13)CCCC4)-c1ccccc1CC2,0,PubChem2
COC(=O)c1sccc1NC(=O)CCC1CCCCC1,0,PubChem2
O=C(NC(=S)Nc1nc2ccccc2s1)c1cccs1,0,PubChem2
O=C1c2ccccc2C(=O)N1N=Cc1ccc(O)c(O)c1,0,PubChem2
CCCCn1c(NC(C)=O)c(C#N)c2nc3ccccc3nc21,0,PubChem2
CCCC#CC=C1Cn2c(nc3ccccc32)S1,0,PubChem2
Cc1cc(N)n(-c2cc(C)c3ccccc3n2)n1,0,PubChem2
O=C(O)c1ccc(C=NN2CCN(c3ccccc3)CC2)cc1,0,PubChem2
COc1nc(SCC(=O)Nc2ccccc2Cl)nc(N(C)C)n1,0,PubChem2
Cc1[nH]n(C2=NCCS2)c(=O)c1N=Nc1cccc(C(F)(F)F)c1,0,PubChem2
O=C(Nc1cnccn1)Nc1ccnc2cc(C(F)(F)F)ccc12,0,PubChem2
CCCOc1ccc(C(=O)Nc2ccccc2[N+](=O)[O-])cc1,0,PubChem2
O=C(Nc1ccccc1)c1ccc(NC(=O)c2cccs2)cc1,0,PubChem2
O=C(COc1ccc(Cl)cc1Cl)Nc1noc2ccccc12,0,PubChem2
O=C(C=Cc1ccccc1Cl)Nc1ccncc1,0,PubChem2
CCOC(=O)c1sc(=NC(=O)c2ccc(Cl)s2)n(C)c1C,0,PubChem2
NC(=O)c1cc2c(Oc3ccc(Br)cc3)cncc2s1,0,PubChem2
COc1cc(-c2nn(C3CCC(N4CCN(C(C)=O)CC4)CC3)c3ncnc(N)c23)ccc1NC(=O)c1cc2ccccc2n1C,0,PubChem2
COc1ccc2occ(C(=O)c3ccc(N=C(C)N(C)C)cc3)c2c1,0,PubChem2
CCCCCCCCCCCCOc1ccc(N=C(N)N)cc1N=C(N)N,0,PubChem2
COCCCn1c(N)c(C(=O)OCCOC)c2nc3ccccc3nc21,0,PubChem2
CC(C)(C)CCOc1cc(-c2ccc(C(N)=O)cc2)cc2[nH]nc(N)c12,0,PubChem2
Cc1sc2[nH]c(=O)n3nc(-c4ccncc4)nc3c2c1C,0,PubChem2
O=C(Nc1ccc2c(c1)OCO2)C(=O)c1c[nH]c2ccccc12,0,PubChem2
CCCOc1cc2c(C#N)c(N3CCCC3)nc(N)c2c(N)n1,0,PubChem2
CC(Nc1cncc(-n2cnc3ccc(C#N)cc32)n1)c1ccccc1F,0,PubChem2
O=C(Nc1cccc(Cl)c1)N1CCc2ccccc2C1,0,PubChem2
O=C(C=CNc1ccc(Br)cc1F)c1ccccc1,0,PubChem2
Cc1cc(C)cc(NC(=S)Nc2cccc3cnccc23)c1,0,PubChem2
COc1ccc2cc3cc(C(=O)NC4CC4)sc3nc2c1,0,PubChem2
Cc1cccc(C(N)=NOC(=O)CCCc2ccccc2)c1,0,PubChem2
COc1cc(S(C)(=O)=O)c(OC)cc1CC(=O)Nc1cc(N)c(C#N)c(OC(C)C)n1,0,PubChem2
O=C(c1cnn(-c2ccccc2)c1)c1ccc2ccccc2c1O,0,PubChem2
COc1cc(SC)ccc1C(=O)Nc1ccc(Cl)cn1,0,PubChem2
CCOc1ccc(N=C(C)C2=C(O)c3ccccc3C2=O)cc1,0,PubChem2
O=C1OC(Nc2ccc3ncccc3c2)c2ccccc21,0,PubChem2
O=C(Nc1cccc([N+](=O)[O-])c1)c1cc2ccccc2cc1O,0,PubChem2
Cc1ccc(NC(=O)c2ccc3nsnc3c2)c(Cl)c1,0,PubChem2
Brc1cccc(-c2nnc(-c3ccccc3)o2)c1,0,PubChem2
CC(C)(C)NC(=S)Nc1ccc(Nc2ccccc2)cc1,0,PubChem2
Cc1ccc(C(=O)Nc2ccc3ccccc3c2)cc1,0,PubChem2
Cc1cnc(-c2cnc(NCCNc3ccc(C#N)cn3)nc2-c2ccc(Cl)cc2Cl)[nH]1,0,PubChem2
Cc1c(C)c2ccc(OCc3ccc(C(=O)O)o3)c(C)c2oc1=O,0,PubChem2
O=C(CSc1ccc(-c2ccc(F)cc2)nn1)N1CCCCC1,0,PubChem2
COc1ccc(-c2csc(N3C(=N)SCC3=O)n2)cc1,0,PubChem2
CCOC(=O)c1ccc(NC(=O)c2cc3ccccc3o2)cc1,0,PubChem2
Cc1c(C(=O)c2ccc(F)cc2F)c2ccccn2c1CCC#N,0,PubChem2
Fc1ccc(NC(=S)Nc2cccc3cnccc23)cc1,0,PubChem2
Cc1ccc(NC(=O)c2ccc3c(c2)OCCO3)nc1,0,PubChem2
Nc1c(-c2ccc(NC(=O)Nc3cccc(C(F)(F)F)c3)cc2)cnc2c(-c3ccc4c(c3)OCO4)cnn12,0,PubChem2
COc1cccc(-c2noc(-c3cccnc3)n2)c1,0,PubChem2
Nc1nonc1-n1nnc(C(=O)NN=Cc2cccs2)c1-c1ccccc1,0,PubChem2
COc1cc(OC)cc(C(=O)Nc2ccc([N+](=O)[O-])cn2)c1,0,PubChem2
CC(CC(C)C)=NNS(=O)(=O)c1ccc(C)c([N+](=O)[O-])c1,0,PubChem2
COc1cccc(NC=CC(=O)c2ccc(Br)cc2)c1,0,PubChem2
CCNc1nc(C)c(-c2ccnc(Nc3ccc(N4CCN(C(C)=O)CC4)cc3)n2)s1,0,PubChem2
Cc1ccc(NC(=O)COc2ccc3c(c2)OCO3)c(Cl)c1,0,PubChem2
O=C1NC(c2cc(Cl)cc([N+](=O)[O-])c2O)Nc2ccccc21,0,PubChem2
O=C1Nc2ccccc2Nc2nnc(I)cc21,0,PubChem2
O=C(C=Cc1ccc(Cl)cc1Cl)Nc1ncccn1,0,PubChem2
NC(COc1cncc(-c2ccc3[nH]c(=O)oc3c2)c1)Cc1c[nH]c2ccccc12,0,PubChem2
CC(C)Nc1nccc(Nc2ncc(-c3ccccc3)s2)n1,0,PubChem2
CC(=O)N(N=C1Sc2ccccc2C1=O)c1ccccc1C,0,PubChem2
COc1ccc2nc(N3CCC(C)CC3)c(C#N)cc2c1,0,PubChem2
COc1ccc(OCc2nc3ccccc3[nH]2)cc1,0,PubChem2
CC(=O)c1sc(NN=Cc2ccc(N(C)C)cc2)nc1C,0,PubChem2
COc1cc2sc3cc(NCCC4CCCN4C)ccc3c(=O)c2cc1OC,0,PubChem2
COc1cc(-c2ccc3c(c2)Nc2ccc([N+](=O)[O-])cc2NC3=O)ccc1O,0,PubChem2
O=C(Nc1cccnc1)c1cc(-c2ccc3c(c2)OCO3)on1,0,PubChem2
O=C(Nc1cccc(Cl)c1)c1ccc(OC(=S)N2CCOCC2)cc1,0,PubChem2
Cc1nc(NC(=O)c2ccccc2O)sc1C,0,PubChem2
NC(=NOC(=O)c1ccc(Br)cc1)c1ccncc1,0,PubChem2
CC(=O)Nc1cc2nn(-c3ccccc3)nc2cc1C,0,PubChem2
CC(=O)Oc1ccccc1-c1nc(C=Cc2ccccc2)no1,0,PubChem2
CCOc1ccc(NC(=O)c2ccc(F)cc2F)cc1,0,PubChem2
O=C(Nc1ccc2ccccc2c1)c1ccc(Cl)cc1,0,PubChem2
COc1ccc(OC)c(CNC(=O)OCc2nccnc2C(=O)Nc2ccc(Br)cn2)c1,0,PubChem2
COCc1nnc(NC(=O)c2sc3ccccc3c2Cl)s1,0,PubChem2
Cc1ccc(-c2nnc(Nc3ccccc3)o2)cc1,0,PubChem2
Cc1cc(=O)[nH]nc1-c1ccc(NC(=O)Nc2cccc(Cl)c2)cc1,0,PubChem2
N#CC(=C1CCCC1)c1nc(-c2ccccc2)cs1,0,PubChem2
O=C(Nc1ccc(C(=O)N2CCCCC2)cc1)c1cccc([N+](=O)[O-])c1,0,PubChem2
O=C(Cc1ccccc1)Nc1cccc(-c2nc3sccn3c2-c2ccnc(Nc3cccc(N4CCCC4=O)c3)n2)c1,0,PubChem2
Nc1c(N2CCCC2)cc(Cl)c2nonc12,0,PubChem2
CCOC(=O)C(C)On1c(-c2ccc(Cl)cc2)nc2ccc([N+](=O)[O-])cc21,0,PubChem2
CC(C)(C)c1ccc(C(=O)c2c[nH]c(C(=O)O)c2)cc1,0,PubChem2
Cc1cccc2[nH]c(-c3ccc(NC(=O)c4ccco4)cc3)nc12,0,PubChem2
O=c1c(NCCc2ccc(Oc3ccccc3)cc2)c(Nc2ccncc2)c1=O,0,PubChem2
COc1ccc(C(=O)Oc2ccc3c(c2)OCO3)cc1OC,0,PubChem2
COc1ccc(C)cc1NC(=O)Nc1cccc(C)c1,0,PubChem2
O=[N+]([O-])c1ccccc1NN=Cc1cccc(O)c1O,0,PubChem2
COc1ccc2nc(Nc3ccc4c(c3)OCO4)sc2c1,0,PubChem2
CC(C)(C)c1cc(NC(=O)C(=O)c2cccc3ccccc23)n(-c2ccc(OCCC(=O)O)cc2)n1,0,PubChem2
Cc1ccc(-c2nnc3sc(-c4ccncc4)nn23)cc1,0,PubChem2
COc1cc(Nc2ncc(F)c(Nc3ccc4c(n3)NC(=O)C(C)(C)O4)n2)cc(OC)c1OC,0,PubChem2
COc1cccc(C(=O)Nc2nnc(-c3ccccc3)s2)c1OC,0,PubChem2
O=C(C=Cc1ccccc1)c1ccc2c(c1)OCO2,0,PubChem2
COc1cccc(C(=O)Nc2nnc(SCC(=O)Nc3ccc(NC(C)=O)cc3)s2)c1,0,PubChem2
Cc1[nH]nc2ccc(-c3cncc(OCCN)c3)cc12,0,PubChem2
COc1ccc(-c2cc(=[NH+]c3ccccc3)c3cc(C)ccc3o2)cc1,0,PubChem2
Cc1cccc(NC(=O)Nc2ccc(-c3csc4ccnc(N)c34)cc2)c1,0,PubChem2
COc1ccc(C=C2SC(=Nc3ccccc3)NC2=O)cc1OC,0,PubChem2
Oc1c(C=NNc2cccc3cccnc23)ccc2ccccc12,0,PubChem2
Cc1cc(NC=CC(=O)c2ccccc2)ccc1Br,0,PubChem2
Cc1cccc(NC(=O)Nc2ccc(NC(=O)c3csc4ncnc(N)c34)cc2)c1,0,PubChem2
CCOC(=O)c1cc2c(=O)c3cc(C)ccc3oc2nc1C,0,PubChem2
CC(=O)Nc1cc(N)c(C#N)c(-c2ccsc2)n1,0,PubChem2
Cc1cc(C(=O)Nc2nc3c(s2)CCCC3)no1,0,PubChem2
Cn1c(=O)c2c(SCc3ccccc3)nc(C3CC3)nc2n(C)c1=O,0,PubChem2
Cc1cccc(C(=O)ON=C2CCCc3ccccc32)c1,0,PubChem2
CCOc1nc(C(=O)NCc2ccccc2S(N)(=O)=O)cc(N)c1C#N,0,PubChem2
N#Cc1c(NC(=O)c2ccc(Br)o2)n(-c2ccccc2)c2nc3ccccc3nc12,0,PubChem2
Cc1occc1C(=O)NN=Cc1ccc(Br)s1,0,PubChem2
Cc1cc2nc(-c3ccc(SCC(=O)Nc4ccc(S(=O)(=O)NC5CC5)cc4)nc3)[nH]c2cc1C,0,PubChem2
CCCNC(=O)C1CC(=O)N(c2ccc(OCc3ccc(F)cc3)cc2)C1,0,PubChem2
CC(=O)Oc1ccc2c(=O)c(-c3nc4ccccc4s3)coc2c1,0,PubChem2
CC(=O)c1sc(NC(=O)c2cccs2)nc1C,0,PubChem2
N#CC1=C2SCN(Cc3ccccc3)CN2C(=O)CC1c1cccs1,0,PubChem2
O=C(Nc1ccc(-c2nnc(-c3ccccc3)o2)cc1)C1CCCO1,0,PubChem2
CN(C)CCCC(=O)Nc1n[nH]c2nnc(-c3cccc(F)c3F)cc12,0,PubChem2
C=CCn1c(N)c(C(=O)NCC2CCCO2)c2nc3ccccc3nc21,0,PubChem2
CCCCCCCCCCCCCCCCn1cc[n+](Cc2ccccc2)c1C,0,PubChem2
Cc1c(O)ccc(C(=O)CN2CCN(Cc3ccccc3)CC2)c1O,0,PubChem2
Oc1ccc(NCc2ccccc2OCc2ccccc2F)cc1,0,PubChem2
CCOc1ccc(-n2cc(-c3ccc(OC)c(OC)c3)[nH]c2=S)cc1,0,PubChem2
NCCC(C(=O)Nc1ccc2[nH]ncc2c1)c1ccc(Cl)c(Cl)c1,0,PubChem2
O=C(Nc1cccc([N+](=O)[O-])c1)c1ccc2ccccc2c1O,0,PubChem2
CCOC(=O)c1cnc(SCC(=O)c2ccccc2)nc1N,0,PubChem2
CCn1ccc(C(=O)Nc2ccc3c(c2)CCC3)n1,0,PubChem2
O=c1oc(C2(O)CCCCC2)cc2ccc(-c3ccc4[nH]ccc4c3)cc12,0,PubChem2
CCSc1nnc(NC(=O)c2ccc(C)cc2)s1,0,PubChem2
N#Cc1ccc(C(=O)Nc2n[nH]c3ccc(-c4cn(Cc5ccccc5)nn4)cc23)cc1,0,PubChem2
Cc1cc(=O)[nH]c2n[nH]c(-c3cccc(C(F)(F)F)c3)c12,0,PubChem2
CC(=O)C(N=Nc1ccc2c(c1)OCO2)=C(C)O,0,PubChem2
Nc1ccc(-c2cncc(OCC(N)Cc3c[nH]c4ccccc34)c2)cc1C(=O)c1cccc(Cl)c1,0,PubChem2
CC1=NN(C(N)=S)C(=O)C1N=Nc1ccc([N+](=O)[O-])cc1,0,PubChem2
Nc1nccc2scc(-c3ccc(NC(=O)Nc4cccc(F)c4)cc3)c12,0,PubChem2
N=c1oc2cc(O)ccc2cc1C(=O)Nc1ccc(Cl)cc1,0,PubChem2
Fc1cnc(Nc2ccccc2)nc1Nc1ccccc1,0,PubChem2
Cc1cccc(C=NNC(=O)c2ccc(Cl)cc2)c1O,0,PubChem2
Nc1ncc(-c2ccncc2)c2scc(-c3ccc(NC(=O)Nc4cc(C(F)(F)F)ccc4F)cc3)c12,0,PubChem2
C(=NNc1ccccc1)c1nc2ccccc2s1,0,PubChem2
CCOc1ccc(C(=O)Nc2cc(C)ccn2)cc1,0,PubChem2
O=C(Nc1ccc2c(c1)CCC2)Nc1ccccc1Cl,0,PubChem2
Cc1ccc(-c2csc(NC(=O)c3ccc(Br)cc3)c2C(=O)O)cc1,0,PubChem2
CCOC(=O)c1cnc(SCCc2ccccc2)nc1N,0,PubChem2
O=C(COc1ccccc1)Nc1ccccc1F,0,PubChem2
Oc1ccc(C=Cc2ccnc3ccccc23)cc1,0,PubChem2
CC(Nc1c(Nc2ccncc2)c(=O)c1=O)C(C)(C)C,0,PubChem2
O=C(NN=Cc1c(Cl)cccc1Cl)c1n[nH]c2c1CCCC2,0,PubChem2
O=C(Nc1ccc2nsnc2c1)c1ccc2c(c1)OCO2,0,PubChem2
Cc1cc(NC(=O)c2ccco2)sc1C,0,PubChem2
O=C(O)c1ccc(COc2ccccc2Cl)cc1,0,PubChem2
O=C(CCCN1C(=O)SC(=Cc2ccccc2)C1=S)Nc1ccc(C(=O)O)cc1,0,PubChem2
Cc1nn(-c2ccccc2)c(C)c1C(=O)OCC(=O)Nc1ccccc1C(F)(F)F,0,PubChem2
O=C(NN=Cc1ccc(O)c([N+](=O)[O-])c1)c1ccncc1,0,PubChem2
Cc1cccnc1Nc1nc(-c2ccccc2)cs1,0,PubChem2
CCC(=O)Nc1ccc(C(=O)Nc2cccc(OC)c2)cc1,0,PubChem2
CC(=NOC(=O)c1ccccc1Br)c1ccc(C)cc1,0,PubChem2
CC(C)(C)c1cc(NC(=O)Nc2cccc3ccccc23)n(-c2cccc(C(=O)NCCCCO)c2)n1,0,PubChem2
Cc1nc(NC(=O)c2ccccc2)sc1-c1csc(NCCc2ccccc2)n1,0,PubChem2
c1ccc(C2CSc3ccccc3N2)cc1,0,PubChem2
COC(=O)CCC(=O)N1CN2CN(C(=O)CCC(=O)OC)CC([N+](=O)[O-])(C2)C1,0,PubChem2
COc1ccc(C(=O)Nc2cccc(C(C)=O)c2)cc1OC,0,PubChem2
Cc1ccc(-n2cc3ccc([N+](=O)[O-])cc3n2)cc1,0,PubChem2
N#CC(=Cc1cccs1)c1nc2ccccc2[nH]1,0,PubChem2
COc1ccccc1OCc1ccc(C(=O)Nc2ccccc2F)cc1,0,PubChem2
Nc1cccc2cc(-c3ccccc3)oc12,0,PubChem2
O=C(CNC(=O)c1ccccc1Cl)NN=Cc1ccc([N+](=O)[O-])s1,0,PubChem2
CC(=O)Nc1ccc(-c2nnn(CC(=O)c3ccc(F)cc3)n2)cc1Cl,0,PubChem2
CC(=O)c1ccc(N=Nc2ccc(N(C)C)cc2)cc1,0,PubChem2
CC(=O)N(C)c1ccc(NC(=S)Nc2cccc3ccccc23)cc1,0,PubChem2
CCc1ccc2oc(-c3cccc(N)c3)nc2c1,0,PubChem2
c1ccc(-c2cnc(-c3ccccc3)nc2)cc1,0,PubChem2
O=C(c1ccco1)c1coc2c1cc(O)c1ccccc12,0,PubChem2
CC(C)(CO)CNc1nccc(-c2c(-c3ccc(F)cc3)nc3c(CC4CC4)nccn23)n1,0,PubChem2
Cc1c(NC(=O)C(C)OC(=O)c2ccc([N+](=O)[O-])s2)c(=O)n(-c2ccccc2)n1C,0,PubChem2
NC(=NOC(=O)c1ccc(Cl)cc1[N+](=O)[O-])c1ccccn1,0,PubChem2
CC(=NNC(=O)c1ccco1)c1ccc(-c2ccccc2)cc1,0,PubChem2
Cc1ccc(C(=O)NCCc2ccccc2)cc1,0,PubChem2
O=c1[nH]c(-c2cc3c(Oc4ccc(I)cc4)cncc3s2)no1,0,PubChem2
O=C(Nc1ccon1)c1cc2c(s1)CCCC2,0,PubChem2
NS(=O)(=O)c1cccc(Nc2ncc3ccn(Cc4ccccc4)c3n2)c1,0,PubChem2
O=C(Nc1ccc(-c2cn3c(n2)SCC3)cc1)c1ccc2c(c1)OCO2,0,PubChem2
Cc1ccc(OC(=O)c2cccc(S(=O)(=O)N(C)C)c2)c(-n2nc3ccccc3n2)c1,0,PubChem2
O=C1NC(=O)C(Nc2ccccc2)=C1Cl,0,PubChem2
CCC(=O)Oc1ccc(-c2cnc3ccccc3n2)cc1,0,PubChem2
COC(=O)c1cc2c(-c3cccc(F)c3)cncc2s1,0,PubChem2
CCCNC1=C(C)C(=O)C2=C(C1=O)C(COC(N)=O)C1(OC)C3NC3CN21,0,PubChem2
C=CCNC(=O)c1cc(Cl)ccn1,0,PubChem2
CCOC(=O)c1c(NC(=O)c2ccco2)n(C2CCCCC2)c2nc3ccccc3nc12,0,PubChem2
CN(C)C1CCC(Nc2nc(Cl)cc(-c3c[nH]c4ncccc34)n2)CC1,0,PubChem2
CC(C)Cc1cc(C(=O)Nc2cc(Br)ccc2O)no1,0,PubChem2
O=C1NCCc2[nH]c(-c3ccnc(-c4ccccc4F)c3)cc21,0,PubChem2
Cc1ccc(-n2cc(C(=O)c3ccc(F)cc3)nn2)cc1Cl,0,PubChem2
Brc1ccc(-c2cn3ccccc3n2)cc1,0,PubChem2
Cc1cc(C)cc(-c2nc(-c3ccncc3)no2)c1,0,PubChem2
O=C(Nc1n[nH]c2ccc(-c3cn(Cc4ccccc4)nn3)cc12)c1cccc(Cl)c1,0,PubChem2
COc1ccc(C(=O)Nc2ccccc2C(=O)NN=Cc2cccc3ccccc23)cc1,0,PubChem2
N#Cc1c(NC(=O)c2ccccc2)sc2c1CCC2,0,PubChem2
Cc1ccc(C(=O)Nc2ccc3c(c2)OCO3)cc1Cl,0,PubChem2
COc1cc(NC(=O)n2ncc3cc(Cl)ccc32)cc(OC)c1,0,PubChem2
CCc1ccc2c(NC(=O)Nc3cccc(C(F)(F)F)n3)ccnc2c1,0,PubChem2
CN(C)c1ccc(Nc2cc(-c3csc(Br)c3)[nH]n2)cc1,0,PubChem2
COc1ccc(N=C(C)c2sc3ccccc3c2O)cc1,0,PubChem2
S=C(Nc1ccc(Cl)cc1)c1nc2ccccc2s1,0,PubChem2
CC(C)(CN)CNc1cc(-c2c[nH]c3ncccc23)cc(Cl)n1,0,PubChem2
O=C(Nc1ccc(Cl)cn1)c1ccc2c(c1)OCCO2,0,PubChem2
CN(C)CC(=O)NC(COc1cncc(-c2ccc3cnccc3c2)c1)Cc1c[nH]c2ccccc12,0,PubChem2
Cc1ccc(Cl)c(NC=CC(=O)c2ccccc2)c1,0,PubChem2
COc1ccccc1CNC(=O)CSc1ncc(C(=O)Nc2ccccc2)c(=O)n1C,0,PubChem2
Nc1ncc(-c2cnn(CCO)c2)c2scc(-c3ccc(NC(=O)Nc4ccc(OC(F)F)cc4)cc3)c12,0,PubChem2
O=C1NC2NC(=O)N(C(Cc3ccccc3)C(=O)O)C2N1,0,PubChem2
O=[N+]([O-])c1ccc2nc(-c3ccccc3)n(OCc3ccc(Cl)cc3)c2c1,0,PubChem2
COCCN(C)C(=O)c1cccc(-n2nc(C(C)(C)C)cc2NC(=O)Nc2cccc3ccccc23)c1,0,PubChem2
Cc1ccc(NC(=S)Nc2cccc3cnccc23)c(C)c1,0,PubChem2
c1coc(CNc2nc3ccccc3s2)c1,0,PubChem2
Cc1ccsc1C(=O)OCc1cc(=O)n2ccsc2n1,0,PubChem2
S=C(Nc1ccc(Cl)cc1)N1N=CCC1c1ccccc1,0,PubChem2
Cc1cc(C(=O)Nc2nc3c(s2)CCCC3)cs1,0,PubChem2
O=c1c2cc([N+](=O)[O-])ccc2nc(CN2CCN(c3ccccc3)CC2)n1-c1ccccc1F,0,PubChem2
Nc1n[nH]c2c(Cl)cccc12,0,PubChem2
O=C1NC(=O)C(=Cc2ccc(OCc3cccc(C(=O)O)c3)c(Cl)c2)N1,0,PubChem2
COc1ccc(-c2cn3nc(SCC(=O)NC4CCCCC4)ccc3n2)cc1,0,PubChem2
COc1ccc(N(CC(=O)NCc2ccc3c(c2)OCO3)S(C)(=O)=O)cc1OC,0,PubChem2
Oc1cccc2ccc(C=Cc3ccc(Br)s3)nc12,0,PubChem2
CSc1nc2ccc(NC(=O)c3ccc(=O)n(C)n3)cc2s1,0,PubChem2
CCCCn1c(NC(=O)c2ccc(C#N)cc2)nc2cc(N(C)C(=O)C3CCCCC3)ccc21,0,PubChem2
COc1cccc(C(C)NC(=O)c2cnc(-c3ccncc3)s2)c1,0,PubChem2
CC(C)C(CO)NC(=O)c1cccc(-n2nc(C(C)(C)C)cc2NC(=O)Nc2cccc3ccccc23)c1,0,PubChem2
O=C(Nc1ccc(OCc2ccccc2)cc1)c1cccs1,0,PubChem2
Nc1nccn2c(C3CC(CN4CCCC4)C3)nc(-c3cccc(OCc4ccccc4)c3)c12,0,PubChem2
COc1cccc(C(C)NC(=O)c2sc(-c3ccncc3)nc2C)c1,0,PubChem2
Cc1ccc(S(=O)(=O)NC(C)C(=O)Oc2ccc3c(=O)c(-c4ccc([N+](=O)[O-])cc4)coc3c2)cc1,0,PubChem2
CCOc1ccc(N=Cc2c(O)c3ccccc3oc2=O)cc1,0,PubChem2
CC(=O)n1ncc2cc(N)ccc21,0,PubChem2
NC1=C(Br)C(=O)c2ccccc2C1=O,0,PubChem2
CCc1sc(C(=O)Nc2ccc3c(c2)OCCO3)cc1Br,0,PubChem2
O=C(c1cnn(-c2cccc(F)c2)c1)c1ccccc1O,0,PubChem2
COc1ccc(-c2cc(=[NH+]c3cccc(C(=O)O)c3)c3cc(C)ccc3o2)cc1,0,PubChem2
COc1ccc(C(=O)C=Cc2ccccc2F)c(OC(=O)c2ccc([N+](=O)[O-])cc2)c1,0,PubChem2
O=C(O)C1CN(Cc2ccc(OCc3cccc(C(F)(F)F)c3)cc2Cl)C1,0,PubChem2
CN(C)c1ccc(C2NC(=O)c3ccccc3N2)cc1,0,PubChem2
CC(C)(C)c1cc(NC(=O)C(=O)c2cccc3ccccc23)n(-c2cccc(OCC(=O)NCCO)c2)n1,0,PubChem2
CC(=O)N1CCN(C2=Nc3cccc4cccc2c34)CC1,0,PubChem2
Cc1ccc(C(=O)Nc2ccc3c(c2)OCCO3)cc1,0,PubChem2
COc1cccc2c1Nc1cc(Nc3ccncc3)ccc1C(=O)N2,0,PubChem2
O=C1C=C(Nc2ccc(F)cc2)c2ccccc2C1=O,0,PubChem2
Cc1nc(COc2ccccc2Cl)sc1-c1ccnc(N)n1,0,PubChem2
N#Cc1c(C(F)(F)F)cc(=O)n2c1[nH]c1ccccc12,0,PubChem2
Cn1ccnc1SCC(=O)c1ccc(O)cc1,0,PubChem2
CCCCN1C=CC(=C2C(=O)c3ccccc3C2=O)C=C1,0,PubChem2
CCc1ccc(C=C2SC(=S)N(CCC(=O)Nc3cccc(C(=O)O)c3)C2=O)cc1,0,PubChem2
CCOc1nc(C(=O)NCc2cccnc2)cc(N)c1C#N,0,PubChem2
Cc1nc2cc(-c3ccccc3)nn2c(N)c1-c1ccccc1,0,PubChem2
Cc1cccc(C=NNc2cc(N3CCOCC3)nc(OCCc3ccccn3)n2)c1,0,PubChem2
Nc1nccc2scc(-c3ccc(NC(=O)Nc4ccccc4C(F)(F)F)cc3)c12,0,PubChem2
CCOc1ccc(C=CC(=O)c2ccccc2)cc1,0,PubChem2
Clc1ccc(-c2cn3cc(Cl)ccc3n2)cc1,0,PubChem2
NCCCNS(=O)(=O)c1cccc(C(=O)Nc2ccc(-c3n[nH]c(=O)c4ccccc34)cc2)c1,0,PubChem2
O=c1c(NCc2ccc(Cl)cc2)c(Nc2ccncc2)c1=O,0,PubChem2
c1cncc(-c2nc(-c3ccc4c(c3)OCO4)cs2)c1,0,PubChem2
C=C(C)COc1ccc(-c2ncncc2-c2ccccc2OC)c(O)c1,0,PubChem2
CC1CSc2c(C(=O)O)c(=O)c3cc(F)c(N4CCC(N)C4)c(F)c3n21,0,PubChem2
Cc1cc(NCc2ccccn2)ccc1Br,0,PubChem2
COC(=O)c1ccc(-c2nc3ccc(C)cc3o2)cc1,0,PubChem2
CC(=O)c1ccc(NC(=O)C(Cl)=Cc2ccccc2)cc1,0,PubChem2
CCCCOc1ncnc2[nH]cc(-c3ccccc3)c12,0,PubChem2
Cc1ccc(-c2nc3ccccn3c2NCc2ccc3c(c2)OCO3)cc1,0,PubChem2
O=C1NC(=S)SC1=Cc1ccc(OC(=O)c2ccco2)cc1,0,PubChem2
CN1CCN(c2nc(C3=C(c4c[nH]c5ccccc45)C(=O)NC3=O)c3ccccc3n2)CC1,0,PubChem2
Brc1ccccc1-c1nc(-c2ccccc2)no1,0,PubChem2
Fc1ccc(-c2nc3sccn3c2-c2ccncc2)cc1,0,PubChem2
COc1cccc(-c2nnc(-c3ccccc3[N+](=O)[O-])o2)c1,0,PubChem2
Cc1ccc(O)c(C=NNC(=O)c2[nH]ncc2Br)c1,0,PubChem2
COCCNC(=O)c1c(N)n(-c2ccccc2)c2nc3ccccc3nc12,0,PubChem2
COc1cc(C=C2C(=O)c3ccccc3C2=O)ccc1O,0,PubChem2
c1ccc(CCNc2nc(-c3ccccn3)cs2)cc1,0,PubChem2
c1ccc2c(c1)nnn2Cc1cn(-c2ccc3[nH]ncc3c2)nn1,0,PubChem2
CC(C)(C)n1cc(C(=O)c2ccc3ccccc3c2O)cn1,0,PubChem2
COc1ccc(NN=C(N=Nc2nc(C)cc(=O)[nH]2)c2ccccc2)cc1,0,PubChem2
CCOc1ccc(C(=O)Nc2ccc3c(c2)OCCO3)cc1,0,PubChem2
Cc1ccc(CCN2CC(C(=O)NCc3ccc4c(c3)OCO4)CC2=O)cc1,0,PubChem2
CN1C(=O)C(=Cc2ccc(OC(=O)c3ccco3)cc2)SC1=S,0,PubChem2
Cc1ccc(CNc2c(Nc3ccncc3)c(=O)c2=O)cc1,0,PubChem2
CCOc1ccc(C=C2CCc3ccccc3C2=O)cc1,0,PubChem2
CCOC(=O)c1c(C)[nH]c(N=Nc2ccc(C)cc2)c1C,0,PubChem2
CC(C)NC(=O)c1ccc2c3n(nc2c1)-c1ccc(Cl)cc1CO3,0,PubChem2
N#CCOc1ccc(Nc2nc(Nc3cccc(S(N)(=O)=O)c3)ncc2Br)cc1,0,PubChem2
C=CCOc1cccc(C=Cc2nc3ccccc3c(=O)[nH]2)c1,0,PubChem2
Cc1ccccc1-c1noc(-c2ccc(Cl)cc2)n1,0,PubChem2
O=C1OC(Nc2cc(Br)cc3cccnc23)c2ccccc21,0,PubChem2
Cc1ccc(-c2nnc(-c3ccccc3)o2)cc1Br,0,PubChem2
NCCCn1cc(-c2cc(-c3cc4ccccc4s3)c3[nH]ncc3c2)c2nc(N)ncc21,0,PubChem2
Cc1ccc(F)c(NC(=O)Nc2ccc(-c3coc4c(C#CCN5CCOCC5)cnc(N)c34)cc2)c1,0,PubChem2
Cc1ccccc1C(=O)Nc1ccc(Br)cn1,0,PubChem2
COc1cc(OC)c(NC2=CC(=O)C(=O)c3ccccc32)cc1Cl,0,PubChem2
Cc1ccc(Cn2ccnc2C(=O)Nc2ccccc2)cc1,0,PubChem2
O=C(O)CCN1C(=O)C(=Cc2cccc(OCc3ccccc3)c2)SC1=S,0,PubChem2
Cc1cccc2sc(NC(=O)c3ccc(NS(=O)(=O)c4cccs4)cc3)nc12,0,PubChem2
CC(C)(CO)CNc1nccc(-c2c(-c3ccc(F)cc3)nc3c(CCN)nccn23)n1,0,PubChem2
COc1ccc(-c2ccc(NC(=O)Nc3cc(F)cc(F)c3)cc2)c2c(N)noc12,0,PubChem2
Clc1ccc(-c2cn3cc(Br)ccc3n2)cc1Cl,0,PubChem2
COc1cccc2c1C(=O)OC2=Cc1ccc2c(c1)OCO2,0,PubChem2
COc1cc(OC)cc(C(=O)Nc2n[nH]c3ccc(-c4cn(Cc5ccccc5)nn4)cc23)c1,0,PubChem2
CC(C)COc1ccc(-c2nnc(-c3ccco3)o2)cc1,0,PubChem2
CC(C)(C)c1csc(NC(=O)C2=COCCO2)n1,0,PubChem2
CC(C)Oc1ccc(C(=O)Nc2ccc([N+](=O)[O-])cc2)cc1,0,PubChem2
O=C(NN=Cc1ccc(OC(=O)c2cccs2)cc1)c1ccccn1,0,PubChem2
CC(=O)NCC(=O)N1C2CCC1c1cc(Nc3ncc(C(F)(F)F)c(NC4CCC4)n3)ccc12,0,PubChem2
O=C(NC(=O)c1ccccc1)Nc1ccc(Cl)cn1,0,PubChem2
O=C(CCCN1C(=O)C(=Cc2ccccc2)SC1=S)Nc1cccc(C(=O)O)c1,0,PubChem2
O=C(NN=Cc1ccccc1)c1n[nH]c2c1CCCC2,0,PubChem2
O=C(NCc1ccccc1)c1cccc(-c2cnc3[nH]ccc3c2)c1,0,PubChem2
CC(C)n1nnc2ccc(-c3c(-c4ccc(F)cc4F)nc4occn34)cc21,0,PubChem2
CCOc1ccc(NC(=O)c2c(N)n(C)c(=O)[nH]c2=O)cc1,0,PubChem2
Cc1ccc(-c2nc3cc(NC(=O)C(C)C)ccc3o2)cc1,0,PubChem2
Cc1cc(C(=O)NC(=S)Nc2cccc(NC(=O)C(C)C)c2)ccc1[N+](=O)[O-],0,PubChem2
NC(=O)c1ccc(-c2c[nH]c3nccc(Cl)c23)cc1,0,PubChem2
Cc1occc1C(=O)NN=Cc1ccc(Cl)c([N+](=O)[O-])c1,0,PubChem2
O=c1[nH][nH]c2cccc(-c3ccccc3)c12,0,PubChem2
CC(C)(C)c1cc(NC(=O)C(=O)c2cccc3ccccc23)n(-c2ccc(OCC(=O)O)cc2)n1,0,PubChem2
Cc1ccc(NC(=O)c2ccoc2C)cc1C,0,PubChem2
Cc1ccc(CCC(=O)Nc2nccs2)o1,0,PubChem2
c1ccc(-c2nnc(-c3ccccn3)nn2)nc1,0,PubChem2
FC(F)(F)Oc1ccc(-c2ccc3[nH]cc(C4=CCNCC4)c3c2)cc1,0,PubChem2
CCOC(=O)N1CCN(C2=C(NS(=O)(=O)c3ccc(C)cc3)C(=O)c3ccccc3C2=O)CC1,0,PubChem2
O=C(Nc1ccc(N2CCOCC2)cc1)c1cc2ccccc2o1,0,PubChem2
CS(=O)(=O)N1N=C(c2ccc(Br)cc2)CC1c1cccs1,0,PubChem2
C(=NNc1nc2ccccc2s1)c1cccs1,0,PubChem2
Cc1csc(NC(=O)c2ccc(N3CCCC3=O)cc2)n1,0,PubChem2
CCN(CC)S(=O)(=O)c1ccc(C)c(NC(=O)COC(=O)C=C(C)C)c1,0,PubChem2
O=C(Nc1ccccc1)Nc1nc2ccccc2s1,0,PubChem2
Oc1c(C=Nc2cccnc2)sc2ccccc12,0,PubChem2
CC(C)n1nnc(-c2ccc(OCc3ccccc3F)cc2)n1,0,PubChem2
CCOC(=O)c1ccc2nc(NC(=O)c3ccco3)sc2c1,0,PubChem2
Cc1ccsc1C=Nc1ccc(O)cc1,0,PubChem2
O=C(CCS(=O)(=O)Cc1ccccc1)Nc1ncc([N+](=O)[O-])s1,0,PubChem2
Clc1ccc(-c2cc3ccccc3[nH]2)cc1,0,PubChem2
COc1ccccc1-c1noc(-c2ccncc2)n1,0,PubChem2
Cc1c(C(=O)Nc2ccccn2)oc2ccc(Br)cc12,0,PubChem2
COc1cccc(C(=O)Nc2nnc(-c3cccs3)s2)c1,0,PubChem2
COc1ccc(NC(=O)c2ccc(Br)o2)c([N+](=O)[O-])c1,0,PubChem2
O=C(O)c1ccccc1Nc1ccnc(NCc2cccc(O)c2)n1,0,PubChem2
O=C1c2ccccc2C(=O)C1(CO)c1ccccc1,0,PubChem2
Cc1ccc(-c2csc(NC(=O)c3ccc(F)cc3)c2C(=O)O)cc1,0,PubChem2
Cc1ccc(-n2ncc3c(SCC(N)=O)ncnc32)cc1C,0,PubChem2
COc1ccc(C=CC(=O)Nc2cccnc2Cl)cc1,0,PubChem2
O=S(=O)(NC1CCCCC1NCc1ccco1)c1ccc(Cl)cc1,0,PubChem2
COc1cc2c(cc1OC)-c1cc3ccc4c(c3c[n+]1CC2)OCO4,0,PubChem2
Clc1ccc(-c2cn3nc4c(nc3n2)CCCC4)cc1,0,PubChem2
Cc1c(-c2cccc(OCc3ccccc3)c2)c2c(N)ncnc2n1C1CC(CN2CCCC2)C1,0,PubChem2
c1ccc(Cc2cn(-c3ccc4[nH]ncc4c3)nn2)cc1,0,PubChem2
COc1cccc(COc2ccc3c(C)cc(=O)oc3c2)c1,0,PubChem2
Nc1c(-c2ccccc2)cnn1-c1ccc(C(=O)O)cc1,0,PubChem2
Cc1ccn2c(C(=O)c3ccc(Cl)cc3)cnc2c1,0,PubChem2
O=C(COC(=O)c1ccccc1Nc1ccc(SC(F)F)cc1)NC1CC1,0,PubChem2
O=C1Nc2ccccc2C1=Cc1c[nH]c2ccccc12,0,PubChem2
CCc1nnc(NC(=O)c2cc(-c3ccccc3)nn2-c2ccccc2)s1,0,PubChem2
CCc1ccccc1NC(=O)c1ccc(-c2csc(C)n2)cc1,0,PubChem2
COc1ccc(NC(=O)CSc2ncn(-c3ccccc3)n2)cc1Cl,0,PubChem2
COc1ccc2c(c1OC)C(=O)N1c3ccccc3SC21,0,PubChem2
O=C(OCc1ccccc1Cl)c1cccnc1Cl,0,PubChem2
CNS(=O)(=O)c1ccccc1Nc1nc(Nc2cc(N3CCN(C(C)=O)CC3)ccc2OC)ncc1Br,0,PubChem2
Nc1nc(-c2ccccc2)nc2sc3c(c12)CCCC3,0,PubChem2
COc1ccccc1N1C(C)=CC(=C(C#N)c2nc3ccccc3s2)C=C1C,0,PubChem2
O=C(Nc1ccccc1Cl)c1cc2ccccc2oc1=NO,0,PubChem2
CCCCn1c(NC(=O)c2cccc(C#N)c2)nc2cc(N(C)C(=O)C3CCCCC3)ccc21,0,PubChem2
CCN1CCCC1CNC(=O)c1ccc2c(c1)NC(=O)c1ccccc1S2,0,PubChem2
CCN(CC)C(=O)CSc1ncnc2c(-c3cccs3)nsc12,0,PubChem2
CN(C(=O)C1CCCCC1)c1ccc2c(c1)nc(NC(=O)c1ccc(C#N)cc1)n2C,0,PubChem2
COC(=O)c1ccc(NC(=O)Nc2ccccc2F)cc1,0,PubChem2
CN(C)c1ccc(C=Cc2nc3ccccc3c(=O)[nH]2)cc1,0,PubChem2
Oc1ccccc1C1=Nc2nc3ccccc3n2C(c2ccccc2)C1,0,PubChem2
NC(=O)c1ccccc1NC(=O)c1ccc2c(c1)OCO2,0,PubChem2
COc1ccc(-c2nnc(-c3ccc(F)cc3)o2)cc1,0,PubChem2
O=C1NCCc2[nH]c(-c3ccncc3)cc21,0,PubChem2
Cc1ccc(NC(=O)Nc2ccc(-c3coc4ncnc(N)c34)cc2)cc1,0,PubChem2
CC1=NN(C(N)=S)C(=O)C1N=Nc1ccc(C)cc1C,0,PubChem2
O=C(Nc1ccc2c(c1)OCCO2)c1ccco1,0,PubChem2
COCC(=O)Nc1nc(-c2ccc(-c3ccccc3)cc2)cs1,0,PubChem2
Cc1c(C(=O)Nc2ccc(N3CCOCC3)cc2)oc2ccccc12,0,PubChem2
O=C(ON=C1CCCc2occc21)c1ccccc1,0,PubChem2
Nc1c(-c2ccc(Cl)cc2)nnn1-c1ccccc1,0,PubChem2
CC(C)(C)c1ccc2nc(-c3n[nH]c4ccccc34)[nH]c2c1,0,PubChem2
Cc1nn(C(C)C(=O)Nc2ccc(Cl)cn2)c(C)c1[N+](=O)[O-],0,PubChem2
Cc1ccc(Oc2cc(-n3nc(C)cc3C)ncn2)cc1,0,PubChem2
COc1ccc(C=NNc2cc(N3CCCC3)nc(N3CCCC3)n2)cc1,0,PubChem2
CCOc1ccc(NC(=S)Nc2cccc3ccccc23)cc1,0,PubChem2
O=C(NNC(=S)Nc1ccccc1Cl)c1ccccc1,0,PubChem2
CCOc1ccc(CNc2nc3ccccc3n2C)cc1,0,PubChem2
Cc1cc(Cl)c(O)c(-n2nc3ccccc3n2)c1,0,PubChem2
CCSc1nsc(NC(=O)Nc2ccccc2F)n1,0,PubChem2
Cc1cc(C)cc(NC(=O)Nc2ccc(-c3ccnc4c3c(N)nn4C)cc2)c1,0,PubChem2
CCOc1cc(CNc2ccc3cn[nH]c3c2)ccc1OC,0,PubChem2
COCCn1c(N)c(C(=O)OCc2ccccc2)c2nc3ccccc3nc21,0,PubChem2
COc1cc(C(=O)N=c2sc3c(C)ccc(OC)c3n2C)cc(OC)c1OC,0,PubChem2
Cc1nn(C(=O)c2ccc3c(c2)OCO3)c(N)c1-c1ccccc1,0,PubChem2
CCOC(=O)c1c(N)sc(C(=O)Nc2ccccc2)c1C,0,PubChem2
COc1cccc2cc(-c3nnc(-c4ccccc4)o3)c(=O)oc12,0,PubChem2
COc1ccc(NC=CC(=O)c2ccccc2)cc1,0,PubChem2
Cn1cccc1C(=O)NCCc1ccc(Cl)cc1,0,PubChem2
COc1cccc(C(C)NC(=O)c2cc(C)c(-c3ccc4n[nH]c(C)c4c3)s2)c1,0,PubChem2
CC(=NNC(=O)c1cccc(Cl)c1)C1C(=O)c2ccccc2C1=O,0,PubChem2
Cc1nn(C)cc1C=CC(=O)c1ccc(O)cc1,0,PubChem2
Nc1ncnc2c1c(I)nn2C1OC(CO)C(O)C1O,0,PubChem2
COc1ccc(NC(=S)N(CCO)Cc2cc3c(C)cc(C)cc3[nH]c2=O)cc1,0,PubChem2
Cc1ccc(C(=O)c2coc3ccc(O)cc23)cc1,0,PubChem2
O=C(Nc1cccnc1Cl)c1noc2c1CCc1ccccc1-2,0,PubChem2
Cc1ccc2cccc(N)c2n1,0,PubChem2
Oc1cc(NCCN2CCOCC2)cc2cccnc12,0,PubChem2
COc1cccc(C(=O)Nc2ccc3ccccc3c2)c1,0,PubChem2
Cn1c2ccccc2c2c3c(c4c5ccccc5n(CCC#N)c4c21)CNC3=O,0,PubChem2
COc1cccc(C(C)NC(=O)c2ccc(-c3ccncc3)cc2NCCCN)c1,0,PubChem2
CN(C)C(=O)Oc1ccc(-c2cn3cc(Cl)ccc3n2)cc1,0,PubChem2
c1ccc(-c2onc3cc4c(cc23)OCCO4)cc1,0,PubChem2
CC(C)C(=O)Nc1ccc2nn(-c3ccccc3)nc2c1,0,PubChem2
N=C1SCC(=O)N1c1nc(-c2ccccc2)cs1,0,PubChem2
Cc1cccc(C(=O)NNC(=O)c2ccc(-c3ccccc3)cc2)c1,0,PubChem2
OCCNc1cc2cc(-c3ccncc3)ccc2cn1,0,PubChem2
NC(=NO)c1ccccc1S(=O)(=O)Nc1ccc2c(c1)C(=NO)c1ccccc1-2,0,PubChem2
c1ccc(CN2CCOCC2)cc1,0,PubChem2
CN1CCN(c2ccc(NC(=O)c3cccc(OCc4ccccc4)c3)cc2)CC1,0,PubChem2
Cc1oc2c(c1C(=O)N1CCOCC1)C(=O)c1ccccc1C2=O,0,PubChem2
CC(N)C1CCC(C(=O)Nc2ccncc2)CC1,0,PubChem2
CCN(CC)CCN1C(=O)Cn2c(C)c(C)c3cccc1c32,0,PubChem2
CCN(CC)CCCNC(=O)c1cnc(N)c2c(-c3ccc(NC(=O)Nc4cccc(C)c4)cc3)csc12,0,PubChem2
COc1ccc(-c2cnc3c(Br)cnn3c2)cc1,0,PubChem2
Cc1cc(C)c2c(c1)cc(C)c1nnc(SCC(=O)Nc3cc(C)on3)n12,0,PubChem2
Cn1c(SCc2ccc(C#N)cc2Cl)nc2ccccc21,0,PubChem2
O=c1c2c3c(sc2nc2n1CCCCC2)CCCC3,0,PubChem2
CN(C)CC(=O)NC1CCCC(Nc2nc(Cl)cc(-c3c[nH]c4ncccc34)n2)C1,0,PubChem2
CC(=O)c1c(C)oc2ccc(OCc3ccccc3)cc12,0,PubChem2
CC(=O)c1ccc(NC(=O)c2cnn3ccccc23)cc1,0,PubChem2
CCC(=O)Nc1c(C#N)c2nc3ccccc3nc2n1-c1ccccc1C,0,PubChem2
Cc1cccc(-c2cc3nc4c(c(NCc5ccco5)n3n2)CCCC4)c1,0,PubChem2
COc1cc(NS(=O)(=O)c2ccc(NC(=O)C(=Cc3ccccc3Cl)NC(=O)c3ccccc3)cc2)nc(OC)n1,0,PubChem2
Nc1nnc2cncc(Cl)n12,0,PubChem2
COc1ccc(Nc2ncccc2C(=O)O)cc1,0,PubChem2
Cc1ccc(NC(=S)Nc2cccc3cnccc23)cc1C,0,PubChem2
Cc1ccnc(NC(=O)c2ccc3c(c2)OCO3)c1,0,PubChem2
Oc1ccccc1C=NNc1nc2ccccc2o1,0,PubChem2
O=C(NN=Cc1cc(Br)c(O)c(Br)c1)Nc1ccccc1,0,PubChem2
Cc1ccc(N2C(=O)c3ccccc3C2=O)cc1Cl,0,PubChem2
COc1ccc2c(=O)c(-c3ccccc3)coc2c1,0,PubChem2
CC(OC(=O)c1ccc([N+](=O)[O-])s1)C(=O)Nc1ncc(Cl)cc1Cl,0,PubChem2
Cc1cc(C)c2c(n1)sc1c(N)ncnc12,0,PubChem2
Cn1c(-c2nnn(-c3ccc(F)cc3)n2)cc2ccccc21,0,PubChem2
COc1cccc(C(=O)C=CNc2cc(C)ccc2O)c1,0,PubChem2
COc1cc2c(C#N)c(N3CCc4ccccc4C3)nc(N)c2c(N)n1,0,PubChem2
COc1ccc2nc3cccc(OC)c3nc2c1,0,PubChem2
COc1ccc(C(C)=NNc2nncc3ccccc23)cc1,0,PubChem2
COC(=O)c1ccc(N=Nc2ccccc2)cc1,0,PubChem2
Nc1nc(Nc2ccc(S(N)(=O)=O)cc2)nn1C(=O)c1c(F)cccc1F,0,PubChem2
CP(=O)(Nc1ccccn1)Oc1ccc(Cl)cc1,0,PubChem2
COc1cc2c(Nc3ccc(NC(=O)c4ccccc4)cc3)ncnc2cc1OCCCN1CCOCC1,0,PubChem2
O=C(O)c1ccccc1Nc1ccnc(Nc2cccc(O)c2)n1,0,PubChem2
CS(=O)(=O)NCCNc1cc(-c2c[nH]c3ncccc23)cc(Cl)n1,0,PubChem2
NC(COc1cncc(-c2ccc(F)cc2)c1)Cc1c[nH]c2ccccc12,0,PubChem2
O=C(Nc1ccc([N+](=O)[O-])cc1)c1cccc(S(=O)(=O)Nc2ccccn2)c1,0,PubChem2
O=C(Nc1ccc2c(c1)CCC2)Nc1ccc(F)cc1F,0,PubChem2
c1ccc(CSc2ccc(-c3ccco3)nn2)cc1,0,PubChem2
Cc1cc(=O)[nH]c(NN=Cc2sccc2C)n1,0,PubChem2
OCCNc1cc2cc(-c3ccccc3)ccc2cn1,0,PubChem2
O=C(NNC(=S)Nc1ccc(F)cc1)C(O)(c1ccccc1)c1ccccc1,0,PubChem2
COc1ccccc1NC(=O)C(=O)c1cn(CC(=O)N2CCOCC2)c2ccccc12,0,PubChem2
